pesticide,paper_title,doi,publication_year,microorganism_or_strain,evidence_category,source_pdf,pesticide_specific_context,biodegradation_term_hits,gene_enzyme_term_hits,pathway_metabolite_term_hits,pesticide_mentions,pesticide_degradation_contexts,microbial_contexts_near_pesticide,gene_enzyme_contexts_near_pesticide,curation_source_folder
Abamectin,Ecotoxicology (2006) 15:495–502,10.1007/s10646-006-0085-1,2006,,Gene/enzyme and pathway/metabolite evidence,Microbial degradation of abamectin in reservoir water.pdf,"ounds (Kümmerer, was to identify the toxicity of abamectin on bacteria, al- 2001; Boxall et al. 2003a, b). Consequently, the environgae, daphnids, and fish. An extremely high toxicity of mental fate of many pharmaceuticals is not well known avermectin to the survival and reproduction of Daphnia (Halling-Sorensen et al. 1998). magna was observed in 21-day exposure tests. Zebrafish Veterinary drugs such as the avermectins (e.g. iverand the algae Scenedesmus subspicatus are less sensitive mectin, abamectin, doramectin) are commonly used in to avermectin. The compound is expected to have adverse veterinary medicine as anthelmintics against internal and effects on the aquatic environment due to its high toxic- external parasites of cattle, pigs, and horses, sheep, and ity, even at very low concentrations, to daphnids and to goats (Campbell and Benz 1984; Suarez 2002). In most fish. cases up",8,7,14,89,17,27,0,/Volumes/WENTBROKE/Pesticide degradation database/pesticidepdf/Abamectin/PesticideDB_curation_Abamectin_20260707
Abamectin,Environmental Pollution 144 (2006) 197e202,10.1016/j.envpol.2005.12.019,2006,,Gene/enzyme and pathway/metabolite evidence,Time profile of abamectin and doramectin excretion and degradation in sheep faeces..pdf,"Environmental Pollution 144 (2006) 197e202 www.elsevier.com/locate/envpol Time profile of abamectin and doramectin excretion and degradation in sheep faeces Lucija Kolar a,*, Vesna Cerkvenik Flajs b, Jernej Ku zner a, Irena Marc c, Milan Poga cnik d, Andrej Bidovec e, Cornelis A.M. van Gestel f, Nevenka Ko zuh Er zen a a Institute of Physiology, Pharmacology and Toxicology, Veterinary Faculty, University of Ljubljana, Gerbi ceva 60, SI-1000 Ljubljana, Slovenia b Institute of Food Hygiene and Bromatology, Veterinary Faculty, University of Ljubljana, Gerbi ceva 60, SI-1000 Ljubljana, Slovenia c",11,2,10,47,9,1,2,/Volumes/WENTBROKE/Pesticide degradation database/pesticidepdf/Abamectin/PesticideDB_curation_Abamectin_20260707
Abamectin,"J. Agric. Food Chem. 2008, 56, 7355–7359 7355",10.1021/jf8014848,2008,,Gene/enzyme and pathway/metabolite evidence,Photodegradation of the acaricide abamectin a kinetic study..pdf,"J. Agric. Food Chem. 2008, 56, 7355–7359 7355 Photodegradation of the Acaricide Abamectin: A Kinetic Study JUAN PABLO ESCALADA,† JOSÉ GIANOTTI,† ADRIANA PAJARES,† WALTER A. MASSAD,‡ FRANCISCO AMAT-GUERRI,§ AND NORMAN A. GARCÍA*,‡ Unidad Académica Río Gallegos, Universidad Nacional de la Patagonia Austral, 9400 Río Gallegos, Argentina, Departamento de Química, Universidad Nacional de Río Cuarto, 5800 Río Cuarto, Argentina, and Instituto de Química Orgánica, CSIC, Juan de la Cierva 3, 28006 Madrid, Spain The acaricide abamectin is a mixture of two colorless homologues in a molar ra",48,8,24,29,27,5,9,/Volumes/WENTBROKE/Pesticide degradation database/pesticidepdf/Abamectin/PesticideDB_curation_Abamectin_20260707
Abamectin,Research in Microbiology 166 (2015) 408e418,10.1016/j.resmic.2015.04.002,2015,ABM biodegradation products of; ADP adsorption to layered; Burkholderia sp GB-01 for; DP-2. J Enhanced biotransformation; E56; KB2. Int Biodeter Biodegr,Gene/enzyme and pathway/metabolite evidence,Degradation of abamectin by newly isolated Stenotrophomonas maltophilia ZJB-14120 and characterization of its abamectin-tolerance mechanism..pdf,"Research in Microbiology 166 (2015) 408e418 www.elsevier.com/locate/resmic Original article Degradation of abamectin by newly isolated Stenotrophomonas maltophilia ZJB-14120 and characterization of its abamectin-tolerance mechanism Yuan-Shan Wang a,b, Xing-Chang Zheng a,b, Qi-Wei Hu a,b, Yu-Guo Zheng a,b,* a Institute of Bioengineering, Zhejiang University of Technology, No. 18, Chaowang Road, Hangzhou, Zhejiang 310014, PR China b Engineering Research Center of Bioconversion and Biopurification of Ministry of Education, Zhejiang University of Technology, No. 18, Chaowang Road, Hangzhou, Zhejiang 310014, PR Ch",171,17,64,14,13,13,2,/Volumes/WENTBROKE/Pesticide degradation database/pesticidepdf/Abamectin/PesticideDB_curation_Abamectin_20260707
Abamectin,Effect of soil fumigants on degradation of,10.1002/jssc.201401234,2018,Burkholderia sp. GB-01 for,Gene/enzyme and pathway/metabolite evidence,Effect of soil fumigants on degradation of abamectin and their combination synergistic effect to root-knot nematode..pdf,"RESEARCH ARTICLE Effect of soil fumigants on degradation of abamectin and their combination synergistic effect to root-knot nematode Bin Huang1, Jun Li1, Qian Wang1, Meixia Guo1,2, Dongdong Yan1,2, Wensheng Fang1,2, Zongjie Ren1, Qiuxia Wang1,2, Canbin Ouyang1,2, Yuan Li1,2, Aocheng Cao1,2* 1 Institute of Plant Protection, Chinese Academy of Agricultural Sciences, Beijing, China, 2 State Key Laboratory for Biology of Plant Disease and Insect Pests, Beijing, China a1111111111 * caoac@vip.sina.com a1111111111 a1111111111 a1111111111 Abstract a1111111111 Background",76,2,22,62,32,9,3,/Volumes/WENTBROKE/Pesticide degradation database/pesticidepdf/Abamectin/PesticideDB_curation_Abamectin_20260707
Acibenzolar-S-methyl,Biodegradation (2012) 23:297–310,10.1007/s10532-011-9509-6,2012,B. amyloliquefaciens IN937a and; B. pumilus SE34 more; Bordetella sp. B9. Biodegradation; FZB24; GB03. The PGPR strains; IN937a,Gene/enzyme and pathway/metabolite evidence,Biodegradation of soil-applied pesticides by selected strains of plant growth-promoting rhizobacteria (PGPR) and their effects on bacterial growth..pdf,"Biodegradation (2012) 23:297–310 DOI 10.1007/s10532-011-9509-6 ORIGINAL PAPER Biodegradation of soil-applied pesticides by selected strains of plant growth-promoting rhizobacteria (PGPR) and their effects on bacterial growth Charalampos K. Myresiotis • Zisis Vryzas • Euphemia Papadopoulou-Mourkidou Received: 21 March 2011 / Accepted: 16 August 2011 / Published online: 26 August 2011 Ó Springer Science+Business Media B.V. 2011 Abstract A laboratory study was conducted to of acibenzolar-S-methyl incubated in the presence of investigate the influence of four PGPR strains on PGPR strains spiked at 1.0 and 10.0 mg kg-1 were the degradation of five soil applied pesticides and 10.3–16.4 and 9.2–15.9 days, respectively, markedly their effects on bacterial growth. Interactions of lower compared with[34.2 days in the control. From Bacillus subtilis GB03, Bacillus subtilis FZB24, the rest pesticide",144,6,20,33,32,28,1,/Volumes/WENTBROKE/Pesticide degradation database/pesticidepdf/Acibenzolar-S-methyl/PesticideDB_curation_Acibenzolar_S_methyl_20260707
Acibenzolar-S-methyl,Received: 17 September 2019 | Revised: 10 December 2019 | Accepted: 18 December 2019,10.1002/jsfa.9326,2020,,Gene/enzyme and pathway/metabolite evidence,Postharvest acibenzolar-S-methyl treatment maintains storage quality and retards softening of apple fruit..pdf,"ess, activity of pectin Funding information methylesterase, and polygalacturonase. Cellulase, β-glucosidase, and degradation of National Natural Science Foundation of protopectin in apple fruit were also suppressed by ASM treatment during storage. China, Grant/Award Number: 31801595; China Postdoctoral Science Foundation, In conclusion, ASM could maintain fruit quality by regulating cell wall-degrading enGrant/Award Number: 2018M630277 zymes during storage. Practical applications Application of acibenzolar-S-methyl after harvest has the potential of delaying fruit softening by regulating cell wall-degrading enzymes, thus retain fruit quality. KEYWORDS acibenzolar-S-methyl, cell wall-degrading enzyme, ethylene production rate, Malus domestica Borkh, respiratory rate 1 | I NTRO D U C TI O N which, flesh firmness is a vital quality characteristic which directly in fluence the preference of",9,35,10,8,4,2,4,/Volumes/WENTBROKE/Pesticide degradation database/pesticidepdf/Acibenzolar-S-methyl/PesticideDB_curation_Acibenzolar_S_methyl_20260707
Acibenzolar-S-methyl,Environmental Science and Pollution Research (2023) 30:83678–83686,10.1007/s11356-023-27766-9,2023,,Gene/enzyme and pathway/metabolite evidence,Attenuation and soil biodegradation of fungicides by using vegetated buffer strips in vineyards during a simulated rainfall-runoff event..pdf,"ght protection in the US; foreign copyright protection may apply 2023 Abstract Rainfall–runoff events occurring in vineyard fields can result in pesticide ground losses and the subsequent pollution of surface water bodies, derivate from the crop protection spray applications. In this study, the capacity of vegetated buffer strips (BS) to prevent surface water pollution due to the application of five fungicide products typically used in vineyards (copper, dimethomorph, oxathiapiprolin, zoxamide, acibenzolar-s-methyl, and laminarin) following a simulated run-off event has been assessed, and compared to that from a bare ground soil (BG). Two strips (5 m in length, each), one with vegetation and the other without were built up, and two different experiments were performed, a runoff event and a soil fungicide degradation kinetic evaluation. The runoff results show that fungicide mass retentio",51,6,43,6,5,4,2,/Volumes/WENTBROKE/Pesticide degradation database/pesticidepdf/Acibenzolar-S-methyl/PesticideDB_curation_Acibenzolar_S_methyl_20260707
Acibenzolar-S-methyl,ADOPTED: 28 January 2021,10.2903/j.ef,2025,,Gene/enzyme and pathway/metabolite evidence,Modification of the existing maximum residue levels for acibenzolar-S-methyl in beans with pods and peas with pods..pdf,"iol Magrans, Ileana Miron, Stefanie Nave, Ragnor Pedersen, Hermine Reich, Alejandro Rojas, Angela Sacchi, Miguel Santos, Alessia Pia Scarlato, Anne Theobald, Benedicte Vagenende and Alessia Verani Abstract In accordance with Article 6 of Regulation (EC) No 396/2005, the applicant Syngenta France SAS submitted a request to the competent national authority in France to amend the residue deﬁnition for risk assessment and to modify the existing maximum residue levels (MRLs) for the active substance acibenzolar-S-methyl in beans (with pods) and peas (with pods). The toxicological data submitted in support of this MRL application were found to be sufﬁcient to conclude that the plant metabolite 4-OH acibenzolar acid is not genotoxic in vitro, however lacking investigation of the general toxicity, a deﬁnitive conclusion cannot be derived whether 4-OH acibenzolar acid (free and conjugated) should",130,43,151,202,18,0,11,/Volumes/WENTBROKE/Pesticide degradation database/pesticidepdf/Acibenzolar-S-methyl/PesticideDB_curation_Acibenzolar_S_methyl_20260707
Acibenzolar-S-methyl,APPROVED: 10 April 2018,10.2903/j.efsa,2025,,Gene/enzyme and pathway/metabolite evidence,Modification of the existing maximum residue levels for acibenzolar-S-methyl in aubergines and cucurbits with edible and inedible peel..pdf,") 0.01 to 0.4 mg/kg for cucurbits with edible peel, and 0.15 mg/kg for cucurbits with inedible peel and aubergines. EFSA assessed the application and the evaluation report as required by Article 10 of the MRL regulation. Based on the conclusions derived by EFSA in the framework of Regulation (EC) No 1107/2009, the data evaluated under previous MRL assessment and the additional data provided by the EMS in the framework of this application, the following conclusions are derived. The metabolism of acibenzolar-S-methyl following foliar applications was investigated in crops belonging to the fruit, leafy and cereals crop groups. Hydrolysis studies investigating the effect of processing on the nature of acibenzolar-S-methyl demonstrated that the acibenzolar-S-methyl is stable under pasteurisation and baking-like processes and likely to degrade to acibenzolar acid under sterilisation conditions",21,10,36,95,11,0,4,/Volumes/WENTBROKE/Pesticide degradation database/pesticidepdf/Acibenzolar-S-methyl/PesticideDB_curation_Acibenzolar_S_methyl_20260707
Ametoctradin,ADOPTED: 4 November 2021,10.2903/j.efsa.2012.2921,2025,,Gene/enzyme and pathway/metabolite evidence,Modification of the existing maximum residue level for ametoctradin in honey..pdf,"EFSA) on 29 June 2021. The EMS proposed to raise the existing MRL from the limit of quantiﬁcation (LOQ) of 0.05 to 5 mg/kg. EFSA assessed the application and the evaluation report as required by Article 10 of the MRL regulation. Based on the conclusions derived by EFSA in the framework of Directive 91/414/EEC, the data evaluated under previous MRL assessment and the additional data provided by the EMS in the framework of this application, the following conclusions are derived. The metabolism of ametoctradin following foliar application was investigated in crops belonging to the groups of fruit, leafy and root crops. In the crops tested, the parent compound was the main residue, with evident presence of metabolites M650F03 and M650F04 in root crops from soil uptake. Studies investigating the effect of processing on the nature of ametoctradin (hydrolysis studies) demonstrated that the acti",95,14,80,147,13,5,4,/Volumes/WENTBROKE/Pesticide degradation database/pesticidepdf/Ametoctradin/PesticideDB_curation_Ametoctradin_20260707
Ametoctradin,Modiﬁcation of the existing maximum residue levels for,10.2903/j.efsa,2025,,Gene/enzyme and pathway/metabolite evidence,Modification of the existing maximum residue levels for ametoctradin in herbs and edible flowers..pdf,"e limit of quantiﬁcation (LOQ) to 20 mg/kg. EFSA based its assessment on the evaluation report submitted by the EMS, the draft assessment report (DAR) and its addendum prepared under Directive 91/414/EEC, the Commission review report on ametoctradin, the conclusion on the peer review of the pesticide risk assessment of the active substance ametoctradin, the Joint Meeting on Pesticide Residues (JMPR) evaluation report as well as the conclusions from previous EFSA opinions and scientiﬁc report on ametoctradin. The metabolism of ametoctradin following foliar applications was investigated in crops belonging to the groups of fruits, root and leafy vegetables. Studies investigating the effect of processing on the nature of ametoctradin (hydrolysis studies) demonstrated that the active substance is stable. In rotational crops, the major residues identiﬁed were the soil metabolites M650F03 and M",38,9,51,110,14,5,4,/Volumes/WENTBROKE/Pesticide degradation database/pesticidepdf/Ametoctradin/PesticideDB_curation_Ametoctradin_20260707
Ametoctradin,published: 25 August 2020,10.1002/jctb.6390,2026,,Gene/enzyme and pathway/metabolite evidence,Accelerated Biodegradation of the Agrochemical Ametoctradin by Soil-Derived Microbial Consortia..pdf,"ORIGINAL RESEARCH published: 25 August 2020 doi: 10.3389/fmicb.2020.01898 Accelerated Biodegradation of the Agrochemical Ametoctradin by Soil-Derived Microbial Consortia Hunter D. Whittington 1 , Mahatam Singh 2 , Chanh Ta 2 , M. Andrea Azcárate-Peril 3 and José M. Bruno-Bárcena 1* 1 Department of Plant and Microbial Biology, North Carolina State University, Raleigh, NC, United States, 2 BASF Corporation, Research Triangle Park, NC, United States, 3 Department of Medicine, Division of Gastroenterology and Hepatology, and UNC Microbiome Core, Center for Gastrointestinal Biology and Disease, School of Medicine, University of No",169,72,78,72,40,32,11,/Volumes/WENTBROKE/Pesticide degradation database/pesticidepdf/Ametoctradin/PesticideDB_curation_Ametoctradin_20260707
Fluxapyroxad,"See discussions, stats, and author profiles for this publication at: https://www.researchgate.net/publication/275772670",10.1007/s00128-015-1556-y,2015,,Gene/enzyme and pathway/metabolite evidence,Degradation of Fluxapyroxad in Soils and WaterSediment Systems Under Aerobic or Anaerobic Conditions..pdf,"See discussions, stats, and author profiles for this publication at: https://www.researchgate.net/publication/275772670 Degradation of Fluxapyroxad in Soils and Water/Sediment Systems Under Aerobic or Anaerobic Conditions Article in Bulletin of Environmental Contamination and Toxicology · May 2015 DOI: 10.1007/s00128-015-1556-y · Source: PubMed CITATIONS READS 24 325 6 authors, including: Shasha Li Xingang Liu Research Center for Eco-Environmental Sciences, Chinese Academy of Sciences Institute of Plant Protection 18 PUBLICATIONS 803 CITATIONS 269 PUBLICATIONS 7,572 CITATIONS SEE PROFILE SEE PROFILE Fengshou Dong Yong-Quan Zheng Chinese Ac",47,5,14,62,30,10,4,/Volumes/WENTBROKE/Pesticide degradation database/pesticidepdf/Fluxapyroxad/PesticideDB_curation_Fluxapyroxad_20260707
Fluxapyroxad,www.nature.com/scientificreports,10.1038/s41598-020-78177-6,2020,is able to degrade,Gene/enzyme and pathway/metabolite evidence,Dissipation kinetics and biological degradation by yeast and dietary risk assessment of fluxapyroxad in apples..pdf,"www.nature.com/scientificreports OPEN Dissipation kinetics and biological degradation by yeast and dietary risk assessment of fluxapyroxad in apples Magdalena Podbielska*, Paulina Książek & Ewa Szpyrka The aim of this study was to investigate the dissipation kinetics of fluxapyroxad in apples, the influence of biological treatment with yeast, and the estimation of dietary exposure for consumers, both adults and children. The gas chromatography technique with the electron capture detector was used to analyse the fluxapyroxad residues. Samples of apples were prepared by the quick, easy, cheap, effective, rugged and safe (QuEChERS) m",42,16,15,63,23,20,7,/Volumes/WENTBROKE/Pesticide degradation database/pesticidepdf/Fluxapyroxad/PesticideDB_curation_Fluxapyroxad_20260707
Fluxapyroxad,Investigation of Residue Dissipation of Fluxapyroxad and Its,10.3390/plants13172448,2024,,Gene/enzyme and pathway/metabolite evidence,Investigation of Residue Dissipation of Fluxapyroxad and Its Metabolites in Chinese Cabbage and Spring Scallion Using Different Application Methods..pdf,"plants Article Investigation of Residue Dissipation of Fluxapyroxad and Its Metabolites in Chinese Cabbage and Spring Scallion Using Different Application Methods Ji Won Lee 1 , Jin-Seong Kim 2 , Ji Hyun Park 1 , Hyun Ho Noh 1 , Min Seok Oh 1 , Jin-Hyo Kim 2, * and Kyeong-Ae Son 1, * 1 Residual Agrochemical Evaluation Division, National Institute of Agricultural Science, RDA, Wanju 55365, Republic of Korea; jwlee0928@korea.kr (J.W.L.) 2 Division of Applied Life Science, Institute of Agriculture and Life Science (IALS), Gyeongsang National University, Jinju 5282",46,5,42,80,27,12,4,/Volumes/WENTBROKE/Pesticide degradation database/pesticidepdf/Fluxapyroxad/PesticideDB_curation_Fluxapyroxad_20260707
Fluxapyroxad,ADOPTED: 27 November 2019,10.2903/j.efsa,2025,,Gene/enzyme and pathway/metabolite evidence,Setting of import tolerances for fluxapyroxad in certain root crops and coffee beans..pdf,"xad in certain root crops and coffee beans Assessment The European Food Safety Authority (EFSA) received an application from BASF SE to set import tolerances for the active substance ﬂuxapyroxad in various crops. The detailed description of the notiﬁed uses of ﬂuxapyroxad in Brazil for coffee beans and in the United States for the group of other root and tuber vegetables (except sugar beets), which are the basis for the current maximum residue level (MRL) application, is reported in Appendix A. Fluxapyroxad is the ISO common name for 3-(diﬂuoromethyl)-1-methyl-20 -(3,4,5-triﬂuorophenyl)1H-pyrazole-4-carboxanilide (IUPAC). The chemical structures of the active substance and its main metabolite are reported in Appendix E. Fluxapyroxad is an active substance approved in accordance with Regulation (EC) No 1107/20091 by Regulation (EU) No 589/20122 which entered into force on 1 January 2013.",13,13,59,22,4,4,10,/Volumes/WENTBROKE/Pesticide degradation database/pesticidepdf/Fluxapyroxad/PesticideDB_curation_Fluxapyroxad_20260707
Fluxapyroxad,Adopted: 11 March 2024,10.2903/j.efsa.2024.8696,2025,,Gene/enzyme and pathway/metabolite evidence,Modification of the existing maximum residue levels for fluxapyroxad in kakiJapanese persimmons and cultivated mushrooms..pdf,"e reasoned opinion. Based on the conclusions derived by EFSA in the framework of Directive 91/414/EEC, the data evaluated under previous MRL assessments, and the additional data provided by each EMS in the framework of the two applications, the following conclusions are derived. The metabolism of fluxapyroxad following foliar applications was investigated in crops belonging to the groups of fruit crops, cereals/grass and pulses/oilseeds and following seed treatment in cereals. The metabolism of fluxapyroxad in rotational crops was investigated in root/tuber, leafy and cereal crops after bare soil applications. Studies investigating the effect of processing on the nature of fluxapyroxad (hydrolysis studies) demonstrated that the a.s. is stable. Based on the metabolic pattern identified in metabolism studies, hydrolysis studies and the toxicological relevance of metabolites, the residue de",26,10,64,130,19,15,0,/Volumes/WENTBROKE/Pesticide degradation database/pesticidepdf/Fluxapyroxad/PesticideDB_curation_Fluxapyroxad_20260707
Glufosinate-Ammonium,"3672 J. Agric. Food Chem. 1997, 45, 3672−3676",,1997,,Gene/enzyme and pathway/metabolite evidence,Persistence and leachability of glufosinate-ammonium in a northern Ontario terrestrial environment..pdf,"3672 J. Agric. Food Chem. 1997, 45, 3672−3676 Persistence and Leachability of Glufosinate-Ammonium in a Northern Ontario Terrestrial Environment Marvin J. Faber,† Gerald R. Stephenson,*,† and Dean G. Thompson‡ Department of Environmental Biology, University of Guelph, Guelph, Ontario N1G 2W1, Canada, and Canadian Forest Service, Sault St. Marie, Ontario P6A 5M7, Canada The degradation and leaching potential of the herbicide [14C]glufosinate-ammonium [the ammonium salt of DL-homoalanin-4-yl(methyl)phosphinic acid] in a northern Ontario forest environment were examined. The DT50 and maximum le",80,4,34,43,36,5,5,/Volumes/WENTBROKE/Pesticide degradation database/pesticidepdf/Glufosinate-Ammonium/PesticideDB_curation_Glufosinate_Ammonium_20260707
Glufosinate-Ammonium,Accepted Manuscript,10.1001/jamaneurol.2013.6030,2018,,Gene/enzyme and pathway/metabolite evidence,Multiple effects of the herbicide glufosinate-ammonium and its main metabolite on neural stem cells from the subventricular zone of newborn mice..pdf,"Accepted Manuscript Title: Multiple effects of the herbicide glufosinate-ammonium and its main metabolite on neural stem cells from the subventricular zone of newborn mice Authors: Justyne Feat-Vetel, Vanessa Larrigaldie, Géraldine Meyer-Dilhet, Ameziane Herzine, Camille Mougin, Anthony Laugeray, Thierry Gefflaut, Olivier Richard, Valérie Quesniaux, Céline MontécotDubourg, Stéphane Mortaud PII: S0161-813X(18)30178-5 DOI: https://doi.org/10.1016/j.neuro.2018.10.001 Reference: NEUTOX 2402 To appear in: NEUTOX Received date: 17-5-2018 Revised date: 13-9-2018 Accepted date:",37,53,53,12,7,6,4,/Volumes/WENTBROKE/Pesticide degradation database/pesticidepdf/Glufosinate-Ammonium/PesticideDB_curation_Glufosinate_Ammonium_20260707
Glufosinate-Ammonium,Environmental Pollution 257 (2020) 113564,10.1016/j.envpol.2019.113564,2020,,Gene/enzyme and pathway/metabolite evidence,Effects of L-Glufosinate-ammonium and temperature on reproduction controlled by neuroendocrine system in lizard (Eremias argus)..pdf,"ed soil group.) Fig. 5. The degradation of L-GLA in soil (a) and accumulation in testis, ovary and egg (b) during 90 days (n ¼ 4). Bars indicate standard deviation (SD). * represents a signiﬁcant difference compared to the T group at each sampling time. Different uppercase letters indicate a statistically signiﬁcant difference between different tissues in the HT group. Different lower case letters indicate a statistically signiﬁcant difference between different tissues in the T group. (L-GLA: L-Glufosinate-ammonium; T: L-GLA polluted soil group; H: high temperature without L-GLA soil group; HT: high temperature with L-GLA polluted soil group.) group, the highest L-GLA content was found in the testis. It is worth rose after exposure to L-GLA and increased further under high noting that in the T group, L-GLA content was increased signiﬁ- temperature condition, whereas decreased exposure to",12,26,36,7,1,0,2,/Volumes/WENTBROKE/Pesticide degradation database/pesticidepdf/Glufosinate-Ammonium/PesticideDB_curation_Glufosinate_Ammonium_20260707
Glufosinate-Ammonium,Food Chemistry: X 15 (2022) 100383,10.1002/etc.5620170713,2022,,Gene/enzyme and pathway/metabolite evidence,"Accumulation, metabolites formation and elimination behavior of rac-glufosinate-ammonium and glufosinate-P in zebrafish (Danio rerio)..pdf","Food Chemistry: X 15 (2022) 100383 Contents lists available at ScienceDirect Food Chemistry: X journal homepage: www.sciencedirect.com/journal/food-chemistry-x Accumulation, metabolites formation and elimination behavior of rac-glufosinate-ammonium and glufosinate-P in zebrafish (Danio rerio) Fei Wang , Qiao Lin , Xueqin Shi , Yunfang Li , Pengyu Deng , Yuping Zhang *, Deyu Hu * State Key Laboratory Breeding Base of Green Pesticide and Agricultural Bioengineering, Key Laboratory of Green Pesticide and Agricultural Bioengineering, Ministry of Education, Guizhou University, Guiyang 550025, PR China A R T I C L E I N F O A B S T R A C T Keywords: An efficient trace detection method for the determination of residues of the glufosinate enantio",49,5,43,104,24,8,8,/Volumes/WENTBROKE/Pesticide degradation database/pesticidepdf/Glufosinate-Ammonium/PesticideDB_curation_Glufosinate_Ammonium_20260707
Glufosinate-Ammonium,Science of the Total Environment 823 (2022) 153791,10.1002/chir.22018,2022,,Gene/enzyme and pathway/metabolite evidence,Comparing toxicity and biodegradation of racemic glufosinate and L-glufosinate in green algae Scenedesmus obliquus..pdf,"ww.elsevier.com/locate/scitotenv Comparing toxicity and biodegradation of racemic glufosinate and L-glufosinate in green algae Scenedesmus obliquus Xiurou Meng, Fei Wang, Yunfang Li, Pengyu Deng, Deyu Hu, Yuping Zhang ⁎ State Key Laboratory Breeding Base of Green Pesticide and Agricultural Bioengineering, Key Laboratory of Green Pesticide and Agricultural Bioengineering, Ministry of Education, Guizhou University, Guiyang 550025, PR China H I G H L I G H T S G R A P H I C A L A B S T R A C T • L-glufosinate-ammonium was more toxic to S. obliquus than rac-glufosinate-ammo nium. • Rac-glufosinate and L-glufosinate had dif ferent effects on the toxicity of S. obliquus. • A residual analysis method for glufosinate enantiomers and their metabolites in S. obliquus system was established. • S. obliquus could promote the degradation of glufosinate-ammonium. • NAG was the main metabolite in the al",91,37,48,166,31,26,19,/Volumes/WENTBROKE/Pesticide degradation database/pesticidepdf/Glufosinate-Ammonium/PesticideDB_curation_Glufosinate_Ammonium_20260707
Imazamox,Biol Fertil Soils (2002) 35:13–17,10.1007/s00374-001-0433-5,2002,,Gene/enzyme and pathway/metabolite evidence,Relationship between changes of soil microbial biomass content and imazamox and benfluralin degradation.pdf,"Biol Fertil Soils (2002) 35:13–17 DOI 10.1007/s00374-001-0433-5 O R I G I N A L PA P E R Costantino Vischetti · Cristiano Casucci · Piero Perucci Relationship between changes of soil microbial biomass content and imazamox and benfluralin degradation Received: 12 July 2001 / Published online: 19 January 2002 © Springer-Verlag 2002 Abstract The present research was carried out to deter- cals and soil chemical and physico-chemical properties mine the relationship between the soil microbial biomass (Bollag et al. 1992; Schaffer 1993). The response of the content and the persistence of imazamox and benfluralin microbial biomass and biochemical activities, such as enin three different soils, incubated in the laborator",12,5,2,28,13,20,3,/Volumes/WENTBROKE/Pesticide degradation database/pesticidepdf/Imazamox/PesticideDB_curation_Imazamox_20260707
Imazamox,Anal Bioanal Chem (2007) 389:1459–1467,10.1007/s00216-007-1343-7,2007,,Gene/enzyme and pathway/metabolite evidence,Characterization of imazamox degradation by-products by using liquid chromatography mass spectrometry and high-resolution Fourier transform ion cyclotron resonance mass spectrometry..pdf,"Anal Bioanal Chem (2007) 389:1459–1467 DOI 10.1007/s00216-007-1343-7 ORIGINAL PAPER Characterization of imazamox degradation by-products by using liquid chromatography mass spectrometry and high-resolution Fourier transform ion cyclotron resonance mass spectrometry M. Harir & M. Frommberger & A. Gaspar & D. Martens & A. Kettrup & M. El Azzouzi & Ph. Schmitt-Kopplin Received: 8 March 2007 / Revised: 27 April 2007 / Accepted: 7 May 2007 / Published online: 7 June 2007 # Springer-Verlag 2007 Abstract The photodecomposition of imazamox, a herbi- formula assignments, the derived 2D van Krevelen diagram cide of",31,9,78,36,22,5,12,/Volumes/WENTBROKE/Pesticide degradation database/pesticidepdf/Imazamox/PesticideDB_curation_Imazamox_20260707
Imazamox,"Cite This: Environ. Sci. Technol. 2019, 53, 5733−5740 pubs.acs.org/est",10.1021/acs.est.8b07209,2019,,Gene/enzyme and pathway/metabolite evidence,Behavior of the Chiral Herbicide Imazamox in Soils Enantiomer Composition Differentiates between Biodegradation and Photodegradation..pdf,"Article Cite This: Environ. Sci. Technol. 2019, 53, 5733−5740 pubs.acs.org/est Behavior of the Chiral Herbicide Imazamox in Soils: Enantiomer Composition Diﬀerentiates between Biodegradation and Photodegradation Ignaz J. Buerge,* Roy Kasteel, Astrid Bächli, and Thomas Poiger Plant Protection Chemistry, Agroscope, CH-8820 Wädenswil, Switzerland * S Supporting Information Downloaded via NOTTINGHAM TRENT UNIV on August 13, 2019 at 02:36:45 (UTC). ABSTRACT: Imazamox is a chiral herbicide that, in laboratory experiments in the dark, exhibits pronounced enantioselective biodegradation in certain soils. Imazamox also",153,8,19,65,33,16,7,/Volumes/WENTBROKE/Pesticide degradation database/pesticidepdf/Imazamox/PesticideDB_curation_Imazamox_20260707
Imazamox,Received: 31 May 2022 Revised: 16 August 2022 Accepted article published: 30 August 2022 Published online in Wiley Online Library: 17 September 2022,10.1002/ps.7154,2022,,Gene/enzyme and pathway/metabolite evidence,Survey of ACCase and ALS resistance in winter annual grasses identifies target-site and nontarget-site imazamox resistance in Secale cereale..pdf,"zamox. Out of 314 ﬁeld collected samples, we identiﬁed three feral rye populations (named A, B, and C) that were imazamox resistant. Populations B and C had a target-site mechanism with mutations in the Ser653 residue of the acetolactate synthase (ALS) gene to Asn in B and to Thr in C. Both populations B and C had greatly reduced ALS in vitro enzyme inhibition by imaza mox. ALS feral rye protein modeling showed that steric interactions induced by the amino acid substitutions at Ser653 impaired imazamox binding. Individuals from population A had no mutations in the ALS gene. The ALS enzyme from population A was equally sensitive to imazamox as to known susceptible feral rye populations. Imazamox was degraded two times faster in pop ulation A compared with a susceptible control. An oxidized imazamox metabolite formed faster in population A and this detox iﬁcation reaction was inhibited by",30,66,34,119,8,0,25,/Volumes/WENTBROKE/Pesticide degradation database/pesticidepdf/Imazamox/PesticideDB_curation_Imazamox_20260707
Imazamox,Hassink et al. Environmental Sciences Europe (2024) 36:151 Environmental Sciences Europe,10.1186/s12302-024-00974-x,2024,,Gene/enzyme and pathway/metabolite evidence,Development of a new test design to investigate the degradation of pesticides in soil under sunlight conditions.pdf,"is simu by direct irradiation is common practice, but the control of the boundary conditions, i.e. soil temperature and mois ture, to maintain the structure and viability of the soil is challenging. A homogeneous and stable soil microclimate is crucial to compare the degradation data of the test item from the irradiated soil samples to the dark controls as well as to the results from the aerobic soil metabolism study. After trying different scale-up test systems with the UV-sensi tive herbicide imazamox as comparative test item, a new soil photolysis test system was developed which is manage to the soil moisture and temperature. For this, the solar simulator SolarConstant® 1200, equipped with metal halide able in the laboratory and enables a more favorable management of the boundary conditions, especially with regard lamps Radium HRI-TS 1000W/D/S/PRO, was installed by Atlas Ametek (Germa",53,10,29,22,15,7,6,/Volumes/WENTBROKE/Pesticide degradation database/pesticidepdf/Imazamox/PesticideDB_curation_Imazamox_20260707
Isopyrazam,pubs.acs.org/JAFC Article,10.1021/acs.jafc.0c02081,2021,,Gene/enzyme and pathway/metabolite evidence,Simultaneous Determination of the Residues of Isopyrazam Isomers and Their Metabolites in Soil and Tomatoes by Ultraperformance Liquid Chromatography-Tandem Mass Spectrometry..pdf,"pubs.acs.org/JAFC Article Simultaneous Determination of the Residues of Isopyrazam Isomers and Their Metabolites in Soil and Tomatoes by Ultraperformance Liquid Chromatography-Tandem Mass Spectrometry Kuan Fang, Yalei Liu, Xiaolian Zhang, Jianwei Fang, Dan Chen, Tong Liu,* and Xiuguo Wang* Cite This: J. Agric. Food Chem. 2021, 69, 756−766 Read Online ACCESS Metrics & More Article Recommendations * sı Supporting Information Downloaded via BUTLER UNIV on May 15, 2021 at 06:22:25 (UTC). ABSTRACT: An eﬀective and sensitive method for the determination of isopyrazam (IZM) isomers",81,11,36,15,8,11,7,/Volumes/WENTBROKE/Pesticide degradation database/pesticidepdf/Isopyrazam/PesticideDB_curation_Isopyrazam_20260707
Isopyrazam,APPROVED: 11 June 2021,10.2903/j.efsa.2010.1785,2025,,Gene/enzyme and pathway/metabolite evidence,Review of the existing maximum residue levels for isopyrazam according to Article 12 of Regulation (EC) No 3962005..pdf,"Based on the information provided by the RMS, Member States, the UK and the EURLs, and taking into account the conclusions derived by EFSA in the framework of Commission Regulation (EU) No 188/2011, EFSA prepared in March 2021 a draft reasoned opinion, which was circulated to Member States and EURLs for consultation via a written procedure. Comments received by 29 April 2021 were considered during the ﬁnalisation of this reasoned opinion. The following conclusions are derived. The metabolism of isopyrazam in plant was investigated in primary and rotational crops. According to the results of the metabolism studies, the residue deﬁnition for enforcement can be proposed as isopyrazam (sum of isomers) and for risk assessment as sum of isopyrazam (sum of isomers) and its metabolite CSCD459488 (free and conjugated), expressed as isopyrazam. These residue deﬁnitions are also applicable to proce",76,17,95,275,19,1,8,/Volumes/WENTBROKE/Pesticide degradation database/pesticidepdf/Isopyrazam/PesticideDB_curation_Isopyrazam_20260707
Isopyrazam,"Environmental Toxicology and Chemistry, Vol. 29, No. 12, pp. 2702–2712, 2010",10.1002/etc.337,2025,,Gene/enzyme and pathway/metabolite evidence,The behavior of isopyrazam in aquatic ecosystems implementation of a tiered investigation..pdf,"Environmental Toxicology and Chemistry, Vol. 29, No. 12, pp. 2702–2712, 2010 # 2010 SETAC Printed in the USA DOI: 10.1002/etc.337 THE BEHAVIOR OF ISOPYRAZAM IN AQUATIC ECOSYSTEMS: IMPLEMENTATION OF A TIERED INVESTIGATION LAURENCE H. HAND * and ROBIN G. OLIVER Syngenta, Jealott’s Hill International Research Centre, Bracknell, Berkshire, RG42 6EY, United Kingdom (Submitted 6 April 2010; Returned for Revision 14 May 2010; Accepted 26 July 2010) Abstract— Degradation of a new fungicide, isopyrazam, was slow in water–sediment systems maintained in the dark, with degradation half-life (DegT50) values in the total system (water column and sediment) of gre",136,10,46,49,30,11,2,/Volumes/WENTBROKE/Pesticide degradation database/pesticidepdf/Isopyrazam/PesticideDB_curation_Isopyrazam_20260707
Isopyrazam,"Environmental Toxicology and Chemistry, Vol. 33, No. 3, pp. 516–524, 2014",10.1002/etc.2490,2025,,Gene/enzyme and pathway/metabolite evidence,Surface water mineralization of isopyrazam according to OECD 309 observations on implementation of the new data requirement within agrochemical regulation..pdf,"Environmental Toxicology and Chemistry, Vol. 33, No. 3, pp. 516–524, 2014 # 2013 SETAC Printed in the USA SURFACE WATER MINERALIZATION OF ISOPYRAZAM ACCORDING TO OECD 309: OBSERVATIONS ON IMPLEMENTATION OF THE NEW DATA REQUIREMENT WITHIN AGROCHEMICAL REGULATION LAURENCE H. HAND* and HARRIET J. MORELAND Syngenta, Product Safety Department, Jealott’s Hill International Research Centre, Bracknell, Berkshire, United Kingdom (Submitted 5 July 2013; Returned for Revision 19 September 2013; Accepted 24 November 2013) Abstract: A surface water mineralization study (according to the Organisation for Economic Co-operation and Development [OECD] guide",120,3,14,49,33,7,0,/Volumes/WENTBROKE/Pesticide degradation database/pesticidepdf/Isopyrazam/PesticideDB_curation_Isopyrazam_20260707
Isopyrazam,Received: 27 January 2020 | Revised: 25 March 2020 | Accepted: 28 March 2020,10.1002/jobm.201900687,2025,AF36 in pistachio orchards; AFu was 21; is a more environment; of A. flavus called; of the fungus pyrazam; that can be utilized,Gene/enzyme and pathway/metabolite evidence,Fungicide isopyrazam degradative response toward extrinsically added fungal and bacterial strains..pdf,"robes. BiodiKhuram Shahzad Ahmad, Department of sintegrative assays of pure fungal strains, namely Aspergillus flavus Environmental Sciences, Fatima Jinnah (AF), Penicillium chrysogenum (PC), Aspergillus niger (AN), Aspergillus terreus Women University, The Mall, Rawalpindi 46000, Pakistan. (AT), and Aspergillus fumigatus (AFu), and bacterial strains, namely XanthoEmail: chemist.phd33@yahoo.com; monas axonopodis (XA) and Pseudomonas syringae (PS), were utilized. Initial dr.k.s.ahmad@fjwu.edu.pk isopyrazam concentration (10 mg/L) was prepared with an individual micro bial suspension and monitored for 35 days. Isopyrazam biotransformation was analyzed quantitatively and qualitatively by UV–visible spectro photometery and gas chromatography–mass spectroscopy. P. syringae (R2 = 0.90) and X. axonopodis (R2 = 0.88) displayed maximal potential to me tabolize the fungicide (86% and 80%, respecti",149,19,33,58,37,35,2,/Volumes/WENTBROKE/Pesticide degradation database/pesticidepdf/Isopyrazam/PesticideDB_curation_Isopyrazam_20260707
Mandipropamid,Contents lists available at ScienceDirect,10.1016/j.jhazmat.2022.128961,2022,,Gene/enzyme and pathway/metabolite evidence,Indigenous functional microbial degradation of the chiral fungicide mandipropamid in repeatedly treated soils Preferential changes in the R-enantiomer..pdf,"Journal of Hazardous Materials 435 (2022) 128961 Contents lists available at ScienceDirect Journal of Hazardous Materials journal homepage: www.elsevier.com/locate/jhazmat Indigenous functional microbial degradation of the chiral fungicide mandipropamid in repeatedly treated soils: Preferential changes in the R-enantiomer Lingxi Han a, b, Yalei Liu a, Jiyun Nie a, b, Xiangwei You a, Yiqiang Li a, Xiuguo Wang a, *, Jun Wang c a Tobacco Research Institute of Chinese Academy of Agricultural Sciences (CAAS), Qingdao 266101, PR China b College of Horticulture, Qingdao Agricultural University/Laboratory of Quality & Safety Risk Assessment for Fruit (Qingdao), Ministry of Agriculture and Rural Affairs/ National Technology Centre for Whole Process Qua",91,99,20,52,30,35,19,/Volumes/WENTBROKE/Pesticide degradation database/pesticidepdf/Mandipropamid/PesticideDB_curation_Mandipropamid_20260707
Mandipropamid,Pesticide Biochemistry and Physiology 191 (2023) 105376,10.1016/j.pestbp.2023.105376,2023,KDI. Biodegradation. 33; Klebsiella sp. SQY5 as; M01; M01 is capable of; MW05 may be adapted; could promote biomass growth,Gene/enzyme and pathway/metabolite evidence,"Insights on the isolation, identification, and degradation characteristics of three bacterial strains against mandipropamid and their application potential for polluted soil remediation..pdf","Pesticide Biochemistry and Physiology 191 (2023) 105376 Contents lists available at ScienceDirect Pesticide Biochemistry and Physiology journal homepage: www.elsevier.com/locate/pest Insights on the isolation, identification, and degradation characteristics of three bacterial strains against mandipropamid and their application potential for polluted soil remediation Shiyin Mu a, Li Dou a, Yu Ye a, Hao Zhang a, Jing Shi b, *, Kankan Zhang a, * a National Key Laboratory of Green Pesticide, Key Laboratory of Green Pesticide and Agricultural Bioengineering, Ministry of Education, Center for R&D of Fine Chemicals of Guizhou University, Guiyang 550025, China b Guizhou Provincial Engineering Technology Research Center for Chemical Drug R&D of Guizhou Medical University, Guiyang 550004, China A R T I C",199,39,13,163,36,40,20,/Volumes/WENTBROKE/Pesticide degradation database/pesticidepdf/Mandipropamid/PesticideDB_curation_Mandipropamid_20260707
Mandipropamid,APPROVED: 21 January 2019,10.2903/j.efsa,2025,,Gene/enzyme and pathway/metabolite evidence,Modification of the existing maximum residue levels for mandipropamid in various crops..pdf,"s studies and the capabilities of enforcement analytical methods, the MRL review proposed the residue deﬁnition for enforcement as: ‘mandipropamid (any ratio of constituent isomers)’. The residue deﬁnition for enforcement set in Regulation (EC) No 396/2005 is equivalent to the above mentioned residue deﬁnition, although it does not detail that it covers any ratio of constituent isomers. The residue deﬁnition for risk assessment was proposed by the MRL review for fruits and leafy vegetables as: ‘mandipropamid (any ratio of constituent isomers)’. The MRL review proposed a tentative residue deﬁnition for risk assessment for root crops as: ‘sum of mandipropamid and SYN 500003’, pending on the submission of toxicological information for hazard characterisation of the metabolite SYN 500003. The tentative residue deﬁnition for risk assessment for root crop commodities was used for the root cate",62,16,80,145,13,2,5,/Volumes/WENTBROKE/Pesticide degradation database/pesticidepdf/Mandipropamid/PesticideDB_curation_Mandipropamid_20260707
Mandipropamid,APPROVED: 26 April 2018,10.2903/j.efsa,2025,,Gene/enzyme and pathway/metabolite evidence,Review of the existing maximum residue levels for mandipropamid according to Article 12 of Regulation (EC) NoÂ 3962005..pdf,". Based on the conclusions derived by EFSA in the framework of Commission Regulation (EU) No 188/2011, the MRLs established by the Codex Alimentarius Commission and the additional information provided by the RMS and MS, EFSA prepared in March 2018 a draft reasoned opinion, which was circulated to MS for consultation via a written procedure. Comments received by 30 March 2018 were considered during the ﬁnalisation of this reasoned opinion. The following conclusions are derived. The metabolism of mandipropamid in fruits and leafy vegetables is similar. In roots the metabolism differs from fruits and leafy vegetables, since metabolite SYN 500003 was detected at signiﬁcant levels. The residue deﬁnition for fruits and leafy vegetables is proposed as follows: mandipropamid (any ratio of constituent isomers). For roots the following residue deﬁnition for risk assessments is proposed: sum of man",55,15,76,193,9,7,5,/Volumes/WENTBROKE/Pesticide degradation database/pesticidepdf/Mandipropamid/PesticideDB_curation_Mandipropamid_20260707
Mandipropamid,APPROVED: 31 October 2018,10.2903/j.efsa,2025,,Gene/enzyme and pathway/metabolite evidence,Setting of an import tolerance for mandipropamid in cocoa beans..pdf,"Bouza Abstract In accordance with Article 6 of Regulation (EC) No 396/2005, the applicant Syngenta Agro GmbH submitted a request to the competent national authority in Austria to set a maximum residue level (MRL) for the active substance mandipropamid in cocoa beans imported from Nigeria and Cameroon. The data submitted in support of the request were found to be sufﬁcient to derive a MRL proposal of 0.06 mg/kg. Adequate analytical methods for enforcement are available to control the residues of mandipropamid on the commodity under consideration at the validated limit of quantiﬁcation (LOQ) of 0.01 mg/kg. Based on the risk assessment results, EFSA concluded that the long-term intake of residues resulting from the use of mandipropamid according to the reported agricultural practice is unlikely to present a risk to consumer health. The consumer risk assessment is affected by non-standard un",22,14,37,94,20,4,4,/Volumes/WENTBROKE/Pesticide degradation database/pesticidepdf/Mandipropamid/PesticideDB_curation_Mandipropamid_20260707
Penthiopyrad,"Dissipation, Residue and Dietary Intake Risk Assessment of",10.3390/foods11213327,2022,,Gene/enzyme and pathway/metabolite evidence,"Dissipation, Residue and Dietary Intake Risk Assessment of Penthiopyrad in Eggplants and Its Removal Using Various Household Processing Techniques..pdf","as further estimated after different household processing methods. Penthiopyrad dissipated quickly in eggplants, with half-lives of 1.85–2.56 days. The final residue data indicated that following the recommended spraying method, penthiopyrad would not threaten human health. Risk quotient results (<<100%) also demonstrated that the dietary intake risk of penthiopyrad in eggplants for Chinese consumers could be negligible. Washing, peeling and thermal treatments had significant removal effects on penthiopyrad from eggplants (0 < processing factor < 0.60). The characterization of the dissipation and distribution of penthiopyrad in field and processed eggplant samples could provide a more realistic reference for risk assessment of processed products, as well as some information for humans who may be exposed to penthiopyrad. Citation: Dou, L.; Mu, S.; Yang, G.; Chang, J.; Zhang, K. Dissipatio",23,8,46,148,10,8,7,/Volumes/WENTBROKE/Pesticide degradation database/pesticidepdf/Penthiopyrad/PesticideDB_curation_Penthiopyrad_20260707
Penthiopyrad,Food Chemistry 387 (2022) 132875,10.1002/ps.2287,2022,,Gene/enzyme and pathway/metabolite evidence,"Dissipation, residue, stereoselectivity and dietary risk assessment of penthiopyrad and metabolite PAM on cucumber and tomato in greenhouse and field..pdf","Food Chemistry 387 (2022) 132875 Contents lists available at ScienceDirect Food Chemistry journal homepage: www.elsevier.com/locate/foodchem Dissipation, residue, stereoselectivity and dietary risk assessment of penthiopyrad and metabolite PAM on cucumber and tomato in greenhouse and field Guangqian Yang , Jianmin Li , Tingting Lan , Li Dou , Kankan Zhang * State Key Laboratory Breeding Base of Green Pesticide and Agricultural Bioengineering, Key Laboratory of Green Pesticide and Agricultural Bioengineering, Ministry of Education, Guizhou University, Guiyang 550025, China A R T I C L E I N F O A B S T R A C T Keywords: Penthiopyrad is a broad-spectrum fungicide with wide application in agriculture with preferential",14,5,23,119,15,18,0,/Volumes/WENTBROKE/Pesticide degradation database/pesticidepdf/Penthiopyrad/PesticideDB_curation_Penthiopyrad_20260707
Penthiopyrad,Comparative Biological Half-Life of Penthiopyrad and,10.3390/foods13111742,2024,of Tetranychus urticae Koch,Gene/enzyme and pathway/metabolite evidence,Comparative Biological Half-Life of Penthiopyrad and Tebufenpyrad in Angelica Leaves and Establishment of Pre-Harvest Residue Limits (PHRLs)..pdf,"eeded 10 (n = 4). The calibration curve ranged from 0.0025–0.25 mg/L, which corresponds to 0.005–0.5 mg/kg in angelica leaves. No weighting factor was utilized. The correlation coefficients (r2 ) of 0.9999 were observed for both pesticides, indicating a satisfactory level of linearity. The recovery study was conducted at 0.01 and 0.1 mg/kg, as well as at the concen trations of the MRL. Following the SANTE guidelines (70–120% with RSD ≤ 20%) [32], the results showed acceptable average values for penthiopyrad; 104.1, 94.5, and 99.6% (with RSD ≤ 2.0%), and for tebufenpyrad; 107.1, 108.1, and 104.1% (with RSD ≤ 2.6%). The tebufenpyrad recovery at 20 mg/kg, which exceeded the highest calibration point, was additionally confirmed due to the residue study. The dilution method for tebufen pyrad demonstrated accuracy by achieving a recovery rate of 111.4% (RSD 2.0%). The storage stability study w",7,3,34,111,4,7,5,/Volumes/WENTBROKE/Pesticide degradation database/pesticidepdf/Penthiopyrad/PesticideDB_curation_Penthiopyrad_20260707
Penthiopyrad,APPROVED: 27 July 2021,10.2903/j.efsa,2025,DSMZ 13134 in or; VC1; VX1,Gene/enzyme and pathway/metabolite evidence,Review of the existing maximum residue levels for penthiopyrad according to Article 12 of Regulation (EC) No 3962005..pdf,"the UK and the EURLs, and taking into account the conclusions derived by EFSA in the framework of Commission Regulation (EU) No 188/2011 and the MRLs established by the Codex Alimentarius Commission, EFSA prepared in April 2021 a draft reasoned opinion, which was circulated to Member States and EURLs for consultation via a written procedure. Comments received by 13 May 2021 were considered during the ﬁnalisation of this reasoned opinion. The following conclusions are derived. The metabolism of penthiopyrad in plants was investigated in primary and rotational crops. There was no preferential isomeric degradation in plant commodities. According to the results of the metabolism studies, the residue deﬁnition for enforcement is proposed as penthiopyrad while for risk assessment, two residue deﬁnitions are proposed: (1) sum of penthiopyrad and metabolite 753-A-OH, expressed as penthiopyrad a",246,127,261,340,11,5,4,/Volumes/WENTBROKE/Pesticide degradation database/pesticidepdf/Penthiopyrad/PesticideDB_curation_Penthiopyrad_20260707
Penthiopyrad,ISSN 1615-9306 · JSSCCJ 45 (2) 2022 · Vol. 45 · No. 2 · January 2022,10.1002/jssc.202100446,2025,,Gene/enzyme and pathway/metabolite evidence,"Simultaneous determination of penthiopyrad enantiomers and its metabolite in vegetables, fruits, and cereals using ultra-high performance liquid chromatography-tandem mass spectrometry..pdf","://analyticalsciencejournals.onlinelibrary.wiley.com/doi/10.1002/jssc.202100446 by Saru Gurung - Sun Moon University , Wiley Online Library on [10/06/2025]. See the Terms and Conditions (https://onlinelibrary.wiley.com/terms-and-conditions) on Wiley Online Library for rules of use; OA articles are governed by the applicable Creative Commons License Received: 15 June 2021 Revised: 25 October 2021 Accepted: 26 October 2021 DOI: 10.1002/jssc.202100446 RESEARCH ARTICLE Simultaneous determination of penthiopyrad enantiomers and its metabolite in vegetables, fruits, and cereals using ultra-high performance liquid chromatography–tandem mass spectrometry Tingting Zhao2 Yu Liu2 Hongwu Liang2 Li Li1 Kaiwei Shi4 Jia Wang2 Yuke Zhu3 Cheng Ma3 1 College of Plant Protection, Shanxi Agricultural University, Taiyuan, Penthiopyrad is a novel succinate dehydrogenase inhibitor that has one chiral P. R. Chi",38,4,42,106,27,4,5,/Volumes/WENTBROKE/Pesticide degradation database/pesticidepdf/Penthiopyrad/PesticideDB_curation_Penthiopyrad_20260707
Phosmet,"5990 J. Agric. Food Chem. 2003, 51, 5990−5995",10.1021/jf034253y,2003,,Gene/enzyme and pathway/metabolite evidence,"Photolysis experiments on phosmet, an organophosphorus insecticide..pdf","5990 J. Agric. Food Chem. 2003, 51, 5990−5995 Photolysis Experiments on Phosmet, an Organophosphorus Insecticide KATRIN SINDERHAUF AND WOLFGANG SCHWACK* Institut für Lebensmittelchemie, Universität Hohenheim, Garbenstrasse 28, D-70593 Stuttgart, Germany The organophosphorus insecticide phosmet is used in plant protection as well as against parasites on animals. Phosmet showed numerous photoinduced reaction pathways, which first were studied in the presence of model environments for animal fur lipids (e.g., wool wax). The model solvents for saturated and unsaturated lipids were cyclohexane and cyclohexene, whereas methanol and 2-propanol were used as models for primary and secondary alcohol moieties of lipids. The measured degradation rates over an irradiation period of 7 h in all sol",51,6,114,62,28,8,2,/Volumes/WENTBROKE/Pesticide degradation database/pesticidepdf/Phosmet/PesticideDB_curation_Phosmet_20260707
Phosmet,"9608 J. Agric. Food Chem. 2006, 54, 9608−9613",10.1021/jf0616210,2006,,Gene/enzyme and pathway/metabolite evidence,Evaluation of chemical and photochemical oxidation processes for degradation of phosmet on lowbush blueberries (Vaccinium angustifolium)..pdf,"9608 J. Agric. Food Chem. 2006, 54, 9608−9613 Evaluation of Chemical and Photochemical Oxidation Processes for Degradation of Phosmet on Lowbush Blueberries (Vaccinium angustifolium) KRISTI M. CROWE,* ALFRED A. BUSHWAY, RODNEY J. BUSHWAY, AND RUSSELL A. HAZEN Department of Food Science and Human Nutrition, 5735 Hitchner Hall, University of Maine, Orono, Maine 04469-5735 Chemical and photochemical oxidation processes were evaluated for their ability to degrade residual phosmet on lowbush blueberries and for their role in the conversion of phosmet to phosmet oxonsa toxic metabolite of phosmet. Chemical processes included 1 ppm",116,4,49,151,40,10,4,/Volumes/WENTBROKE/Pesticide degradation database/pesticidepdf/Phosmet/PesticideDB_curation_Phosmet_20260707
Phosmet,Heterogeneous Reaction of Suspended Phosmet Particles with,10.1021/jp205175p,2011,,Gene/enzyme and pathway/metabolite evidence,Heterogeneous reaction of suspended phosmet particles with NO3 radicals..pdf,"ARTICLE pubs.acs.org/JPCA Heterogeneous Reaction of Suspended Phosmet Particles with NO3 Radicals Changgeng Liu, Jie Gan, Yang Zhang, Miao Liang, Xi Shu, Jinian Shu, and Bo Yang* Research Center for Eco-Environmental Sciences, Chinese Academy of Sciences, Beijing 100085, China ABSTRACT: As an organophosphorous insecticide, phosmet is widely used for plant protection as well as against the ectoparasites on productive livestock. It emits into the atmosphere in both gas and particulate phases via spray drift from treatments and postapplication emissions, but its degradation in the atmosphere is not well-known up to now. In this study, the heterogeneous reaction of phosmet absorbed on the azelaic acid particles with NO3 radicals is investigated in real-time using a vacuum ultraviolet photoionization aerosol time-of-ﬂight mas",14,15,54,71,14,5,24,/Volumes/WENTBROKE/Pesticide degradation database/pesticidepdf/Phosmet/PesticideDB_curation_Phosmet_20260707
Phosmet,"Toxicology Research, 2021, 10, 983–991",10.1002/etc.5620200104,2021,,Gene/enzyme and pathway/metabolite evidence,Toxicity and biochemical responses induced by phosmet in rainbow trout (iOncorhynchus mykissi)..pdf,"ace water [2]. Unintended consequences, however, including Phosmet, O,O-dimethyl S-phthalimidomethyl phosphorodithioate, reproductive and teratogenic effects have been stated [3, 4]. is a broad-spectrum and non-systemic organophosphorus Phosmet residues have also been reported in fruits, potato, olive insecticide exerting its toxic action by direct contact, inhalation oil and honey [5–7]. and ingestion. It was first registered in the USA in 1966, and it is As an organophosphate, toxic action of phosmet originates used in many countries in Europe, Middle East, Africa and USA from the anticholinesterase activity causing neurotransmitter against wide variety of pests in agriculture and to treat flea, tick acetylcholine (ACh) to accumulate at cholinergic synapses. The and mite in pets [1]. In our country, it is mainly used on apple, build-up of ACh leads muscarinic and nicotinic toxicity due",11,51,13,43,1,2,29,/Volumes/WENTBROKE/Pesticide degradation database/pesticidepdf/Phosmet/PesticideDB_curation_Phosmet_20260707
Phosmet,JFS M: Food Microbiology and Safety,10.1111/j.1750-3841.2007.00466.x,2025,B-14; B-14 and its use; B-14 organohalide compounds they; M6 and cloning of; and evidence for plasmid; ceased degrading chlorpyri- Horne,Gene/enzyme and pathway/metabolite evidence,Microbial degradation of phosmet on blueberry fruit and in aqueous systems by indigenous bacterial flora on lowbush blueberries (Vaccinium angustifolium)..pdf,"JFS M: Food Microbiology and Safety Microbial Degradation of Phosmet on Blueberry Fruit and in Aqueous Systems by Indigenous Bacterial Flora on Lowbush Blueberries (Vaccinium angustifolium) K.M. CROWE, A.A. BUSHWAY, R.J. BUSHWAY, AND K. DAVIS-DENTICI ABSTRACT: Phosmet-adapted bacteria isolated from lowbush blueberries (Vaccinium angustifolium) were evalu ated for their ability to degrade phosmet on blueberry fruit and in minimal salt solutions. Microbial metabolism of phosmet by isolates of Enterobacter agglomerans and Pseudomonas fluorescens resulted in signifi",144,13,33,185,32,39,0,/Volumes/WENTBROKE/Pesticide degradation database/pesticidepdf/Phosmet/PesticideDB_curation_Phosmet_20260707
Pinoxaden,Degradation Characteristics of Pinoxaden by,10.21203/rs.3.rs-1375498/v1,2022,Acinetobacter pittii was screened; Colony morphology of strain; Genomic DNA was extracted; Gram staining; High performance liquid chromatography; T1P20-3 Strain T3P20-1 had,Gene/enzyme and pathway/metabolite evidence,Degradation Characteristics of Pinoxaden by Acinetobacter and Prediction of Related Genes.pdf,"Degradation Characteristics of Pinoxaden by Acinetobacter and Prediction of Related Genes Fengshan Yang Heilongjiang University Yuning Wei Heilongjiang University Cong Sun Heilongjiang University Mingrui Yuan Heilongjiang University Weimin Zeng Heilongjiang University Chunguang Liu (  2005013@hlju.edu.cn ) Heilongjiang University https://orcid.org/0000-0002-6186-6022 Haiyan Fu Heilongjiang University Research Article Keywords: acinetobacter, degrading bacteria, degradation rate, degradation genes, pinoxaden, genome sequencing Posted",78,80,18,81,29,36,11,/Volumes/WENTBROKE/Pesticide degradation database/pesticidepdf/Pinoxaden/PesticideDB_curation_Pinoxaden_20260707
Pinoxaden,APPROVED: 1 March 2021,10.2903/j.efsa.2013,2025,,Gene/enzyme and pathway/metabolite evidence,Review of the existing maximum residue levels for pinoxaden according to Article 12 of Regulation (EC) No 3962005..pdf,"enforcement of the proposed residue deﬁnition option 1 at the combined limit of quantiﬁcation (LOQ) of 0.03 mg/kg in dry commodities and 0.05 mg/kg in high water content commodities. For the option 2, the combined LOQ of 0.03 mg/kg in all four main plant matrices was demonstrated to be achievable by multi-residue methods. According to the EURLs, the combined LOQ of 0.03 mg/kg is achievable for RD-Mo options 1 and 2 in routine analyses. Analytical standards are commercially available for parent pinoxaden, but not for metabolites M4 and M6. The available data are considered sufﬁcient to derive two sets of MRL proposals according to the two options for the residue deﬁnition for enforcement, for all commodities under evaluation. Residue trials analysing simultaneously for monitoring option 2 and risk assessment residue deﬁnitions were not available; however, since only one risk assessment r",128,14,107,160,13,0,4,/Volumes/WENTBROKE/Pesticide degradation database/pesticidepdf/Pinoxaden/PesticideDB_curation_Pinoxaden_20260707
Pinoxaden,Received: 21 December 2010 Revised: 3 April 2011 Accepted: 12 April 2011 Published online in Wiley Online Library: 8 June 2011,10.1002/ps.2204,2025,,Gene/enzyme and pathway/metabolite evidence,"Aryldiones incorporating a [1,4,5]oxadiazepane ring. Part 2 chemistry and biology of the cereal herbicide pinoxaden..pdf","on pattern, a dione area suitable for proherbicide formation and beneficial adjuvant effects. The uptake and translocation pattern of pinoxaden when coapplied with its tailored adjuvant were analysed by autoradiography, indicating extensive and rapid penetration, followed by effective distribution throughout the plant. Crop injury reduction on incorporation of the [1,4,5]oxadiazepane ring into the aryldione template was reinforced with safener technology. Comparative studies on the behaviour of pinoxaden applied either alone or in combination with the safener cloquintocet-mexyl demonstrated that addition of the safener resulted in significant enhancement of metabolic degradation in wheat and barley, providing excellent crop tolerance and a substantial selectivity margin without adverse effects on weed control. CONCLUSION: The biological potential of pinoxaden and its active principle pin",35,23,58,91,9,1,2,/Volumes/WENTBROKE/Pesticide degradation database/pesticidepdf/Pinoxaden/PesticideDB_curation_Pinoxaden_20260707
Propamocarb,"Bull. Environm. Contain. Toxicol. 27, 529-533 (1981)",,1981,,Gene/enzyme and pathway/metabolite evidence,"Microbial degradation of the carbamate pesticides desmedipham, phenmedipham, promecarb, and propamocarb..pdf","Bull. Environm. Contain. Toxicol. 27, 529-533 (1981) Microbial Degradation of the Carbamate Pesticides Desmedipham, Phenmedipham, Promecarb, and Propamocarb 1 Charles O. Knowles and Herman J. Benezet Department of Entomology, University of Missouri, Columbia, MO 65211 Many chemicals used to control pests come into contact with soil where they are attacked by various chemical and biological agents that can influence their bioactivity and persistence. Soil microorganisms play an important role in this connection. Depending upon the molecular configuration of the pesticide, microbial attack can increase or decrease bioactivity. With regard to persiste",16,1,9,9,8,9,1,/Volumes/WENTBROKE/Pesticide degradation database/pesticidepdf/Propamocarb/PesticideDB_curation_Propamocarb_20260707
Propamocarb,Biodegradation (2012) 23:297–310,10.1007/s10532-011-9509-6,2012,B. amyloliquefaciens IN937a and; B. pumilus SE34 more; Bordetella sp. B9. Biodegradation; FZB24; GB03. The PGPR strains; IN937a,Gene/enzyme and pathway/metabolite evidence,Biodegradation of soil-applied pesticides by selected strains of plant growth-promoting rhizobacteria (PGPR) and their effects on bacterial growth..pdf,"icides and 10.3–16.4 and 9.2–15.9 days, respectively, markedly their effects on bacterial growth. Interactions of lower compared with[34.2 days in the control. From Bacillus subtilis GB03, Bacillus subtilis FZB24, the rest pesticides studied degradation of propamoBacillus amyloliquefaciens IN937a and Bacillus carb hydrochloride and thiamethoxam was enhanced pumilus SE34 with two concentrations of acibenzo- in the presence of B. amyloliquefaciens IN937a and lar-S-methyl, metribuzin, napropamide, propamocarb B. pumilus SE34. Acibenzolar-S-methyl, propamohydrochloride and thiamethoxam in liquid culture carb hydrochloride and thiamethoxam significantly and soil microcosm were studied. The degradation of increased the PGPR growth. However, the stimulaacibenzolar-S-methyl by all PGPR tested in low and tory effect was related to the level of pesticide spiked. high concentration, was 5.4 and 5.7",144,6,20,24,22,20,2,/Volumes/WENTBROKE/Pesticide degradation database/pesticidepdf/Propamocarb/PesticideDB_curation_Propamocarb_20260707
Propamocarb,Received: 29 October 2019 Accepted: 5 July 2020,10.1002/agj2.20368,2020,,Gene/enzyme and pathway/metabolite evidence,Analysis of genes and metabolites associated with propamocarb hydrochloride response in tobacco.pdf,"Received: 29 October 2019 Accepted: 5 July 2020 DOI: 10.1002/agj2.20368 ARTICLE Analysis of genes and metabolites associated with propamocarb hydrochloride response in tobacco Huijuan Yang Yuning Zhang Hongzhi Shi College of Tobacco Science, Henan Agricultural University, No. 95, Wenhua Abstract Road, Zhengzhou, Henan Province, Propamocarb hydrochloride is a systemic fungicide used against Pythium and 450002, P.R. China Phytophthora as well as other diseases in tobacco. This study aimed to underCorrespondence stand the response of tobacco to propamocarb hydrochloride treatment at the Hongzhi Shi, College of Tobacco Sci- transcriptome",60,76,52,36,21,24,29,/Volumes/WENTBROKE/Pesticide degradation database/pesticidepdf/Propamocarb/PesticideDB_curation_Propamocarb_20260707
Propamocarb,published: 12 June 2020,10.1007/978-3-319-74057-7_7,2020,GV3101; method. PDS To determine,Gene/enzyme and pathway/metabolite evidence,Overexpression of CsHMGB Alleviates Phytotoxicity and Propamocarb Residues in Cucumber.pdf,"Horticultural Crops (Northeast Region), Northeast Agricultural University, Harbin, China, 2 College of Horticulture, Fujian Provincial Key Laboratory of Haixia Applied Plant Systems Biology, Fujian Agriculture and Forestry University, Fuzhou, China Cucumber (Cucumis sativus L.) is one of the most economically important fruits of the Cucurbitaceae family, therefore consideration of potential pesticide residues in the fruit in the context of cucumber breeding and production programs is important. Propamocarb (a pesticide commonly used to prevent downy mildew) is widely used in cucumber cultivation, but the molecular mechanism underlying the degradation and metabolism of propamocarb in cucumber is not well understood. We screened a Edited by: candidate CsHMGB gene (CsaV3-5G28190) for response to propamocarb exposure Raul Antonio Sperotto, using transcriptome data. The coding region of CsHMG",19,141,14,161,5,7,38,/Volumes/WENTBROKE/Pesticide degradation database/pesticidepdf/Propamocarb/PesticideDB_curation_Propamocarb_20260707
Propamocarb,Liu et al. BMC Plant Biology (2018) 18:16,10.1186/s12870-018-1236-2,2022,LBA4404,Gene/enzyme and pathway/metabolite evidence,Expression and functional analysis of the Propamocarb-related gene CsDIR16 in cucumbers..pdf,"more previous study, the transcriptome changes in cucumber rapidly compared with wild-type plants and CsDIR16(−) T1 fruit of cultivar ‘D0351’ in response to PM treatment were transgenic plants. These results suggested that CsDIR16 analyzed by our research group. [21]. The transcriptome overexpression reduced PM residues through accelerating data indicated that CsDIR16 showed the highest differPM degradation. ential expression between plants treated with PM versus Fig. 8 Quantitative analysis of propamocarb (PM) residues, peroxidase (POD) activity, and the malondialdehyde (MDA) content in transgenic plants. a Quantitative analysis of PM residues in T0 transgenic plants using gas chromatography. b Quantitative analysis of PM residues in T1 transgenic plants using gas chromatography. c Quantitative analysis of POD activity in T1 transgenic plants. d Quantitative analysis of the MDA content",17,146,22,18,6,5,10,/Volumes/WENTBROKE/Pesticide degradation database/pesticidepdf/Propamocarb/PesticideDB_curation_Propamocarb_20260707
Propargite,Contents lists available at ScienceDirect,10.1016/j.jhazmat.2009.09.050,2010,SPR 13 followed by; exhibited a range of; num- 2003. ber SPR; number SPR 13 degraded; number SPR 7. Generally; soils in relation to,Gene/enzyme and pathway/metabolite evidence,"Biodegradation of propargite by Pseudomonas putida, isolated from tea rhizosphere..pdf","Journal of Hazardous Materials 174 (2010) 295–298 Contents lists available at ScienceDirect Journal of Hazardous Materials journal homepage: www.elsevier.com/locate/jhazmat Biodegradation of propargite by Pseudomonas putida, isolated from tea rhizosphere Soumik Sarkar ∗ , Subbiah Seenivasan, Robert Premkumar Samuel Asir UPASI Tea Research Foundation, Nirar Dam BPO, Valparai 642127, India a r t i c l e i n f o a b s t r a c t Article history: Biodegradation of miticide propargite was carried out in vitro by selected Pseudomonas strains isolated Received 3 March 2009 from tea rhizosphere. A total number of 13 strains were isolated and further screened based on their tolReceived in revised form",58,2,6,37,24,34,3,/Volumes/WENTBROKE/Pesticide degradation database/pesticidepdf/Propargite/PesticideDB_curation_Propargite_20260707
Propargite,Contents lists available at ScienceDirect,10.1016/j.jhazmat.2009.09.050,2010,SPR 13 followed by; exhibited a range of; num- 2003. ber SPR; number SPR 13 degraded; number SPR 7. Generally; soils in relation to,Gene/enzyme and pathway/metabolite evidence,Calculation of pesticide degradation in decaying cotton gin trash..pdf,"Journal of Hazardous Materials 174 (2010) 295–298 Contents lists available at ScienceDirect Journal of Hazardous Materials journal homepage: www.elsevier.com/locate/jhazmat Biodegradation of propargite by Pseudomonas putida, isolated from tea rhizosphere Soumik Sarkar ∗ , Subbiah Seenivasan, Robert Premkumar Samuel Asir UPASI Tea Research Foundation, Nirar Dam BPO, Valparai 642127, India a r t i c l e i n f o a b s t r a c t Article history: Biodegradation of miticide propargite was carried out in vitro by selected Pseudomonas strains isolated Received 3 March 2009 from tea rhizosphere. A total number of 13 strains were isolated and further screened based on their tolReceived in revised form",58,2,6,37,24,34,3,/Volumes/WENTBROKE/Pesticide degradation database/pesticidepdf/Propargite/PesticideDB_curation_Propargite_20260707
Propargite,APPROVED: 12 February 2018,10.2903/j.efsa.2007.32r,2025,of rats,Gene/enzyme and pathway/metabolite evidence,Setting of maximum residue limits for propargite in citrus fruits and tea..pdf,"n MRL of 50 mg/kg for tea could be derived. However, a risk manager decision is required whether the setting of a MRL of 50 mg/kg for tea is acceptable since the MRL reported to be into force in India is 10 mg/kg. Adequate analytical enforcement methods are available to control the residues of propargite on the commodities under consideration. Since the enforcement method of analysis is not enantioselective, residues are determined as the sum of any possible isomer ratio of the active substance propargite. EFSA concluded that the use of propargite on oranges and tea as reported in the countries of origin will not result in a consumer exposure exceeding the toxicological reference values and therefore is unlikely to pose a consumer health risk. However, it should be noted that the risk assessment is affected by uncertainties linked to the toxicological proﬁle and the reliability of result",124,3,116,170,14,0,0,/Volumes/WENTBROKE/Pesticide degradation database/pesticidepdf/Propargite/PesticideDB_curation_Propargite_20260707
Pymetrozine,Contents lists available at ScienceDirect,10.1016/j.jhazmat.2008.08.020,2009,,Gene/enzyme and pathway/metabolite evidence,Kinetic study of the degradation of the insecticide pymetrozine in a vegetable-field ecosystem..pdf,"Journal of Hazardous Materials 164 (2009) 497–501 Contents lists available at ScienceDirect Journal of Hazardous Materials journal homepage: www.elsevier.com/locate/jhazmat Kinetic study of the degradation of the insecticide pymetrozine in a vegetable-ﬁeld ecosystem Guoqing Shen a,∗ , Xuan Hu a , Yinan Hu b a Department of Environment and Resource, College of Agriculture and Biology, Shanghai Jiao Tong University, Shanghai 200240, PR China b College of Life Sciences, Nanjing Normal University, Nanjing 210097, PR China a r t i c l e i n f o a b s t r a c t Article history: The disappearance kinetics of pymetrozine was studied in a broccoli-ﬁeld ecosystem, and an efﬁcient Received 14 June 2008 method for the determination of pym",11,1,13,76,13,4,2,/Volumes/WENTBROKE/Pesticide degradation database/pesticidepdf/Pymetrozine/PesticideDB_curation_Pymetrozine_20260707
Pymetrozine,This article was downloaded by: [University of Illinois Chicago],10.1080/03601230701549271,2014,,Gene/enzyme and pathway/metabolite evidence,"Degradation of cyprodinil, fludioxonil, cyfluthrin and pymetrozine on lettuce after different application methods..pdf","ago] On: 11 November 2014, At: 03:27 Publisher: Taylor & Francis Informa Ltd Registered in England and Wales Registered Number: 1072954 Registered office: Mortimer House, 37-41 Mortimer Street, London W1T 3JH, UK Journal of Environmental Science and Health, Part B: Pesticides, Food Contaminants, and Agricultural Wastes Publication details, including instructions for authors and subscription information: http://www.tandfonline.com/loi/lesb20 Degradation of cyprodinil, fludioxonil, cyfluthrin and pymetrozine on lettuce after different application methods a a a a Maddalena Cabizza , Maurizio Satta , Susanna Falconi , Minica Onano & Giovanni a Uccheddu a Centro Regionale Agrario Sperimentale - Regione Sardegna , , Cagliari, Italy Published online: 10 Sep 2007. To cite this article: Maddalena Cabizza , Maurizio Satta , Susanna Falconi , Minica Onano & Giovanni Uccheddu (2007) Degradation of c",15,1,6,23,12,2,1,/Volumes/WENTBROKE/Pesticide degradation database/pesticidepdf/Pymetrozine/PesticideDB_curation_Pymetrozine_20260707
Pymetrozine,"Cite This: J. Agric. Food Chem. 2019, 67, 4170−4176 pubs.acs.org/JAFC",10.1021/acs.jafc.8b06155,2020,BYT 4174 DOI; BYT-1; BYT-1 also supported that; BYT-1 and BYT-1 was; BYT-1 and its close; BYT-1 and related species,Gene/enzyme and pathway/metabolite evidence,Isolation and Characterization of the Pymetrozine-Degrading Strain Pseudomonas sp. BYT-1..pdf,"ple’s Republic of China ‡ Jiangsu Key Laboratory for Food Quality and Safety, State Key Laboratory Cultivation Base, Ministry of Science and Technology, Institute of Food Safety and Nutrition, Jiangsu Academy of Agricultural Sciences, Nanjing 210014, People’s Republic of China Downloaded via UNIV OF EXETER on July 16, 2020 at 16:16:27 (UTC). * S Supporting Information ABSTRACT: In this study, we isolated and characterized the bacterial strain Pseudomonas sp. BYT-1, which is capable of degrading pymetrozine and using it as the sole carbon source for growth. Strain BYT-1 could degrade 2.30 mM pymetrozine within 20 h under the optimal conditions of 30 °C and pH 7.0. Investigation of the degradation pathway showed that pymetrozine was oxidatively hydrolyzed to 4-amino-6-methyl-4,5-dihydro-2H-[1,2,4]triazin-3-one (AMDT) and nicotinic acid (NA). The former accumulates as the end product in the",86,28,36,109,33,36,5,/Volumes/WENTBROKE/Pesticide degradation database/pesticidepdf/Pymetrozine/PesticideDB_curation_Pymetrozine_20260707
Pymetrozine,Residue Behavior of Methoxyfenozide and Pymetrozine in,10.3390/foods11192995,2022,,Gene/enzyme and pathway/metabolite evidence,Residue Behavior of Methoxyfenozide and Pymetrozine in Chinese Cabbage and Their Health Risk Assessment..pdf,"cs and influence of environmental factors on the dissipation of methoxyfenozide and pymetrozine residues in Chinese cabbage were investigated. Analyses were performed using a modified QuEchERS (Quick, Easy, Cheap, Effective, Rugged, and Safe) and an optimized high performance liquid chromatography-tandem mass spectrometry (HPLC-MS/MS). The observed half-lives of methoxyfenozide and pymetrozine in cabbage samples ranged between two sampling seasons: in May–June, half-lives of methoxyfenozide and pymetrozine were 1.20 days and 1.89 days, respectively; during October–November, half-lives of methoxyfenozide and pymetrozine were 11.8 and 2.80 days, respectively. Meanwhile, a negative Spearman correlation was found between the residual concentrations and temperature (p < 0.01). This indicates that higher temperatures resulted in higher dissipation rates for methoxyfenozide and pymetrozine, sug",19,5,42,92,9,1,7,/Volumes/WENTBROKE/Pesticide degradation database/pesticidepdf/Pymetrozine/PesticideDB_curation_Pymetrozine_20260707
Pymetrozine,"Environmental Microbiology (2021) 23(6), 3265–3273 doi:10.1111/1462-2920.15557",10.1111/1462-2920.15557,2025,AC100. Appl Environ Microbiol; BL21; BR60; BYT-1; BYT-1 and; BYT-1 and its derivative,Gene/enzyme and pathway/metabolite evidence,A novel hydrolase PyzH catalyses the cleavage of C=N double bond for pymetrozine degradation in Pseudomonas sp. BYT-1..pdf,"Environmental Microbiology (2021) 23(6), 3265–3273 doi:10.1111/1462-2920.15557 A novel hydrolase PyzH catalyses the cleavage of C=N double bond for pymetrozine degradation in Pseudomonas sp. BYT-1 Mingliang Zhang, Yijun Ren, Shilong Du, moderately persistent compound (JMPR, 2014). FollowYidong Zhou, Wankui Jiang, Zhijian Ke, Mingli Jiang, ing its widespread use, pymetrozine has been detected Jiguo Qiu, Jian He and Qing Hong * in the environment, agricultural products and animals Key Laboratory of Agricultural Environmental (Badawy et al., 2015; Zhang et al., 2015). A single dose Microbiology, Ministry of Agriculture, College of Life of pymetrozine (0.",63,122,40,115,34,31,38,/Volumes/WENTBROKE/Pesticide degradation database/pesticidepdf/Pymetrozine/PesticideDB_curation_Pymetrozine_20260707
Spirodiclofen,Environ Sci Pollut Res (2017) 24:9278–9285,10.1007/s11356-017-8589-1,2020,,Gene/enzyme and pathway/metabolite evidence,Enhanced degradation of spiro-insecticides and their leacher enol derivatives in soil by solarization and biosolarization techniques..pdf,"56-017-8589-1 RESEARCH ARTICLE Enhanced degradation of spiro-insecticides and their leacher enol derivatives in soil by solarization and biosolarization techniques José Fenoll 1 & Isabel Garrido 1 & Nuria Vela 2 & Caridad Ros 1 & Simón Navarro 3 Received: 15 September 2016 / Accepted: 6 February 2017 / Published online: 22 February 2017 # Springer-Verlag Berlin Heidelberg 2017 Abstract The leaching potential of three insecticides strategies for detoxification of soils polluted with the studied (spirodiclofen, spiromesifen, and spirotetramat) was assessed pesticides. using disturbed soil columns. Small quantities of spirodiclofen and spiromesifen were detected in leachate fraction, while Keywords Groundwater pollution . Organic amendments . spirotetramat residues were not found in the leachates. In ad- Pesticide movement . Solar heating . Soil decontamination dition, the transformation pr",49,2,26,12,10,1,1,/Volumes/WENTBROKE/Pesticide degradation database/pesticidepdf/Spirodiclofen/PesticideDB_curation_Spirodiclofen_20260707
Spirodiclofen,Dissipation Kinetics and Risk Assessment of Spirodiclofen and,10.3390/foods12020242,2023,,Pathway/metabolite evidence,Dissipation Kinetics and Risk Assessment of Spirodiclofen and Tebufenpyrad in iAster scaberi Thunb..pdf,"0.2 9.8 0.01 STR 1.0 101.8 103.6 100.0 101.8 ± 1.8 1.8 Foods 2023, 12, 242 5 of 11 Table 2. Cont. Recovery (%) Spiking Levels CV MLOQ Pesticides Replicates (mg/kg) (Mean ± SD) (%) (mg/kg) 1 2 3 0.1 82.0 98.1 87.1 89.1 ± 8.2 9.2 RCV Tebufenpyrad 1.0 106.0 102.0 101.8 103.3 ± 2.4 2.3 0.01 STR 1.0 101.4 109.8 101.3 104.2 ± 4.9 4.7 SD: standard deviation; CV: coefficient of variation; and MLOQ: method limit of quantification. For the storage stability test conducted at a concentration of 1.0 mg/kg, spirodiclofen showed a recovery rate of 101.8% ± 1.8% after 162 days of storage and tebufenpyrad showed a recovery rate of 104.2% ± 4.9% after 150 days of storage, confirming that there was no degradation or loss of both components during the storage period of the samples. 3.3. Characteristics of Pesticide Residues in Aster scaber Several studies have reported factors affecting pesticide persisten",9,0,26,81,1,1,0,/Volumes/WENTBROKE/Pesticide degradation database/pesticidepdf/Spirodiclofen/PesticideDB_curation_Spirodiclofen_20260707
Spirodiclofen,Terminal Residues and Risk Assessment of Spiromesifen and,10.3390/plants12071493,2023,,Gene/enzyme and pathway/metabolite evidence,Terminal Residues and Risk Assessment of Spiromesifen and Spirodiclofen in Tomato Fruits..pdf,"chromatograms of of blank blank sample extract (A,C), C),spiromesifen spiromesifen fortified sample extract (5 µg/kg) (B), spirodiclofen fortified sample extract (5 µg/kg) fortified sample extract (5 µg/kg) (B), spirodiclofen fortified sample extract (5 µg/kg) (D). 2.4. 2.4.Dissipation DissipationofofSpiromesifen Spiromesifenand andSpirodiclofen SpirodiclofenininTomato TomatoFruits Fruits The Thedissipation dissipationprofiles of of profiles spiromesifen spiromesifenandandspirodiclofen residues spirodiclofen in tomato residues fruit were in tomato fruit observed up to 14 days after spraying the authorized dose of 120 g a.i/ha were observed up to 14 days after spraying the authorized dose of 120 g a.i/ha and 84 g and 84 g a.i/ha and theand a.i/ha double dose of the double 240ofg240 dose a.i/ha andand g a.i/ha 168168 g a.i/ha, respectively. g a.i/ha, respectively.TheTheresults resultsshowe",8,4,24,92,1,0,4,/Volumes/WENTBROKE/Pesticide degradation database/pesticidepdf/Spirodiclofen/PesticideDB_curation_Spirodiclofen_20260707
Spirodiclofen,APPROVED: 6 October 2021,10.2903/j.efsa.2010.1560,2025,,Gene/enzyme and pathway/metabolite evidence,Review of the existing maximum residue levels for spirodiclofen according to Article 12 of Regulation (EC) No 3962005..pdf,"o 396/2005, EFSA shall provide a reasoned opinion on: • the inclusion of the active substance in Annex IV to the Regulation, when appropriate; • the necessity of setting new MRLs for the active substance or deleting/modifying existing MRLs set out in Annex II or III of the Regulation; • the inclusion of the recommended MRLs in Annex II or III to the Regulation; • the setting of speciﬁc processing factors as referred to in Article 20(2) of the Regulation. The active substance and its use pattern Spirodiclofen is the ISO common name for 3-(2,4-dichlorophenyl)-2-oxo-1-oxaspiro[4.5]dec-3-en-4-yl 2,2-dimethylbutyrate (IUPAC). The chemical structure of the active substance and its main metabolites is reported in Appendix F. The EU MRLs for spirodiclofen are established in Annex IIIA of Regulation (EC) No 396/2005. Codex maximum residue limits (CXLs) for spirodiclofen were also established by t",42,38,63,217,3,2,3,/Volumes/WENTBROKE/Pesticide degradation database/pesticidepdf/Spirodiclofen/PesticideDB_curation_Spirodiclofen_20260707
Spirodiclofen,Received: 5 July 2021 Accepted article published: 26 July 2021 Published online in Wiley Online Library: 6 August 2021,10.1002/ps.6307,2025,,Gene/enzyme and pathway/metabolite evidence,"In vitro metabolism of tebuconazole, flurtamone, fenhexamid, metalaxyl-M and spirodiclofen in Cannabis sativa L. (hemp) callus cultures..pdf","itive health effects of these cannabinoids. To satisfy the demand, C. sativa plants are prop agated in contained growth chambers. During indoor propagation, pesticides usually are used to ensure efﬁcient production. However, pesticide registration and safe application in C. sativa has not been investigated in detail. RESULTS: With this study the metabolic degradation of pesticides in recently established C. sativa callus cultures was examined. Tebuconazole, metalaxyl-M fenhexamid, ﬂurtamone and spirodiclofen were applied at 10 ∼M for 21 days. Results were com pared with metabolism data obtained from Brassica napus L., Glycine max (L.) Merr., Zea mays L. and Tritium aestivum L. callus cultures as well as in metabolism guideline studies. The successfully established C. sativa callus cultures were able to degrade pesticides by oxidation, demethylation, and cleavage of ester bonds in phase I",254,14,125,58,23,23,2,/Volumes/WENTBROKE/Pesticide degradation database/pesticidepdf/Spirodiclofen/PesticideDB_curation_Spirodiclofen_20260707
Teflubenzuron,This article was downloaded by: [Dalhousie University],10.1081/PFC-100106185,2014,Bacillus brevis 625 incubated; was checked on its,Gene/enzyme and pathway/metabolite evidence,Transformation of the insecticide teflubenzuron by microorganisms..pdf,"ed by: [Dalhousie University] On: 13 July 2014, At: 21:29 Publisher: Taylor & Francis Informa Ltd Registered in England and Wales Registered Number: 1072954 Registered office: Mortimer House, 37-41 Mortimer Street, London W1T 3JH, UK Journal of Environmental Science and Health, Part B: Pesticides, Food Contaminants, and Agricultural Wastes Publication details, including instructions for authors and subscription information: http://www.tandfonline.com/loi/lesb20 TRANSFORMATION OF THE INSECTICIDE TEFLUBENZURON BY MICROORGANISMS a a b Zoja I. Finkelstein , Boris P. Baskunov , Ivonne M. C. M. Rietjens , Marelle G. b b c Boersma , Jacques Vervoort & Ludmila A. Golovleva a G.K. Skryabin Institute of Biochemistry and Physiology of Microorganisms , RAS, Pushchino, Moscow region, 142290, Russia b Laboratory of Biochemistry and Division of Toxicology , Wageningen University , Dreijenlaan 3, 6703,",43,7,35,43,39,39,11,/Volumes/WENTBROKE/Pesticide degradation database/pesticidepdf/Teflubenzuron/PesticideDB_curation_Teflubenzuron_20260707
Teflubenzuron,Bull Environ Contam Toxicol (2016) 96:224–228,10.1007/s00128-015-1707-1,2016,,Gene/enzyme and pathway/metabolite evidence,Persistence and Stability of Teflubenzuron and Diflubenzuron When Associated to Organic Particles in Marine Sediment..pdf,"nSuggested pathways for the disappearance of the drugs from tration of 3.13 ± 0.15 mg/g where most of the water had sediment are dissolution into seawater (outwashing), chemical been removed by filtration (Group 2) and medicated pellets and microbial degradation, bioturbation, and resuspension of (3 mm, Ektobann vet.) (group 3) were added on top of the organic material or combinations of these. Although water sediment layer. Medicated pellets (3 mm, Releeze vet.) solubility of diflubenzuron and teflubenzuron is low, 0.089 were added to vials with sediment (Group 4) and without and 0.0094 mg/L at 20°C respectively, outwashing may be sediment (Group 5). Each treatment group consisted of 42 effective over time especially from medicated pellets where vials and the weights of the faecal material and medicated the drugs are coated on the surface of the pellets. Rapid pellets were registered fo",12,3,16,30,11,15,2,/Volumes/WENTBROKE/Pesticide degradation database/pesticidepdf/Teflubenzuron/PesticideDB_curation_Teflubenzuron_20260707
Teflubenzuron,Chitin Synthesis and Degradation in Crustaceans: A Genomic,10.3390/md19030153,2021,,Gene/enzyme and pathway/metabolite evidence,Chitin Synthesis and Degradation in Crustaceans A Genomic View and Application..pdf,"ar whether the CHS genes in crustaceans share functional roles with insects or if they are distinct. RNA interference (dsCHS1 and dsCHS1+2) experiments in L. salmonis demonstrated the existence of compensation mechanisms in the chitin synthesis path way, and CHS knockdown in these salmon lice resulted in a common phenotype, which was characterized by appendage deformities and an inability to swim [36]. Moreover, CHS inhibitors, such as diflubenzuron (DFB), hexaflumuron (HX), lufenuron (LF), and teflubenzuron (TFB) are known to interfere with chitin formation and molting in insects and completely inhibit the molting process in crustaceans (copepods), which eventually leads to death [18]. Mar. Drugs 2021, 19, 153 11 of 23 3. Chitin Degradation Pathways and Gene Families 3.1. Chitin Degradation Pathways Chitin is mainly degraded through two biological pathways: chitin is first decomposed by",33,256,48,1,1,0,1,/Volumes/WENTBROKE/Pesticide degradation database/pesticidepdf/Teflubenzuron/PesticideDB_curation_Teflubenzuron_20260707
Teflubenzuron,"See discussions, stats, and author profiles for this publication at: https://www.researchgate.net/publication/381281973",10.1007/s40203-024-00229-w,2025,HZN12; HZN12 using chicken feather; of Pseudomonas stutzeri and,Gene/enzyme and pathway/metabolite evidence,Identification of molecular interactions of pesticides with keratinase for their potential to inhibit keratin biodegradation..pdf,"keratin-degradation process. In the present study, molecular interactions of 20 selected pesticides with the keratinase enzyme were analyzed by performing molecular docking. In blind docking, 14 out of 20 pesticides showed higher inhibitory potential than the known inhibitor phenylmethylsulfonyl flouride, all of which exhibited higher inhibitory potential in site-specific docking. The stability and strength of the protein complexes formed by the top best potential pesticides namely fluralaner, teflubenzuron, cyhalothrin, and cyfluthrin has been further validated by molecular dynamic simulation studies. The present study is the first report for the preliminary investigation of the keratinase-inhibitory potential of pesticides and highlights the plausible role of these pesticides in hindering the biological process of keratin degradation and thereby their contribution in environmental pol",26,89,10,27,2,4,20,/Volumes/WENTBROKE/Pesticide degradation database/pesticidepdf/Teflubenzuron/PesticideDB_curation_Teflubenzuron_20260707
Thiamethoxam,Appl Microbiol Biotechnol (2013) 97:4065–4074,10.1007/s00253-012-4638-3,2013,MRL3. Ecotoxicology 20; MRM6. Bull Environ Contam; N7 isolated from toAlexander; PS19. Pestic Biochem Phys; TMX-23 Guang-can Zhou; TMX-23 enriched in MSM,Gene/enzyme and pathway/metabolite evidence,Biodegradation of the neonicotinoid insecticide thiamethoxam by the nitrogen-fixing and plant-growth-promoting rhizobacterium Ensifer adhaerens strain TMX-23..pdf,"Appl Microbiol Biotechnol (2013) 97:4065–4074 DOI 10.1007/s00253-012-4638-3 APPLIED MICROBIAL AND CELL PHYSIOLOGY Biodegradation of the neonicotinoid insecticide thiamethoxam by the nitrogen-fixing and plant-growth-promoting rhizobacterium Ensifer adhaerens strain TMX-23 Guang-can Zhou & Ying Wang & Shan Zhai & Feng Ge & Zhong-hua Liu & Yi-jun Dai & Sheng Yuan & Jun-yi Hou Received: 3 September 2012 / Revised: 3 December 2012 / Accepted: 5 December 2012 / Published online: 30 December 2012 # Springer-Verlag Berlin Heidelberg 2012 Abstract Thiamethoxam (THIA), a second generation TMX-23, enhancing growth of the bacterium and its producneonicotinoid insecticide in the",117,35,92,11,9,9,7,/Volumes/WENTBROKE/Pesticide degradation database/pesticidepdf/Thiamethoxam/PesticideDB_curation_Thiamethoxam_20260707
Thiamethoxam,Ecotoxicology (2018) 27:764–771,10.1007/s10646-017,2018,,Gene/enzyme and pathway/metabolite evidence,"Assessing the toxicity of thiamethoxam, in natural LUFA 2.2 soil, through three generations of Folsomia candida..pdf","to the Insecta. The family Isotomidae neonicotinoid thiamethoxam, pure and in the formulation have a ventral tube or collophore which is involved in the Actara®, in freshly spiked LUFA 2.2 soil, throughout three exchange of ﬂuids with the external environment, being an generations of the springtail Folsomia candida, in order to important route of exposure to contaminants present in the test two hypotheses: 1. Actara® is more toxic than pure pore water. Sexual maturity of F. candida is achieved thiamethoxam due to the presence of additives and other between 21 to 24 days after hatching (sixth instar), and each ingredients used in the formulation; 2. The toxicity of individual can lay about 30 to 50 eggs per batch (Fountain thiamethoxam, pure or in the formulation Actara®, will and Hopkin 2005). Adults of this species were taken from change throughout the generations, due to metabolic or",11,81,38,75,9,5,36,/Volumes/WENTBROKE/Pesticide degradation database/pesticidepdf/Thiamethoxam/PesticideDB_curation_Thiamethoxam_20260707
Thiamethoxam,Science of the Total Environment 725 (2020) 138328,10.1016/j.scitotenv.2020.138328,2020,IMBL 5.2 the three; IMBL4.1 and Pseudomonas putida; TMX-23. Appl. Microbiol. Maien; TW and of thiamethoxam; TY,Gene/enzyme and pathway/metabolite evidence,Effects on soil microbial community after exposure to neonicotinoid insecticides thiamethoxam and dinotefuran..pdf,"y. • The genetic community transition changed the carbon source utilization proﬁle. • Effect on soil microbial community was inﬂuenced by type and level of expo sure. • Chloroﬂexi and Nitrospirae increased after exposure to both studied neonicotinoids. a r t i c l e i n f o a b s t r a c t Article history: The wide application of neonicotinoid insecticides in soil may affect soil microbial community, yet the informaReceived 28 January 2020 tion is limited. This study ﬁrst reports the effects of thiamethoxam and dinotefuranon on soil microbial commuReceived in revised form 22 March 2020 nity. Soil from a forest land was collected and spiked with different nominal levels (0.02 mg kg−1, 0.2 mg kg−1 Accepted 28 March 2020 and 2.0 mg kg−1) of thiamethoxam and dinotefuran, respectively, and cultivated for 112 days. During the Available online 31 March 2020 study, concentrations of the two neon",69,42,49,89,23,26,21,/Volumes/WENTBROKE/Pesticide degradation database/pesticidepdf/Thiamethoxam/PesticideDB_curation_Thiamethoxam_20260707
Thiamethoxam,Contents lists available at ScienceDirect,10.1016/j.jhazmat.2020.124275,2021,CPN 1. Biodegradation 19; RHA1. Appl. Environ. 616,Gene/enzyme and pathway/metabolite evidence,Influence of the neonicotinoid insecticide thiamethoxam on soil bacterial community composition and metabolic function..pdf,"gy, Institute of Cotton Research, Chinese Academy of Agricultural Sciences, Anyang, Henan 455000, China A R T I C L E I N F O A B S T R A C T Keywords: Understanding of neonicotinoid insecticides toxicity on non-target organisms, such as bees, has indirectly pro­ Bacteria moted their soil treatment use. However, their effect on soil ecosystems haven’t fully understood. Here, based on Degradation genes 16S rRNA high-throughput sequencing and metagenomics, the effects of neonicotinoid insecticide thiamethoxam Metagenomics on bacterial communities and metabolic functions in two types of soils were studied. Thiamethoxam treatment Neonicotinoid insecticides Soil significantly affected soil bacterial abundance, reduced microbial diversity, and changed the bacterial commu­ nity structure in the short term, and the structure soon returned to a stable state. Soil type and time were important fact",64,105,17,77,25,38,22,/Volumes/WENTBROKE/Pesticide degradation database/pesticidepdf/Thiamethoxam/PesticideDB_curation_Thiamethoxam_20260707
Thiamethoxam,Environmental Pollution 274 (2021) 116540,10.1016/j.envpol.2021.116540,2021,Sphingo,Gene/enzyme and pathway/metabolite evidence,Reduced bacterial network complexity in agricultural soils after application of the neonicotinoid insecticide thiamethoxam..pdf,"nistry of Agriculture, Zhejiang University, Hangzhou, 310058, China c Key Laboratory of Biology of Crop Pathogens and Insects of Zhejiang Province, Zhejiang University, Hangzhou, 310058, China a r t i c l e i n f o a b s t r a c t Article history: Pesticides may alter soil microbial community structure or diversity, but their impact on microbial coReceived 15 November 2020 occurrence patterns remains unclear. Here, the effect of the widely used neonicotinoid insecticide Received in revised form thiamethoxam on the bacterial community in ﬁve arable soils was deciphered using the 16S rRNA gene 4 January 2021 amplicon sequencing technique. The degradation half-life of thiamethoxam in nonsterilized soils was Accepted 16 January 2021 Available online 23 January 2021 signiﬁcantly lower than that in sterilized soils, suggesting a considerable contribution from biodegra dation. Soil bacterial co",30,20,2,94,13,40,12,/Volumes/WENTBROKE/Pesticide degradation database/pesticidepdf/Thiamethoxam/PesticideDB_curation_Thiamethoxam_20260707
Thiophanate-Methyl,"doi:10.1093/chromsci/bmt165 Advance Access publication November 19, 2013 Article",10.1007/s00216-013-6901-6,2014,,Gene/enzyme and pathway/metabolite evidence,Simultaneous determination of thiophanate-methyl and its metabolite carbendazim in tea using isotope dilution ultra performance liquid chromatography-tandem mass spectrometry..pdf,"Journal of Chromatographic Science 2014;52:1157– 1164 doi:10.1093/chromsci/bmt165 Advance Access publication November 19, 2013 Article Simultaneous Determination of Thiophanate-Methyl and Its Metabolite Carbendazim in Tea Using Isotope Dilution Ultra Performance Liquid Chromatography– Tandem Mass Spectrometry Hongping Chen1,2, Xin Liu1,2*, Chuanpi Wang1,2, Qinghua Wang1,2, Ying Jiang1,2, Peng Yin1 and Li Zhu1,2 1 Tea Research Institute, Chinese Academy of Agricultural Sciences, Hangzhou, Zhejiang 310008, China and 2Tea Quality and Supervision Testing Center, Ministry of Agriculture, Hangzhou, Zhejiang 310008, China *Author to whom correspondence should be addressed. Email: l",37,2,30,15,12,10,0,/Volumes/WENTBROKE/Pesticide degradation database/pesticidepdf/Thiophanate-Methyl/PesticideDB_curation_Thiophanate_Methyl_20260707
Thiophanate-Methyl,Contents lists available at ScienceDirect,10.1016/j.chroma.2016.02,2016,,Gene/enzyme and pathway/metabolite evidence,Characterization of the ultraviolet-visible photoproducts of thiophanate-methyl using high performance liquid chromatography coupled with high resolution tandem mass spectrometry-Detection in grapes and tomatoes..pdf,"ion of the ultraviolet–visible photoproducts of thiophanate-methyl using high performance liquid chromatography coupled with high resolution tandem mass spectrometry—Detection in grapes and tomatoes Houda Chayata, Yannick Lassalle, Édith Nicol, Sophia Manolikakes, Yasmine Souissi, Sophie Bourcier, Corinne Gosmini, Stéphane Bouchonnet ∗ LCM, CNRS, École Polytechnique, Université Paris-Saclay, 91128 Palaiseau, France a r t i c l e i n f o a b s t r a c t Article history: UV–visible irradiation of thiophanate-methyl (TM) led to the formation of nine photoproducts that were Received 13 January 2016 characterized by high performance liquid chromatography coupled with high resolution Fourier transReceived in revised form 25 February 2016 form ion cyclotron resonance mass spectrometry (FTICR-MS). Although carbendazime has been reported Accepted 26 February 2016 in the literature to be the major",34,4,119,57,26,12,3,/Volumes/WENTBROKE/Pesticide degradation database/pesticidepdf/Thiophanate-Methyl/PesticideDB_curation_Thiophanate_Methyl_20260707
Thiophanate-Methyl,"See discussions, stats, and author profiles for this publication at: https://www.researchgate.net/publication/337848624",10.1002/fsn3.328,2020,with T5. The trend,Gene/enzyme and pathway/metabolite evidence,Substrate sterilization with thiophanate-methyl and its biodegradation to carbendazim in oyster mushroom (Pleurotus ostreatus var. florida)..pdf,"See discussions, stats, and author profiles for this publication at: https://www.researchgate.net/publication/337848624 Substrate sterilization with thiophanate-methyl and its biodegradation to carbendazim in oyster mushroom (Pleurotus ostreatus var. ﬂorida) Article in Environmental Science and Pollution Research · January 2020 DOI: 10.1007/s11356-019-07050-5 CITATIONS READS 9 1,255 5 authors, including: Ved Parkash Parkash Sharma Anil Kumar Directorate of Mushroom Research ICAR-Directorate of Mushroom Research, Chambaghat, Solan (HP) 93 PUBLICATIONS 1,390 CITATIONS 86 PUBLICATIONS 278 CITATIONS SEE PROFILE SEE PROFILE Satish Kumar Anupam Barh Directorate of",19,5,15,51,25,11,2,/Volumes/WENTBROKE/Pesticide degradation database/pesticidepdf/Thiophanate-Methyl/PesticideDB_curation_Thiophanate_Methyl_20260707
Thiophanate-Methyl,Contents lists available at ScienceDirect,10.1016/j.ijbiomac.2023.124354,2023,and treated with various; treated with the TM; was Aldrich; was applied instead of; was found to be; was used to evaluate,Gene/enzyme and pathway/metabolite evidence,Self-assembled thiophanate-methylstar polycation complex prevents plant cell-wall penetration and fungal carbon utilization during cotton infection by Verticillium dahliae..pdf,"N F O A B S T R A C T Keywords: No effective fungicides are available for the management of Verticillium dahliae, which causes vascular wilt Cotton disease. In this study, a star polycation (SPc)-based nanodelivery system was used for the first time to develop a Drug delivery thiophanate-methyl (TM) nanoagent for the management of V. dahliae. SPc spontaneously assembled with TM Nanopesticide through hydrogen bonding and Van der Waals forces to decrease the particle size of TM from 834 to 86 nm. Thiophanate-methyl Verticillium wilt Compared to TM alone, the SPc-loaded TM further reduced the colony diameter of V. dahliae to 1.12 and 0.64 cm, and the spore number to 1.13 × 108 and 0.72 × 108 cfu/mL at the concentrations of 3.77 and 4.71 mg/L, respectively. The TM nanoagents disturbed the expression of various crucial genes in V. dahliae, and contributed to preventing plant cell-wall degrada",15,83,20,17,2,12,10,/Volumes/WENTBROKE/Pesticide degradation database/pesticidepdf/Thiophanate-Methyl/PesticideDB_curation_Thiophanate_Methyl_20260707
Thiophanate-Methyl,CONCLUSION ON PESTICIDES PEER REVIEW,10.1016/j.foodcont.2014.03.003,2025,,Gene/enzyme and pathway/metabolite evidence,Peer review of the pesticide risk assessment of the active substance thiophanate-methyl..pdf,"lation (EC) No 1107/2009 of the European Parliament and of the Council. The conclusions laid down in this report were reached on the basis of the evaluation of the representative uses of thiophanate-methyl as a fungicide on wine grapes, tomato, aubergine, leek, fresh beans with pods and wheat (winter and durum), as proposed by the applicant. Full details of the representative uses can be found in Appendix A of this report. Data were submitted to conclude that the proposed representative uses of thiophanate-methyl result in a sufﬁcient fungicidal efﬁcacy against the target organisms. A data gap has been identiﬁed for a search of the scientiﬁc peer-reviewed open literature on the active substance and its relevant metabolites, in the mammalian toxicology section, for a detailed assessment of the published literature and for a tomato processing study considered relevant by EFSA that should h",157,17,153,168,13,9,5,/Volumes/WENTBROKE/Pesticide degradation database/pesticidepdf/Thiophanate-Methyl/PesticideDB_curation_Thiophanate_Methyl_20260707
Triazophos,Curr Microbiol (2011) 62:1294–1301,10.1007/s00284-010-9746-7,2011,Diaphorobacter sp. TPD-1 was; Diaphorobacter triazophos or PHT; Dsp-2; During the triazophos biodegradation; E6; GS-1 and its degrading,Gene/enzyme and pathway/metabolite evidence,Identification of the biochemical degradation pathway of triazophos and its intermediate in Diaphorobacter sp. TPD-1.pdf,"Curr Microbiol (2011) 62:1294–1301 DOI 10.1007/s00284-010-9859-z Identification of the Biochemical Degradation Pathway of Triazophos and its Intermediate in Diaphorobacter sp. TPD-1 Chengli Yang • Rong Li • Yao Song • Kai Chen • Shunpeng Li • Jiandong Jiang Received: 2 November 2010 / Accepted: 16 December 2010 / Published online: 7 January 2011 Ó Springer Science+Business Media, LLC 2011 Abstract Triazophos is one of the most widely used Introduction organophosphorus insecticides usually detectable in the environment. A bacterial strain, Diaphorobacter sp. TPD-1, Organophosphorus insecticides (OPs) are frequently capable of",121,11,63,108,34,32,11,/Volumes/WENTBROKE/Pesticide degradation database/pesticidepdf/Triazophos/PesticideDB_curation_Triazophos_20260707
Triazophos,"FEMS Microbiology Letters Advance Access published April 19, 2016",,2016,E6. Strain TPD-1 could; FLN-7 that hydrolyzes amide; G1 could degrade 34; GS-1 and its degrading; GS-1 could degrade 100; Klebsiella sp E6 effectively,Gene/enzyme and pathway/metabolite evidence,"Cloning, expression and mutation of a triazophos hydrolase gene from Burkholderia sp. SZL-1..pdf","cn Downloaded from http://femsle.oxfordjournals.org/ by guest on April 26, 2016 1 Abstract Triazophos is a broad-spectrum and highly effective insecticide, and the residues of triazophos have been frequently detected in the environment. A triazophos-degrading bacterium, Burkholderia sp. SZL-1, was isolated from a long-term triazophos-polluted soil. Strain SZL-1 could hydrolyze triazophos to 1-phenyl-3-hydroxy-1,2,4-triazole (PHT), which was further utilized as the carbon sources for growth. The triazophos hydrolase gene trhA, cloned from strain SZL-1, was expressed and homogenously purified using Ni-nitrilotriacetic acid affinity chromatography. TrhA is 55 kDa and displays maximum activity at 25℃, pH 8.0. This enzyme still has nearly 60% activity at the range of 15-50℃ for 30 min. TrhA was mutated by sequential error prone PCR and screened for improved activity for triazophos degradation",50,71,33,87,30,36,24,/Volumes/WENTBROKE/Pesticide degradation database/pesticidepdf/Triazophos/PesticideDB_curation_Triazophos_20260707
Triazophos,"Pesticides, Food Contaminants, and Agricultural Wastes",10.1002/jobm.201500336,2019,B. amyloliquefaciens YP6 was; Burkholderia sp. FDS-1 and; C2A1. J. from YP6; ML-1. Arch. Biol. Sci; Stenotrophomonas sp; YP6,Gene/enzyme and pathway/metabolite evidence,An alkaline phosphatase from Bacillus amyloliquefaciens YP6 of new application in biodegradation of five broad-spectrum organophosphorus pesticides..pdf,"10.3. The activity of AP3 was enhanced by Mg2þ, Ca2þ, and Cu2þ, and strongly inhibited by Mn2þ, phorus pesticide; EDTA, and L-Cys. Compared to disodium phenyl phosphate, p-nitrophenyl phosphate (pNPP) was biodegradation; Bacillus more suitable to AP3, and the Vm, Km, kcat, kcat/Km values of AP3 for pNPP were 4,033 U mg 1, amyloliquefaciens 12.2 mmol L 1, 3.3 106 s 1, and 2.7 108 s 1mol 1L, respectively. Degradation of the five OPs, which included chlorpyrifos, dichlorvos, dipterex, phoxim, and triazophos, was 18.7%, 53.0%, 5.5%, 68.3%, and 96.3%, respectively, after treatment with AP3 for 1 h. After treatment of the OP for 8 h, AP3 activities remained more than 80%, with the exception of phoxim. It can be postulated that AP3 may have a broad OP-degradation ability and could possibly provide excellent potential for biodegradation and bioremediation in polluted ecosystems. Introduction ar",107,87,14,11,10,6,9,/Volumes/WENTBROKE/Pesticide degradation database/pesticidepdf/Triazophos/PesticideDB_curation_Triazophos_20260707
Triazophos,"Cite This: J. Agric. Food Chem. 2019, 67, 13558−13567 pubs.acs.org/JAFC",10.1021/acs.jafc.9b06157,2020,C2A1. J. Hazard; CNP-8; Dsp-2; HNM. J. Basic Microbiol; However; Stenotrophomonas sp. SMSP-1 and,Gene/enzyme and pathway/metabolite evidence,Minute-Speed Biodegradation of Organophosphorus Insecticides by Cupriavidus nantongensis X1T.pdf,"States * S Supporting Information Downloaded via ORTA DOGU TEKNIK UNIV on July 12, 2020 at 17:17:00 (UTC). ABSTRACT: Organophosphorus insecticides (OPs) have been widely used to control agricultural pests, which has raised concerns about OP residues in crops and the environment. In this study, we investigated the degradation kinetics and pathways of 8 OPs by Cupriavidus nantongensis X1T and identiﬁed the enzyme via gene cloning and in vitro assays. The degradation half life of methyl parathion, triazophos, and phoxim was only 5, 9, and 43 min, respectively. It was 46 fold faster than that of triazophos by Bacillus sp. TAP-1, a well-studied triazophos-degrader. Strain X1T completely degraded not only chlorpyrifos, methyl parathion, parathion, fenitrothion, triazophos, and phoxim at 50 mg/L within 48 h but also the phenolic metabolites. This was the fastest degradation of OPs by bacterial",265,89,76,40,40,39,24,/Volumes/WENTBROKE/Pesticide degradation database/pesticidepdf/Triazophos/PesticideDB_curation_Triazophos_20260707
Triazophos,Microbiological Research 167 (2012) 299–305,10.1016/j.micres.2011.10.004,2022,ANctcri1; B-5. J Biosci Bioeng; B230; Bacillus sp. TAP-1 was; Barik S; CCGE2286,Gene/enzyme and pathway/metabolite evidence,"Isolation, identification and characterization of a novel triazophos-degrading Bacillus sp. (TAP-1)..pdf","ewage sludge in a wastewater treatReceived 13 June 2011 ing system of organophosphorus pesticide produced by Funong Group Co. in Jianou, Fujian, southeastern Received in revised form 22 October 2011 China. The isolate is a gram-positive and rod-shaped bacterium capable of hydrolyzing insecticide triAccepted 24 October 2011 azophos and was identiﬁed as a strain of Bacillus using polyphasic taxonomy combined with analysis of the morphological and physio-biochemical properties. TAP-1 could degrade triazophos through coKeywords: metabolism. When fed with nutrients such as yeast extract, peptone and glucose, TAP-1 could degrade Triazophos 98.5% of TAP in the medium (100 mg/l) within 5 days. The optimal pH and temperature for the degraDegradation Bacillus sp. dation were 6.5–8 and 32 ◦ C, respectively. An enzyme distribution experiment showed that the enzyme responsible for TAP degradation app",111,65,18,45,26,35,27,/Volumes/WENTBROKE/Pesticide degradation database/pesticidepdf/Triazophos/PesticideDB_curation_Triazophos_20260707
Trifloxystrobin,Trifloxystrobin-induced mitophagy through mitochondrial,,2016,,Gene/enzyme and pathway/metabolite evidence,Trifloxystrobin-induced mitophagy through mitochondrial damage in human skin keratinocytes..pdf,"nter, Biterials, Goyang 10326, Korea (Received June 9, 2016; Accepted August 11, 2016) ABSTRACT — Trifloxystrobin is a strobilurin class fungicide, the mode of action of which is to block the mitochondrial electron transport chain and inhibit energy production in fungi. Although adverse effects have been reported by occupational or environmental exposure of fungicides, the pathophysiologi cal mechanism in human cells remains poorly understood. In the present study, we investigated the impact of trifloxystrobin on exposed skin at the cellular organelle level using HaCaT, the human skin keratinocyte cell line. Cells were treated with trifloxystrobin for 48 hr and trifloxystrobin showed detrimental effects on mitochondria evidenced by altered mitochondrial membrane potential and morphology. To identify autophagic degradation of the damaged mitochondria, confocal imaging and Western blotting",7,32,9,17,6,12,11,/Volumes/WENTBROKE/Pesticide degradation database/pesticidepdf/Trifloxystrobin/PesticideDB_curation_Trifloxystrobin_20260707
Trifloxystrobin,"Wang et al. Zool. Res. 2021, 42(3): 339−349",10.24272/j.issn.2095-8137.2021.056,2021,,Gene/enzyme and pathway/metabolite evidence,Potential aquatic environmental risks of trifloxystrobin Enhancement of virus susceptibility in zebrafish through initiation of autophagy..pdf,"ion, Meishan Campus, Ningbo University, Ningbo, Zhejiang 315832, China 4 Ningbo Customs District Technology Center, Ningbo, Zhejiang 315832, China ABSTRACT that autophagy was induced by TFS, and associated Chronic pollution in aquatic ecosystems can lead to changes included an increase in autophagosomes, many adverse effects, including a greater conversion of LC3-II, accumulation of Beclin-1, and susceptibility to pathogens among resident biota. degradation of P62 in EPC cells and zebrafish. In Trifloxystrobin (TFS) is a strobilurin fungicide widely addition, TFS markedly decreased the expression used in Asia to control soybean rust. However, it has and phosphorylation of mTOR, indicating that the potential to enter aquatic ecosystems, where it activation of TFS may be associated with the mTORmay impair fish resistance to viral infections. To mediated autophagy pathway. This study provid",8,51,15,19,8,10,13,/Volumes/WENTBROKE/Pesticide degradation database/pesticidepdf/Trifloxystrobin/PesticideDB_curation_Trifloxystrobin_20260707
Trifloxystrobin,Contents lists available at ScienceDirect,10.1002/1099-1646(200009/10,2025,,Gene/enzyme and pathway/metabolite evidence,Effect of intermittent water flow on biodegradation of organic micropollutants in the hyporheic zone..pdf,"understanding the flow dynamics in HZs is crucial for gaining Biodegradation insights into the degradation of organic micropollutants. A lab-scale study using column experiments was con­ flow intermittency ducted in an attempt to elucidate the environmental processes accounting for the biodegradation capacity of the Organic micropollutants HZ under flow intermittency. A mixture of six compounds including pesticides (chloranthraniliprole, fluopyram Reductive pathways Transformation products and trifloxystrobin) and pharmaceuticals (venlafaxine, amisulpride and paroxetine) spiked at 1 μg/L level was used for degradation kinetic studies and at 1 mg/L for transformation products identification using suspect/non target liquid chromatography high-resolution mass spectrometry approaches. The experiments lasted 60 days, divided into two 14-day phases: one before and one after a 5-week desiccati",163,35,48,20,15,9,10,/Volumes/WENTBROKE/Pesticide degradation database/pesticidepdf/Trifloxystrobin/PesticideDB_curation_Trifloxystrobin_20260707
Trifloxystrobin,Evaluation of Chronic Dietary Risk of Trifloxystrobin and,10.3390/foods14101745,2025,,Gene/enzyme and pathway/metabolite evidence,Modification of the existing maximum residue levels and setting of import tolerances for trifloxystrobin in various crops (2).pdf,"103%) throughout four spiking levels (0.01, 0.1, 0.3, and 1 mg/kg), with relative stan dard deviations (RSD) ≤ 4.8%. At 3 days after treatment, the residues of trifloxystrobin (including trifloxystrobin acid), bupirimate, and ethirimol in cucumbers were found to range from <0.01 to 0.013 mg/kg, <0.01 to 0.076 mg/kg, and <0.01 to 0.04 mg/kg, respec tively. A chronic dietary risk assessment was conducted using a probabilistic model. The results showed an acceptable chronic risk (RQc ≤ 2.476%) for trifloxystrobin, bupirimate, and ethirimol across different sexes and ages, supporting the conclusion that the use of these fungicides in cucumber cultivation under the tested conditions was safe for Chinese consumers. More research was needed on children because they are at higher risk than other groups. Keywords: trifloxystrobin; bupirimate; metabolite; residue; dietary risk assessment Academic",34,4,60,126,18,9,8,/Volumes/WENTBROKE/Pesticide degradation database/pesticidepdf/Trifloxystrobin/PesticideDB_curation_Trifloxystrobin_20260707
Trifloxystrobin,Xixi Chen Research Article,10.1002/jssc.201400157,2025,,Gene/enzyme and pathway/metabolite evidence,"Simultaneous determination of trifloxystrobin and trifloxystrobin acid residue in rice and soil by a modified quick, easy, cheap, effective, rugged, and safe method using ultra high performance liquid chromatography with ta.pdf","robin and trifloxystrobin acid Fengshou Dong residue in rice and soil by a modified quick, State Key Laboratory for Biology of Plant Diseases and Insect easy, cheap, effective, rugged, and safe Pests, Institute of Plant Protection, Chinese Academy of method using ultra high performance liquid Agricultural Sciences, Beijing, P.R. China chromatography with tandem mass spectrometry Received February 12, 2014 Revised March 12, 2014 A sensitive analytical method for the simultaneous determination of trifloxystrobin and Accepted April 7, 2014 its metabolite trifloxystrobin acid in rice including straw, bran, brown rice and soil was developed by using ultra high performance liquid chromatography coupled with tandem mass spectrometry. The fungicide trifloxystrobin and its metabolite trifloxystrobin acid were extracted using acetonitrile with 1% formic acid v/v and subsequently cleaned up by prim",35,3,41,71,34,15,4,/Volumes/WENTBROKE/Pesticide degradation database/pesticidepdf/Trifloxystrobin/PesticideDB_curation_Trifloxystrobin_20260707
Vinclozolin,"J. Agric. Food Chem. 1998, 46, 3817−3822 3817",,1998,colonies; degraded isms of the; is not responsible tures; isolated from soil that; of Corynebacterium sp. Attempts; vinclozolin-degrading pure Soil Adaptation,Gene/enzyme and pathway/metabolite evidence,Chemical and biological transformation of the fungicide vinclozolin..pdf,"J. Agric. Food Chem. 1998, 46, 3817−3822 3817 Chemical and Biological Transformation of the Fungicide Vinclozolin Christine Mercadier, Danielle Vega,* and Jean Bastide Centre de Phytopharmacie URA CNRS 461, Université de Perpignan, 52 Avenue de Villeneuve, 66860 Perpignan Cedex, France Two mixed bacterial cultures were isolated from a French soil adapted to the dicarboximide fungicide vinclozolin. The vinclozolin was transformed by the mixed bacterial cultures according to two degradation pathways: (a) the formation of 2-[[(3,5-dichlorophenyl)carbamoyl]oxy]-2-methyl-3 butenoic acid and then 3,5-dichloroan",98,3,36,100,38,39,4,/Volumes/WENTBROKE/Pesticide degradation database/pesticidepdf/Vinclozolin/PesticideDB_curation_Vinclozolin_20260707
Vinclozolin,"J. Microbiol. Biotechnol . (2008), 18(2), 343–349",,2008,Arthobacter sp. Chromatography of; Rhodococcus sp. T1-1. RESULTS; T1-1; T1-1 Human Cell Lines; T1-1 and related organisms; T1-1 carried out as,Gene/enzyme and pathway/metabolite evidence,"Microbial biodegradation and toxicity of vinclozolin and its toxic metabolite 3,5-dichloroaniline..pdf","J. Microbiol. Biotechnol . (2008), 18(2), 343–349 Microbial Biodegradation and Toxicity of Vinclozolin and its Toxic Metabolite 3,5-Dichloroaniline Lee, Jung-Bok , Ho-Yong Sohn , Kee-Sun Shin , Jong-Sik Kim , Min-Sub Jo , Chun-Pyo Jeon , 1,6 2 3 4 1 1,6 Jong-Ok Jang , Jang-Eok Kim , and Gi-Seok Kwon * 1 5 1 1 School of Bioresource Sciences, Andong National University, Andong 760-749, Korea 2 Department of Food and Nutrition, Andong National University, Andong 760-749, Korea 3 Biological Resource Center, Korea Research Institute of Bioscience and Biotechnology (KRIBB), Daejeon 305-600, Korea 4 De",131,14,43,123,30,36,9,/Volumes/WENTBROKE/Pesticide degradation database/pesticidepdf/Vinclozolin/PesticideDB_curation_Vinclozolin_20260707
Vinclozolin,Aquatic Toxicology 174 (2016) 179–187,10.1016/j.aquatox.2016.03.001,2016,,Gene/enzyme and pathway/metabolite evidence,Vinclozolin alters the expression of hormonal and stress genes in the midge Chironomus riparius..pdf,"shown Fungicide Endocrine disruption to modify the transcriptional activity of the ecdysone response pathway genes EcR, E74, and Kr-h1 by Midge increasing their mRNA levels. While no changes were observed in disembodied, a gene related with the Stress ecdysone synthesis metabolic pathway, Cyp18A1, which is involved in the inactivation of the active form of ecdysone, was upregulated. Additionally, the expression of two genes related to other hormones, FOXO and MAPR, did not show any changes when Vinclozolin was present. The analysis of stress response genes showed signiﬁcant changes in the mRNA levels of Hsp70, Hsp24, and Gp93, indicating that Vinclozolin activates the cellular stress mechanisms. Finally, the expressions of the genes Cyp4G and GstD3, which encode enzymes involved in phase I and phase II detoxiﬁcation, respectively, were analyzed. It was found that their mRNA levels were a",3,162,39,34,7,8,32,/Volumes/WENTBROKE/Pesticide degradation database/pesticidepdf/Vinclozolin/PesticideDB_curation_Vinclozolin_20260707
Vinclozolin,Molecular Sciences,10.3390/ijms231911320,2022,,Gene/enzyme and pathway/metabolite evidence,Chronic Exposure to Endocrine Disruptor Vinclozolin Leads to Lung Damage via Nrf2-Nf-kb Pathway Alterations..pdf,"clozolin is subject to Environmental Protection Agency (EPA) regulation as a pesticide in the United States (U.S. EPA) [1,2]. In addition to these restrictions inside the United States, as of 2006, the use of this pesticide was restricted in numerous nations, including Denmark, Copyright: © 2022 by the authors. Finland, Norway, and Sweden. To assess its risks and hazards to the environment and Licensee MDPI, Basel, Switzerland. animals, a number of tests and regulations have been applied [3,4]. Vinclozolin is created This article is an open access article as extruded or dried flowable granules. Aerial application, chemigation through irrigadistributed under the terms and tion systems, and ground machinery are all options for distribution. The U.S. EPA has conditions of the Creative Commons investigated occupational exposure to vinclozolin or its metabolites, as well as dietary Attributio",16,25,32,92,12,13,6,/Volumes/WENTBROKE/Pesticide degradation database/pesticidepdf/Vinclozolin/PesticideDB_curation_Vinclozolin_20260707
Vinclozolin,Effect of Pesticide Vinclozolin Toxicity Exposure on Cardiac,10.3390/toxics11060473,2023,,Gene/enzyme and pathway/metabolite evidence,Effect of Pesticide Vinclozolin Toxicity Exposure on Cardiac Oxidative Stress and Myocardial Damage..pdf,"n harm both human and animal Received: 27 April 2023 health [1–3]. Vinclozolin [3-(3,5-dichlorophenyl)-5-methyl-5-vinyloxazolidine-2,4-dione] Revised: 19 May 2023 (VCZ) is a fungicide, widely used in Europe and the United States [4], for the control of Accepted: 20 May 2023 Sclerotinia sclerotiorum, Monilinia spp., and Botrytis cinerea on vegetables, fruits, grapevine, Published: 23 May 2023 and ornamental plants, as well as in the wine industry [5,6]. Several scientific studies have shown that vinclozolin used in agriculture can become a dangerous environmental and aquatic pollutant [7–9]. VCZ can be dispersed into the environment in several ways, hydrolyzed by microbes, abiotic degradation, or transported through water. Copyright: © 2023 by the authors. VCZ dispersion causes residues and its primary metabolites to accumulate in Licensee MDPI, Basel, Switzerland. water bodies (levels ra",19,65,34,32,6,19,10,/Volumes/WENTBROKE/Pesticide degradation database/pesticidepdf/Vinclozolin/PesticideDB_curation_Vinclozolin_20260707
