batch,pesticide,pathway_name,microorganism,completeness,step_order,substrate,product,reaction_label,enzyme,gene,evidence_type,doi,reference_title,source_pdf,evidence_note
1,Pymetrozine,Pymetrozine degradation by Pseudomonas sp. BYT-1,Pseudomonas sp. BYT-1,PARTIAL,1,Pymetrozine,"4-amino-6-methyl-4,5-dihydro-2H-[1,2,4]triazin-3-one (AMDT)",Oxidative hydrolysis of C=N double bond,Cell-free extract activity; enzyme not assigned in this paper,,METABOLITE,10.1021/acs.jafc.8b06155,Isolation and Characterization of the Pymetrozine-Degrading Strain Pseudomonas sp. BYT-1,Isolation and Characterization of the Pymetrozine-Degrading Strain Pseudomonas sp. BYT-1..pdf,HPLC/MS/MS identified AMDT and nicotinic acid; AMDT is shown as the direct cleavage product and nicotinic acid is represented through the nicotinaldehyde intermediate route.
1,Pymetrozine,Pymetrozine degradation by Pseudomonas sp. BYT-1,Pseudomonas sp. BYT-1,PARTIAL,2,Nicotinic acid,6-hydroxynicotinic acid,Hydroxylation,Unassigned hydroxylation activity,,METABOLITE,10.1021/acs.jafc.8b06155,Isolation and Characterization of the Pymetrozine-Degrading Strain Pseudomonas sp. BYT-1,Isolation and Characterization of the Pymetrozine-Degrading Strain Pseudomonas sp. BYT-1..pdf,6-hydroxynicotinic acid was detected as an intermediate during nicotinic acid degradation.
1,Pymetrozine,Pymetrozine PyzH hydrolase reaction,Pseudomonas sp. BYT-1,PARTIAL,1,Pymetrozine,Nicotinaldehyde,C=N double-bond hydrolysis,Pymetrozine hydrolase PyzH,pyzH,PURIFIED_ENZYME,10.1111/1462-2920.15557,A novel hydrolase PyzH catalyses the cleavage of C=N double bond for pymetrozine degradation in Pseudomonas sp. BYT-1,A novel hydrolase PyzH catalyses the cleavage of C=N double bond for pymetrozine degradation in Pseudomonas sp. BYT-1..pdf,pyzH disruption/complementation and purified PyzH enzyme assays support the initial hydrolysis step; AMDT is the co-product of this cleavage and nicotinaldehyde is the pyridine-side intermediate.
1,Pymetrozine,Pymetrozine PyzH hydrolase reaction,Pseudomonas sp. BYT-1,PARTIAL,2,Nicotinaldehyde,Nicotinic acid,Aldehyde oxidation,Putative dehydrogenase,,PROPOSED,10.1111/1462-2920.15557,A novel hydrolase PyzH catalyses the cleavage of C=N double bond for pymetrozine degradation in Pseudomonas sp. BYT-1,A novel hydrolase PyzH catalyses the cleavage of C=N double bond for pymetrozine degradation in Pseudomonas sp. BYT-1..pdf,The paper explains that nicotinaldehyde can be rapidly converted to nicotinic acid in strain BYT-1; the enzyme is not assigned.
1,Triazophos,Triazophos degradation by Diaphorobacter sp. TPD-1,Diaphorobacter sp. TPD-1,PARTIAL,1,Triazophos,"1-phenyl-3-hydroxy-1,2,4-triazole (PHT) + O,O-diethyl phosphorothioic acid",P-O ester bond hydrolysis,Unassigned hydrolase activity,,METABOLITE,10.1007/s00284-010-9746-7,Identification of the Biochemical Degradation Pathway of Triazophos and its Intermediate in Diaphorobacter sp. TPD-1,Identification of the biochemical degradation pathway of triazophos and its intermediate in Diaphorobacter sp. TPD-1.pdf,"The paper proposes PHT and O,O-diethyl phosphorothioic acid from P-O ester-bond hydrolysis."
1,Triazophos,Triazophos degradation by Diaphorobacter sp. TPD-1,Diaphorobacter sp. TPD-1,PARTIAL,2,"1-phenyl-3-hydroxy-1,2,4-triazole (PHT)",(E)-1-formyl-2-phenyldiazene,Triazole-ring cleavage,Unassigned activity,,METABOLITE,10.1007/s00284-010-9746-7,Identification of the Biochemical Degradation Pathway of Triazophos and its Intermediate in Diaphorobacter sp. TPD-1,Identification of the biochemical degradation pathway of triazophos and its intermediate in Diaphorobacter sp. TPD-1.pdf,MS/MS identified (E)-1-formyl-2-phenyldiazene as a PHT degradation metabolite.
1,Triazophos,Triazophos degradation by Diaphorobacter sp. TPD-1,Diaphorobacter sp. TPD-1,PARTIAL,3,(E)-1-formyl-2-phenyldiazene,2-phenylhydrazinecarboxylic acid,Hydration,Unassigned activity,,METABOLITE,10.1007/s00284-010-9746-7,Identification of the Biochemical Degradation Pathway of Triazophos and its Intermediate in Diaphorobacter sp. TPD-1,Identification of the biochemical degradation pathway of triazophos and its intermediate in Diaphorobacter sp. TPD-1.pdf,The proposed pathway converts (E)-1-formyl-2-phenyldiazene to 2-phenylhydrazinecarboxylic acid by addition of water.
1,Triazophos,Triazophos degradation by Diaphorobacter sp. TPD-1,Diaphorobacter sp. TPD-1,PARTIAL,4,2-phenylhydrazinecarboxylic acid,Phenylhydrazine,Decarboxylation,Unassigned activity,,METABOLITE,10.1007/s00284-010-9746-7,Identification of the Biochemical Degradation Pathway of Triazophos and its Intermediate in Diaphorobacter sp. TPD-1,Identification of the biochemical degradation pathway of triazophos and its intermediate in Diaphorobacter sp. TPD-1.pdf,MS/MS identified phenylhydrazine; the paper proposes decarboxylation of 2-phenylhydrazinecarboxylic acid.
1,Triazophos,Triazophos hydrolysis by Burkholderia sp. SZL-1,Burkholderia sp. SZL-1,PARTIAL,1,Triazophos,"1-phenyl-3-hydroxy-1,2,4-triazole (PHT)",P-O bond hydrolysis,Triazophos hydrolase TrhA,trhA,PURIFIED_ENZYME,10.1093/femsle/fnw108,"Cloning, expression and mutation of a triazophos hydrolase gene from Burkholderia sp. SZL-1","Cloning, expression and mutation of a triazophos hydrolase gene from Burkholderia sp. SZL-1..pdf","trhA was cloned, expressed, purified, and classified as a hydrolase responsible for triazophos hydrolysis to PHT."
1,Thiamethoxam,Thiamethoxam transformation by Ensifer adhaerens TMX-23,Ensifer adhaerens TMX-23,PARTIAL,1,Thiamethoxam,Nitrosoimino thiamethoxam,Nitro reduction,Unassigned nitro-reduction activity,,METABOLITE,10.1007/s00253-012-4638-3,Biodegradation of the neonicotinoid insecticide thiamethoxam by the nitrogen-fixing and plant-growth-promoting rhizobacterium Ensifer adhaerens strain TMX-23,Biodegradation of the neonicotinoid insecticide thiamethoxam by the nitrogen-fixing and plant-growth-promoting rhizobacterium Ensifer adhaerens strain TMX-23..pdf,HPLC/MS analysis identified nitrosoimino thiamethoxam as a metabolite.
1,Thiamethoxam,Thiamethoxam transformation by Ensifer adhaerens TMX-23,Ensifer adhaerens TMX-23,PARTIAL,2,Thiamethoxam,Urea thiamethoxam,Nitroimino-group transformation,Unassigned transformation activity,,METABOLITE,10.1007/s00253-012-4638-3,Biodegradation of the neonicotinoid insecticide thiamethoxam by the nitrogen-fixing and plant-growth-promoting rhizobacterium Ensifer adhaerens strain TMX-23,Biodegradation of the neonicotinoid insecticide thiamethoxam by the nitrogen-fixing and plant-growth-promoting rhizobacterium Ensifer adhaerens strain TMX-23..pdf,HPLC/MS analysis identified urea thiamethoxam as a metabolite; paper states nitro reduction is the major pathway.
1,Abamectin,Abamectin B1a degradation by Stenotrophomonas maltophilia ZJB-14120,Stenotrophomonas maltophilia ZJB-14120,PARTIAL,1,Abamectin B1a,Metabolite A (m/z 886.8; C24-hydroxylated abamectin B1a),Hydroxylation of C24 methyl group,Unassigned activity,,METABOLITE,10.1016/j.resmic.2015.04.002,Degradation of abamectin by newly isolated Stenotrophomonas maltophilia ZJB-14120 and characterization of its abamectin-tolerance mechanism,Degradation of abamectin by newly isolated Stenotrophomonas maltophilia ZJB-14120 and characterization of its abamectin-tolerance mechanism..pdf,HPLC-ESI-MS identified metabolite A and the paper proposes hydroxylation of the C24 methyl group.
1,Abamectin,Abamectin B1a degradation by Stenotrophomonas maltophilia ZJB-14120,Stenotrophomonas maltophilia ZJB-14120,PARTIAL,2,Metabolite A (m/z 886.8),Metabolite B (m/z 709.0),C-O and C-C bond cleavage,Unassigned activity,,METABOLITE,10.1016/j.resmic.2015.04.002,Degradation of abamectin by newly isolated Stenotrophomonas maltophilia ZJB-14120 and characterization of its abamectin-tolerance mechanism,Degradation of abamectin by newly isolated Stenotrophomonas maltophilia ZJB-14120 and characterization of its abamectin-tolerance mechanism..pdf,The paper proposes degradation of metabolite A to metabolite B by C17-C21 C-O bond breakage and C19-C20 cleavage.
1,Abamectin,Abamectin B1a degradation by Stenotrophomonas maltophilia ZJB-14120,Stenotrophomonas maltophilia ZJB-14120,PARTIAL,3,Metabolite B (m/z 709.0),Metabolite C (m/z 485.0),Double-bond breakage and lactone-ring opening,Unassigned activity,,METABOLITE,10.1016/j.resmic.2015.04.002,Degradation of abamectin by newly isolated Stenotrophomonas maltophilia ZJB-14120 and characterization of its abamectin-tolerance mechanism,Degradation of abamectin by newly isolated Stenotrophomonas maltophilia ZJB-14120 and characterization of its abamectin-tolerance mechanism..pdf,"The paper proposes conversion of metabolite B to metabolite C by breaking C8-C9, cleaving C18-C19, and opening the lactone ring."
1,Abamectin,Abamectin B1a degradation by Stenotrophomonas maltophilia ZJB-14120,Stenotrophomonas maltophilia ZJB-14120,PARTIAL,4,Metabolite C (m/z 485.0),Metabolite D (m/z 292.7),C-O bond cleavage and demethylation,Unassigned activity,,METABOLITE,10.1016/j.resmic.2015.04.002,Degradation of abamectin by newly isolated Stenotrophomonas maltophilia ZJB-14120 and characterization of its abamectin-tolerance mechanism,Degradation of abamectin by newly isolated Stenotrophomonas maltophilia ZJB-14120 and characterization of its abamectin-tolerance mechanism..pdf,The paper proposes conversion of metabolite C to metabolite D by C10-C13 C-O bond breakage and demethylation.
2,Teflubenzuron,Teflubenzuron transformation by microbial strains,Bacillus brevis 625; Alcaligenes sp. 1431; Pseudomonas sp. 10W; Acinetobacter calcoaceticus 21,PARTIAL,1,Teflubenzuron,"2,6-difluorobenzamide",Hydrolytic cleavage of phenylurea bridge,Unassigned microbial hydrolysis activity,,METABOLITE,10.1081/PFC-100106185,Transformation of the insecticide teflubenzuron by microorganisms,Transformation of the insecticide teflubenzuron by microorganisms..pdf,"TLC, HPLC, MS and 19F NMR identified 2,6-difluorobenzamide as a microbial transformation product."
2,Teflubenzuron,Teflubenzuron transformation by microbial strains,Bacillus brevis 625; Alcaligenes sp. 1431; Pseudomonas sp. 10W; Acinetobacter calcoaceticus 21,PARTIAL,2,"2,6-difluorobenzamide","2,6-difluorobenzoic acid",Amide hydrolysis,Unassigned microbial hydrolysis activity,,METABOLITE,10.1081/PFC-100106185,Transformation of the insecticide teflubenzuron by microorganisms,Transformation of the insecticide teflubenzuron by microorganisms..pdf,"2,6-difluorobenzoic acid was identified and confirmed with a reference compound and 19F NMR."
2,Teflubenzuron,Teflubenzuron transformation by microbial strains,Bacillus brevis 625; Alcaligenes sp. 1431; Pseudomonas sp. 10W; Acinetobacter calcoaceticus 21,PARTIAL,3,Teflubenzuron,"2,4-difluoro-3,5-dichloroaniline",Phenylurea-bridge cleavage,Unassigned microbial transformation activity,,METABOLITE,10.1081/PFC-100106185,Transformation of the insecticide teflubenzuron by microorganisms,Transformation of the insecticide teflubenzuron by microorganisms..pdf,"2,4-difluoro-3,5-dichloroaniline was identified by mass spectrometry as a minor product."
2,Teflubenzuron,Teflubenzuron transformation by microbial strains,Bacillus brevis 625; Alcaligenes sp. 1431; Pseudomonas sp. 10W; Acinetobacter calcoaceticus 21,PARTIAL,4,Teflubenzuron,"1,3-bis(2,4-difluoro-3,5-dichlorophenyl)urea",Condensation/transformation product formation,Unassigned microbial transformation activity,,METABOLITE,10.1081/PFC-100106185,Transformation of the insecticide teflubenzuron by microorganisms,Transformation of the insecticide teflubenzuron by microorganisms..pdf,The condensed product was identified by high-resolution MS.
2,Vinclozolin,Vinclozolin chemical and biological transformation,Mixed bacterial cultures MA and MB; Corynebacterium sp.,PARTIAL,1,Vinclozolin,"2-[[(3,5-dichlorophenyl)carbamoyl]oxy]-2-methyl-3-butenoic acid",Oxazolidinedione-ring opening,Unassigned transformation activity,,METABOLITE,,Chemical and biological transformation of the fungicide vinclozolin,Chemical and biological transformation of the fungicide vinclozolin..pdf,The paper reports this open-form butenoic acid derivative as a vinclozolin transformation product.
2,Vinclozolin,Vinclozolin chemical and biological transformation,Mixed bacterial cultures MA and MB; Corynebacterium sp.,PARTIAL,2,"2-[[(3,5-dichlorophenyl)carbamoyl]oxy]-2-methyl-3-butenoic acid","3,5-dichloroaniline",Anilide/aniline product formation,Unassigned transformation activity,,METABOLITE,,Chemical and biological transformation of the fungicide vinclozolin,Chemical and biological transformation of the fungicide vinclozolin..pdf,"Mixed bacterial cultures converted vinclozolin through compound 2 toward 3,5-dichloroaniline."
2,Vinclozolin,Vinclozolin chemical and biological transformation,Mixed bacterial cultures MA and MB; Corynebacterium sp.,PARTIAL,3,Vinclozolin,"3',5'-dichloro-2-hydroxy-2-methylbut-3-enanilide",Alternative ring-opening transformation,Unassigned transformation activity,,METABOLITE,,Chemical and biological transformation of the fungicide vinclozolin,Chemical and biological transformation of the fungicide vinclozolin..pdf,The paper reports a second pathway through the enanilide transformation product.
2,Vinclozolin,Vinclozolin chemical and biological transformation,Mixed bacterial cultures MA and MB; Corynebacterium sp.,PARTIAL,4,"3',5'-dichloro-2-hydroxy-2-methylbut-3-enanilide","3,5-dichloroaniline",Aniline product formation,Unassigned transformation activity,,METABOLITE,,Chemical and biological transformation of the fungicide vinclozolin,Chemical and biological transformation of the fungicide vinclozolin..pdf,"The paper reports conversion of the enanilide product toward 3,5-dichloroaniline."
2,Vinclozolin,Vinclozolin biodegradation by Rhodococcus sp. T1-1,Rhodococcus sp. T1-1,PARTIAL,1,Vinclozolin,"3,5-dichloroaniline",Biodegradation to dichloroaniline metabolite,Unassigned activity,,METABOLITE,PMID: 18309282,"Microbial biodegradation and toxicity of vinclozolin and its toxic metabolite 3,5-dichloroaniline","Microbial biodegradation and toxicity of vinclozolin and its toxic metabolite 3,5-dichloroaniline..pdf","3,5-dichloroaniline accumulated during vinclozolin degradation by Rhodococcus sp. T1-1."
2,Vinclozolin,Vinclozolin biodegradation by Rhodococcus sp. T1-1,Rhodococcus sp. T1-1,PARTIAL,2,"3,5-dichloroaniline",Phenol,Dichloroaniline degradation,Unassigned activity,,METABOLITE,PMID: 18309282,"Microbial biodegradation and toxicity of vinclozolin and its toxic metabolite 3,5-dichloroaniline","Microbial biodegradation and toxicity of vinclozolin and its toxic metabolite 3,5-dichloroaniline..pdf","GC/MS detected phenol from degraded 3,5-dichloroaniline."
3,2-Phenylphenol,2-Phenylphenol degradation - Pseudomonas azelaica HBP1,Pseudomonas azelaica HBP1,PARTIAL,1,2-Hydroxybiphenyl,"2,3-Dihydroxybiphenyl",HbpA / 2-hydroxybiphenyl 3-monooxygenase,HbpA / 2-hydroxybiphenyl 3-monooxygenase,hbpA,GENETIC,10.1128/JB.183-1.270-279.2001; 10.1128/AEM.54.11.2683-2688.1988,2-Phenylphenol pathway evidence - Pseudomonas azelaica HBP1,Curated package row OPP-S01,Initial NADH-dependent ortho hydroxylation step.
3,2-Phenylphenol,2-Phenylphenol degradation - Pseudomonas azelaica HBP1,Pseudomonas azelaica HBP1,PARTIAL,2,"2,3-Dihydroxybiphenyl","2-Hydroxy-6-oxo-6-phenyl-2,4-hexadienoic acid",HbpC / extradiol meta-cleavage dioxygenase,HbpC / extradiol meta-cleavage dioxygenase,hbpC,GENETIC,10.1128/JB.183-1.270-279.2001,2-Phenylphenol pathway evidence - Pseudomonas azelaica HBP1,Curated package row OPP-S02,"Meta-cleavage product from 2,3-dihydroxybiphenyl."
3,2-Phenylphenol,2-Phenylphenol degradation - Pseudomonas azelaica HBP1,Pseudomonas azelaica HBP1,PARTIAL,3,"2-Hydroxy-6-oxo-6-phenyl-2,4-hexadienoic acid","Benzoic acid + 2-hydroxy-2,4-pentadienoic acid",HbpD / hydrolase,HbpD / hydrolase,hbpD,GENETIC,10.1128/JB.183-1.270-279.2001,2-Phenylphenol pathway evidence - Pseudomonas azelaica HBP1,Curated package row OPP-S03,Hydrolytic step described in hbpCAD figure.
3,Acephate,Acephate degradation - Pseudomonas aeruginosa Is-6,Pseudomonas aeruginosa strain Is-6,PARTIAL,1,Acephate,Methamidophos,Carboxylesterase proposed,Carboxylesterase proposed,,METABOLITE,10.1080/03601234.2013.836868,Acephate pathway evidence - Pseudomonas aeruginosa Is-6,Curated package row ACE-S01,Transient methamidophos detected by HPLC/ESI-MS.
3,Acephate,Acephate degradation - Pseudomonas aeruginosa Is-6,Pseudomonas aeruginosa strain Is-6,PARTIAL,2,Methamidophos,"O,S-dimethyl phosphorothioate (DMPT)",Methamidophos phosphoamide hydrolase proposed,Methamidophos phosphoamide hydrolase proposed,,METABOLITE,10.1080/03601234.2013.836868,Acephate pathway evidence - Pseudomonas aeruginosa Is-6,Curated package row ACE-S02,DMPT was detected in trace/transient amounts.
3,Acephate,Acephate degradation - Pseudomonas aeruginosa Is-6,Pseudomonas aeruginosa strain Is-6,PARTIAL,3,"O,S-dimethyl phosphorothioate (DMPT)",Phosphoric acid + CO2,Proposed/mineralization endpoint,,,PROPOSED,10.1080/03601234.2013.836868,Acephate pathway evidence - Pseudomonas aeruginosa Is-6,Curated package row ACE-S03,Final transformation proposed from mineralization logic; not all final products directly quantified.
3,Acephate,Acephate degradation - Bacillus paramycoides NDZ,Bacillus paramycoides NDZ,PARTIAL,1,Acephate,Methamidophos,Amidase proposed,Amidase proposed,,METABOLITE,10.1007/s11274-020-02931-1,Acephate pathway evidence - Bacillus paramycoides NDZ,Curated package row ACE-S04,Methamidophos identified by GC-MS as main metabolite.
3,Acephate,Acephate degradation - Bacillus paramycoides NDZ,Bacillus paramycoides NDZ,PARTIAL,2,Methamidophos,"O,S-dimethyl hydrogen phosphorothioate",Phosphotriesterase/amidase proposed,Phosphotriesterase/amidase proposed,,PROPOSED,10.1007/s11274-020-02931-1,Acephate pathway evidence - Bacillus paramycoides NDZ,Curated package row ACE-S05,Downstream route inferred; not all downstream compounds directly detected in NDZ culture.
3,Acephate,Acephate degradation - Insect gut isolates - Enterobacter asburiae PXE,Enterobacter asburiae PXE,PARTIAL,1,Acephate,"Methamidophos + O,O-dimethyl phosphoramidate",Detected metabolites in whole-cell isolate,,,METABOLITE,,Acephate pathway evidence - Insect gut isolates,Curated package row ACE-S06,LC-MS product assignment; DOI not found in provided PDF.
3,Acephate,Acephate degradation - Insect gut isolates - Bacillus cereus PX-B.C.Or,Bacillus cereus PX-B.C.Or,PARTIAL,1,Acephate,"O,S-dimethyl phosphoramidothioate",Detected metabolite in whole-cell isolate,,,METABOLITE,,Acephate pathway evidence - Insect gut isolates,Curated package row ACE-S07,LC-MS product assignment.
3,Acephate,Acephate degradation - Pseudomonas ACP isolates,Pseudomonas azotoformans ACP1; P. aeruginosa ACP2; P. putida ACP3,PARTIAL,1,Acephate,Methamidophos,Detected metabolite in whole-cell isolates,,,METABOLITE,10.3390/biom10030433,Acephate pathway evidence - Pseudomonas ACP isolates,Curated package row ACE-S09,One of several products in MS/FTIR pathway.
3,Acephate,Acephate degradation - Pseudomonas ACP isolates,Pseudomonas azotoformans ACP1; P. aeruginosa ACP2; P. putida ACP3,PARTIAL,2,Methamidophos,S-methyl O-hydrogen phosphorothioamidate,Detected metabolite/proposed pathway,,,METABOLITE,10.3390/biom10030433,Acephate pathway evidence - Pseudomonas ACP isolates,Curated package row ACE-S10,Major product listed with m/z 125.0.
3,Acephate,Acephate degradation - Pseudomonas ACP isolates,Pseudomonas azotoformans ACP1; P. aeruginosa ACP2; P. putida ACP3,PARTIAL,3,S-methyl O-hydrogen phosphorothioamidate,Phosphenothioic S-acid + phosphenamide,Detected metabolites/proposed pathway,,,PROPOSED,10.3390/biom10030433,Acephate pathway evidence - Pseudomonas ACP isolates,Curated package row ACE-S11,Products reported; exact step order should be checked against Figure 5 before final database integration.
3,Acephate,Acephate degradation - Microbial consortium ZQ01,Microbial consortium ZQ01,PARTIAL,1,Acephate,Methamidophos,Hydrolytic enzyme inferred,Hydrolytic enzyme inferred,,METABOLITE,10.1016/j.jhazmat.2021.127841,Acephate pathway evidence - Microbial consortium ZQ01,Curated package row ACE-S12,Part of novel pathway; enzyme/gene not assigned.
3,Acephate,Acephate degradation - Microbial consortium ZQ01,Microbial consortium ZQ01,PARTIAL,2,Acephate,Acetamide + acetic acid,Hydrolytic/oxidative reactions inferred,Hydrolytic/oxidative reactions inferred,,METABOLITE,10.1016/j.jhazmat.2021.127841,Acephate pathway evidence - Microbial consortium ZQ01,Curated package row ACE-S13,Acetamide and acetic acid detected; pathway includes C-N bond breakage and oxidation.
3,Acephate,Acephate degradation - Microbial consortium ZQ01,Microbial consortium ZQ01,PARTIAL,3,Acephate/methanethiol route,Methanethiol + dimethyl disulfide,Detected metabolites,,,PROPOSED,10.1016/j.jhazmat.2021.127841,Acephate pathway evidence - Microbial consortium ZQ01,Curated package row ACE-S14,Keep as proposed branch until exact reaction order is checked from figure/supplement.
4,Thiophanate-Methyl,Thiophanate-Methyl biodegradation by Enterobacter sp. TDS-1 and Bacillus sp. TDS-2,Enterobacter sp. TDS-1; Bacillus sp. TDS-2,PARTIAL,1,Thiophanate-methyl,Carbendazim (MBC),Conversion to primary benzimidazole metabolite,Enzyme not identified,,METABOLITE,10.1007/s10532-010-9430-4,Biodegradation kinetics of the benzimidazole fungicide thiophanate-methyl by bacteria isolated from loamy sand soil,Biodegradation kinetics of the benzimidazole fungicide thiophanate-methyl by bacteria isolated from loamy sand soil..pdf,The paper describes the common initial conversion of thiophanate-methyl to carbendazim and studies TM degradation by Enterobacter sp. TDS-1 and Bacillus sp. TDS-2.
4,Thiophanate-Methyl,Thiophanate-Methyl biodegradation by Enterobacter sp. TDS-1 and Bacillus sp. TDS-2,Enterobacter sp. TDS-1; Bacillus sp. TDS-2,PARTIAL,2,Carbendazim (MBC),2-aminobenzimidazole (2-AB),Carbendazim transformation to 2-aminobenzimidazole,Enzyme not identified,,METABOLITE,10.1007/s10532-010-9430-4,Biodegradation kinetics of the benzimidazole fungicide thiophanate-methyl by bacteria isolated from loamy sand soil,Biodegradation kinetics of the benzimidazole fungicide thiophanate-methyl by bacteria isolated from loamy sand soil..pdf,Analysis of degradation products in soil indicated transformation of carbendazim (MBC) to 2-aminobenzimidazole (2-AB).
4,Thiophanate-Methyl,Thiophanate-Methyl biodegradation during oyster mushroom cultivation,Pleurotus ostreatus var. florida cultivation system,PARTIAL,1,Thiophanate-methyl,Carbendazim,Biodegradation to primary metabolite,Enzyme not identified,,METABOLITE,10.1007/s11356-019-07050-5,Substrate sterilization with thiophanate-methyl and its biodegradation to carbendazim in oyster mushroom,Substrate sterilization with thiophanate-methyl and its biodegradation to carbendazim in oyster mushroom (Pleurotus ostreatus var. florida)..pdf,Residue analysis detected thiophanate-methyl and its primary metabolite carbendazim during oyster mushroom cultivation.
5,Mandipropamid,Mandipropamid degradation in Yangtze River water-sediment microcosm,Yangtze River water-sediment microcosm,PARTIAL,1,Mandipropamid,CGA 380778,Hydrolysis,Hydrolysis; enzyme not identified,,PROPOSED,10.1016/j.scitotenv.2023.164650,The enantioselective environmental fate of mandipropamid in water-sediment microcosms,"The enantioselective environmental fate of mandipropamid in water-sediment microcosms Distribution, degradation, degradation pathways and toxicity assessment..pdf",LC-TOF-MS/MS identified CGA 380778 as a sediment degradation product; Fig. 5 proposes hydrolysis from mandipropamid.
5,Mandipropamid,Mandipropamid degradation in Yangtze River water-sediment microcosm,Yangtze River water-sediment microcosm,PARTIAL,2,Mandipropamid,SYN 536638,Reduction,Reduction; enzyme not identified,,PROPOSED,10.1016/j.scitotenv.2023.164650,The enantioselective environmental fate of mandipropamid in water-sediment microcosms,"The enantioselective environmental fate of mandipropamid in water-sediment microcosms Distribution, degradation, degradation pathways and toxicity assessment..pdf",LC-TOF-MS/MS identified SYN 536638; text and Fig. 5 propose reduction at the alkynyl group of mandipropamid.
5,Mandipropamid,Mandipropamid degradation in Yangtze River water-sediment microcosm,Yangtze River water-sediment microcosm,PARTIAL,3,Mandipropamid,NOA 458422,Hydrolysis,Hydrolysis; enzyme not identified,,PROPOSED,10.1016/j.scitotenv.2023.164650,The enantioselective environmental fate of mandipropamid in water-sediment microcosms,"The enantioselective environmental fate of mandipropamid in water-sediment microcosms Distribution, degradation, degradation pathways and toxicity assessment..pdf",LC-TOF-MS/MS identified NOA 458422; Fig. 5 proposes hydrolysis from mandipropamid.
5,Mandipropamid,Mandipropamid degradation in Yangtze River water-sediment microcosm,Yangtze River water-sediment microcosm,PARTIAL,4,Mandipropamid,SYN 521195,Hydrolysis,Hydrolysis; enzyme not identified,,PROPOSED,10.1016/j.scitotenv.2023.164650,The enantioselective environmental fate of mandipropamid in water-sediment microcosms,"The enantioselective environmental fate of mandipropamid in water-sediment microcosms Distribution, degradation, degradation pathways and toxicity assessment..pdf",LC-TOF-MS/MS identified SYN 521195; text proposes methoxy hydrolysis to generate the phenol moiety.
5,Mandipropamid,Mandipropamid degradation in Yangtze River water-sediment microcosm,Yangtze River water-sediment microcosm,PARTIAL,5,SYN 521195,SYN 539678,Reduction,Reduction; enzyme not identified,,PROPOSED,10.1016/j.scitotenv.2023.164650,The enantioselective environmental fate of mandipropamid in water-sediment microcosms,"The enantioselective environmental fate of mandipropamid in water-sediment microcosms Distribution, degradation, degradation pathways and toxicity assessment..pdf",Fig. 5 proposes reduction from SYN 521195 to SYN 539678.
5,Mandipropamid,Mandipropamid degradation in Yangtze River water-sediment microcosm,Yangtze River water-sediment microcosm,PARTIAL,6,SYN 536638,NOA 458422,Hydrolysis,Hydrolysis; enzyme not identified,,PROPOSED,10.1016/j.scitotenv.2023.164650,The enantioselective environmental fate of mandipropamid in water-sediment microcosms,"The enantioselective environmental fate of mandipropamid in water-sediment microcosms Distribution, degradation, degradation pathways and toxicity assessment..pdf",Text and Fig. 5 propose hydrolysis from SYN 536638 to NOA 458422.
5,Mandipropamid,Mandipropamid degradation in Yangtze River water-sediment microcosm,Yangtze River water-sediment microcosm,PARTIAL,7,SYN 536638,SYN 539678,Hydrolysis,Hydrolysis; enzyme not identified,,PROPOSED,10.1016/j.scitotenv.2023.164650,The enantioselective environmental fate of mandipropamid in water-sediment microcosms,"The enantioselective environmental fate of mandipropamid in water-sediment microcosms Distribution, degradation, degradation pathways and toxicity assessment..pdf",Text and Fig. 5 propose hydrolysis from SYN 536638 to SYN 539678.
6,Ametoctradin,Ametoctradin biodegradation by soil-derived microbial consortia,Soil-derived microbial consortia; packed-bed microbial bioreactor,PARTIAL,1,Ametoctradin,M650F01,Microbial aliphatic-chain transformation,Enzyme not identified,,METABOLITE,10.3389/fmicb.2020.01898,Accelerated Biodegradation of the Agrochemical Ametoctradin by Soil-Derived Microbial Consortia,Accelerated Biodegradation of the Agrochemical Ametoctradin by Soil-Derived Microbial Consortia..pdf,HPLC-MS/MS confirmed ametoctradin degradation and identified M650F01 as one of four major metabolites formed by soil microorganisms metabolizing the long aliphatic chain.
6,Ametoctradin,Ametoctradin biodegradation by soil-derived microbial consortia,Soil-derived microbial consortia; packed-bed microbial bioreactor,PARTIAL,2,Ametoctradin,M650F02,Microbial aliphatic-chain transformation,Enzyme not identified,,METABOLITE,10.3389/fmicb.2020.01898,Accelerated Biodegradation of the Agrochemical Ametoctradin by Soil-Derived Microbial Consortia,Accelerated Biodegradation of the Agrochemical Ametoctradin by Soil-Derived Microbial Consortia..pdf,HPLC-MS/MS confirmed ametoctradin degradation and identified M650F02 as one of four major metabolites formed by soil microorganisms metabolizing the long aliphatic chain.
6,Ametoctradin,Ametoctradin biodegradation by soil-derived microbial consortia,Soil-derived microbial consortia; packed-bed microbial bioreactor,PARTIAL,3,Ametoctradin,M650F03,Microbial aliphatic-chain transformation,Enzyme not identified,,METABOLITE,10.3389/fmicb.2020.01898,Accelerated Biodegradation of the Agrochemical Ametoctradin by Soil-Derived Microbial Consortia,Accelerated Biodegradation of the Agrochemical Ametoctradin by Soil-Derived Microbial Consortia..pdf,HPLC-MS/MS confirmed ametoctradin degradation and identified M650F03; the paper reports M650F03 as the main degradation product in every soil type.
6,Ametoctradin,Ametoctradin biodegradation by soil-derived microbial consortia,Soil-derived microbial consortia; packed-bed microbial bioreactor,PARTIAL,4,Ametoctradin,M650F04,Microbial aliphatic-chain transformation,Enzyme not identified,,METABOLITE,10.3389/fmicb.2020.01898,Accelerated Biodegradation of the Agrochemical Ametoctradin by Soil-Derived Microbial Consortia,Accelerated Biodegradation of the Agrochemical Ametoctradin by Soil-Derived Microbial Consortia..pdf,HPLC-MS/MS confirmed ametoctradin degradation and identified M650F04 as one of four major metabolites formed by soil microorganisms metabolizing the long aliphatic chain.
6,Phosmet,Phosmet microbial degradation by indigenous blueberry bacterial flora,Enterobacter agglomerans; Pseudomonas fluorescens,PARTIAL,1,Phosmet,Phthalimide,Phosphorodithioate-chain cleavage,Enzyme not identified,,METABOLITE,10.1111/j.1750-3841.2007.00466.x,Microbial degradation of phosmet on blueberry fruit and in aqueous systems by indigenous bacterial flora on lowbush blueberries (Vaccinium angustifolium),Microbial degradation of phosmet on blueberry fruit and in aqueous systems by indigenous bacterial flora on lowbush blueberries (Vaccinium angustifolium)..pdf,The study reports that E. agglomerans and P. fluorescens cleaved the phosphorodithioate backbone and identifies phthalimide among microbial degradates.
6,Phosmet,Phosmet microbial degradation by indigenous blueberry bacterial flora,Enterobacter agglomerans; Pseudomonas fluorescens,PARTIAL,2,Phosmet,N-hydroxymethyl phthalimide,Phosphorodithioate-chain cleavage,Enzyme not identified,,METABOLITE,10.1111/j.1750-3841.2007.00466.x,Microbial degradation of phosmet on blueberry fruit and in aqueous systems by indigenous bacterial flora on lowbush blueberries (Vaccinium angustifolium),Microbial degradation of phosmet on blueberry fruit and in aqueous systems by indigenous bacterial flora on lowbush blueberries (Vaccinium angustifolium)..pdf,The study reports that E. agglomerans and P. fluorescens cleaved the phosphorodithioate backbone and identifies N-hydroxymethyl phthalimide among microbial degradates.
6,Phosmet,Phosmet microbial degradation by indigenous blueberry bacterial flora,Enterobacter agglomerans; Pseudomonas fluorescens,PARTIAL,3,Phosmet,Phthalamic acid,Phosphorodithioate-chain cleavage,Enzyme not identified,,METABOLITE,10.1111/j.1750-3841.2007.00466.x,Microbial degradation of phosmet on blueberry fruit and in aqueous systems by indigenous bacterial flora on lowbush blueberries (Vaccinium angustifolium),Microbial degradation of phosmet on blueberry fruit and in aqueous systems by indigenous bacterial flora on lowbush blueberries (Vaccinium angustifolium)..pdf,The study reports that E. agglomerans and P. fluorescens cleaved the phosphorodithioate backbone and identifies phthalamic acid among microbial degradates.
6,Phosmet,Phosmet microbial degradation by indigenous blueberry bacterial flora,Enterobacter agglomerans; Pseudomonas fluorescens,PARTIAL,4,Phosmet,Phthalic acid,Phosphorodithioate-chain cleavage,Enzyme not identified,,METABOLITE,10.1111/j.1750-3841.2007.00466.x,Microbial degradation of phosmet on blueberry fruit and in aqueous systems by indigenous bacterial flora on lowbush blueberries (Vaccinium angustifolium),Microbial degradation of phosmet on blueberry fruit and in aqueous systems by indigenous bacterial flora on lowbush blueberries (Vaccinium angustifolium)..pdf,The study reports that E. agglomerans and P. fluorescens cleaved the phosphorodithioate backbone and identifies phthalic acid among microbial degradates.
7,Trifloxystrobin,Strobilurin de-esterification by Hyphomicrobium sp. strain DY-1 esterase StrH,Hyphomicrobium sp. strain DY-1,PARTIAL,1,Trifloxystrobin,Trifloxystrobin acid,De-esterification,Detoxification esterase StrH,strH,GENETIC,10.1128/AEM.00103-21,Detoxification Esterase StrH Initiates Strobilurin Fungicide Degradation in Hyphomicrobium sp. Strain DY-1,Detoxification Esterase StrH Initiates Strobilurin Fungicide Degradation in iHyphomicrobiumi sp. Strain DY-1..pdf,MS/MS identified trifloxystrobin acid as the product of trifloxystrobin hydrolysis in strain DY-1; cloned strH and recombinant StrH transform trifloxystrobin to trifloxystrobin acid.
7,Pyraclostrobin,Strobilurin de-esterification by Hyphomicrobium sp. strain DY-1 esterase StrH,Hyphomicrobium sp. strain DY-1; recombinant StrH,PARTIAL,1,Pyraclostrobin,Pyraclostrobin acid,De-esterification,Detoxification esterase StrH,strH,GENETIC,10.1128/AEM.00103-21,Detoxification Esterase StrH Initiates Strobilurin Fungicide Degradation in Hyphomicrobium sp. Strain DY-1,Detoxification Esterase StrH Initiates Strobilurin Fungicide Degradation in iHyphomicrobiumi sp. Strain DY-1..pdf,The paper reports purified/recombinant StrH catalytic activity toward pyraclostrobin and states that StrH de-esterifies strobilurin fungicides to the corresponding parent acids.
7,Azoxystrobin,Strobilurin de-esterification by Hyphomicrobium sp. strain DY-1 esterase StrH,Hyphomicrobium sp. strain DY-1; recombinant StrH,PARTIAL,1,Azoxystrobin,Azoxystrobin acid,De-esterification,Detoxification esterase StrH,strH,GENETIC,10.1128/AEM.00103-21,Detoxification Esterase StrH Initiates Strobilurin Fungicide Degradation in Hyphomicrobium sp. Strain DY-1,Detoxification Esterase StrH Initiates Strobilurin Fungicide Degradation in iHyphomicrobiumi sp. Strain DY-1..pdf,The paper reports measurable StrH catalytic activity toward azoxystrobin and states that StrH de-esterifies strobilurin fungicides to the corresponding parent acids; activity is much lower than for trifloxystrobin.
8,Glufosinate-Ammonium,Initial bacterial transformations of phosphinothricin (glufosinate),Soil bacterial isolates; Rhodococcus sp.,PARTIAL,1,Glufosinate,2-oxo-4-[(hydroxy)(methyl)phosphinoyl]butyric acid,Transamination / oxidative deamination,PPT transaminase / PPT oxidase; enzyme not genetically assigned,,METABOLITE,10.1128/aem.55.3.711-716.1989,Initial steps in the degradation of phosphinothricin (glufosinate) by soil bacteria,Initial steps in the degradation of phosphinothricin (glufosinate) by soil bacteria..pdf,The paper reports bacterial transformation of phosphinothricin to the corresponding 2-oxo acid by transamination in multiple strains and oxidative deamination in Rhodococcus sp.
8,Glufosinate-Ammonium,Initial bacterial transformations of phosphinothricin (glufosinate),Soil bacterial isolates,PARTIAL,2,Glufosinate,N-acetyl-PPT,N-acetylation,PPT N-acetyltransferase; enzyme not genetically assigned,,METABOLITE,10.1128/aem.55.3.711-716.1989,Initial steps in the degradation of phosphinothricin (glufosinate) by soil bacteria,Initial steps in the degradation of phosphinothricin (glufosinate) by soil bacteria..pdf,The paper reports acetyltransferase activity synthesizing N-acetyl-PPT from phosphinothricin and acetyl-CoA.
8,Quintozene,Pentachloronitrobenzene biodegradation by Arthrobacter nicotianae DH19,Arthrobacter nicotianae DH19,PARTIAL,1,Pentachloronitrobenzene (PCNB),"2,3,4,5,6-pentachloroaniline",Nitro reduction,Nitroreductase; enzyme not genetically assigned,,METABOLITE,10.1111/lam.12476,Biodegradation of pentachloronitrobenzene by Arthrobacter nicotianae DH19,Biodegradation of pentachloronitrobenzene by Arthrobacter nicotianae DH19..pdf,GC-MS/MS identified pentachloroaniline among PCNB metabolites and the paper deduced nitroreduction as the initial transformation.
8,Quintozene,Pentachloronitrobenzene biodegradation by Arthrobacter nicotianae DH19,Arthrobacter nicotianae DH19,PARTIAL,2,"2,3,4,5,6-pentachloroaniline","3,5-dichloroaniline",Stepwise dechlorination,Dechlorination activity; enzyme not genetically assigned,,PROPOSED,10.1111/lam.12476,Biodegradation of pentachloronitrobenzene by Arthrobacter nicotianae DH19,Biodegradation of pentachloronitrobenzene by Arthrobacter nicotianae DH19..pdf,"3,5-dichloroaniline was identified as a metabolite and placed in the authors' proposed PCNB biodegradation pathway."
8,Quintozene,Pentachloronitrobenzene biodegradation by Arthrobacter nicotianae DH19,Arthrobacter nicotianae DH19,PARTIAL,3,"3,5-dichloroaniline",Aniline,Dechlorination,Dechlorination activity; enzyme not genetically assigned,,PROPOSED,10.1111/lam.12476,Biodegradation of pentachloronitrobenzene by Arthrobacter nicotianae DH19,Biodegradation of pentachloronitrobenzene by Arthrobacter nicotianae DH19..pdf,Aniline was identified as a metabolite and placed downstream of dichloroaniline in the proposed DH19 pathway.
8,Quintozene,Pentachloronitrobenzene biodegradation by Arthrobacter nicotianae DH19,Arthrobacter nicotianae DH19,PARTIAL,4,Aniline,Catechol,Aromatic hydroxylation,Aniline hydroxylation activity; enzyme not genetically assigned,,PROPOSED,10.1111/lam.12476,Biodegradation of pentachloronitrobenzene by Arthrobacter nicotianae DH19,Biodegradation of pentachloronitrobenzene by Arthrobacter nicotianae DH19..pdf,Catechol was identified as a metabolite and the paper states that aniline is further degraded to catechol.
8,Quintozene,Pentachloronitrobenzene biodegradation by Arthrobacter nicotianae DH19,Arthrobacter nicotianae DH19,PARTIAL,5,Catechol,Adipic acid,Ring cleavage / downstream oxidation,Catechol ring-cleavage activity; enzyme not genetically assigned,,PROPOSED,10.1111/lam.12476,Biodegradation of pentachloronitrobenzene by Arthrobacter nicotianae DH19,Biodegradation of pentachloronitrobenzene by Arthrobacter nicotianae DH19..pdf,Adipic acid was identified as a metabolite and the paper places it downstream of catechol before further metabolism.
8,Quintozene,Pentachloronitrobenzene biodegradation by Pseudomonas putida QTH3,Pseudomonas putida QTH3,PARTIAL,1,Pentachloronitrobenzene (PCNB),"2,3,4,5,6-pentachloroaniline",Nitro reduction,Intracellular PCNB transformation activity; enzyme not genetically assigned,,METABOLITE,10.1016/j.ecoenv.2019.109463,Effective biodegradation of pentachloronitrobenzene by a novel strain Pseudomonas putida QTH3 isolated from contaminated soil,Effective biodegradation of pentachloronitrobenzene by a novel strain Peudomonas putida QTH3 isolated from contaminated soil..pdf,The QTH3 study identified pentachloroaniline among PCNB metabolites and reported stronger intracellular than extracellular degradation activity.
8,Quintozene,Pentachloronitrobenzene biodegradation by Pseudomonas putida QTH3,Pseudomonas putida QTH3,PARTIAL,2,Pentachloronitrobenzene (PCNB),Pentachlorothioanisole,Thioanisole formation,Intracellular PCNB transformation activity; enzyme not genetically assigned,,METABOLITE,10.1016/j.ecoenv.2019.109463,Effective biodegradation of pentachloronitrobenzene by a novel strain Pseudomonas putida QTH3 isolated from contaminated soil,Effective biodegradation of pentachloronitrobenzene by a novel strain Peudomonas putida QTH3 isolated from contaminated soil..pdf,Pentachlorothioanisole was identified among PCNB metabolites in the QTH3 degradation study.
8,Quintozene,Pentachloronitrobenzene biodegradation by Pseudomonas putida QTH3,Pseudomonas putida QTH3,PARTIAL,3,"2,3,4,5,6-pentachloroaniline","2,3,5,6-tetrachloroaniline",Dechlorination,Intracellular dechlorination activity; enzyme not genetically assigned,,PROPOSED,10.1016/j.ecoenv.2019.109463,Effective biodegradation of pentachloronitrobenzene by a novel strain Pseudomonas putida QTH3 isolated from contaminated soil,Effective biodegradation of pentachloronitrobenzene by a novel strain Peudomonas putida QTH3 isolated from contaminated soil..pdf,Tetrachloroaniline metabolites were identified and placed in the proposed QTH3 PCNB degradation pathway.
8,Quintozene,Pentachloronitrobenzene biodegradation by Pseudomonas putida QTH3,Pseudomonas putida QTH3,PARTIAL,4,"2,3,4,5,6-pentachloroaniline","2,3,4,5-tetrachloroaniline",Dechlorination,Intracellular dechlorination activity; enzyme not genetically assigned,,PROPOSED,10.1016/j.ecoenv.2019.109463,Effective biodegradation of pentachloronitrobenzene by a novel strain Pseudomonas putida QTH3 isolated from contaminated soil,Effective biodegradation of pentachloronitrobenzene by a novel strain Peudomonas putida QTH3 isolated from contaminated soil..pdf,Tetrachloroaniline metabolites were identified and placed in the proposed QTH3 PCNB degradation pathway.
8,Quintozene,Pentachloronitrobenzene biodegradation by Pseudomonas putida QTH3,Pseudomonas putida QTH3,PARTIAL,5,"2,3,5,6-tetrachloroaniline",Catechol,Aromatic dechlorination / hydroxylation,Intracellular aromatic transformation activity; enzyme not genetically assigned,,PROPOSED,10.1016/j.ecoenv.2019.109463,Effective biodegradation of pentachloronitrobenzene by a novel strain Pseudomonas putida QTH3 isolated from contaminated soil,Effective biodegradation of pentachloronitrobenzene by a novel strain Peudomonas putida QTH3 isolated from contaminated soil..pdf,Catechol was identified among QTH3 metabolites; this connection is retained as a proposed pathway step pending gene/enzyme assignment.
9,Isopyrazam,GC-MS-supported microbial degradation route of isopyrazam,Aspergillus flavus; Penicillium chrysogenum; Aspergillus niger; Aspergillus terreus; Aspergillus fumigatus; Xanthomonas axonopodis; Pseudomonas syringae,PROPOSED,1,Isopyrazam,"3-difluoromethyl-1-methyl-1H-pyrazole-4-carboxylic acid (9-hydroxy-9-isopropyl-1,2,3,4-tetrahydro-1,4-methanonaphthalen-5-yl)-amide",Hydroxylation of isopropyl group,Microbial hydroxylation activity; enzyme not genetically assigned,,PROPOSED,10.1002/jobm.201900687,Fungicide isopyrazam degradative response toward extrinsically added fungal and bacterial strains,Fungicide isopyrazam degradative response toward extrinsically added fungal and bacterial strains..pdf,The paper reports GC-MS metabolite identification after incubation with fungal and bacterial strains and presents this as product B in the possible isopyrazam degradation route.
9,Isopyrazam,GC-MS-supported microbial degradation route of isopyrazam,Aspergillus flavus; Penicillium chrysogenum; Aspergillus niger; Aspergillus terreus; Aspergillus fumigatus; Xanthomonas axonopodis; Pseudomonas syringae,PROPOSED,2,"3-difluoromethyl-1-methyl-1H-pyrazole-4-carboxylic acid (9-hydroxy-9-isopropyl-1,2,3,4-tetrahydro-1,4-methanonaphthalen-5-yl)-amide","3-difluoromethyl-1-methyl-1H-pyrazole-4-carboxylic acid (9-isopropylidene-1,2,3,4-tetrahydro-1,4-methanonaphthalen-5-yl)-amide",Hydroxylation/dehydration of bicyclic substituent,Microbial transformation activity; enzyme not genetically assigned,,PROPOSED,10.1002/jobm.201900687,Fungicide isopyrazam degradative response toward extrinsically added fungal and bacterial strains,Fungicide isopyrazam degradative response toward extrinsically added fungal and bacterial strains..pdf,The paper presents this as product C in the possible mechanistic route and describes hydroxylation of the isopropyl group and bicyclic ring.
9,Isopyrazam,GC-MS-supported microbial degradation route of isopyrazam,Aspergillus flavus; Penicillium chrysogenum; Aspergillus niger; Aspergillus terreus; Aspergillus fumigatus; Xanthomonas axonopodis; Pseudomonas syringae,PROPOSED,3,"3-difluoromethyl-1-methyl-1H-pyrazole-4-carboxylic acid (9-isopropylidene-1,2,3,4-tetrahydro-1,4-methanonaphthalen-5-yl)-amide",3-difluoromethyl-1H-pyrazole-4-carboxylic acid,Amide-linkage breakdown and N-demethylation,Microbial amide-cleavage/demethylation activity; enzyme not genetically assigned,,PROPOSED,10.1002/jobm.201900687,Fungicide isopyrazam degradative response toward extrinsically added fungal and bacterial strains,Fungicide isopyrazam degradative response toward extrinsically added fungal and bacterial strains..pdf,The paper identifies pyrazole half-molecule acids and states that amide bond breakdown and demethylation are major processes in isopyrazam biotransformation.
9,Isopyrazam,GC-MS-supported microbial degradation route of isopyrazam,Aspergillus flavus; Penicillium chrysogenum; Aspergillus niger; Aspergillus terreus; Aspergillus fumigatus; Xanthomonas axonopodis; Pseudomonas syringae,PROPOSED,4,"3-difluoromethyl-1-methyl-1H-pyrazole-4-carboxylic acid (9-isopropylidene-1,2,3,4-tetrahydro-1,4-methanonaphthalen-5-yl)-amide",3-difluoromethyl-1-methyl-1H-pyrazole-4-amide,Amide-linkage breakdown,Microbial amide-cleavage activity; enzyme not genetically assigned,,PROPOSED,10.1002/jobm.201900687,Fungicide isopyrazam degradative response toward extrinsically added fungal and bacterial strains,Fungicide isopyrazam degradative response toward extrinsically added fungal and bacterial strains..pdf,The paper presents this pyrazole amide as product E in the proposed microbial degradation route.
9,Spirodiclofen,Soil transformation of spirodiclofen to enol derivative,Soil microcosm under solarization/biosolarization; microbial activity implicated,PARTIAL,1,Spirodiclofen,Spirodiclofen-enol,Hydrolysis to enol derivative,Soil biochemical/hydrolytic transformation; enzyme not genetically assigned,,METABOLITE,10.1007/s11356-017-8589-1,Enhanced degradation of spiro-insecticides and their leacher enol derivatives in soil by solarization and biosolarization techniques,Enhanced degradation of spiro-insecticides and their leacher enol derivatives in soil by solarization and biosolarization techniques..pdf,"The paper reports spirodiclofen-enol as a transformation product in soil/leachate experiments and states degradation was enhanced under solarization and biosolarization, partly associated with microbial activity changes."
10,"2,4-D","Curated tfd/pca pathway for 2,4-D degradation",Engineered Escherichia coli strain BL-3164; Cupriavidus pinatubonensis JMP134 pathway genes,COMPLETE,1,"2,4-D","2,4-dichlorophenol",alpha-ketoglutarate-dependent dioxygenation / ether cleavage,"2,4-dichlorophenoxyacetate dioxygenase",tfdA,GENETIC,10.1016/j.jhazmat.2023.131099,"Engineered E. coli expression of 2,4-D degradation pathway genes tfdA-F and pcaIJF",Database curated protein/evidence records; source PDF not local,"PesticideDB protein records include tfdA as the first 2,4-D degradation enzyme in the engineered tfd/pca pathway."
10,"2,4-D","Curated tfd/pca pathway for 2,4-D degradation",Cupriavidus pinatubonensis JMP134; engineered Escherichia coli strain BL-3164,COMPLETE,2,"2,4-dichlorophenol","3,5-dichlorocatechol",Hydroxylation,"2,4-dichlorophenol 6-monooxygenase",tfdB,GENETIC,10.1016/j.jhazmat.2023.131099,"Engineered E. coli expression of 2,4-D degradation pathway genes tfdA-F and pcaIJF",Database curated protein/evidence records; source PDF not local,"PesticideDB protein records include tfdB/2,4-dichlorophenol 6-monooxygenase for the chlorophenol-to-chlorocatechol step."
10,"2,4-D","Curated tfd/pca pathway for 2,4-D degradation",Engineered Escherichia coli strain BL-3164,COMPLETE,3,"3,5-dichlorocatechol","2,4-dichloro-cis,cis-muconate",Ring cleavage,"Chlorocatechol 1,2-dioxygenase",tfdC,GENETIC,10.1016/j.jhazmat.2023.131099,"Engineered E. coli expression of 2,4-D degradation pathway genes tfdA-F and pcaIJF",Database curated protein/evidence records; source PDF not local,"PesticideDB protein records include tfdC/chlorocatechol 1,2-dioxygenase for chlorocatechol ortho-cleavage."
10,"2,4-D","Curated tfd/pca pathway for 2,4-D degradation",Engineered Escherichia coli strain BL-3164,COMPLETE,4,"2,4-dichloro-cis,cis-muconate",Dienelactone,Cycloisomerization,Chloromuconate cycloisomerase,tfdD,GENETIC,10.1016/j.jhazmat.2023.131099,"Engineered E. coli expression of 2,4-D degradation pathway genes tfdA-F and pcaIJF",Database curated protein/evidence records; source PDF not local,PesticideDB protein records include tfdD/chloromuconate cycloisomerase downstream of chlorocatechol ring cleavage.
10,"2,4-D","Curated tfd/pca pathway for 2,4-D degradation",Engineered Escherichia coli strain BL-3164,COMPLETE,5,Dienelactone,Maleylacetate,Hydrolysis,Dienelactone hydrolase,tfdE,GENETIC,10.1016/j.jhazmat.2023.131099,"Engineered E. coli expression of 2,4-D degradation pathway genes tfdA-F and pcaIJF",Database curated protein/evidence records; source PDF not local,PesticideDB protein records include tfdE/dienelactone hydrolase in the lower chlorocatechol pathway.
10,"2,4-D","Curated tfd/pca pathway for 2,4-D degradation",Engineered Escherichia coli strain BL-3164,COMPLETE,6,Maleylacetate,3-oxoadipate,Reduction,Maleylacetate reductase,tfdF,GENETIC,10.1016/j.jhazmat.2023.131099,"Engineered E. coli expression of 2,4-D degradation pathway genes tfdA-F and pcaIJF",Database curated protein/evidence records; source PDF not local,PesticideDB protein records include tfdF/maleylacetate reductase connecting the chlorocatechol route to beta-ketoadipate metabolism.
10,"2,4-D","Curated tfd/pca pathway for 2,4-D degradation",Engineered Escherichia coli strain BL-3164,COMPLETE,7,3-oxoadipate,3-oxoadipyl-CoA,CoA transfer,Succinyl-CoA:3-oxoadipate CoA transferase,pcaI/pcaJ,GENETIC,10.1016/j.jhazmat.2023.131099,"Engineered E. coli expression of 2,4-D degradation pathway genes tfdA-F and pcaIJF",Database curated protein/evidence records; source PDF not local,PesticideDB protein records include pcaI and pcaJ as beta-ketoadipate pathway CoA-transferase subunits.
10,"2,4-D","Curated tfd/pca pathway for 2,4-D degradation",Engineered Escherichia coli strain BL-3164,COMPLETE,8,3-oxoadipyl-CoA,Acetyl-CoA + Succinyl-CoA,Thiolysis,Beta-ketoadipyl-CoA thiolase,pcaF,GENETIC,10.1016/j.jhazmat.2023.131099,"Engineered E. coli expression of 2,4-D degradation pathway genes tfdA-F and pcaIJF",Database curated protein/evidence records; source PDF not local,PesticideDB protein records include pcaF as the thiolase producing central-carbon-metabolism products.
10,MCPA,Initial tfdA-catalyzed MCPA cleavage,Ralstonia eutropha JMP134; Comamonas acidovorans MC1; Cupriavidus spp.,PARTIAL,1,MCPA,4-chloro-2-methylphenol,alpha-ketoglutarate-dependent ether cleavage,Phenoxyalkanoic acid dioxygenase,tfdA,GENETIC,10.1128/jb.184.15.4054-4064.2002,Genetic and microbial evidence for tfdA-mediated MCPA degradation,Database curated evidence records; source PDF not local,Database records link MCPA degradation to tfdA/tfd-like phenoxy acid degradation genes; this batch imports only the conservative initial cleavage product.
10,Carbofuran,Carbofuran hydrolase-mediated carbamate cleavage,Achromobacter sp. WM111,PARTIAL,1,Carbofuran,Carbofuran phenol,Carbamate hydrolysis,Carbofuran hydrolase,mcd,GENETIC,10.1128/jb.171.7.4038-4044.1989,Cloning and expression of a carbofuran hydrolase gene from Achromobacter sp. WM111,Database curated evidence records; source PDF not local,Database records link Achromobacter sp. WM111 carbofuran degradation to mcd/carbofuran hydrolase; only the primary hydrolysis product is imported here.
11,Acetamiprid,Ochrobactrum sp. D-12 acetamiprid biodegradation,Ochrobactrum sp. D-12,PARTIAL,1,Acetamiprid,N-methyl-(6-chloro-3-pyridyl)methylamine,Microbial transformation to chloropyridinyl methylamine,Enzyme not identified,,METABOLITE,10.1371/journal.pone.0082603,Microbial Degradation of Acetamiprid by Ochrobactrum sp. D-12 Isolated from Contaminated Soil,Acetamiprid_10.1371_journal.pone.0082603.pdf,LC-MS identified N-methyl-(6-chloro-3-pyridyl)methylamine as a metabolic intermediate during acetamiprid degradation by strain D-12.
11,DDT,Pleurotus ostreatus and Pseudomonas aeruginosa DDT transformation products,Pleurotus ostreatus; Pseudomonas aeruginosa,PARTIAL,1,DDT,DDD,Reductive dechlorination product detected,Enzyme not identified,,METABOLITE,10.4014/jmb.1701.01073,Optimization of DDT degradation by Pleurotus ostreatus using biosurfactant-producing bacteria,DDT_10.4014_jmb.1701.01073.pdf,DDD was detected as a metabolic product from DDT degradation in mixed fungal-bacterial culture.
11,DDT,Pleurotus ostreatus and Pseudomonas aeruginosa DDT transformation products,Pleurotus ostreatus; Pseudomonas aeruginosa,PARTIAL,2,DDT,DDE,Dehydrochlorination product detected,Enzyme not identified,,METABOLITE,10.4014/jmb.1701.01073,Optimization of DDT degradation by Pleurotus ostreatus using biosurfactant-producing bacteria,DDT_10.4014_jmb.1701.01073.pdf,DDE was detected as a metabolic product from DDT degradation in mixed fungal-bacterial culture.
11,DDT,Pleurotus ostreatus and Pseudomonas aeruginosa DDT transformation products,Pleurotus ostreatus; Pseudomonas aeruginosa,PARTIAL,3,DDT,DDMU,Dechlorination product detected,Enzyme not identified,,METABOLITE,10.4014/jmb.1701.01073,Optimization of DDT degradation by Pleurotus ostreatus using biosurfactant-producing bacteria,DDT_10.4014_jmb.1701.01073.pdf,DDMU was detected as a metabolic product from DDT degradation in mixed fungal-bacterial culture.
11,Glyphosate,Bacillus cereus CB4 glyphosate degradation routes,Bacillus cereus CB4,PARTIAL,1,Glyphosate,AMPA + Glyoxylate,Glyphosate oxidoreductase route,Glyphosate oxidoreductase activity,,METABOLITE,10.2323/jgam.58.263,Characterization of a glyphosate-degrading Bacillus cereus CB4 strain,Glyphosate_10.2323_jgam.58.263.pdf,The paper reports glyphosate degradation to AMPA and glyoxylate by glyphosate oxidoreductase activity.
11,Glyphosate,Bacillus cereus CB4 glyphosate degradation routes,Bacillus cereus CB4,PARTIAL,2,Glyphosate,Sarcosine,C-P bond cleavage,C-P lyase activity,,METABOLITE,10.2323/jgam.58.263,Characterization of a glyphosate-degrading Bacillus cereus CB4 strain,Glyphosate_10.2323_jgam.58.263.pdf,The paper reports a concurrent C-P lyase route producing sarcosine during glyphosate degradation.
11,Glyphosate,Bacillus cereus CB4 glyphosate degradation routes,Bacillus cereus CB4,PARTIAL,3,Sarcosine,Glycine + Formaldehyde,Sarcosine downstream transformation,C-P lyase-associated pathway activity,,METABOLITE,10.2323/jgam.58.263,Characterization of a glyphosate-degrading Bacillus cereus CB4 strain,Glyphosate_10.2323_jgam.58.263.pdf,"The paper reports sarcosine, glycine, and formaldehyde as products in the C-P lyase-associated route."
11,Imidacloprid,Hymenobacter latericoloratus CGMCC 16346 imidacloprid transformation,Hymenobacter latericoloratus CGMCC 16346,PARTIAL,1,Imidacloprid,5-hydroxy imidacloprid,Hydroxylation,Enzyme not identified,,METABOLITE,10.1186/s13568-019-0942-y,Biodegradation of imidacloprid by Hymenobacter latericoloratus CGMCC 16346,Imidacloprid_10.1186_s13568-019-0942-y.pdf,LC-MS and standards identified 5-hydroxy imidacloprid as a metabolite from imidacloprid transformation.
11,Imidacloprid,Hymenobacter latericoloratus CGMCC 16346 imidacloprid transformation,Hymenobacter latericoloratus CGMCC 16346,PARTIAL,2,5-hydroxy imidacloprid,Olefin imidacloprid,Dehydration / olefin formation,Enzyme not identified,,METABOLITE,10.1186/s13568-019-0942-y,Biodegradation of imidacloprid by Hymenobacter latericoloratus CGMCC 16346,Imidacloprid_10.1186_s13568-019-0942-y.pdf,The paper describes imidacloprid transformation via hydroxylation to 5-hydroxy imidacloprid and the olefin metabolite.
12,Malathion,D1CarE5 carboxylesterase-mediated malathion hydrolysis,Alicyclobacillus tengchongensis; recombinant Escherichia coli BL21(DE3),PARTIAL,1,Malathion,Malathion monoacid and diacid derivatives,Carboxylesterase hydrolysis,Malathion-hydrolyzing carboxylesterase D1CarE5,D1CarE5,PURIFIED_ENZYME,10.1007/s10529-013-1195-5,"Heterologous expression and characterization of a malathion-hydrolyzing carboxylesterase from a thermophilic bacterium, Alicyclobacillus tengchongensis",Malathion_10.1007_s10529-013-1195-5.pdf,The purified recombinant D1CarE5 enzyme hydrolyzed malathion; the paper describes carboxylesterase detoxification of malathion to monoacid and diacid derivatives.
12,Chlorpyrifos-methyl,Bacillus megaterium and Pseudomonas syringae chlorpyrifos-methyl biodegradation,Bacillus megaterium CM-Z19; Pseudomonas syringae CM-Z6,PARTIAL,1,Chlorpyrifos-methyl,"3,5,6-trichloro-2-pyridinol",Phosphoester hydrolysis,Phosphoesterase activity,,METABOLITE,10.1590/0001-3765201920180694,Comparative study on the biodegradation of chlorpyrifos-methyl by Bacillus megaterium CM-Z19 and Pseudomonas syringae CM-Z6,Chlorpyrifos-methyl_10.1590_0001-3765201920180694.pdf,The paper tracked chlorpyrifos-methyl degradation and TCP formation/degradation; no TCP was detected for strain CM-Z6 because generated TCP was rapidly degraded.
13,Carbendazim,MheI-mediated carbendazim carbamate hydrolysis,Mycobacterium sp. SD-4; Nocardioides sp. strain SG-4G,PARTIAL,1,Carbendazim,2-aminobenzimidazole,Carbamate hydrolysis,Carbendazim hydrolase / serine hydrolase,mheI,GENETIC,10.1016/j.jhazmat.2017.02.007,Carbendazim hydrolase evidence curated in PesticideDB protein records,Database curated protein/evidence records; source PDF not locally readable,PesticideDB protein records link carbendazim degradation to MheI/carbendazim hydrolase; this imports the conservative primary carbamate hydrolysis product.
13,Carbaryl,Carbaryl hydrolase-mediated initial carbaryl hydrolysis,Pseudomonas sp. C5pp; Pseudomonas sp. XWY-1; Rhizobium sp. X9,PARTIAL,1,Carbaryl,1-naphthol,Carbamate hydrolysis,Carbaryl hydrolase,mcbA / cehA,GENETIC,10.1128/AEM.01866-18,Carbaryl hydrolase and mcb/ceh gene evidence curated in PesticideDB records,Database curated evidence records; source PDF not locally readable,Database records link carbaryl degradation to carbaryl hydrolase genes including mcbA and cehA; this imports the conservative initial hydrolysis product 1-naphthol.
13,Chlorothalonil,Chd hydrolytic dehalogenase chlorothalonil transformation,Pseudomonas sp. CTN-3; Paracoccus sp. XF-3,PARTIAL,1,Chlorothalonil,"4-hydroxy-2,5,6-trichloroisophthalonitrile",Hydrolytic dehalogenation,Hydrolytic dehalogenase Chd,chd,GENETIC,10.1128/JB.01547-09,Hydrolytic dehalogenase Chd evidence curated in PesticideDB protein records,Database curated protein/evidence records; source PDF not locally readable,PesticideDB protein records link chlorothalonil degradation to Chd hydrolytic dehalogenase; this imports the conservative primary hydrolytic dehalogenation product.
13,Dichlorvos,Phosphoesterase-mediated dichlorvos hydrolysis,Experimentally reported phosphoesterase system; organism not specified in local protein record,PARTIAL,1,Dichlorvos,Dimethyl phosphate + Dichloroacetaldehyde,Phosphoester hydrolysis,Phosphoesterase,opdA / mpd,GENETIC,10.1016/j.chemosphere.2019.01.058,Dichlorvos phosphoesterase opdA/mpd evidence curated in PesticideDB protein records,Database curated protein/evidence records; source PDF not locally readable,PesticideDB protein records link dichlorvos degradation to phosphoesterase genes opdA and mpd; this imports the conservative phosphoester hydrolysis products.
14,Flonicamid,Ensifer adhaerens flonicamid nitrile hydration,Ensifer adhaerens CGMCC 6315,PARTIAL,1,Flonicamid,N-(4-trifluoromethylnicotinoyl) glycinamide,Nitrile hydration,Nitrile hydratase PnhA / CnhA,pnhA / cnhA,PURIFIED_ENZYME,10.1186/s12934-021-01620-4,Biodegradation of flonicamid by Ensifer adhaerens CGMCC 6315 and enzymatic characterization of the nitrile hydratases involved,Flonicamid_10.1186_s12934-021-01620-4.pdf,The paper reports transformation of flonicamid to TFNG-AM via a hydration pathway mediated by nitrile hydratases PnhA and CnhA.
14,Dicamba,Dmt06 tetrahydrofolate-dependent dicamba demethylation,Dicamba-degrading microbial consortium; recombinant Escherichia coli BL21 expression,PARTIAL,1,Dicamba,"3,6-dichlorosalicylate",Tetrahydrofolate-dependent demethylation,Dicamba demethylase Dmt06,dmt06,PURIFIED_ENZYME,10.3389/fmicb.2022.978577,Cloning of a novel tetrahydrofolate-dependent dicamba demethylase gene from dicamba-degrading consortium and characterization of the gene product,Dicamba_10.3389_fmicb.2022.978577.pdf,"Purified Dmt06 catalyzed methyl transfer from dicamba to THF, generating 3,6-DCSA and 5-methyl-THF."
14,Iprodione,Azospirillum sp. A1-3 iprodione degradation,Azospirillum sp. A1-3,PARTIAL,1,Iprodione,"N-(3,5-dichlorophenyl)-2,4-dioxoimidazolidine",N1 amide bond hydrolysis,Iprodione hydrolase,ipaH,GENETIC,10.3389/fmicb.2022.1057030,Degradation of iprodione by a novel strain Azospirillum sp. A1-3 isolated from Tibet,Iprodione_10.3389_fmicb.2022.1057030.pdf,"GC-MS/MS identified N-(3,5-dichlorophenyl)-2,4-dioxoimidazolidine as the first iprodione degradation product; ipaH was detected in strain A1-3."
14,Iprodione,Azospirillum sp. A1-3 iprodione degradation,Azospirillum sp. A1-3,PARTIAL,2,"N-(3,5-dichlorophenyl)-2,4-dioxoimidazolidine","(3,5-dichlorophenylurea) acetic acid",Hydantoin ring cleavage,Hydantoin ring-cleavage activity,ddaH-like activity,METABOLITE,10.3389/fmicb.2022.1057030,Degradation of iprodione by a novel strain Azospirillum sp. A1-3 isolated from Tibet,Iprodione_10.3389_fmicb.2022.1057030.pdf,"The study reports conversion of N-(3,5-dichlorophenyl)-2,4-dioxoimidazolidine to (3,5-dichlorophenylurea) acetic acid; downstream 3,5-dichloroaniline was not formed by this strain."
14,Cyromazine,Melamine-degrading bacteria cyromazine transformation,Arthrobacter sp. MCO; Arthrobacter sp. CSP; Nocardioides sp. ATD6,PARTIAL,1,Cyromazine,N-cyclopropylammeline,Microbial deamination / triazine transformation,Enzyme not identified,,METABOLITE,10.1584/jpestics.D15-044,Biodegradation of cyromazine by melamine-degrading bacteria,Cyromazine_10.1584_jpestics.D15-044.pdf,UPLC-MS/MS identified N-cyclopropylammeline as the cyromazine metabolite during degradation by melamine-degrading bacteria.
14,Oxamyl,Pseudomonas oxamyl carbamate hydrolysis,Pseudomonas spp. oxamyl-degrading isolates,PARTIAL,1,Oxamyl,Oxamyl oxime + Methylamine,Carbamate hydrolysis,CehA-like carbamate hydrolase,cehA-like gene,GENETIC,10.3389/fmicb.2016.00616,Isolation of oxamyl-degrading Pseudomonas strains carrying a CehA-like carbamate-hydrolase gene,Oxamyl_10.3389_fmicb.2016.00616.pdf,"The isolates hydrolyzed oxamyl to oxamyl oxime, which was not further transformed, and utilized methylamine as carbon and nitrogen source; cehA-like transcription supported involvement in hydrolysis."
14,Lindane,Sequential anaerobic lindane dechlorination by mixed microbial cultures,"Sequential mixed anaerobic microbial cultures I, II, and III",PARTIAL,1,Lindane,Monochlorobenzene + Benzene,Reductive dechlorination,Dehalogenase activity not assigned,,METABOLITE,10.1101/2020.10.25.354597,Biotransformation of lindane to non-toxic end products by sequential treatment with mixed anaerobic microbial cultures,Lindane_10.1101_2020.10.25.354597.pdf,The open preprint reports dechlorination of lindane to monochlorobenzene and benzene by culture I in a sequential anaerobic treatment approach.
15,Aldrin and Dieldrin,Mucor racemosus aerobic dieldrin transformation,Mucor racemosus strain DDF,PARTIAL,1,Dieldrin,Aldrin trans-diol,Aerobic fungal transformation,Enzyme not assigned,,METABOLITE,10.1584/jpestics.J18-03,Biodegradability and biodegradation pathways of chlorinated cyclodiene insecticides by soil fungi,Aldrin_and_Dieldrin_10.1584_jpestics.J18-03.pdf,The paper reports >90% dieldrin degradation by Mucor racemosus strain DDF and production of aldrin trans-diol.
15,Aldrin and Dieldrin,Mucor racemosus aerobic dieldrin transformation,Mucor racemosus strain DDF,PARTIAL,2,Aldrin trans-diol,Aldrin trans-diol exo- and endo-phosphates,Phosphate metabolite formation,Enzyme not assigned,,METABOLITE,10.1584/jpestics.J18-03,Biodegradability and biodegradation pathways of chlorinated cyclodiene insecticides by soil fungi,Aldrin_and_Dieldrin_10.1584_jpestics.J18-03.pdf,Strain DDF reduced aldrin trans-diol while producing metabolites determined as aldrin trans-diol exo- and endo-phosphates.
15,Endosulfan,Mortierella aerobic endosulfan transformation,Mortierella sp. strains W8 and Cm1-45,PARTIAL,1,Endosulfan,Endosulfan diol,Hydrolytic transformation,Enzyme not assigned,,METABOLITE,10.1584/jpestics.J18-03,Biodegradability and biodegradation pathways of chlorinated cyclodiene insecticides by soil fungi,Aldrin_and_Dieldrin_10.1584_jpestics.J18-03.pdf,Mortierella sp. W8 and Cm1-45 generated endosulfan diol as the first reported transformation product of alpha- and beta-endosulfan.
15,Endosulfan,Mortierella aerobic endosulfan transformation,Mortierella sp. strains W8 and Cm1-45,PARTIAL,2,Endosulfan diol,Endosulfan lactone,Further fungal conversion,Enzyme not assigned,,METABOLITE,10.1584/jpestics.J18-03,Biodegradability and biodegradation pathways of chlorinated cyclodiene insecticides by soil fungi,Aldrin_and_Dieldrin_10.1584_jpestics.J18-03.pdf,The paper reports further conversion of endosulfan diol to endosulfan lactone during fungal endosulfan degradation.
15,Permethrin,Acinetobacter baumannii ZH-14 permethrin hydrolysis pathway,Acinetobacter baumannii ZH-14,PARTIAL,1,Permethrin,3-Phenoxybenzenemethanol,Ester hydrolysis,Hydrolytic activity not assigned,,METABOLITE,10.3389/fmicb.2018.00098,Kinetics and novel degradation pathway of permethrin in Acinetobacter baumannii ZH-14,Permethrin_10.3389_fmicb.2018.00098.pdf,"HPLC/GC-MS identified 3-phenoxybenzenemethanol as a major intermediate, and the proposed pathway starts with ester-linkage hydrolysis; 2,2-dimethyl-3-(2,2-dichlorovinyl) cyclopropanecarboxylic acid is reported as the corresponding acid co-product rather than the continuing pathway node."
15,Permethrin,Acinetobacter baumannii ZH-14 permethrin hydrolysis pathway,Acinetobacter baumannii ZH-14,PARTIAL,2,3-Phenoxybenzenemethanol,3-Phenoxybenzaldehyde,Redox transformation,Oxidoreductive activity not assigned,,METABOLITE,10.3389/fmicb.2018.00098,Kinetics and novel degradation pathway of permethrin in Acinetobacter baumannii ZH-14,Permethrin_10.3389_fmicb.2018.00098.pdf,The paper identifies 3-phenoxybenzaldehyde as a major intermediate and proposes redox conversion from 3-phenoxybenzenemethanol.
15,Permethrin,Acinetobacter baumannii ZH-14 permethrin hydrolysis pathway,Acinetobacter baumannii ZH-14,PARTIAL,3,3-Phenoxybenzaldehyde,"1,2-Benzenedicarboxylic acid",Diaryl cleavage,Cleavage activity not assigned,,METABOLITE,10.3389/fmicb.2018.00098,Kinetics and novel degradation pathway of permethrin in Acinetobacter baumannii ZH-14,Permethrin_10.3389_fmicb.2018.00098.pdf,"The proposed permethrin pathway links 3-phenoxybenzaldehyde to 1,2-benzenedicarboxylic acid by diaryl cleavage."
15,Bifenthrin,Candida pelliculosa ZS-02 bifenthrin hydrolysis pathway,Candida pelliculosa strain ZS-02,PARTIAL,1,Bifenthrin,Cyclopropanecarboxylic acid + 2-methyl-3-biphenylyl methanol,Carboxylester hydrolysis,Hydrolytic activity not assigned,,METABOLITE,10.1371/journal.pone.0030862,Microbial detoxification of bifenthrin by a novel yeast and its potential for contaminated soils treatment,Bifenthrin_10.1371_journal.pone.0030862.pdf,GC-MS based pathway analysis reports hydrolysis of bifenthrin to cyclopropanecarboxylic acid and 2-methyl-3-biphenylyl methanol.
15,Bifenthrin,Candida pelliculosa ZS-02 bifenthrin hydrolysis pathway,Candida pelliculosa strain ZS-02,PARTIAL,2,2-methyl-3-biphenylyl methanol,"4-trifluoromethoxyphenol + 2-chloro-6-fluorobenzyl alcohol + 3,5-dimethoxyphenol",Biphenyl cleavage,Cleavage activity not assigned,,METABOLITE,10.1371/journal.pone.0030862,Microbial detoxification of bifenthrin by a novel yeast and its potential for contaminated soils treatment,Bifenthrin_10.1371_journal.pone.0030862.pdf,The paper reports further transformation of 2-methyl-3-biphenylyl methanol by biphenyl cleavage to three named products.
16,Fenvalerate,Citrobacter freundii CD-9 fenvalerate degradation,Citrobacter freundii CD-9,PARTIAL,1,Fenvalerate,"3-phenoxybenzaldehyde + butyl 1,2-phthalate",Ester-bond hydrolysis,Intracellular crude enzyme activity,,CRUDE_EXTRACT,10.1186/s13568-020-01128-x,Biodegradation and metabolic pathway of fenvalerate by Citrobacter freundii CD-9,Fenvalerate_10.1186_s13568-020-01128-x.pdf,"The study reports that fenvalerate was first hydrolyzed by ester-bond cleavage to main intermediate products including 3-phenoxybenzaldehyde and butyl 1,2-phthalate; the degrading enzyme activity was mainly intracellular."
16,Fenvalerate,Citrobacter freundii CD-9 fenvalerate degradation,Citrobacter freundii CD-9,PARTIAL,2,Fenvalerate,3-chlorophenylacetic acid,Proposed ester-linkage hydrolysis branch,Intracellular crude enzyme activity,,METABOLITE,10.1186/s13568-020-01128-x,Biodegradation and metabolic pathway of fenvalerate by Citrobacter freundii CD-9,Fenvalerate_10.1186_s13568-020-01128-x.pdf,The proposed pathway describes fenvalerate degradation to 3-chlorophenylacetic acid through ester-linkage hydrolysis; alpha-cyano-3-phenoxybenzyl alcohol is reported as a co-product of this branch rather than a separate downstream node.
16,Fenvalerate,Citrobacter freundii CD-9 fenvalerate degradation,Citrobacter freundii CD-9,PARTIAL,3,3-chlorophenylacetic acid,4-hydroxyphenylacetic acid,Proposed dehalogenation / hydroxylation branch,Activity not assigned,,METABOLITE,10.1186/s13568-020-01128-x,Biodegradation and metabolic pathway of fenvalerate by Citrobacter freundii CD-9,Fenvalerate_10.1186_s13568-020-01128-x.pdf,The proposed route indicates conversion of 3-chlorophenylacetic acid to 4-hydroxyphenylacetic acid; the paper identifies multiple metabolites by HPLC/GC-MS.
16,Deltamethrin,Acinetobacter junii and Klebsiella pneumoniae co-culture deltamethrin degradation,Acinetobacter junii LH-1-1; Klebsiella pneumoniae BPBA052,PARTIAL,1,Deltamethrin,3-phenoxybenzaldehyde,Hydrolysis,Co-culture hydrolytic activity not assigned,,METABOLITE,10.1186/s13568-020-01043-1,Bioremediation of deltamethrin and its metabolite 3-phenoxybenzoic acid by co-culture,Deltamethrin_10.1186_s13568-020-01043-1.pdf,GC-MS detected 3-phenoxybenzaldehyde during deltamethrin degradation; the proposed co-culture pathway starts with deltamethrin hydrolysis.
16,Deltamethrin,Acinetobacter junii and Klebsiella pneumoniae co-culture deltamethrin degradation,Acinetobacter junii LH-1-1; Klebsiella pneumoniae BPBA052,PARTIAL,2,Deltamethrin,"1,2-benzenedicarboxylic butyl dacyl ester",Proposed downstream transformation,Activity not assigned,,METABOLITE,10.1186/s13568-020-01043-1,Bioremediation of deltamethrin and its metabolite 3-phenoxybenzoic acid by co-culture,Deltamethrin_10.1186_s13568-020-01043-1.pdf,"1,2-benzenedicarboxylic butyl dacyl ester was identified by GC-MS as a deltamethrin degradation metabolite in the co-culture system."
16,Deltamethrin,Acinetobacter junii and Klebsiella pneumoniae co-culture deltamethrin degradation,Acinetobacter junii LH-1-1; Klebsiella pneumoniae BPBA052,PARTIAL,3,Deltamethrin,Phenol,Proposed downstream transformation,Activity not assigned,,METABOLITE,10.1186/s13568-020-01043-1,Bioremediation of deltamethrin and its metabolite 3-phenoxybenzoic acid by co-culture,Deltamethrin_10.1186_s13568-020-01043-1.pdf,Phenol was identified by GC-MS as a metabolite during deltamethrin degradation in the co-culture system.
17,Propiconazole,Burkholderia sp. BBK_9 propiconazole bioconversion,Burkholderia sp. BBK_9,PARTIAL,1,Propiconazole,"1-(2,4-dichlorophenyl)-2-(1H-1,2,4-triazol-1-yl) ethanone",Bioconversion / dioxolane-ring degradation,Enzyme not assigned,,METABOLITE,10.1007/s13205-016-0429-3,Biodegradation of propiconazole by newly isolated Burkholderia sp. strain BBK_9,Propiconazole_10.1007_s13205-016-0429-3.pdf,The paper reports GC-MS/fragmentation-based formation of this metabolite during propiconazole bioconversion by Burkholderia sp. BBK_9 and proposes a degradation pathway. Chromosomal degradation genes were inferred; plasmid curing indicated plasmid-borne genes were not required.
17,Propiconazole,Burkholderia sp. BBK_9 propiconazole bioconversion,Burkholderia sp. BBK_9,PARTIAL,2,Propiconazole,"1-[2-(4-chlorophenyl)ethyl]-1H-1,2,4-triazole",Bioconversion / dechlorinated triazole product formation,Enzyme not assigned,,METABOLITE,10.1007/s13205-016-0429-3,Biodegradation of propiconazole by newly isolated Burkholderia sp. strain BBK_9,Propiconazole_10.1007_s13205-016-0429-3.pdf,The paper names this compound as one of three metabolites formed during propiconazole bioconversion by strain BBK_9. Chromosomal degradation genes were inferred; plasmid curing indicated plasmid-borne genes were not required.
17,Propiconazole,Burkholderia sp. BBK_9 propiconazole bioconversion,Burkholderia sp. BBK_9,PARTIAL,3,Propiconazole,"1-ethyl-1H-1,2,4-triazole",Bioconversion / triazole product formation,Enzyme not assigned,,METABOLITE,10.1007/s13205-016-0429-3,Biodegradation of propiconazole by newly isolated Burkholderia sp. strain BBK_9,Propiconazole_10.1007_s13205-016-0429-3.pdf,"The paper names 1-ethyl-1H-1,2,4-triazole as a propiconazole bioconversion metabolite and notes that plasmid curing did not abolish degradation. Chromosomal degradation genes were inferred; plasmid curing indicated plasmid-borne genes were not required."
17,Bentazone,Trametes versicolor bentazone transformation products,Trametes versicolor,PARTIAL,1,Bentazone,TP256 (hydroxyl-bentazone),Aromatic hydroxylation,Cytochrome P450-associated activity,,METABOLITE,10.1016/j.jhazmat.2020.124476,"Remediation of bentazone contaminated water by Trametes versicolor: characterization, identification of transformation products, and implementation in a trickle-bed reactor under non-sterile conditions",Bentazone_10.1016_j.jhazmat.2020.124476.pdf,UPLC-HRMS detected TP256 as hydroxyl-bentazone. The structure is tentative because reference standards were not used; the paper assigns confidence level 3.
17,Bentazone,Trametes versicolor bentazone transformation products,Trametes versicolor,PARTIAL,2,Bentazone,TP268 (oxidized N-methyl-bentazone form),Oxidation / methylation-associated transformation,Cytochrome P450-associated activity,,METABOLITE,10.1016/j.jhazmat.2020.124476,"Remediation of bentazone contaminated water by Trametes versicolor: characterization, identification of transformation products, and implementation in a trickle-bed reactor under non-sterile conditions",Bentazone_10.1016_j.jhazmat.2020.124476.pdf,TP268 was identified as an oxidized form of N-methyl-bentazone; the paper reports tentative HRMS confidence-level assignment.
17,Bentazone,Trametes versicolor bentazone transformation products,Trametes versicolor,PARTIAL,3,TP268 (oxidized N-methyl-bentazone form),TP284a (further oxidized N-methyl-bentazone form),Further oxidation,Cytochrome P450-associated activity,,METABOLITE,10.1016/j.jhazmat.2020.124476,"Remediation of bentazone contaminated water by Trametes versicolor: characterization, identification of transformation products, and implementation in a trickle-bed reactor under non-sterile conditions",Bentazone_10.1016_j.jhazmat.2020.124476.pdf,"TP284a appeared later than TP268, and the paper suggests TP284a may result from oxidation of TP268."
17,Bentazone,Trametes versicolor bentazone transformation products,Trametes versicolor,PARTIAL,4,Bentazone,TP284b (carboxylated bentazone form),Carboxylation,Enzyme not assigned,,METABOLITE,10.1016/j.jhazmat.2020.124476,"Remediation of bentazone contaminated water by Trametes versicolor: characterization, identification of transformation products, and implementation in a trickle-bed reactor under non-sterile conditions",Bentazone_10.1016_j.jhazmat.2020.124476.pdf,"TP284b is proposed as a carboxylated bentazone form, likely at the isopropyl moiety, based on HRMS fragmentation."
17,Bentazone,Trametes versicolor bentazone transformation products,Trametes versicolor,PARTIAL,5,Bentazone,TP285 (hydroxylated N-nitroso bentazone form),Hydroxylation and N-nitrosation,Enzyme not assigned,,METABOLITE,10.1016/j.jhazmat.2020.124476,"Remediation of bentazone contaminated water by Trametes versicolor: characterization, identification of transformation products, and implementation in a trickle-bed reactor under non-sterile conditions",Bentazone_10.1016_j.jhazmat.2020.124476.pdf,The paper tentatively assigns TP285 as produced by hydroxylation and N-nitrosation of the parent compound's secondary amine.
18,Fipronil,Enterobacter chengduensis G2.8 fipronil metabolite formation,Enterobacter chengduensis strain G2.8,PARTIAL,1,Fipronil,Fipronil-sulfone,Oxidation to fipronil-sulfone,Enzyme not assigned; oxidation inferred from GC-MS metabolite profile,,METABOLITE,10.3390/life13091935,Fipronil Degradation in Soil by Enterobacter chengduensis Strain G2.8: Metabolic Perspective,PMC10532730 XML via NCBI EFetch,"The open-access article reports GC-MS monitoring of fipronil, fipronil-sulfone, and fipronil-sulfide during incubation with Enterobacter chengduensis G2.8. Fipronil-sulfone production was attributed to the fipronil oxidation pathway and was later degraded during the 14-day assay."
18,Fipronil,Enterobacter chengduensis G2.8 fipronil metabolite formation,Enterobacter chengduensis strain G2.8,PARTIAL,2,Fipronil,Fipronil-sulfide,Reduction to fipronil-sulfide,Enzyme not assigned; reduction inferred from GC-MS metabolite profile,,METABOLITE,10.3390/life13091935,Fipronil Degradation in Soil by Enterobacter chengduensis Strain G2.8: Metabolic Perspective,PMC10532730 XML via NCBI EFetch,The paper reports fipronil-sulfide as a measured metabolite formed during fipronil degradation by Enterobacter chengduensis G2.8. The authors describe fipronil-sulfide as the reduction product and report subsequent metabolite decrease during the assay.
19,Methamidophos,Pseudomonas aeruginosa Is-6 methamidophos degradation,Pseudomonas aeruginosa strain Is-6,PARTIAL,1,Methamidophos,"O,S-dimethyl phosphorothioate (DMPT)",Hydrolysis of amino group,Methamidophos phosphoamide hydrolase proposed,,METABOLITE,10.1080/03601234.2013.836868,Biodegradation of acephate and methamidophos by a soil bacterium Pseudomonas aeruginosa strain Is-6,Biodegradation of acephate and methamidophos by a soil bacterium Pseudomonas aeruginosa strain Is-6..pdf,"The primary paper reports complete methamidophos degradation by Pseudomonas aeruginosa Is-6 and detects O,S-dimethyl phosphorothioate (DMPT) by HPLC/ESI-MS. The authors describe methamidophos degradation as hydrolysis of the amino group by a proposed methamidophos phosphoamide hydrolase, releasing ammonium ions and yielding DMPT."
20,Buprofezin,Rhodococcus qingshengii YL-1 buprofezin catabolic pathway,Rhodococcus qingshengii YL-1,PARTIAL,1,Buprofezin,"2-tert-butylimino-3-isopropyl-1,3,5-thiadiazinan-4-one (2-BI)","Dihydroxylation, aromatic-ring cleavage, and amide-bond cleavage",Rieske nonheme iron oxygenase; dehydrogenase; aromatic ring-cleavage enzyme,RHO; bfzB; bfzC,GENETIC,10.1128/AEM.00868-17,Molecular mechanism and genetic determinants of buprofezin degradation,Database reference from pesticide_data.xlsx / PBDB_master_with_ids.xlsx,This DOI is present in pesticide_data.xlsx. The pathway links buprofezin transformation by Rhodococcus qingshengii YL-1 with the bfz gene cluster and detected upstream catabolic product 2-BI.
20,Acetochlor,Bacillus sp. ACD-9 acetochlor degradation pathway,Bacillus sp. ACD-9,PARTIAL,1,Acetochlor,2-chloro-N-(2-methyl-6-ethylphenyl) acetamide (CMEPA),Chloroacetamide transformation,,,METABOLITE,10.1007/s13205-020-2056-2,Degradation of acetochlor and beneficial effect of phosphate-solubilizing Bacillus sp. ACD-9 on maize seedlings,Database reference from pesticide_data.xlsx / PBDB_master_with_ids.xlsx,This DOI is present in pesticide_data.xlsx. The source reports LC-MS identification of CMEPA as the probable acetochlor degradation product.
20,Diphenylamine,Burkholderia and Ralstonia diphenylamine dioxygenation pathway,Burkholderia sp. JS667; Ralstonia sp. JS668,PARTIAL,1,Diphenylamine,Aniline + catechol,Dioxygenation and spontaneous rearomatization,Multicomponent ring-hydroxylating dioxygenase,dpaAa; tdnC,GENETIC,10.1128/AEM.02198-08,Microbial metabolism of diphenylamine,Database reference from pesticide_data.xlsx / PBDB_master_with_ids.xlsx,This DOI is present in pesticide_data.xlsx. The source links diphenylamine conversion to aniline and catechol with ring-hydroxylating dioxygenase genes.
20,Aldrin and Dieldrin,Mucor racemosus DDF dieldrin degradation pathway,Mucor racemosus strain DDF,PARTIAL,1,Dieldrin,Aldrin trans-diol,Fungal transformation,,,METABOLITE,10.1584/jpestics.J18-03,Biodegradability and biodegradation pathways of chlorinated cyclodiene insecticides by soil fungi,Database reference from pesticide_data.xlsx / PBDB_master_with_ids.xlsx,This DOI is present in pesticide_data.xlsx. The source reports dieldrin degradation by Mucor racemosus strain DDF with production of aldrin trans-diol.
20,Aldrin and Dieldrin,Mucor racemosus DDF dieldrin degradation pathway,Mucor racemosus strain DDF,PARTIAL,2,Aldrin trans-diol,Aldrin trans-diol exo- and endo-phosphates,Phosphate metabolite formation,,,METABOLITE,10.1584/jpestics.J18-03,Biodegradability and biodegradation pathways of chlorinated cyclodiene insecticides by soil fungi,Database reference from pesticide_data.xlsx / PBDB_master_with_ids.xlsx,This DOI is present in pesticide_data.xlsx. The source reports further conversion of aldrin trans-diol to exo- and endo-phosphate metabolites.
20,Parathion-Methyl,Bacillus strain C5 parathion-methyl hydrolysis pathway,Acinetobacter radioresistens USTB-04,PARTIAL,1,Parathion-Methyl,p-nitrophenol + dimethyl thiophosphate,Phosphotriester hydrolysis,Hydrolase,,WHOLE_CELL,10.1016/S1001-0742(07)60205-8,Identification of a marine Bacillus strain C5 and parathion-methyl degradation characteristics,Database reference from pesticide_data.xlsx / PBDB_master_with_ids.xlsx,This DOI is present in pesticide_data.xlsx. The row captures the first hydrolysis step generally reported for parathion-methyl degradation.
20,Pendimethalin,Bacillus subtilis Y3 pendimethalin nitroreduction pathway,Bacillus subtilis Y3,PARTIAL,1,Pendimethalin,Reduced pendimethalin metabolite,Nitro-group reduction,Pendimethalin nitroreductase,pnr,GENETIC,10.1128/AEM.01771-16,Identification of a pendimethalin nitroreductase from Bacillus subtilis Y3,Database reference from pesticide_data.xlsx / PBDB_master_with_ids.xlsx,This DOI is present in pesticide_data.xlsx. The database reference supports the pnr nitroreductase step; the product label is kept conservative because the current database source does not store a more specific metabolite name.
20,Dicamba,Pseudomonas maltophilia DI-6 dicamba O-demethylation pathway,Pseudomonas maltophilia DI-6,PARTIAL,1,Dicamba,"3,6-dichlorosalicylic acid",O-demethylation,Dicamba monooxygenase,ddmA; ddmB; ddmC,GENETIC,10.1128/aem.63.4.1623-1626.1997,Dicamba O-demethylase genes from Pseudomonas maltophilia DI-6,Database reference from pesticide_data.xlsx / PBDB_master_with_ids.xlsx,"This DOI is present in pesticide_data.xlsx. Dicamba O-demethylase converts dicamba to 3,6-dichlorosalicylic acid."
20,Flonicamid,Alcaligenes faecalis CGMCC 17553 flonicamid nitrile hydrolysis pathway,Alcaligenes faecalis CGMCC 17553,PARTIAL,1,Flonicamid,N-(4-trifluoromethylnicotinoyl)glycinamide (TFNG-AM),Nitrile hydration / amide formation,Nitrile hydratase / amidase system,NitA; NitB; NitC; NitD; NitE,GENETIC,10.1021/acs.jafc.9b04245,Flonicamid biodegradation genes in Alcaligenes faecalis CGMCC 17553,Database reference from pesticide_data.xlsx / PBDB_master_with_ids.xlsx,This DOI is present in pesticide_data.xlsx and PBDB_master_with_ids.xlsx. The step is represented as the first database-supported nitrile-hydrolysis transformation.
20,Iprodione,Paenarthrobacter sp. YJN-5 iprodione hydrolase pathway,Paenarthrobacter sp. YJN-5,PARTIAL,1,Iprodione,Iprodione hydantoin-ring hydrolysis product,Amide/hydantoin-ring hydrolysis,IpaH amidase,ipaH,GENETIC,10.1128/AEM.01150-18,Identification of iprodione catabolic amidase IpaH in Paenarthrobacter sp. YJN-5,Database reference from pesticide_data.xlsx / PBDB_master_with_ids.xlsx,This DOI is present in pesticide_data.xlsx and PBDB_master_with_ids.xlsx. The product name is kept conservative because the current database source stores the protein/gene evidence but not a standardized metabolite name.
20,Sulfoxaflor,Aminobacter sp. CGMCC 1.17253 sulfoxaflor nitrile hydration pathway,Aminobacter sp. CGMCC 1.17253,PARTIAL,1,Sulfoxaflor,Sulfoxaflor amide,Nitrile hydration,Nitrile hydratase,nhaseA; nhaseB,GENETIC,10.1021/acs.jafc.9b06668,Nitrile hydratase-mediated sulfoxaflor degradation by Aminobacter sp. CGMCC 1.17253,Database reference from pesticide_data.xlsx / PBDB_master_with_ids.xlsx,This DOI is present in pesticide_data.xlsx and PBDB_master_with_ids.xlsx. The row represents the database-backed nitrile hydratase transformation of sulfoxaflor.
21,Dimethoate,Sphingomonas sp. DC-6 dimethoate amidohydrolase pathway,Sphingomonas sp. DC-6,PARTIAL,1,Dimethoate,Dimethoate hydrolysis products,Amidohydrolase-mediated hydrolysis,Dimethoate amidohydrolase,dmhA,PURIFIED_ENZYME,10.1007/s10529-015-2027-6,Database DOI record for dimethoate amidohydrolase in Sphingomonas sp. DC-6,Database reference from pesticide_data.xlsx / PBDB_master_with_ids.xlsx,This DOI is present in pesticide_data.xlsx and PBDB_master_with_ids.xlsx. The database supports purified/kinetic dimethoate amidohydrolase evidence; the exact product names are kept conservative because they are not standardized in the current source table.
21,Pinoxaden,Acinetobacter pittobacter T4P20-1 pinoxaden degradation evidence,Acinetobacter pittobacter strain T4P20-1,PARTIAL,1,Pinoxaden,Microbial transformation products not resolved in current database source,Whole-cell degradation with predicted associated genes,Predicted degradation-associated proteins,psd; tgt; pyrF; hemF; phnX; folE,WHOLE_CELL,10.21203/rs.3.rs-1375498/v1,Database DOI record for pinoxaden degradation by Acinetobacter pittobacter strain T4P20-1,Database reference from pesticide_data.xlsx / PBDB_master_with_ids.xlsx,"This DOI is present in pesticide_data.xlsx. The current database source supports degradation and predicted genes, but does not store named transformation products; therefore this is represented as a conservative evidence node rather than a complete metabolite pathway."
21,Fenamiphos,Microbacterium esteraromaticum fenamiphos hydrolysis evidence,Microbacterium esteraromaticum,PARTIAL,1,Fenamiphos,Fenamiphos hydrolysis products,Organophosphorus hydrolase / esterase activity,Organophosphorus hydrolase / esterase,,WHOLE_CELL,10.1016/j.biortech.2008.12.043,Database DOI record for fenamiphos degradation by Microbacterium esteraromaticum,Database reference from pesticide_data.xlsx / PBDB_master_with_ids.xlsx,This DOI is present in pesticide_data.xlsx. The database supports hydrolytic degradation evidence; product labels remain conservative until exact metabolites are curated from the source article.
21,Phosphonic acid,Escherichia coli phosphonic acid C-P lyase pathway,Escherichia coli,PARTIAL,1,Phosphonic acid,C-P bond cleavage products,C-P lyase-mediated phosphonate utilization,C-P lyase,phnC-phnP,GENETIC,10.1128/JB.01131-09,Database DOI record for phn operon-associated phosphonic acid utilization,Database reference from pesticide_data.xlsx / PBDB_master_with_ids.xlsx,This DOI is present in pesticide_data.xlsx. The database supports genetic C-P lyase evidence; products are kept as a conservative cleavage-product label because the database source does not define a single pesticide-style metabolite.
21,Isoxaflutole,White-rot fungus isoxaflutole oxidative degradation evidence,Phanerochaete chrysosporium (ATCC 24725); Trametes versicolor,PARTIAL,1,Isoxaflutole,Oxidative transformation products not resolved in current database source,Laccase/peroxidase-associated oxidative transformation,Laccase; lignin peroxidase; manganese peroxidase,EC 1.10.3.2; LiP; MnP; bphA1; benA; bph; p450; ppah,WHOLE_CELL,10.1021/jf000397q,Database DOI record for fungal isoxaflutole degradation,Database reference from pesticide_data.xlsx / PBDB_master_with_ids.xlsx,This DOI is present in pesticide_data.xlsx. The database supports fungal oxidative degradation evidence; exact intermediates are not standardized in the current source table.
21,Quinclorac,Burkholderia cepacia WZ1 quinclorac aromatic-ring degradation evidence,Burkholderia cepacia WZ1,PARTIAL,1,Quinclorac,Chlorinated aromatic ring-cleavage products,Dioxygenase/reductase-associated aromatic degradation,"Phthalate dioxygenase reductase; chlorocatechol 1,2-dioxygenase",,WHOLE_CELL,10.1016/j.soilbio.2008.10.026,Database DOI record for quinclorac degradation by Burkholderia cepacia WZ1,Database reference from pesticide_data.xlsx / PBDB_master_with_ids.xlsx,This DOI is present in pesticide_data.xlsx. The database supports dioxygenase-linked quinclorac degradation; the product label is conservative because named metabolites are not stored in the current source table.
21,Cyfluthrin/beta-cyfluthrin,Bacillus subtilis BSF01 beta-cyfluthrin carboxylesterase pathway,Bacillus subtilis BSF01,PARTIAL,1,Cyfluthrin/beta-cyfluthrin,Pyrethroid ester-cleavage products,Carboxylesterase-mediated ester hydrolysis,Carboxylesterase assay system,cesB,GENETIC,10.3389/fbioe.2020.00889,Database DOI record for Bacillus subtilis BSF01 beta-cyfluthrin carboxylesterase,Database reference from pesticide_data.xlsx / PBDB_master_with_ids.xlsx,This DOI is present in pesticide_data.xlsx. The database supports cesB-linked carboxylesterase activity; product names are kept broad until exact pyrethroid cleavage metabolites are curated from the article.
21,Profenofos,Cupriavidus nantongensis X1 profenofos organophosphate hydrolase pathway,Cupriavidus nantongensis X1T,PARTIAL,1,Profenofos,Profenofos hydrolysis products,Organophosphate hydrolase-mediated hydrolysis,Organophosphate hydrolase OpdB,opdB,GENETIC,10.1021/acs.jafc.0c00132,Database DOI record for OpdB-mediated profenofos degradation,Database reference from pesticide_data.xlsx / PBDB_master_with_ids.xlsx,This DOI is present in pesticide_data.xlsx. The database supports OpdB-linked profenofos hydrolysis; exact product naming is deferred until metabolite names are standardized in the source data.
21,Endrin,Burkholderia and Cupriavidus endrin degradation evidence,Burkholderia sp. strain MED-7; Cupriavidus sp. strain MED-5,PARTIAL,1,Endrin,Microbial transformation products not resolved in current database source,Whole-cell degradation,,,WHOLE_CELL,10.1007/s00253-008-1670-4,Database DOI record for bacterial endrin degradation,Database reference from pesticide_data.xlsx / PBDB_master_with_ids.xlsx,This DOI is present in pesticide_data.xlsx. The database supports whole-cell endrin degradation but does not store named intermediates in the current source table.
21,Phorate,Ralstonia eutropha AAJ1 phorate phosphatase degradation evidence,Ralstonia eutropha AAJ1,PARTIAL,1,Phorate,Phorate phosphoester-cleavage products,Phosphomonoesterase/phosphodiesterase-associated transformation,Phosphomonoesterase; phosphodiesterase,,WHOLE_CELL,10.1111/j.1472-765X.2009.02631.x,Database DOI record for phosphatase-associated phorate degradation,Database reference from pesticide_data.xlsx / PBDB_master_with_ids.xlsx,This DOI is present in pesticide_data.xlsx. The database supports phosphatase-associated degradation evidence; product naming is conservative because exact metabolites are not stored in the current source table.
22,Esfenvalerate,Bacillus sp. CBMAI2052 esfenvalerate carboxylesterase evidence,Bacillus sp. CBMAI2052,PARTIAL,1,Esfenvalerate,Pyrethroid ester-cleavage products,Carboxylesterase-associated hydrolysis,Carboxylesterases,,WHOLE_CELL,10.21577/0103-5053.20200051,Database DOI record for esfenvalerate degradation by Brazilian marine-derived bacteria,Database reference from pesticide_data.xlsx / PBDB_master_with_ids.xlsx,This DOI is present in pesticide_data.xlsx. The database supports bacterial esfenvalerate degradation with carboxylesterase evidence; exact metabolite names are not standardized in the current source table.
22,Metalaxyl,Candida tropicalis metalaxyl degradation evidence,Candida tropicalis,PARTIAL,1,Metalaxyl,Microbial transformation products not resolved in current database source,Whole-cell degradation,,,WHOLE_CELL,10.1007/s00284-020-02121-0,Database DOI record for metalaxyl degradation by Candida tropicalis,Database reference from pesticide_data.xlsx / PBDB_master_with_ids.xlsx,This DOI is present in pesticide_data.xlsx. The current database source supports microbial degradation but does not store named transformation products.
22,Dithiocarbamate,Pseudomonas dithiocarbamate degradation evidence,Pseudomonas otitidis strain TD-8; Pseudomonas stutzeri strain TD-18,PARTIAL,1,Dithiocarbamate,Microbial transformation products not resolved in current database source,Whole-cell degradation,,,WHOLE_CELL,10.1007/s11356-022-22731-4,Database DOI record for dithiocarbamate degradation by Pseudomonas strains,Database reference from pesticide_data.xlsx / PBDB_master_with_ids.xlsx,This DOI is present in pesticide_data.xlsx. The database supports whole-cell degradation; no exact transformation product is stored in the current source table.
22,Cypermethrin,Lysinibacillus cresolivuorans HIS7 cypermethrin degradation evidence,Lysinibacillus cresolivuorans strain HIS7,PARTIAL,1,Cypermethrin,Pyrethroid degradation products not resolved in current database source,Whole-cell degradation,,,WHOLE_CELL,10.3390/plants10091903,Database DOI record for cypermethrin degradation by Lysinibacillus cresolivuorans HIS7,Database reference from pesticide_data.xlsx / PBDB_master_with_ids.xlsx,This DOI is present in pesticide_data.xlsx. The database supports cypermethrin biodegradation; exact metabolites are not standardized in the current source table.
22,Thiacloprid,Ensifer adhaerens TMX-23 thiacloprid nitrile-hydration evidence,Ensifer adhaerens TMX-23,PARTIAL,1,Thiacloprid,Thiacloprid transformation products not resolved in current database source,Nitrile-hydratase-associated transformation,Nitrile hydratase,nhcA; nhpA; nhnR/nhnS; nhnH/nhnO,GENETIC,10.1111/jam.15172,Database DOI record for thiacloprid degradation by Ensifer adhaerens TMX-23,Database reference from pesticide_data.xlsx / PBDB_master_with_ids.xlsx,This DOI is present in pesticide_data.xlsx. The database supports genetic nitrile-hydratase-associated evidence; exact product names are not stored in the current source table.
22,Propylene oxide,Xanthobacter Py2 propylene oxide oxidoreductase evidence,Xanthobacter strain Py2,PARTIAL,1,Propylene oxide,Propylene oxide oxidation products,Pyridine nucleotide-disulfide oxidoreductase-associated transformation,Pyridine nucleotide-disulfide oxidoreductase,X.ORF3,PURIFIED_ENZYME,10.1128/jb.178.22.6644-6646.1996,Database DOI record for Xanthobacter Py2 propylene oxide oxidoreductase,Database reference from pesticide_data.xlsx / PBDB_master_with_ids.xlsx,This DOI is present in pesticide_data.xlsx. The database supports enzymatic oxidoreductase evidence; the product label is conservative because exact metabolites are not standardized in the current source table.
22,Dichlobenil,Nocardia sp. DDN dichlobenil degradation evidence,Nocardia sp. DDN,PARTIAL,1,Dichlobenil,Microbial transformation products not resolved in current database source,Whole-cell degradation,,,WHOLE_CELL,10.1016/j.envpol.2009.06.003,Database DOI record for dichlobenil degradation by Nocardia sp. DDN,Database reference from pesticide_data.xlsx / PBDB_master_with_ids.xlsx,This DOI is present in pesticide_data.xlsx. The database supports microbial degradation; exact transformation products are not stored in the current source table.
22,Tebuconazole,Trametes versicolor tebuconazole laccase evidence,Trametes versicolor ATCC 42530,PARTIAL,1,Tebuconazole,Oxidative transformation products not resolved in current database source,Laccase-associated oxidative degradation,Laccase,,WHOLE_CELL,10.1016/j.ecoenv.2020.110419,Database DOI record for tebuconazole degradation by Trametes versicolor,Database reference from pesticide_data.xlsx / PBDB_master_with_ids.xlsx,This DOI is present in pesticide_data.xlsx. The database supports fungal laccase-associated degradation; exact intermediates are not standardized in the current source table.
22,Fludioxonil,Pseudomonas and consortium fludioxonil degradation evidence,Pseudomonas sp.; Ochrobactrum sp.; Comamonas sp.,PARTIAL,1,Fludioxonil,Microbial transformation products not resolved in current database source,Whole-cell degradation,,,WHOLE_CELL,10.1016/j.jhazmat.2020.122545,Database DOI record for fludioxonil degradation by bacterial isolates,Database reference from pesticide_data.xlsx / PBDB_master_with_ids.xlsx,This DOI is present in pesticide_data.xlsx. The database supports bacterial degradation; no exact product names are stored in the current source table.
22,Methomyl,Aminobacter aminovorans MDW-2 methomyl hydrolase pathway,Aminobacter aminovorans MDW-2,PARTIAL,1,Methomyl,Methomyl C-N hydrolysis products,Carbamate C-N bond hydrolysis,Carbamate C-N hydrolase AmeH,AmeH,GENETIC,10.1128/AEM.02005-20.,Database DOI record for methomyl hydrolase AmeH,Database reference from pesticide_data.xlsx / PBDB_master_with_ids.xlsx,This DOI is present in pesticide_data.xlsx. The database supports AmeH carbamate C-N hydrolase evidence; the product label is conservative until exact product names are standardized in the source data.
23,Pirimiphos-Methyl,Lactobacillus plantarum pirimiphos-methyl degradation evidence,Lactobacillus plantarum,PARTIAL,1,Pirimiphos-Methyl,Microbial transformation products not resolved in current database source,Whole-cell degradation,,,WHOLE_CELL,10.1111/lam.12128,Database DOI record for pirimiphos-methyl degradation by Lactobacillus plantarum,Database reference from pesticide_data.xlsx / PBDB_master_with_ids.xlsx,This DOI is present in pesticide_data.xlsx. The database supports microbial degradation; exact transformation products are not standardized in the current source table.
23,Fenpropathrin,Sphingobium sp. JQL4-5 fenpropathrin hydrolase evidence,Sphingobium sp. JQL4-5(JQL4-5-mpd),PARTIAL,1,Fenpropathrin,Pyrethroid ester-cleavage products,Hydrolase-associated pyrethroid degradation,Methyl parathion hydrolase,mpd,GENETIC,10.1016/j.jenvman.2010.06.010,Database DOI record for mpd-associated fenpropathrin degradation,Database reference from pesticide_data.xlsx / PBDB_master_with_ids.xlsx,This DOI is present in pesticide_data.xlsx. The database supports mpd hydrolase-associated degradation; exact product names are kept broad until metabolites are standardized in the source data.
23,Prochloraz,Bacillus cereus WD-2 prochloraz degradation evidence,Bacillus cereus strain WD-2,PARTIAL,1,Prochloraz,Microbial transformation products not resolved in current database source,Whole-cell degradation,,,WHOLE_CELL,10.1371/journal.pone.0220975,Database DOI record for prochloraz degradation by Bacillus cereus WD-2,Database reference from pesticide_data.xlsx / PBDB_master_with_ids.xlsx,This DOI is present in pesticide_data.xlsx. The database supports microbial prochloraz degradation; exact products are not stored in the current source table.
23,Ethoprophos,Sphingomonas and Flavobacterium ethoprophos degradation evidence,Sphingomonas paucimobilis; Flavobacterium sp.,PARTIAL,1,Ethoprophos,Microbial transformation products not resolved in current database source,Whole-cell degradation,,,WHOLE_CELL,10.1016/j.femsec.2005.01.012,Database DOI record for ethoprophos degradation in soil bacteria,Database reference from pesticide_data.xlsx / PBDB_master_with_ids.xlsx,This DOI is present in pesticide_data.xlsx. The database supports microbial degradation; exact transformation products are not standardized in the current source table.
23,Flubendiamide,Botryosphaeria and fungal flubendiamide laccase evidence,Botryosphaeria rhodina; Trichoderma koningiopsis; Neurospora sp.,PARTIAL,1,Flubendiamide,Oxidative transformation products not resolved in current database source,Laccase/peroxidase-associated transformation,Laccase,,WHOLE_CELL,10.1007/s13213-019-01536-w,Database DOI record for fungal flubendiamide degradation,Database reference from pesticide_data.xlsx / PBDB_master_with_ids.xlsx,This DOI is present in pesticide_data.xlsx. The database supports fungal enzymatic/degradation evidence; exact products are not standardized in the current source table.
23,Mesotrione,Amycolatopsis nivea La24 mesotrione nitroreductase evidence,Amycolatopsis nivea La24,PARTIAL,1,Mesotrione,Mesotrione reduction products,Nitroreductase-associated transformation,Nitroreductase,,WHOLE_CELL,10.1016/j.jhazmat.2024.134951,Database DOI record for mesotrione degradation by Amycolatopsis nivea La24,Database reference from pesticide_data.xlsx / PBDB_master_with_ids.xlsx,This DOI is present in pesticide_data.xlsx. The database supports nitroreductase-associated degradation; exact product labels are conservative until metabolites are standardized in the source table.
23,Boscalid,Lysinibacillus and Bacillus boscalid degradation evidence,Lysinibacillus boronitolerans; Peribacillus muralis; Bacillus simplex,PARTIAL,1,Boscalid,Microbial transformation products not resolved in current database source,Whole-cell degradation,,,WHOLE_CELL,10.1016/j.envpol.2022.120484,Database DOI record for boscalid degradation by Bacillus-related isolates,Database reference from pesticide_data.xlsx / PBDB_master_with_ids.xlsx,This DOI is present in pesticide_data.xlsx. The database supports microbial degradation but does not store named transformation products.
23,Chlorpropham,Bacillus licheniformis NKC-1 chlorpropham hydrolase pathway,Bacillus licheniformis NKC-1,PARTIAL,1,Chlorpropham,3-chloroaniline and downstream chlorocatechol products,Hydrolysis followed by dioxygenase-associated aromatic transformation,"Chlorpropham hydrolase; 3-chloroaniline dioxygenase; 4-chlorocatechol 1,2-dioxygenase",,WHOLE_CELL,10.1007/s11274-018-2494-8,Database DOI record for chlorpropham degradation by Bacillus licheniformis NKC-1,Database reference from pesticide_data.xlsx / PBDB_master_with_ids.xlsx,This DOI is present in pesticide_data.xlsx. The database supports hydrolase and dioxygenase evidence for chlorpropham degradation; the product label summarizes the supported enzyme sequence conservatively.
23,Clothianidin,Pseudomonas clothianidin degradation evidence,Pseudomonas oleovorans SA2; Pseudomonas stutzeri strain SMK,PARTIAL,1,Clothianidin,Microbial transformation products not resolved in current database source,Whole-cell degradation,,,WHOLE_CELL,10.1021/acsomega.3c09749,Database DOI record for clothianidin degradation by Pseudomonas oleovorans SA2,Database reference from pesticide_data.xlsx / PBDB_master_with_ids.xlsx,This DOI is present in pesticide_data.xlsx. The database supports microbial degradation; exact product names are not standardized in the current source table.
23,Dinotefuran,Burkholderia sp. C3 dinotefuran hydrolase evidence,Burkholderia sp. C3,PARTIAL,1,Dinotefuran,Dinotefuran hydrolysis products,Carbaryl hydrolase-associated transformation,Carbaryl hydrolase,cahA,GENETIC,10.1007/s10532-013-9629-2,Database DOI record for Burkholderia sp. C3 hydrolase-associated dinotefuran degradation,Database reference from pesticide_data.xlsx / PBDB_master_with_ids.xlsx,This DOI is present in pesticide_data.xlsx. The database supports cahA hydrolase-associated degradation; exact product names are kept conservative until standardized in the source table.
24,Etoxazole,Paracoccus versutus Y4 etoxazole transformation evidence,Paracoccus versutus Y4,PARTIAL,1,Etoxazole,Etoxazole monooxygenase/dehydrogenase/hydrolase transformation products,"Monooxygenase, dehydrogenase, and hydrolase-associated transformation",Monooxygenase; dehydrogenase; hydrolase,,WHOLE_CELL,10.1016/j.jhazmat.2025.138448,Database DOI record for etoxazole degradation by Paracoccus versutus Y4,Database reference from pesticide_data.xlsx / PBDB_master_with_ids.xlsx,This DOI is present in pesticide_data.xlsx. The database supports enzyme-class evidence for etoxazole degradation; exact metabolites are not standardized in the current source table.
24,Fenitrothion,Burkholderia sp. FDS-1 fenitrothion hydrolase pathway,Burkholderia sp. FDS-1,PARTIAL,1,Fenitrothion,Fenitrothion organophosphorus hydrolysis products,Organophosphorus hydrolase-mediated hydrolysis,Organophosphorus hydrolase,mpd,GENETIC,10.1007/s10532-005-7130-2,Database DOI record for mpd-associated fenitrothion degradation,Database reference from pesticide_data.xlsx / PBDB_master_with_ids.xlsx,This DOI is present in pesticide_data.xlsx. The database supports mpd hydrolase-associated degradation; exact product names are kept conservative until metabolites are standardized in the source data.
24,Folpet,Bacillus subtilis C5 folpet esterase evidence,Bacillus subtilis C5,PARTIAL,1,Folpet,Folpet esterase hydrolysis products,Esterase-associated hydrolysis,Esterase B1,,WHOLE_CELL,10.1155/2014/863094,Database DOI record for folpet degradation by Bacillus subtilis C5,Database reference from pesticide_data.xlsx / PBDB_master_with_ids.xlsx,This DOI is present in pesticide_data.xlsx. The database supports esterase/hydrolase evidence for folpet degradation; exact product names are not standardized in the current source table.
24,Imazethapyr,Pseudomonas sp. IM-4 imazethapyr degradation evidence,Pseudomonas sp. IM-4,PARTIAL,1,Imazethapyr,Microbial transformation products not resolved in current database source,Whole-cell degradation,,,WHOLE_CELL,10.1007/s00284-009-9442-7,Database DOI record for imazethapyr degradation by Pseudomonas sp. IM-4,Database reference from pesticide_data.xlsx / PBDB_master_with_ids.xlsx,This DOI is present in pesticide_data.xlsx. The database supports microbial degradation; exact transformation products are not stored in the current source table.
24,Prothioconazole,Candida and bacterial prothioconazole degradation evidence,Candida tropicalis strain W123; Enterobacter cloacae strain Y2625; Pseudomonas aeruginosa strain W313,PARTIAL,1,Prothioconazole,Microbial transformation products not resolved in current database source,Whole-cell degradation,,,WHOLE_CELL,10.1016/j.ecoenv.2020.111203,Database DOI record for prothioconazole degradation by microbial strains,Database reference from pesticide_data.xlsx / PBDB_master_with_ids.xlsx,This DOI is present in pesticide_data.xlsx. The database supports microbial degradation; exact products are not standardized in the current source table.
24,Cadusafos,Cadusafos-degrading isolate CadI/CadII evidence,Isolate CadI; Isolate CadII,PARTIAL,1,Cadusafos,Microbial transformation products not resolved in current database source,Whole-cell degradation,,,WHOLE_CELL,10.1016/j.femsec.2005.01.012,Database DOI record for cadusafos-degrading isolates,Database reference from pesticide_data.xlsx / PBDB_master_with_ids.xlsx,This DOI is present in pesticide_data.xlsx. The database supports microbial cadusafos degradation; exact transformation products are not stored in the current source table.
24,Chlorantraniliprole,Pseudomonas sp. GW13 chlorantraniliprole amidase evidence,Pseudomonas sp. GW13,PARTIAL,1,Chlorantraniliprole,Chlorantraniliprole amidase transformation products,Amidase-associated hydrolysis,Amidase,,WHOLE_CELL,10.3390/bioengineering6040106,Database DOI record for chlorantraniliprole degradation by Pseudomonas sp. GW13,Database reference from pesticide_data.xlsx / PBDB_master_with_ids.xlsx,This DOI is present in pesticide_data.xlsx. The database supports amidase-associated degradation; exact product labels are conservative until metabolites are standardized in the source table.
24,Dicofol,Trichoderma longbrachiatum dicofol cellulase-associated evidence,Trichoderma longbrachiatum,PARTIAL,1,Dicofol,Dicofol enzymatic transformation products,Cellulase-associated enzymatic transformation,Cellulase,,PURIFIED_ENZYME,10.1016/j.jes.2014.12.023,Database DOI record for enzymatic dicofol degradation by Trichoderma longbrachiatum,Database reference from pesticide_data.xlsx / PBDB_master_with_ids.xlsx,This DOI is present in pesticide_data.xlsx. The database supports enzymatic dicofol degradation; exact metabolites are not standardized in the current source table.
24,Ethion,Azospirillum and Pseudomonas ethion degradation evidence,Azospirillum species; Pseudomonas species,PARTIAL,1,Ethion,Microbial transformation products not resolved in current database source,Whole-cell degradation,,,WHOLE_CELL,10.1016/j.femsle.2004.09.010,Database DOI record for ethion degradation by Azospirillum and Pseudomonas species,Database reference from pesticide_data.xlsx / PBDB_master_with_ids.xlsx,This DOI is present in pesticide_data.xlsx. The database supports microbial ethion degradation; exact products are not stored in the current source table.
24,Azinphos-Methyl,Pseudomonas fluorescens DSM 1976 azinphos-methyl degradation evidence,Pseudomonas fluorescens DSM 1976,PARTIAL,1,Azinphos-Methyl,Microbial transformation products not resolved in current database source,Whole-cell degradation,,,WHOLE_CELL,10.1021/jf00121a026,Database DOI record for azinphos-methyl degradation by Pseudomonas fluorescens DSM 1976,Database reference from pesticide_data.xlsx / PBDB_master_with_ids.xlsx,This DOI is present in pesticide_data.xlsx. The database supports microbial degradation; exact transformation products are not standardized in the current source table.
25,Captan,Bacillus circulans Captan degradation evidence,Bacillus circulans,PARTIAL,1,Captan,Microbial transformation products not resolved in current database source,Whole-cell degradation,,,WHOLE_CELL,10.1021/jf1030339,Database DOI record for captan degradation by Bacillus circulans,Database reference from pesticide_data.xlsx / PBDB_master_with_ids.xlsx,This DOI is present in pesticide_data.xlsx. The database supports microbial captan degradation; exact transformation products are not standardized in the current source table.
25,Chlordane,Phanerochaete chrysosporium BKM-F-1767 Chlordane degradation evidence,Phanerochaete chrysosporium BKM-F-1767,PARTIAL,1,Chlordane,Fungal oxidative transformation products not resolved in current database source,White-rot fungal transformation,,,WHOLE_CELL,10.1128/aem.56.8.2347-2353.1990,Database DOI record for chlordane degradation by Phanerochaete chrysosporium,Database reference from pesticide_data.xlsx / PBDB_master_with_ids.xlsx,This DOI is present in pesticide_data.xlsx. The database supports fungal chlordane degradation; exact metabolites are not standardized in the current source table.
25,Cyprodinil,Acinetobacter johnsonii LXL_C1 Cyprodinil degradation evidence,Acinetobacter johnsonii LXL_C1,PARTIAL,1,Cyprodinil,Cytochrome P450-associated transformation products,Genomic cytochrome P450-associated transformation,Cytochrome P450 monooxygenase,frmA; ADH5; adhC; catA,GENETIC,10.1016/j.micpath.2018.11.016,Database DOI record for cyprodinil-associated genomic evidence in Acinetobacter johnsonii,Database reference from pesticide_data.xlsx / PBDB_master_with_ids.xlsx,This DOI is present in pesticide_data.xlsx. The database supports genomic/P450-associated evidence; exact products are not standardized in the current source table.
25,Dimethomorph,Bacillus cereus WL08 Dimethomorph degradation evidence,Bacillus cereus WL08,PARTIAL,1,Dimethomorph,Microbial transformation products not resolved in current database source,Whole-cell degradation,,,WHOLE_CELL,10.1016/j.jhazmat.2020.122806,Database DOI record for dimethomorph degradation by Bacillus cereus WL08,Database reference from pesticide_data.xlsx / PBDB_master_with_ids.xlsx,This DOI is present in pesticide_data.xlsx. The database supports microbial degradation; exact transformation products are not standardized in the current source table.
25,Diquat,Meyerozyma guilliermondii strain Wyslmt Diquat degradation evidence,Meyerozyma guilliermondii strain Wyslmt,PARTIAL,1,Diquat,Microbial transformation products not resolved in current database source,Whole-cell degradation with reported gene lead,,DN676,GENETIC,10.3389/fmicb.2022.993721,Database DOI record for diquat degradation by Meyerozyma guilliermondii,Database reference from pesticide_data.xlsx / PBDB_master_with_ids.xlsx,This DOI is present in pesticide_data.xlsx. The database supports microbial degradation with a gene lead; exact transformation products are not standardized in the current source table.
25,Emamectin benzoate,Aeromonas taiwanensis ZJB-18044 Emamectin benzoate degradation evidence,Aeromonas taiwanensis ZJB-18044,PARTIAL,1,Emamectin benzoate,Microbial transformation products not resolved in current database source,Whole-cell degradation,,,WHOLE_CELL,10.1007/s10532-020-09909-8,Database DOI record for emamectin benzoate degradation by Aeromonas taiwanensis,Database reference from pesticide_data.xlsx / PBDB_master_with_ids.xlsx,This DOI is present in pesticide_data.xlsx. The database supports microbial degradation; exact products are not standardized in the current source table.
25,Fenhexamid,Serratia sarumanii strain GBS19 Fenhexamid degradation evidence,Serratia sarumanii strain GBS19,PARTIAL,1,Fenhexamid,Microbial transformation products not resolved in current database source,Whole-cell degradation,,,WHOLE_CELL,10.1007/s10532-025-10144-2,Database DOI record for fenhexamid degradation by Serratia sarumanii,Database reference from pesticide_data.xlsx / PBDB_master_with_ids.xlsx,This DOI is present in pesticide_data.xlsx. The database supports microbial degradation; exact products are not standardized in the current source table.
25,Fluazinam,Paenibacillus polymyxa Fluazinam degradation evidence,Paenibacillus polymyxa,PARTIAL,1,Fluazinam,Microbial transformation products not resolved in current database source,Whole-cell degradation,,,WHOLE_CELL,10.1016/j.ecoenv.2018.10.093,Database DOI record for fluazinam degradation by Paenibacillus polymyxa,Database reference from pesticide_data.xlsx / PBDB_master_with_ids.xlsx,This DOI is present in pesticide_data.xlsx. The database supports microbial degradation; exact products are not standardized in the current source table.
25,Haloxyfop,Myrothecium verrucaria Haloxyfop degradation evidence,Myrothecium verrucaria,PARTIAL,1,Haloxyfop,Microbial transformation products not resolved in current database source,Whole-cell degradation,,,WHOLE_CELL,10.1016/j.scitotenv.2024.178012,Database DOI record for haloxyfop degradation by Myrothecium verrucaria,Database reference from pesticide_data.xlsx / PBDB_master_with_ids.xlsx,This DOI is present in pesticide_data.xlsx. The database supports microbial degradation; exact products are not standardized in the current source table.
25,Heptachlor,Shigella sp. Heptachlor degradation evidence,Shigella sp.,PARTIAL,1,Heptachlor,Microbial transformation products not resolved in current database source,Whole-cell degradation,,,WHOLE_CELL,10.2166/wst.2018.127,Database DOI record for heptachlor degradation by Shigella sp.,Database reference from pesticide_data.xlsx / PBDB_master_with_ids.xlsx,This DOI is present in pesticide_data.xlsx. The database supports microbial degradation; exact transformation products are not standardized in the current source table.
26,Indoxacarb,Bacillus cereus Indoxacarb degradation evidence,Bacillus cereus,PARTIAL,1,Indoxacarb,Indoxacarb carboxylesterase hydrolysis products,Carboxylesterase-associated hydrolysis,Carboxylesterase,,WHOLE_CELL,10.1016/j.bjm.2016.01.012,Database DOI record for indoxacarb degradation by Bacillus cereus,Database reference from pesticide_data.xlsx / PBDB_master_with_ids.xlsx,This DOI is present in pesticide_data.xlsx. The database supports carboxylesterase-associated degradation; exact product names are not standardized in the current source table.
26,Pyrimethanil,Serratia sarumanii SBS19 Pyrimethanil degradation evidence,Serratia sarumanii SBS19,PARTIAL,1,Pyrimethanil,Microbial transformation products not resolved in current database source,Whole-cell degradation,,,WHOLE_CELL,10.1007/s10532-025-10144-2,Database DOI record for pyrimethanil degradation by Serratia sarumanii,Database reference from pesticide_data.xlsx / PBDB_master_with_ids.xlsx,This DOI is present in pesticide_data.xlsx. The database supports microbial degradation; exact transformation products are not standardized in the current source table.
26,Thiabendazole,Sphingomonas phylotype (B13) Thiabendazole degradation evidence,Sphingomonas phylotype (B13),PARTIAL,1,Thiabendazole,Microbial transformation products not resolved in current database source,Whole-cell degradation,,,WHOLE_CELL,10.1007/s00253-017-8128-5,Database DOI record for thiabendazole degradation by Sphingomonas phylotype B13,Database reference from pesticide_data.xlsx / PBDB_master_with_ids.xlsx,This DOI is present in pesticide_data.xlsx. The database supports microbial degradation; exact transformation products are not standardized in the current source table.
26,Carbosulfan,Bacillus licheniformis strain B-1 Carbosulfan degradation evidence,Bacillus licheniformis strain B-1,PARTIAL,1,Carbosulfan,Carbosulfan phosphodiesterase-associated products,Phosphodiesterase-associated transformation,Phosphodiesterase,,WHOLE_CELL,10.1007/s10532-020-09899-7,Database DOI record for carbosulfan degradation by Bacillus licheniformis strain B-1,Database reference from pesticide_data.xlsx / PBDB_master_with_ids.xlsx,This DOI is present in pesticide_data.xlsx. The database supports phosphodiesterase-associated degradation; exact metabolites are not standardized in the current source table.
26,Propoxur,Arthrobacter sp. Propoxur degradation evidence,Arthrobacter sp.,PARTIAL,1,Propoxur,Microbial transformation products not resolved in current database source,Whole-cell degradation,,,WHOLE_CELL,10.1080/03601239209372800,Database DOI record for propoxur degradation by Arthrobacter sp.,Database reference from pesticide_data.xlsx / PBDB_master_with_ids.xlsx,This DOI is present in pesticide_data.xlsx. The database supports microbial degradation; exact transformation products are not standardized in the current source table.
26,Acibenzolar-S-methyl,Bacillus subtilis GB03; Bacillus subtilis FZB24; Bacillus amyloliquefaciens IN937a; Bacillus pumilus SE34 Acibenzolar-S-methyl degradation evidence,Bacillus subtilis GB03; Bacillus subtilis FZB24; Bacillus amyloliquefaciens IN937a; Bacillus pumilus SE34,PARTIAL,1,Acibenzolar-S-methyl,Microbial transformation products not resolved in current database source,Whole-cell degradation,,,WHOLE_CELL,10.1007/s10532-011-9509-6,Database DOI record for acibenzolar-S-methyl degradation by plant growth-promoting Bacillus strains,Database reference from pesticide_data.xlsx / PBDB_master_with_ids.xlsx,"This DOI is present in pesticide_data.xlsx. The database supports microbial degradation but the reviewed source data does not provide a curated product arrow, so the pathway is represented conservatively."
26,Penthiopyrad,Bacillus subtilis PCM 486; Trichoderma harzianum KKP 534 Penthiopyrad degradation evidence,Bacillus subtilis PCM 486; Trichoderma harzianum KKP 534,PARTIAL,1,Penthiopyrad,Microbial transformation products not resolved in current database source,Whole-cell degradation,,,WHOLE_CELL,10.3390/molecules25061421,Database DOI record for penthiopyrad degradation by Bacillus subtilis and Trichoderma harzianum,Database reference from pesticide_data.xlsx / PBDB_master_with_ids.xlsx,This DOI is present in pesticide_data.xlsx. The database supports microbial degradation; exact microbial transformation products are not standardized in the current source table.
26,Propargite,Pseudomonas putida SPR 13; Pseudomonas putida SPR 8 Propargite degradation evidence,Pseudomonas putida SPR 13; Pseudomonas putida SPR 8,PARTIAL,1,Propargite,Microbial transformation products not resolved in current database source,Whole-cell degradation,,,WHOLE_CELL,10.1016/j.jhazmat.2009.09.050,Database DOI record for propargite degradation by Pseudomonas putida,Database reference from pesticide_data.xlsx / PBDB_master_with_ids.xlsx,This DOI is present in pesticide_data.xlsx. The database supports microbial degradation; the source is represented conservatively because product identification was not standardized in the current database table.
26,Fluxapyroxad,Saccharomyces cerevisiae Fluxapyroxad degradation evidence,Saccharomyces cerevisiae,PARTIAL,1,Fluxapyroxad,Microbial transformation products not resolved in current database source,Whole-cell degradation,,,WHOLE_CELL,10.1038/s41598-020-78177-6,Database DOI record for fluxapyroxad degradation by Saccharomyces cerevisiae,Database reference from pesticide_data.xlsx / PBDB_master_with_ids.xlsx,This DOI is present in pesticide_data.xlsx. The database supports biological degradation; exact transformation products are not standardized in the current source table.
26,Propamocarb,Paenibacillus polymyxa Propamocarb degradation evidence,Paenibacillus polymyxa,PARTIAL,1,Propamocarb,Microbial transformation products not resolved in current database source,Whole-cell degradation,,,WHOLE_CELL,10.1016/j.ecoenv.2018.10.093,Database DOI record for propamocarb degradation by Paenibacillus polymyxa,Database reference from pesticide_data.xlsx / PBDB_master_with_ids.xlsx,This DOI is present in pesticide_data.xlsx. The database supports microbial degradation; exact transformation products are not standardized in the current source table.
27,Difenoconazole,Lysinibacillus sp. BTKU3 Difenoconazole degradation evidence,Lysinibacillus sp. BTKU3,PARTIAL,1,Difenoconazole,Microbial transformation products not resolved in current database source,Whole-cell degradation,,,WHOLE_CELL,10.1016/j.chemosphere.2021.131694,Database DOI record for difenoconazole degradation by Lysinibacillus sp. BTKU3,Database reference from pesticide_data.xlsx / PBDB_master_with_ids.xlsx,This DOI is present in pesticide_data.xlsx. The database supports microbial difenoconazole degradation; exact transformation products are not standardized in the current source table.
27,Imazamox,Streptomycetaceae strains JX02 and JX06 Imazamox degradation evidence,Streptomycetaceae strains JX02 and JX06,PARTIAL,1,Imazamox,Microbial transformation products not resolved in current database source,Whole-cell degradation,,,WHOLE_CELL,10.1080/03601234.2022.2064673,Database DOI record for imazamox degradation by Streptomycetaceae strains,Database reference from pesticide_data.xlsx / PBDB_master_with_ids.xlsx,This DOI is present in pesticide_data.xlsx. The database supports microbial imazamox degradation; exact transformation products are not standardized in the current source table.
27,Paraquat,Pseudomonas geniculata strain PQ01 Paraquat degradation evidence,Pseudomonas geniculata strain PQ01,PARTIAL,1,Paraquat,Microbial transformation products not resolved in current database source,Whole-cell degradation,,,WHOLE_CELL,10.3389/fmicb.2020.02003,Database DOI record for paraquat degradation by Pseudomonas geniculata strain PQ01,Database reference from pesticide_data.xlsx / PBDB_master_with_ids.xlsx,This DOI is present in pesticide_data.xlsx. The database supports microbial paraquat degradation; exact transformation products are not standardized in the current source table.
