Microorganism,Culture_type,Pesticide,Evidence,Isolation_environment,Isolation_Location,Publication_Year,Enzyme,Enzyme_name_reported,Gene,Reference,Metabolite_or_product
Lysinibacillus cresolivuorans Strain HIS7,Individual strain,Cypermethrin,Experimental evidence,Contaminated soil,Egypt,2021,,,,10.3390/plants10091903,
Lysinibacillus sp. CBMAI2051,Individual strain,Esfenvalerate,Experimental evidence,Savannah,Brazil,2020,,,,10.21577/0103-5053.20200051,Pyrethroid ester-cleavage products
Bacillus cereus CBMAI2067,Individual strain,Esfenvalerate,Experimental evidence,Savannah,Brazil,2020,,,,10.21577/0103-5053.20200051,Pyrethroid ester-cleavage products
Bacillus sp. CBMAI2052,Individual strain,Esfenvalerate,Experimental evidence,Savannah,Brazil,2020,Hydrolases,Carboxylesterases,,10.21577/0103-5053.20200051,Pyrethroid ester-cleavage products
Penicillium raistrickii CBMAI 931,Individual strain,Esfenvalerate,Experimental evidence,Marine sponge,Brazil,2015,,,,10.1007/s10126-016-9710-z,
Aspergillus sydowii CBMAI 935,Individual strain,Esfenvalerate,Experimental evidence,Marine sponge,Brazil,2015,,,,10.1007/s10126-016-9710-z,
Cladosporium sp. CBMAI 1237,Individual strain,Esfenvalerate,Experimental evidence,Marine sponge,Brazil,2015,,,,10.1007/s10126-016-9710-z,
Microsphaeropsis sp. CBMAI 1675,Individual strain,Esfenvalerate,Experimental evidence,Marine sponge,Brazil,2015,,,,10.1007/s10126-016-9710-z,
Acremonium sp. CBMAI 1676,Individual strain,Esfenvalerate,Experimental evidence,Marine sponge,Brazil,2015,,,,10.1007/s10126-016-9710-z,
Westerdykella sp. CBMAI 1679,Individual strain,Esfenvalerate,Experimental evidence,Marine sponge,Brazil,2015,,,,10.1007/s10126-016-9710-z,
Cladosporium sp. CBMAI 1678,Individual strain,Esfenvalerate,Experimental evidence,Marine sponge,Brazil,2015,,,,10.1007/s10126-016-9710-z,
Azospirillum species,Individual strain,Ethion,Experimental evidence,Contaminated soil,Australia,2004,,,,10.1016/j.femsle.2004.09.010,
Pseudomonas species,Individual strain,Ethion,Experimental evidence,Contaminated soil,Australia,2004,,,,10.1016/j.femsle.2004.09.010,
Lactobacillus plantarum P9,Individual strain,Phosmet,Experimental evidence,Fermented food,Mangolia,2018,,,,10.3389/fmicb.2018.02048,
Agrobacterium radiobacter P230,Individual strain,Phosmet,Enzymatic evidence,Contaminated soil,Australia,2002,,,OpdA,10.1128/AEM.68.7.3371-3376.2002,
Enterobacter agglomerans,Individual strain,Phosmet,Experimental evidence,Blueberry,United States,2007,,,,10.1111/j.1750-3841.2007.00466.x,Phthalimide; N-hydroxymethyl phthalimide; Phthalamic acid; Phthalic acid
Pseudomonas fluorescens,Individual strain,Phosmet,Experimental evidence,Blueberry,United States,2007,,,,10.1111/j.1750-3841.2007.00466.x,Phthalimide; N-hydroxymethyl phthalimide; Phthalamic acid; Phthalic acid
Bacillus subtilis GB03,Individual strain,Acibenzolar-S-methyl,Experimental evidence,Commercial PGPR strain,United States,2011,,,,10.1007/s10532-011-9509-6,
Bacillus subtilis FZB24,Individual strain,Acibenzolar-S-methyl,Experimental evidence,Commercial PGPR strain,Germany,2011,,,,10.1007/s10532-011-9509-6,
Bacillus amyloliquefaciens IN937a,Individual strain,Acibenzolar-S-methyl,Experimental evidence,"Culture collection, Dept. of Entomology & Plant Pathology",United States,2011,,,,10.1007/s10532-011-9509-6,
Bacillus pumilus SE34,Individual strain,Acibenzolar-S-methyl,Experimental evidence,"Culture collection, Dept. of Entomology & Plant Pathology",United States,2011,,,,10.1007/s10532-011-9509-6,
Pseudomonas oleovorans SA2,Individual strain,Clothianidin,Experimental evidence,Not specified,India,2024,,,,10.1021/acsomega.3c09749,
Pseudomonas stutzeri strain SMK,Individual strain,Clothianidin,Experimental evidence,Agricultural soil,India,2019,,,,10.1155/2019/4807913,
Alcaligenes eutrophus JMP134,Individual strain,"2,4-D",Experimental evidence,"Not stated (lab strain, Australia origin in literature)",,1985,Dioxygenases,Fe(II)/α-KG dependent dioxygenase,"TfdA, TfdB, TfdC. TfdD, TfdE, TfdC1/TfdCII",10.1128/jb.161.1.85-90.1985,
Alcaligenes eutrophus JMP134,Individual strain,"2,4-D",Experimental evidence,"Not stated (lab strain, Australia origin in literature)",,1985,Monooxygenases,Chlorophenol hydroxylase,,10.1128/jb.161.1.85-90.1985,
Alcaligenes eutrophus JMP134,Individual strain,"2,4-D",Experimental evidence,"Not stated (lab strain, Australia origin in literature)",,1985,Dioxygenases,"Chlorocatechol 1,2-dioxygenase",,10.1128/jb.161.1.85-90.1985,
Alcaligenes eutrophus JMP134,Individual strain,"2,4-D",Experimental evidence,"Not stated (lab strain, Australia origin in literature)",,1985,Isomerases,Chloromuconate cycloisomerase,,10.1128/jb.161.1.85-90.1985,
Alcaligenes eutrophus JMP134,Individual strain,"2,4-D",Experimental evidence,"Not stated (lab strain, Australia origin in literature)",,1985,Hydrolases,Dienelactone hydrolase,,10.1128/jb.161.1.85-90.1985,
Alcaligenes eutrophus JMP134,Individual strain,"2,4-D",Experimental evidence,"Not stated (lab strain, Australia origin in literature)",,1985,Dioxygenases,"Chlorocatechol 1,2-dioxygenases",,10.1128/jb.161.1.85-90.1985,
Sphingomonas sp. TFD44,Individual strain,"2,4-D",Experimental evidence,Japan (NIAES culture),Japan,2005,Dioxygenases,Catechol dioxygenase,"tfdCDEF, tfdCII, tfdDII, tfdEII, tfdFII, + tfdK",10.1007/s00203-004-0748-3,
Sphingomonas sp. TFD44,Individual strain,"2,4-D",Enzymatic evidence,Herbicide wastewater treatment facility,USA,2005,,,"tfdC, tfdC2",10.1016/j.bbrc.2005.05.045,
Escherichia coli JMP502,Individual strain,"2,4-D",Experimental evidence,"Schuchardt, Mtinchen",USA,1983,,,TfdA,10.1007/BF00407938,
Sphingomonas paucimobilis 1443,Individual strain,"2,4-D",Experimental evidence,Agricultural field soil,China,1994,,,"tfdA, tfdB",10.1128/aem.60.4.1116-1120.1994,
Pseudomonas pickettii 712,Individual strain,"2,4-D",Experimental evidence,Agricultural soils,China,1994,,,tfdA,10.1128/aem.60.4.1116-1120.1994,
Cupriavidus campinensis BJ71,Individual strain,"2,4-D",Experimental evidence,Agricultural soils,China,2014,,,tfdA,10.1007/s11274-014-1680-6,
Ochrobactrum anthropi,Individual strain,"2,4-D",Experimental evidence,Agricultural soils,China,2014,,,tfdA,10.1007/s11274-014-1680-6,
Bacillus spp.,Individual strain,"2,4-D",Experimental evidence,Agricultural soils,China,2014,,,tfdA,10.1007/s11274-014-1680-6,
Stenotrophomonas sp.,Individual strain,"2,4-D",Experimental evidence,Agricultural soils,China,2014,,,tfdA,10.1007/s11274-014-1680-6,
Pseudomonas sp.,Individual strain,"2,4-D",Experimental evidence,Agricultural soils,China,2014,,,tfdA,10.1007/s11274-014-1680-6,
Arthrobacter sp.,Individual strain,"2,4-D",Experimental evidence,Soil,USA,1969,,,"tfdC, tfdD, tfdE, tfdF",10.1021/jf60165a037,
Arthrobacter sp.,Individual strain,"2,4-D",Experimental evidence,Soil,USA,1973,,,tfD,10.1128/am.26.3.445-447.1973,
Pseudomonas cepacia,Individual strain,"2,4-D",Experimental evidence,Soil,Not mentioned,1991,Monooxygenases,"2,4-dichlorophenol hydroxylase",,10.1016/0003-9861(91)90180-q,
Burkholderia cepacia strain 2a,Individual strain,"2,4-D",Experimental evidence,Not mentioned,Not mentioned,1998,,,Tn5530 (tfdA homolog),10.1006/plas.1997.1332,
Mixed microbe,Mixed culture - members not specified,"2,4-D",Enzymatic evidence,Agricultural soil,Not mentioned,2010,Dioxygenases,α-ketoglutarate-dependent dioxygenases,"rdpA, sdpA",10.1128/AEM.02270-09,
Thauera sp. DKT,Individual strain,"2,4-D",Experimental evidence,Sediment,Vietnam,2018,,,Not specified,10.1007/s10532-018-9848-7,
Achromobacter xylosoxidans pEST4011,Individual strain,"2,4-D",Experimental evidence,Not mentioned,Estonia,2000,,,"tfdA, tfdB, tfdC, tfdD, tfdE, tfdF",10.1016/S0378-1119(00)00329-2,
Alcaligenes eutrophus JMP134,Individual strain,"2,4-D",Enzymatic evidence,Not mentioned,Not mentioned,1987,Monooxygenases,"2,4-D monooxygenase",tfdA,10.1128/jb.169.7.2950-2955.1987,
Cupriavidus pinatubonensis JMP134,Individual strain,"2,4-D",Experimental evidence,Rhizosphere soil,Not mentioned,2012,,,"tfdB, tfdC, tfdD, tfdE, and tfdF",10.1007/s10482-011-9685-8,
Sphingomonas agrestis 58-1,Individual strain,"2,4-D",Experimental evidence,Soil,Japan,2009,,,"tfdA, cadA, and tfdAα",10.1016/j.jbiosc.2009.02.018,
Alcaligenes eutrophus JMP134,Individual strain,"2,4-D",Experimental evidence,Not mentioned,Not mentioned,1993,Monooxygenases,"2,4-Dichlorophenoxyacetate Monooxygenase",tfdA,10.1128/jb.175.7.2083-2086.1993,
Pseudomonas putida SM1443,Individual strain,"2,4-D",Experimental evidence,Activated sludge,Not mentioned,2010,,,"tfdA, tfdB, tfdC",10.1016/j.jhazmat.2010.04.002,
Cupriavidus sp. CY-1,Individual strain,"2,4-D",Experimental evidence,Soil,Japan,2015,,,tfdA,10.1371/journal.pone.0145057,
Achromobacter sp. QXH.,Individual strain,"2,4-D",Experimental evidence,Not mentioned,Not mentioned,2014,,,,10.1007/s00449-014-1350-y,
Pseudomonas putida PPO301,Individual strain,"2,4-D",Enzymatic evidence,Not mentioned,Not mentioned,1991,Monooxygenases,"2,4-dichlorophenoxyacetate (TFD) monooxygenase,",tfd,10.1128/aem.57.6.1790-1792.1991,
Pseudomonas fluorescens strain SM1,Individual strain,"2,4-D",Experimental evidence,Not mentioned,Not mentioned,2008,,,Not specified,10.1016/j.chemosphere.2007.11.023,
Pseudomonas sp.,Individual strain,"2,4-D",Experimental evidence,Contaminated soil,Iran,2016,,,Not specified,10.1007/s10661-016-5673-9,
Entrobacter sp.,Individual strain,"2,4-D",Experimental evidence,Contaminated soil,Iran,2016,,,Not specified,10.1007/s10661-016-5673-9,
Bacillus sp.,Individual strain,"2,4-D",Experimental evidence,Contaminated soil,Iran,2016,,,Not specified,10.1007/s10661-016-5673-9,
Seratia sp.,Individual strain,"2,4-D",Experimental evidence,Contaminated soil,Iran,2016,,,Not specified,10.1007/s10661-016-5673-9,
Staphylococcus sp.,Individual strain,"2,4-D",Experimental evidence,Contaminated soil,Iran,2016,,,Not specified,10.1007/s10661-016-5673-9,
Chryseobacterium sp.,Individual strain,"2,4-D",Experimental evidence,Activated sludge,Mexico,2013,,,Not specified,10.1016/j.biortech.2013.02.068,
Cupriavidus necator JMP134,Individual strain,"2,4-D",Experimental evidence,Laboratory culture,France (lab strains maintained in Paris),2017,,,Not specified,10.3389/fmicb.2017.00904,
Novosphingobium DY4,Individual strain,"2,4-D",Experimental evidence,Contaminated soil,China,2015,,,"tfdA, tfdAa",10.1007/s10532-015-9724-7,
Bacillus licheniformis NCU CS-5,Individual strain,"2,4-D",Enzymatic evidence,Seed,China,2021,Hydrolases,lipase,,10.1016/j.ijbiomac.2021.01.214,
Engineered Escherichia coli strain BL-3164,Individual strain,"2,4-D",Experimental evidence,lab-constructed recombinant strain,Not Mentioned,2023,Dioxygenases,"2,4-dichlorophenoxyacetate dioxygenase",tfdA,10.1016/j.jhazmat.2023.131099,"2,4-dichlorophenol; 3,5-dichlorocatechol; 2,4-dichloro-cis,cis-muconate; Dienelactone; Maleylacetate; 3-oxoadipate; 3-oxoadipyl-CoA; Acetyl-CoA; Succinyl-CoA"
Engineered Escherichia coli strain BL-3164,Individual strain,"2,4-D",Experimental evidence,lab-constructed recombinant strain,Not Mentioned,2023,Monooxygenases,"2,4-dichlorophenol 6-monooxygenase",tfdB,10.1016/j.jhazmat.2023.131099,"2,4-dichlorophenol; 3,5-dichlorocatechol; 2,4-dichloro-cis,cis-muconate; Dienelactone; Maleylacetate; 3-oxoadipate; 3-oxoadipyl-CoA; Acetyl-CoA; Succinyl-CoA"
Engineered Escherichia coli strain BL-3164,Individual strain,"2,4-D",Experimental evidence,lab-constructed recombinant strain,Not Mentioned,2023,Dioxygenases,"chlorocatechol-1,2-dioxygenase",tfdC,10.1016/j.jhazmat.2023.131099,"2,4-dichlorophenol; 3,5-dichlorocatechol; 2,4-dichloro-cis,cis-muconate; Dienelactone; Maleylacetate; 3-oxoadipate; 3-oxoadipyl-CoA; Acetyl-CoA; Succinyl-CoA"
Engineered Escherichia coli strain BL-3164,Individual strain,"2,4-D",Experimental evidence,lab-constructed recombinant strain,Not Mentioned,2023,Isomerases,Chloromuconate cycloisomerase,tfdD,10.1016/j.jhazmat.2023.131099,"2,4-dichlorophenol; 3,5-dichlorocatechol; 2,4-dichloro-cis,cis-muconate; Dienelactone; Maleylacetate; 3-oxoadipate; 3-oxoadipyl-CoA; Acetyl-CoA; Succinyl-CoA"
Engineered Escherichia coli strain BL-3164,Individual strain,"2,4-D",Experimental evidence,lab-constructed recombinant strain,Not Mentioned,2023,Hydrolases,Dienelactone hydrolase,tfdE,10.1016/j.jhazmat.2023.131099,"2,4-dichlorophenol; 3,5-dichlorocatechol; 2,4-dichloro-cis,cis-muconate; Dienelactone; Maleylacetate; 3-oxoadipate; 3-oxoadipyl-CoA; Acetyl-CoA; Succinyl-CoA"
Engineered Escherichia coli strain BL-3164,Individual strain,"2,4-D",Experimental evidence,lab-constructed recombinant strain,Not Mentioned,2023,Oxidoreductases,Maleylacetate reductase,tfdF,10.1016/j.jhazmat.2023.131099,"2,4-dichlorophenol; 3,5-dichlorocatechol; 2,4-dichloro-cis,cis-muconate; Dienelactone; Maleylacetate; 3-oxoadipate; 3-oxoadipyl-CoA; Acetyl-CoA; Succinyl-CoA"
Engineered Escherichia coli strain BL-3164,Individual strain,"2,4-D",Experimental evidence,lab-constructed recombinant strain,Not Mentioned,2023,Transferases,3-oxoadipate CoA transferase alphaSubunit,pcaI,10.1016/j.jhazmat.2023.131099,"2,4-dichlorophenol; 3,5-dichlorocatechol; 2,4-dichloro-cis,cis-muconate; Dienelactone; Maleylacetate; 3-oxoadipate; 3-oxoadipyl-CoA; Acetyl-CoA; Succinyl-CoA"
Engineered Escherichia coli strain BL-3164,Individual strain,"2,4-D",Experimental evidence,lab-constructed recombinant strain,Not Mentioned,2023,Transferases,3-oxoadipate CoA transferase betasubunit,pcaJ,10.1016/j.jhazmat.2023.131099,"2,4-dichlorophenol; 3,5-dichlorocatechol; 2,4-dichloro-cis,cis-muconate; Dienelactone; Maleylacetate; 3-oxoadipate; 3-oxoadipyl-CoA; Acetyl-CoA; Succinyl-CoA"
Engineered Escherichia coli strain BL-3164,Individual strain,"2,4-D",Experimental evidence,lab-constructed recombinant strain,Not Mentioned,2023,Hydrolases,beta-ketoadipyl-CoA thiolase,pcaF,10.1016/j.jhazmat.2023.131099,"2,4-dichlorophenol; 3,5-dichlorocatechol; 2,4-dichloro-cis,cis-muconate; Dienelactone; Maleylacetate; 3-oxoadipate; 3-oxoadipyl-CoA; Acetyl-CoA; Succinyl-CoA"
Cupriavidus pampae sp. nov. (strain CPDB6ᵀ),Individual strain,"2,4-D",Experimental evidence,Contaminated soil,Argentina,2010,,,,10.1099/ijs.0.018341-0,
Rigidoporus sp. FMD21,Individual strain,"2,4-D",Experimental evidence,Contaminated soil,Argentina,2022,Oxidoreductases,Laccase,,10.1007/s10532-022-09982-1,
Fusarium sp.,Individual strain,"2,4-D",Experimental evidence,Contaminated soil,Argentina,2022,,,,10.1007/s10532-022-09982-1,
Verticillium sp.,Individual strain,"2,4-D",Experimental evidence,Contaminated soil,Argentina,2022,,,,10.1007/s10532-022-09982-1,
Cupriavidus sp. DSPF,Individual strain,"2,4-D",Experimental evidence,Agricultural soil,India,2025,Monooxygenases,"2,4-DCP monooxygenase",24DCPM,10.1128/spectrum.00560-25,
Arthrobacter sp.,Individual strain,"2,4-D",Enzymatic evidence,Soil,USA,1973,Isomerases,Dichloromuconate lactonizing enzyme,,10.1128/am.26.3.445-447.1973,
Cupriavidus gilardii T-1,Individual strain,"2,4-D",Experimental evidence,Agricultural soil,China,2017,,,,10.1021/acs.jafc.7b00544,
Cupriavidus oxalaticus X32,Individual strain,"2,4-D",Experimental evidence,Sewage sludge,China,2020,,,"tfdA–F, tfdT-S",10.1021/acs.jafc.9b05061,
Comamonas acidovorans strain MC1,Individual strain,"2,4-D",Experimental evidence,Contaminated soil,Germany,1999,Monooxygenases,Chlorophenol hydroxylase,"tfdB, tfdC",10.1016/S0944-5013(99)80021-4,
Comamonas koreensis CY01,Individual strain,"2,4-D",Experimental evidence,Sediment,China,2010,,,Not specified,10.1111/j.1574-6941.2009.00796.x,
Delftia acidovorans P4a,Individual strain,"2,4-D",Experimental evidence,Cotaminated soil,Germany,2003,,,TfdA–F,10.1099/mic.0.26260-0,
Alcaligenes eutrophus JMP134-derived (host),Individual strain,"2,4-D",Experimental evidence,Agricultural soil,USA,1996,,,TfdA,10.1128/aem.62.7.2470-2476.1996,
Pseudomonas putida SM1443 (donor),Individual strain,"2,4-D",Experimental evidence,Agricultural soil,UK,2005,,,TfdA–F,10.1016/j.femsec.2005.04.007,
Arthrobacter sp.,Individual strain,Propoxur,Experimental evidence,Soil,USA,1992,,,,10.1080/03601239209372800,
Burkholderia sp.,Individual strain,Ametoctradin,Experimental evidence,Soil,USA,2020,,,,10.3389/fmicb.2020.01898,M650F01; M650F02; M650F03; M650F04
Acinetobacter baumannii ZH-14,Individual strain,Permethrin,Experimental evidence,Contaminated soil,China,2013,,,,10.3389/fmicb.2018.00098,"3-Phenoxybenzenemethanol; 3-Phenoxybenzaldehyde; 1,2-Benzenedicarboxylic acid"
Pseudomonas aeruginosa strain PAO1,Individual strain,Permethrin,Experimental evidence,Contaminated soil,China,2025,Hydrolases,Esterase,estA,10.1016/j.envint.2024.109221,
Pseudomonas putida SPR 13,Individual strain,Propargite,Experimental evidence,Rhizosphere,India,2010,,,,10.1016/j.jhazmat.2009.09.050,
Pseudomonas putida SPR 8,Individual strain,Propargite,Experimental evidence,Rhizosphere,India,2021,,,,10.1016/j.jhazmat.2009.09.050,
Pseudomonas fluorescens,Individual strain,Isopyrazam,Experimental evidence,Commercial strain,Commercial strain,2020,,,,10.1002/jobm.201900687,"3-difluoromethyl-1-methyl-1H-pyrazole-4-carboxylic acid (9-hydroxy-9-isopropyl-1,2,3,4-tetrahydro-1,4-methanonaphthalen-5-yl)-amide; 3-difluoromethyl-1-methyl-1H-pyrazole-4-carboxylic acid (9-isopropylidene-1,2,3,4-tetrahydro-1,4-methanonaphthalen-5-yl)-amide; 3-difluoromethyl-1H-pyrazole-4-carboxylic acid; 3-difluoromethyl-1-methyl-1H-pyrazole-4-amide"
Bacillus subtilis,Individual strain,Isopyrazam,Experimental evidence,Commercial strain,Commercial strain,2020,,,,10.1002/jobm.201900687,"3-difluoromethyl-1-methyl-1H-pyrazole-4-carboxylic acid (9-hydroxy-9-isopropyl-1,2,3,4-tetrahydro-1,4-methanonaphthalen-5-yl)-amide; 3-difluoromethyl-1-methyl-1H-pyrazole-4-carboxylic acid (9-isopropylidene-1,2,3,4-tetrahydro-1,4-methanonaphthalen-5-yl)-amide; 3-difluoromethyl-1H-pyrazole-4-carboxylic acid; 3-difluoromethyl-1-methyl-1H-pyrazole-4-amide"
Trichoderma harzianum,Individual strain,Isopyrazam,Experimental evidence,Commercial strain,Commercial strain,2020,,,,10.1002/jobm.201900687,"3-difluoromethyl-1-methyl-1H-pyrazole-4-carboxylic acid (9-hydroxy-9-isopropyl-1,2,3,4-tetrahydro-1,4-methanonaphthalen-5-yl)-amide; 3-difluoromethyl-1-methyl-1H-pyrazole-4-carboxylic acid (9-isopropylidene-1,2,3,4-tetrahydro-1,4-methanonaphthalen-5-yl)-amide; 3-difluoromethyl-1H-pyrazole-4-carboxylic acid; 3-difluoromethyl-1-methyl-1H-pyrazole-4-amide"
Penicillium sp.,Individual strain,Isopyrazam,Experimental evidence,Commercial strain,Commercial strain,2020,,,,10.1002/jobm.201900687,"3-difluoromethyl-1-methyl-1H-pyrazole-4-carboxylic acid (9-hydroxy-9-isopropyl-1,2,3,4-tetrahydro-1,4-methanonaphthalen-5-yl)-amide; 3-difluoromethyl-1-methyl-1H-pyrazole-4-carboxylic acid (9-isopropylidene-1,2,3,4-tetrahydro-1,4-methanonaphthalen-5-yl)-amide; 3-difluoromethyl-1H-pyrazole-4-carboxylic acid; 3-difluoromethyl-1-methyl-1H-pyrazole-4-amide"
Pseudomonas otitidis strain TD-8,Individual strain,Dithiocarbamate,Experimental evidence,Contaminated soil,Not Mentioned,2023,,,,10.1007/s11356-022-22731-4,
Pseudomonas stutzeri strain TD-18,Individual strain,Dithiocarbamate,Experimental evidence,Contaminated soil,Not Mentioned,2023,,,,10.1007/s11356-022-22731-4,
Acinetobacter pittobacter strain T4P20-1,Individual strain,Pinoxaden,Experimental evidence,Contaminated soil,Not Mentioned,2022,,,"psd, tgt, pyrF, hemF, phnX, folE",10.21203/rs.3.rs-1375498/v1,
Pseudomonas putida QTH3,Individual strain,Quintozene,Experimental evidence,Contaminated soil,China,2019,,,,10.1016/j.ecoenv.2019.109463,"2,3,4,5,6-pentachloroaniline; Pentachlorothioanisole; 2,3,5,6-tetrachloroaniline; 2,3,4,5-tetrachloroaniline; Catechol"
Cupriavidus sp. YNS-85,Individual strain,Quintozene,Experimental evidence,Contaminated soil,China,2011,Oxidoreductases,Nitro-reductase (possible),,10.1007/s11356-017-8640-2,
Arthrobacter nicotianae DH19,Individual strain,Quintozene,Experimental evidence,Agricultural soil,China,2016,,,,10.1111/lam.12476,"2,3,4,5,6-pentachloroaniline; 3,5-dichloroaniline; Aniline; Catechol; Adipic acid"
Bacillus brevis 625,Individual strain,Teflubenzuron,Experimental evidence,Contaminated soil,Russia,2001,,,,10.1081/PFC-100106185,"2,6-difluorobenzamide; 2,6-difluorobenzoic acid; 2,4-difluoro-3,5-dichloroaniline; 1,3-bis(2,4-difluoro-3,5-dichlorophenyl)urea"
Acinetobacter calcoaceticus 21,Individual strain,Teflubenzuron,Experimental evidence,Contaminated soil,Russia,2001,,,,10.1081/PFC-100106185,"2,6-difluorobenzamide; 2,6-difluorobenzoic acid; 2,4-difluoro-3,5-dichloroaniline; 1,3-bis(2,4-difluoro-3,5-dichlorophenyl)urea"
Alcaligenes sp. 1431,Individual strain,Teflubenzuron,Experimental evidence,Contaminated soil,Russia,2001,,,,10.1081/PFC-100106185,"2,6-difluorobenzamide; 2,6-difluorobenzoic acid; 2,4-difluoro-3,5-dichloroaniline; 1,3-bis(2,4-difluoro-3,5-dichlorophenyl)urea"
Pseudomonas sp. 10W,Individual strain,Teflubenzuron,Experimental evidence,Contaminated soil,Russia,2001,,,,10.1081/PFC-100106185,"2,6-difluorobenzamide; 2,6-difluorobenzoic acid; 2,4-difluoro-3,5-dichloroaniline; 1,3-bis(2,4-difluoro-3,5-dichlorophenyl)urea"
Trichoderma longbrachiatum,Individual strain,Dicofol,Enzymatic evidence,Not specified,Not specified,2014,Hydrolases,Cellulase,,10.1016/j.jes.2014.12.023,Dicofol enzymatic transformation products
Trichoderma longbrachiatum,Individual strain,Dicofol,Enzymatic evidence,Not specified,Not specified,2015,Hydrolases,Cellulase,,10.1016/j.jes.2015.03.015,
Serratia sarumanii strain GBS19,Individual strain,Spirodiclofen,Experimental evidence,Agricultural soil,Turkey,2025,,,,10.1007/s10532-025-10144-2,
Stenotrophomonas acidaminiphila G1,Individual strain,Dichlorvos,Experimental evidence,Activated sludge,China,2025,Hydrolases,Methyl parathion hydrolase,mpd,10.3390/ijms26199572,
Not specified,Individual strain,Dichlorvos,Experimental evidence,Contaminated soil,Nigeria,2019,Phosphatases,Phosphoesterases,opd-A and mpd,10.1016/j.chemosphere.2019.01.058,Dimethyl phosphate; Dichloroacetaldehyde
Not specified,Individual strain,Dichlorvos,Experimental evidence,Contaminated soil,Nigeria,2019,Dioxygenases,"Catechol 1,2-dioxygenase",afk1 and afk2,10.1016/j.chemosphere.2019.01.058,Dimethyl phosphate; Dichloroacetaldehyde
Trichoderma atroviride T23,Individual strain,Dichlorvos,Experimental evidence,Biocontrol fungal strain,China( strain source repository),2022,P450,Cytochrome P450 TaCyp548-2,TaCyp548-2,10.1016/j.chemosphere.2021.133173,
Trichoderma asperellum TJ01,Individual strain,Dichlorvos,Experimental evidence,Agricultural soil,China,2018,Oxidoreductases,Oxidoreductases,zfc1,10.1186/s12864-018-4960-y,
Trichoderma asperellum TJ01,Individual strain,Dichlorvos,Experimental evidence,Agricultural soil,China,2018,P450,Cytochrome P450s,,10.1186/s12864-018-4960-y,
Trichoderma asperellum TJ01,Individual strain,Dichlorvos,Experimental evidence,Agricultural soil,China,2018,Peroxidases,Peroxidases,,10.1186/s12864-018-4960-y,
Saccharomyces cerevisiae,Individual strain,Fluxapyroxad,Experimental evidence,Commercial biological yeast,Not specified,2020,,,,10.1038/s41598-020-78177-6,
Pseudomonas sp.,Individual strain,Fludioxonil,Experimental evidence,Estuarine sediment/ agricultural soil,Portugal,2020,,,,10.1016/j.jhazmat.2020.122545,
Ochrobactrum sp.,Individual strain,Fludioxonil,Experimental evidence,Estuarine sediment/ agricultural soil,Portugal,2020,,,,10.1016/j.jhazmat.2020.122545,
Comamonas sp.,Individual strain,Fludioxonil,Experimental evidence,Estuarine sediment/ agricultural soil,Portugal,2020,,,,10.1016/j.jhazmat.2020.122545,
Clostridium sp.,Individual strain,Fludioxonil,Experimental evidence,Activated sludge,Greece,2022,,,,10.1007/s11356-021-16452-3,
Oligotropha sp.,Individual strain,Fludioxonil,Experimental evidence,Activated sludge,Greece,2022,,,,10.1007/s11356-021-16452-3,
Pseudomonas sp.,Individual strain,Fludioxonil,Experimental evidence,Activated sludge,Greece,2022,,,,10.1007/s11356-021-16452-3,
Terrimonas sp.,Individual strain,Fludioxonil,Experimental evidence,Activated sludge,Greece,2022,,,,10.1007/s11356-021-16452-3,
Lactobacillus plantarum,Individual strain,Pirimiphos-Methyl,Experimental evidence,Food-origin lactic acid bacteria collection,China,2018,,,,10.1111/lam.12128,
Aspergillus flavus,Individual strain,Pirimiphos-Methyl,Experimental evidence,Wheat-straw treated with pesticides,Egypt,1999,,,,10.1007/BF02816226,
Aspergillus sydowii,Individual strain,Pirimiphos-Methyl,Experimental evidence,Wheat-straw treated with pesticides,Egypt,1999,,,,10.1007/BF02816226,
Aspergillus niger,Individual strain,Pirimiphos-Methyl,Experimental evidence,Wheat-straw treated with pesticides,Egypt,1999,,,,10.1007/BF02816226,
Aspergillus terreus,Individual strain,Pirimiphos-Methyl,Experimental evidence,Wheat-straw treated with pesticides,Egypt,1999,,,,10.1007/BF02816226,
Fusarium oxysporum,Individual strain,Pirimiphos-Methyl,Experimental evidence,Wheat-straw treated with pesticides,Egypt,1999,,,,10.1007/BF02816226,
Emericella nidulans,Individual strain,Pirimiphos-Methyl,Experimental evidence,Wheat-straw treated with pesticides,Egypt,1999,,,,10.1007/BF02816226,
Isolate CadI,Individual strain,Cadusafos,Experimental evidence,Contaminated soil,Greece,2005,,,,10.1016/j.femsec.2005.01.012,
Isolate CadII,Individual strain,Cadusafos,Experimental evidence,Contaminated soil,Greece,2005,,,,10.1016/j.femsec.2005.01.012,
Paenibacillus polymyxa,Individual strain,Fluazinam,Experimental evidence,Ginseng plant endophyte,China,2019,,,,10.1016/j.ecoenv.2018.10.093,
Phanerochaete chrysosporium (ATCC 24725),Individual strain,Isoxaflutole,Experimental evidence,Not specified,Not specified,2000,Oxidoreductases,Laccase,"EC 1.10.3.2, LiP, MnP",10.1021/jf000397q,
Trametes versicolor,Individual strain,Isoxaflutole,Experimental evidence,Not specified,"INRA culture collection (Versailles, France)",2000,Oxidoreductases,Laccase,"bphA1, benA, bph, p450, ppah",10.1021/jf000397q,
Burkholderia sp.,Individual strain,Mandipropamid,Experimental evidence,Agricultural field,China,2022,Transferases,Histidine kinase,"bphA1, benA, bph, p450, ppah",10.1016/j.jhazmat.2022.128961,
Burkholderia sp.,Individual strain,Mandipropamid,Experimental evidence,Agricultural field,China,2022,Transferases,Glutathione S-transferase (GST),,10.1016/j.jhazmat.2022.128961,
Burkholderia sp.,Individual strain,Mandipropamid,Experimental evidence,Agricultural field,China,2022,Oxidoreductases,Aldehyde dehydrogenase,,10.1016/j.jhazmat.2022.128961,
Burkholderia sp.,Individual strain,Mandipropamid,Experimental evidence,Agricultural field,China,2022,Transferases,Transketolase,,10.1016/j.jhazmat.2022.128961,
Burkholderia sp.,Individual strain,Mandipropamid,Experimental evidence,Agricultural field,China,2022,Oxidoreductases,Pyruvate dehydrogenase,,10.1016/j.jhazmat.2022.128961,
Paraburkholderia sp.,Individual strain,Mandipropamid,Experimental evidence,Agricultural field,China,2022,Transferases,Histidine kinase,"bphA1, benA, bph, p450, ppah",10.1016/j.jhazmat.2022.128961,
Paraburkholderia sp.,Individual strain,Mandipropamid,Experimental evidence,Agricultural field,China,2022,Transferases,Glutathione S-transferase (GST),,10.1016/j.jhazmat.2022.128961,
Paraburkholderia sp.,Individual strain,Mandipropamid,Experimental evidence,Agricultural field,China,2022,Oxidoreductases,Aldehyde dehydrogenase,,10.1016/j.jhazmat.2022.128961,
Paraburkholderia sp.,Individual strain,Mandipropamid,Experimental evidence,Agricultural field,China,2022,Transferases,Transketolase,,10.1016/j.jhazmat.2022.128961,
Paraburkholderia sp.,Individual strain,Mandipropamid,Experimental evidence,Agricultural field,China,2022,Oxidoreductases,Pyruvate dehydrogenase,,10.1016/j.jhazmat.2022.128961,
Hyphomicrobium sp.,Individual strain,Mandipropamid,Experimental evidence,Agricultural field,China,2022,Transferases,Histidine kinase,"bphA1, benA, bph, p450, ppah",10.1016/j.jhazmat.2022.128961,
Hyphomicrobium sp.,Individual strain,Mandipropamid,Experimental evidence,Agricultural field,China,2022,Transferases,Glutathione S-transferase (GST),,10.1016/j.jhazmat.2022.128961,
Hyphomicrobium sp.,Individual strain,Mandipropamid,Experimental evidence,Agricultural field,China,2022,Oxidoreductases,Aldehyde dehydrogenase,,10.1016/j.jhazmat.2022.128961,
Hyphomicrobium sp.,Individual strain,Mandipropamid,Experimental evidence,Agricultural field,China,2022,Transferases,Transketolase,,10.1016/j.jhazmat.2022.128961,
Hyphomicrobium sp.,Individual strain,Mandipropamid,Experimental evidence,Agricultural field,China,2022,Oxidoreductases,Pyruvate dehydrogenase,,10.1016/j.jhazmat.2022.128961,
Novosphingobium sp. MD102,Individual strain,Mandipropamid,Experimental evidence,Soil form gingseng cultivated field,Not specified,2023,,,,10.1016/j.pestbp.2023.105376,
Variovorax sp. MD103,Individual strain,Mandipropamid,Experimental evidence,Soil form gingseng cultivated field,Not specified,2023,,,,10.1016/j.pestbp.2023.105376,
Paenibacillus polymyxa,Individual strain,Propamocarb,Experimental evidence,Ginseng plant endophyte,China,2019,,,,10.1016/j.ecoenv.2018.10.093,
Meyerozyma guilliermondii strain Wyslmt,Individual strain,Diquat,Experimental evidence,Contaminated soil,China,2022,,,DN676,10.3389/fmicb.2022.993721,
"Aeromonas taiwanensis ZJB-18,044",Individual strain,Emamectin benzoate,Experimental evidence,Animal faces,China,2020,,,,10.1007/s10532-020-09909-8,
Ensifer adhaerens CGMCC 6315,Individual strain,Flonicamid,Experimental evidence,Not specified,China,2021,Amidases,Nitrile hydratases,CnhA & PnhA,10.1186/s12934-021-01620-4,N-(4-trifluoromethylnicotinoyl) glycinamide
Alcaligenes faecalis CGMCC 17553,Individual strain,Flonicamid,Experimental evidence,Not specified,Not specified,2019,,,"NitA, NitB,NitC, NitD,NitE",10.1021/acs.jafc.9b04245,N-(4-trifluoromethylnicotinoyl)glycinamide (TFNG-AM)
Microvirga flocculans CGMCC 1.16731,Individual strain,Flonicamid,Experimental evidence,Deposited in CGMCC 1.16731,China,2021,,,AmiA and AmiB,10.1016/j.ecoenv.2021.112384,
Variovorax boronicumulans CGMCC 4969,Individual strain,Flonicamid,Enzymatic evidence,Deposited in CGMCC 1.16732,China,2022,Amidases,Nitrilases,NitA and NitB,10.1111/jam.15561,
Variovorax boronicumulans CGMCC 4969,Individual strain,Flonicamid,Enzymatic evidence,Not specified,Not specified,2024,Amidases,Amidase,NitA and NitB,10.1016/j.scitotenv.2024.172479,
Aminobacter sp. CGMCC 1.17253,Individual strain,Flonicamid,Enzymatic evidence,CGMCC culture collection,China,2023,Amidases,Amidase,PsAmiA,10.1016/j.jhazmat.2022.129952,
Bacillus subtilis PCM 486,Individual strain,Penthiopyrad,Experimental evidence,culture collections,Poland,2020,,,,10.3390/molecules25061421,
Trichoderma harzianum KKP 534,Individual strain,Penthiopyrad,Experimental evidence,culture collections,Poland,2020,,,,10.3390/molecules25061421,
Pseudomonas aeruginosa strain JD115,Individual strain,Acetochlor,Experimental evidence,Contaminated sludge,China,2015,,,,10.1007/s12010-015-1601-7,
Proteiniclasticum sediminis BAD-10ᴛ,Individual strain,Acetochlor,Experimental evidence,Sediment,China,2022,,,,10.1016/j.envres.2022.112859,
Sphingomonas sp. DC-6,Individual strain,Acetochlor,Experimental evidence,Contaminated soil,China,2018,Amidases,Amidases,"cndA, cmeH, meaX, meaY, meaA, meaB",10.1007/s13205-018-1324-x,
Rhodococcus sp. MZ-3,Individual strain,Acetochlor,Experimental evidence,Soil,China,2016,,,,10.1080/03601234.2016.1191907,
Rhodococcus sp.T3-1,Individual strain,Acetochlor,Experimental evidence,Contaminated soil,China,2015,P450,P450 EthBAD,"ethA, ethB, ethD cluster",10.1111/lam.12242,
Delftia sp.T3-6,Individual strain,Acetochlor,Experimental evidence,Contaminated soil,China,2015,P450,P450 EthBAD,"ethA, ethB, ethD cluster",10.1111/lam.12242,
Sphingobium sp.MEA3-1,Individual strain,Acetochlor,Experimental evidence,Contaminated soil,China,2015,P450,P450 EthBAD,"ethA, ethB, ethD cluster",10.1111/lam.12242,
Sphingobium quisquiliarum DC-2,Individual strain,Acetochlor,Experimental evidence,Activated sludge,China,2013,Amidases,Amidase,cmeH,10.1016/j.biortech.2013.09.038,
Bacillus sp. ACD-9,Individual strain,Acetochlor,Experimental evidence,Contaminated soil,China,2020,,,,10.1007/s13205-020-2056-2,2-chloro-N-(2-methyl-6-ethylphenyl) acetamide (CMEPA)
Paracoccus sp. FLY-8,Individual strain,Acetochlor,Experimental evidence,Soil,China,2011,P450,Cytochrome P450 oxygenase (EthBAD),"EthB (oxygenase), EthA (ferredoxin), EthD (reductase)",10.1021/jf104695g,
Rhodococcus sp. Strain T3-1,Individual strain,Acetochlor,Experimental evidence,Soil,China,2015,,,,10.1128/AEM.03601-14,
Bacillus licheniformis strain B-1,Individual strain,Carbosulfan,Experimental evidence,Agriculture soil,China,2020,Phosphatases,Phosphodiesterase (PDE),,10.1007/s10532-020-09899-7,Carbosulfan phosphodiesterase-associated products
Bacillus cereus WL08,Individual strain,Dimethomorph,Experimental evidence,Contaminated soil,China,2020,,,,10.1016/j.jhazmat.2020.122806,
Paracoccus versutus Y4,Individual strain,Etoxazole,Experimental evidence,Contaminated soil,China,2025,Monooxygenase,Monooxygenase,,10.1016/j.jhazmat.2025.138448,Etoxazole monooxygenase/dehydrogenase/hydrolase transformation products
Paracoccus versutus Y4,Individual strain,Etoxazole,Experimental evidence,Contaminated soil,China,2025,Dehydrogenase,Dehydrogenase,,10.1016/j.jhazmat.2025.138448,Etoxazole monooxygenase/dehydrogenase/hydrolase transformation products
Paracoccus versutus Y4,Individual strain,Etoxazole,Experimental evidence,Contaminated soil,China,2025,Hydrolase,Hydrolase,,10.1016/j.jhazmat.2025.138448,Etoxazole monooxygenase/dehydrogenase/hydrolase transformation products
Pseudomonas fluorescens DSM 1976,Individual strain,Azinphos-Methyl,Experimental evidence,Contaminated soil,Germany,1984,,,,10.1021/jf00121a026,
Arthrobacter sp. MCO,Individual strain,Cyromazine,Experimental evidence,Not specified,Not specified,2016,,,,10.1584/jpestics.D15-044,N-cyclopropylammeline
Arthrobacter sp. CSP,Individual strain,Cyromazine,Experimental evidence,Not specified,Not specified,2016,,,,10.1584/jpestics.D15-044,N-cyclopropylammeline
Nocardioides sp. ATD6,Individual strain,Cyromazine,Experimental evidence,Not specified,Not specified,2016,,,,10.1584/jpestics.D15-044,N-cyclopropylammeline
Acinetobacter sp. ZX01,Individual strain,Cyromazine,Experimental evidence,Contaminated soil,China,2014,,,,10.1007/s11356-022-20538-x,
Arthrobacter sp.,Individual strain,Cyromazine,Experimental evidence,Soil,Not specified,1984,,,,10.1042/bj2220315,
Pseudomonas sp.,Individual strain,Cyromazine,Experimental evidence,Soil,Not specified,1984,,,,10.1042/bj2220315,
Phanerochaete sordida YK-624,Individual strain,Dinotefuran,Experimental evidence,Rotted wood,Japan,2019,P450,Cytochrome P450 monooxygenase,,10.1016/j.envpol.2019.06.022,
Phanerochaete sordida YK-624,Individual strain,Dinotefuran,Experimental evidence,Rotted wood,Japan,2019,Peroxidases,Manganese peroxidase,,10.1016/j.envpol.2019.06.022,
Burkholderia sp. C3,Individual strain,Dinotefuran,Experimental evidence,Soil,China,2016,Hydrolases,Carbaryl hydrolase,cahA,10.1007/s10532-013-9629-2,Dinotefuran hydrolysis products
Serratia sarumanii strain GBS19,Individual strain,Fenhexamid,Experimental evidence,Agricultural soil,Turkey,2025,,,,10.1007/s10532-025-10144-2,
Myrothecium verrucaria,Individual strain,Haloxyfop,Experimental evidence,Soil,Not specified,2021,,,,10.1016/j.scitotenv.2024.178012,
Pseudomonas sp. BYT-1,Individual strain,Pymetrozine,Experimental evidence,Activated sludge,China,2019,,,,10.1021/acs.jafc.8b06155,"4-amino-6-methyl-4,5-dihydro-2H-[1,2,4]triazin-3-one (AMDT); 6-hydroxynicotinic acid"
Pseudomonas sp. BYT-1,Individual strain,Pymetrozine,Enzymatic evidence,Activated sludge,China,2021,Hydrolases,Hydrolase,PyzH,10.1111/1462-2920.15557,Nicotinaldehyde; Nicotinic acid
Enterobacter sp. TDS-1,Individual strain,Thiophanate-Methyl,Experimental evidence,Contaminated soil,Poland,2011,,,,10.1007/s10532-010-9430-4,Carbendazim (MBC); 2-aminobenzimidazole (2-AB)
Bacillus sp. TDS-2,Individual strain,Thiophanate-Methyl,Experimental evidence,Contaminated soil,Poland,2011,,,,10.1007/s10532-010-9430-4,Carbendazim (MBC); 2-aminobenzimidazole (2-AB)
Pleurotus ostreatus var. florida,Individual strain,Thiophanate-Methyl,Experimental evidence,Mushroom substrate,Not specified,2019,,,,10.1007/s11356-019-07050-5,Carbendazim
Stenotrophomonas maltophilia ZJB-14120,Individual strain,Abamectin,Experimental evidence,Agricultural soil,China,2015,,,,10.1016/j.resmic.2015.04.002,Metabolite A (m/z 886.8; C24-hydroxylated abamectin B1a); Metabolite B (m/z 709.0); Metabolite C (m/z 485.0); Metabolite D (m/z 292.7)
"Aeromonas taiwanensis ZJB-18,044",Individual strain,Abamectin,Experimental evidence,Animal faces,China,2020,,,,10.1007/s10532-020-09909-8,
Bacillus subtilis BSF01,Individual strain,Cyfluthrin/beta-cyfluthrin,Enzymatic evidence,Not specified,Not specified,2020,Hydrolases,Carboxylesterase assay system,cesB,10.3389/fbioe.2020.00889,Pyrethroid ester-cleavage products
Cellulosimicrobium sp.,Individual strain,Cyfluthrin/beta-cyfluthrin,Experimental evidence,Contaminated soil,China,2022,Hydrolases,Carboxylesterase,,10.1021/acs.jafc.2c00574,
Cellulosimicrobium sp.,Individual strain,Cyfluthrin/beta-cyfluthrin,Experimental evidence,Contaminated soil,China,2022,Oxidoreductases,Oxidoreductases,,10.1021/acs.jafc.2c00574,
Burkholderia sp.,Individual strain,Cyfluthrin/beta-cyfluthrin,Experimental evidence,Contaminated soil,China,2022,Hydrolases,Carboxylesterase,,10.1021/acs.jafc.2c00574,
Burkholderia sp.,Individual strain,Cyfluthrin/beta-cyfluthrin,Experimental evidence,Contaminated soil,China,2022,Oxidoreductases,Oxidoreductases,,10.1021/acs.jafc.2c00574,
Caballoeronia sp.,Individual strain,Cyfluthrin/beta-cyfluthrin,Experimental evidence,Contaminated soil,China,2022,Hydrolases,Carboxylesterase,,10.1021/acs.jafc.2c00574,
Caballoeronia sp.,Individual strain,Cyfluthrin/beta-cyfluthrin,Experimental evidence,Contaminated soil,China,2022,Oxidoreductases,Oxidoreductases,,10.1021/acs.jafc.2c00574,
Paraburkholderia sp.,Individual strain,Cyfluthrin/beta-cyfluthrin,Experimental evidence,Contaminated soil,China,2022,Hydrolases,Carboxylesterase,,10.1021/acs.jafc.2c00574,
Paraburkholderia sp.,Individual strain,Cyfluthrin/beta-cyfluthrin,Experimental evidence,Contaminated soil,China,2022,Oxidoreductases,Oxidoreductases,,10.1021/acs.jafc.2c00574,
Mycobacterium sp.,Individual strain,Cyfluthrin/beta-cyfluthrin,Experimental evidence,Contaminated soil,China,2022,Hydrolases,Carboxylesterase,,10.1021/acs.jafc.2c00574,
Mycobacterium sp.,Individual strain,Cyfluthrin/beta-cyfluthrin,Experimental evidence,Contaminated soil,China,2022,Oxidoreductases,Oxidoreductases,,10.1021/acs.jafc.2c00574,
Paenibacillus sp.,Individual strain,Cyfluthrin/beta-cyfluthrin,Experimental evidence,Contaminated soil,China,2022,Hydrolases,Carboxylesterase,,10.1021/acs.jafc.2c00574,
Paenibacillus sp.,Individual strain,Cyfluthrin/beta-cyfluthrin,Experimental evidence,Contaminated soil,China,2022,Oxidoreductases,Oxidoreductases,,10.1021/acs.jafc.2c00574,
Agromyces sp.,Individual strain,Cyfluthrin/beta-cyfluthrin,Experimental evidence,Contaminated soil,China,2022,Hydrolases,Carboxylesterase,,10.1021/acs.jafc.2c00574,
Agromyces sp.,Individual strain,Cyfluthrin/beta-cyfluthrin,Experimental evidence,Contaminated soil,China,2022,Oxidoreductases,Oxidoreductases,,10.1021/acs.jafc.2c00574,
Afipia sp.,Individual strain,Cyfluthrin/beta-cyfluthrin,Experimental evidence,Contaminated soil,China,2022,Hydrolases,Carboxylesterase,,10.1021/acs.jafc.2c00574,
Afipia sp.,Individual strain,Cyfluthrin/beta-cyfluthrin,Experimental evidence,Contaminated soil,China,2022,Oxidoreductases,Oxidoreductases,,10.1021/acs.jafc.2c00574,
Acromobacter sp.,Individual strain,Cyfluthrin/beta-cyfluthrin,Experimental evidence,Contaminated soil,China,2022,Hydrolases,Carboxylesterase,,10.1021/acs.jafc.2c00574,
Acromobacter sp.,Individual strain,Cyfluthrin/beta-cyfluthrin,Experimental evidence,Contaminated soil,China,2022,Oxidoreductases,Oxidoreductases,,10.1021/acs.jafc.2c00574,
Enterobacter sp.,Individual strain,Cyfluthrin/beta-cyfluthrin,Experimental evidence,Contaminated soil,China,2022,Hydrolases,Carboxylesterase,,10.1021/acs.jafc.2c00574,
Enterobacter sp.,Individual strain,Cyfluthrin/beta-cyfluthrin,Experimental evidence,Contaminated soil,China,2022,Oxidoreductases,Oxidoreductases,,10.1021/acs.jafc.2c00574,
Pseudomonas sp.,Individual strain,Cyfluthrin/beta-cyfluthrin,Experimental evidence,Contaminated soil,China,2022,Hydrolases,Carboxylesterase,,10.1021/acs.jafc.2c00574,
Pseudomonas sp.,Individual strain,Cyfluthrin/beta-cyfluthrin,Experimental evidence,Contaminated soil,China,2022,Oxidoreductases,Oxidoreductases,,10.1021/acs.jafc.2c00574,
Microbacterium sp.,Individual strain,Cyfluthrin/beta-cyfluthrin,Experimental evidence,Contaminated soil,China,2022,Hydrolases,Carboxylesterase,,10.1021/acs.jafc.2c00574,
Microbacterium sp.,Individual strain,Cyfluthrin/beta-cyfluthrin,Experimental evidence,Contaminated soil,China,2022,Oxidoreductases,Oxidoreductases,,10.1021/acs.jafc.2c00574,
Ochrobactrum sp.,Individual strain,Cyfluthrin/beta-cyfluthrin,Experimental evidence,Contaminated soil,China,2022,Hydrolases,Oxidoreductases,,10.1021/acs.jafc.2c00574,
Ochrobactrum sp.,Individual strain,Cyfluthrin/beta-cyfluthrin,Experimental evidence,Contaminated soil,China,2022,Oxidoreductases,Oxidoreductases,,10.1021/acs.jafc.2c00574,
Enterobacter sp.,Individual strain,Cyfluthrin/beta-cyfluthrin,Experimental evidence,Contaminated soil,China,2022,Oxidoreductases,Oxidoreductase,,10.1021/acs.jafc.2c00574,
Enterobacter sp.,Individual strain,Cyfluthrin/beta-cyfluthrin,Experimental evidence,Contaminated soil,China,2022,P450,cytochrome P450-associated enzymes,,10.1021/acs.jafc.2c00574,
Microbacterium sp.,Individual strain,Cyfluthrin/beta-cyfluthrin,Experimental evidence,Contaminated soil,China,2022,,,,10.1021/acs.jafc.2c00574,
Ochrobactrum sp.,Individual strain,Cyfluthrin/beta-cyfluthrin,Experimental evidence,Contaminated soil,China,2022,,,,10.1021/acs.jafc.2c00574,
Pseudomonas sp.,Individual strain,Cyfluthrin/beta-cyfluthrin,Experimental evidence,Contaminated soil,China,2022,,,,10.1021/acs.jafc.2c00574,
Achromobacter sp.,Individual strain,Cyfluthrin/beta-cyfluthrin,Experimental evidence,Contaminated soil,China,2022,,,,10.1021/acs.jafc.2c00574,
Cellulosimicrobium sp.,Individual strain,Cyfluthrin/beta-cyfluthrin,Experimental evidence,Contaminated soil,China,2022,,,,10.1021/acs.jafc.2c00574,
Mycobacterium sp.,Individual strain,Cyfluthrin/beta-cyfluthrin,Experimental evidence,Contaminated soil,China,2022,,,,10.1021/acs.jafc.2c00574,
Sphingomonas paucimobilis,Individual strain,Ethoprophos,Experimental evidence,Contaminated soil,Greece,2005,,,,10.1016/j.femsec.2005.01.012,
Flavobacterium sp.,Individual strain,Ethoprophos,Experimental evidence,Contaminated soil,Greece,2005,,,,10.1016/j.femsec.2005.01.012,
Pseudomonas putida epI,Individual strain,Ethoprophos,Experimental evidence,Contaminated soil,Greece,2000,,,,10.1046/j.1365-2672.2000.01080.x,
Pseudomonas putida epII,Individual strain,Ethoprophos,Experimental evidence,Contaminated soil,Greece,2000,,,,10.1046/j.1365-2672.2000.01080.x,
Rhodococcus sp.,Individual strain,Glufosinate-Ammonium,Experimental evidence,Agricultural soil,Germany,1989,Oxidoreductases,PPT oxidase,,10.1128/aem.55.3.711-716.1989,2-oxo-4-[(hydroxy)(methyl)phosphinoyl]butyric acid; N-acetyl-PPT
Rhodococcus sp.,Individual strain,Glufosinate-Ammonium,Experimental evidence,Agricultural soil,Germany,1989,Transferases,PPT N-acetyltransferase,,10.1128/aem.55.3.711-716.1989,2-oxo-4-[(hydroxy)(methyl)phosphinoyl]butyric acid; N-acetyl-PPT
Rhodococcus sp.,Individual strain,Glufosinate-Ammonium,Experimental evidence,Agricultural soil,Germany,1989,Transferases,PPT transaminase,,10.1128/aem.55.3.711-716.1989,2-oxo-4-[(hydroxy)(methyl)phosphinoyl]butyric acid; N-acetyl-PPT
Streptomycetaceae strains JX02,Individual strain,Imazamox,Experimental evidence,Agricultural soil,China,2022,,,,10.1080/03601234.2022.2064673,
Streptomycetaceae strains JX06,Individual strain,Imazamox,Experimental evidence,Agricultural soil,China,2022,,,,10.1080/03601234.2022.2064673,
Aminobacter aminovorans MDW-2,Individual strain,Methomyl,Experimental evidence,Wastewater,China,2020,Hydrolases,Carbamate C-N hydrolase,AmeH (methomyl hydrolase gene),10.1128/AEM.02005-20.,Methomyl C-N hydrolysis products
Aminobacter sp. MDW-2,Individual strain,Methomyl,Experimental evidence,Contaminated sludge,China,2016,,,,10.1111/lam.12715,
Afipia sp. MDW-3,Individual strain,Methomyl,Experimental evidence,Contaminated sludge,China,2016,,,,10.1111/lam.12715,
Pandoraea sp.,Individual strain,Methomyl,Experimental evidence,Contaminated sludge,China,2023,,,,10.1016/j.jhazmat.2023.131287,
Stenotrophomonas sp.,Individual strain,Methomyl,Experimental evidence,Contaminated soil,China,2023,,,,10.1016/j.jhazmat.2023.131287,
Paracoccus sp. FLY-8,Individual strain,Methomyl,Experimental evidence,Contaminated soil,China,2023,Hydrolases,Esterase,PestE,10.1016/j.jhazmat.2023.131287,
Pyrobaculum calidifontis VA1,Individual strain,Methomyl,Enzymatic evidence,Not specified,Not specified,2022,,,,10.3390/ijms24010433,
Aminobacter aminovorans,Individual strain,Oxamyl,Experimental evidence,Contaminated soil,United Kingdom,2010,,,,10.1016/j.soilbio.2010.01.016,
Aminobacter spp.,Individual strain,Oxamyl,Experimental evidence,Contaminated soil,United Kingdom,2010,,,,10.1016/j.soilbio.2010.01.016,
Mesorhizobium sp.,Individual strain,Oxamyl,Experimental evidence,Contaminated soil,United Kingdom,2010,,,,10.1016/j.soilbio.2010.01.016,
Pseudomonas extremaustralis OXA17,Individual strain,Oxamyl,Experimental evidence,Contaminated soil,Greece,2016,Oxidoreductases,Methylamine dehydrogenase,cehA,10.3389/fmicb.2016.00616,Oxamyl oxime; Methylamine
Pseudomonas monteilii OXA18,Individual strain,Oxamyl,Experimental evidence,Contaminated soil,Greece,2016,Oxidoreductases,Methylamine dehydrogenase,cehA,10.3389/fmicb.2016.00616,Oxamyl oxime; Methylamine
Pseudomonas monteilii OXA25,Individual strain,Oxamyl,Experimental evidence,Contaminated soil,Greece,2016,Oxidoreductases,Methylamine dehydrogenase,cehA,10.3389/fmicb.2016.00616,Oxamyl oxime; Methylamine
Pseudomonas jinjuensis OXA20,Individual strain,Oxamyl,Experimental evidence,Contaminated soil,Greece,2016,Oxidoreductases,Methylamine dehydrogenase,cehA,10.3389/fmicb.2016.00616,Oxamyl oxime; Methylamine
Bacillus licheniformis NKC-1,Individual strain,Chlorpropham,Experimental evidence,Contaminated soil,India,2018,Hydrolases,Chlorpropham hydrolase,,10.1007/s11274-018-2494-8,3-chloroaniline and downstream chlorocatechol products
Bacillus licheniformis NKC-1,Individual strain,Chlorpropham,Experimental evidence,Contaminated soil,India,2018,Dioxygenase,3-chloroaniline dioxygenase,,10.1007/s11274-018-2494-8,3-chloroaniline and downstream chlorocatechol products
Bacillus licheniformis NKC-1,Individual strain,Chlorpropham,Experimental evidence,Contaminated soil,India,2018,Dioxygenases,"4-chlorocatechol 1,2-dioxygenase",,10.1007/s11274-018-2494-8,3-chloroaniline and downstream chlorocatechol products
Bacillus cereus,Individual strain,Indoxacarb,Experimental evidence,Insect gut,India,2016,Hydrolases,Carboxylesterase,,10.1016/j.bjm.2016.01.012,Indoxacarb carboxylesterase hydrolysis products
Klebsiella sp.,Individual strain,Difenoconazole,Experimental evidence,Contaminated soil,Vietnam,2024,,,,10.4014/jmb.2308.08037,
Citrobacter sp.,Individual strain,Difenoconazole,Experimental evidence,Contaminated soil,Vietnam,2024,,,,10.4014/jmb.2308.08037,
Pseudomonas sp,Individual strain,Difenoconazole,Experimental evidence,Contaminated soil,Vietnam,2024,,,,10.4014/jmb.2308.08037,
Lysinibacillus sp. BTKU3,Individual strain,Difenoconazole,Experimental evidence,Oil contaminated soil,India,2022,,,,10.1016/j.chemosphere.2021.131694,
Acinetobacter sp. A-1,Individual strain,Difenoconazole,Experimental evidence,Contaminated soil,China,2025,,,,10.3390/microorganisms13040802,
Phyllobacterium sp.,Individual strain,Difenoconazole,Experimental evidence,Contaminated soil,China,2023,,,,10.1016/j.chemosphere.2022.136863,
Aeromonas sp.,Individual strain,Difenoconazole,Experimental evidence,Contaminated soil,China,2023,,,,10.1016/j.chemosphere.2022.136863,
Burkholderia sp. strain MED-7,Individual strain,Endrin,Experimental evidence,Soil,Japan,2008,,,,10.1007/s00253-008-1670-4,
Cupriavidus sp. strain MED-5,Individual strain,Endrin,Experimental evidence,Soil,Japan,2008,,,,10.1007/s00253-008-1670-4,
Phlebia acanthocystis,Individual strain,Endrin,Experimental evidence,Wood,Not specified,2006,,,,10.1016/j.myc.2019.04.004,
Phlebia brevispora,Individual strain,Endrin,Experimental evidence,Wood,Not specified,2006,,,,10.1016/j.myc.2019.04.004,
Trichoderma viride 12,Individual strain,Endrin,Experimental evidence,Not specified,Not specified,1970,,,,10.1128/am.19.5.879-881.1970,
Pseudomonas sp. 27,Individual strain,Endrin,Experimental evidence,Not specified,Not specified,1970,,,,10.1128/am.19.5.879-881.1970,
Pseudomonas sp. 33,Individual strain,Endrin,Experimental evidence,Not specified,Not specified,1970,,,,10.1128/am.19.5.879-881.1970,
Pseudomonas sp. 34,Individual strain,Endrin,Experimental evidence,Not specified,Not specified,1970,,,,10.1128/am.19.5.879-881.1970,
Trichoderma viride 41,Individual strain,Endrin,Experimental evidence,Not specified,Not specified,1970,,,,10.1128/am.19.5.879-881.1970,
Pseudomonas sp. 94,Individual strain,Endrin,Experimental evidence,Not specified,Not specified,1970,,,,10.1128/am.19.5.879-881.1970,
Pseudomonas sp. 103,Individual strain,Endrin,Experimental evidence,Not specified,Not specified,1970,,,,10.1128/am.19.5.879-881.1970,
Pseudomonas sp. 105,Individual strain,Endrin,Experimental evidence,Not specified,Not specified,1970,,,,10.1128/am.19.5.879-881.1970,
Pseudomonas sp. 117,Individual strain,Endrin,Experimental evidence,Not specified,Not specified,1970,,,,10.1128/am.19.5.879-881.1970,
Pseudomonas sp. 138,Individual strain,Endrin,Experimental evidence,Not specified,Not specified,1970,,,,10.1128/am.19.5.879-881.1970,
Micrococcus 204,Individual strain,Endrin,Experimental evidence,Not specified,Not specified,1970,,,,10.1128/am.19.5.879-881.1970,
Pseudomonas sp. 265,Individual strain,Endrin,Experimental evidence,Not specified,Not specified,1970,,,,10.1128/am.19.5.879-881.1970,
Arthrobacter sp. 278,Individual strain,Endrin,Experimental evidence,Not specified,Not specified,1970,,,,10.1128/am.19.5.879-881.1970,
Bacillus sp. 458,Individual strain,Endrin,Experimental evidence,Not specified,Not specified,1970,,,,10.1128/am.19.5.879-881.1970,
Bacillus sp. 459,Individual strain,Endrin,Experimental evidence,Not specified,Not specified,1970,,,,10.1128/am.19.5.879-881.1970,
Bacillus sp. 461,Individual strain,Endrin,Experimental evidence,Not specified,Not specified,1970,,,,10.1128/am.19.5.879-881.1970,
Chryseobacterium indologenes strain SSJ1,Individual strain,Flubendiamide,Experimental evidence,Contaminated sol,India,2016,,,,10.1007/s13205-015-0347-9,
Trichoderma koningiopsis,Individual strain,Flubendiamide,Enzymatic evidence,Contaminated sol,Brazil,2019,,,,10.1007/s13213-019-01536-w,
Neurospora sp.,Individual strain,Flubendiamide,Experimental evidence,Contaminated soil,Brazil,2019,,,,10.1007/s13213-019-01536-w,
Botryosphaeria rhodina,Individual strain,Flubendiamide,Experimental evidence,Contaminated soil,Brazil,2019,Oxidoreductases,Laccase,,10.1007/s13213-019-01536-w,
Rhizobium sp. strain IM9601,Individual strain,Imazethapyr,Experimental evidence,Contaminated soil,India,2010,,,,10.1007/s00284-023-03533-4,
Bacillus marcorestinctum strain YN1,Individual strain,Imazethapyr,Experimental evidence,Contaminated soil,India,2018,,,,10.1016/j.chemosphere.2024.141178,
Pseudomonas sp. IM-4,Individual strain,Imazethapyr,Experimental evidence,Contaminated soil,India,2013,,,,10.1007/s00284-009-9442-7,
Bacillus cereus strain WD-2,Individual strain,Prochloraz,Experimental evidence,Contaminated soil,China,2019,,,,10.1371/journal.pone.0220975,
Aureobacterium sp. strain C964,Individual strain,Prochloraz,Experimental evidence,Soil,Germany,1996,,,,10.1007/s002530050680,
Aureobacterium sp. strain C965,Individual strain,Prochloraz,Experimental evidence,Soil,Germany,1996,,,,10.1007/s002530050680,
Aureobacterium sp. strain C961,Individual strain,Prochloraz,Experimental evidence,Soil,Germany,1996,,,,10.1007/s002530050680,
Aureobacterium sp. strain C962,Individual strain,Prochloraz,Experimental evidence,Soil,Germany,1996,,,,10.1007/s002530050680,
Azotobacter sp. DSM 6428,Individual strain,Prochloraz,Experimental evidence,Soil,Germany,1996,,,,10.1007/s002530050680,
Rhodococcus qingshengii YL-1,Individual strain,Buprofezin,Experimental evidence,Contaminated soil,China,2017,Dioxygenases,Rieske nonheme iron oxygenase,"RHO, bfzB, bfzC",10.1128/AEM.00868-17,"2-tert-butylimino-3-isopropyl-1,3,5-thiadiazinan-4-one (2-BI)"
Rhodococcus qingshengii YL-1,Individual strain,Buprofezin,Experimental evidence,Contaminated soil,China,2017,Oxidoreductases,Dehydrogenase,,10.1128/AEM.00868-17,"2-tert-butylimino-3-isopropyl-1,3,5-thiadiazinan-4-one (2-BI)"
Rhodococcus qingshengii YL-1,Individual strain,Buprofezin,Experimental evidence,Contaminated soil,China,2017,Dioxygenases,Aromatic ring-cleavage enzyme,,10.1128/AEM.00868-17,"2-tert-butylimino-3-isopropyl-1,3,5-thiadiazinan-4-one (2-BI)"
Pseudomonas sp. DFS35-4,Individual strain,Buprofezin,Experimental evidence,Contaminated soil,China,2011,,,,10.1007/s10532-011-9469-x,
Sphingobium sp. LY-6,Individual strain,Buprofezin,Experimental evidence,Contaminated soil,China,2015,,,,10.1007/s00449-015-1391-x,
Bacillus sp. strain BF-5,Individual strain,Buprofezin,Experimental evidence,Activated sludge,China,2016,,,,10.1016/j.jenvman.2016.04.061,
Rhodococcus sp. strain YL-1,Individual strain,Buprofezin,Experimental evidence,Contaminated soil,China,2012,Dioxygenases,"Catechol 2,3-dioxygenase",,10.1021/jf205185n,
Candida tropicalis strain W123,Individual strain,Prothioconazole,Experimental evidence,Activated sludge,China,2020,,,,10.1016/j.ecoenv.2020.111203,
Enterobacter cloacae strain Y2625,Individual strain,Prothioconazole,Experimental evidence,Activated sludge,China,2020,,,,10.1016/j.ecoenv.2020.111203,
Pseudomonas aeruginosa strain W313,Individual strain,Prothioconazole,Experimental evidence,Activated sludge,China,2020,,,,10.1016/j.ecoenv.2020.111203,
Hyphomicrobium sp. Strain DY-1,Individual strain,Trifloxystrobin,Experimental evidence,Collection strain,China,2021,Hydrolases,Esterase VII,strH,10.1128/AEM.00103-21.,Trifloxystrobin acid
Pseudomonas stutzeri smk,Individual strain,Clothianidin,Experimental evidence,Contaminated soil,India,2019,,,,10.1155/2019/4807913,
Acinetobacter johnsonii LXL_C1,Individual strain,Cyprodinil,Genomic evidence,Contaminated soil,China,2019,P450,Cytochrome P450 monooxygenase,"frmA, ADH5, adhC, catA",10.1016/j.micpath.2018.11.016,Cytochrome P450-associated transformation products
Pseudomonas sp.,Individual strain,Phorate,Experimental evidence,Contaminated soil,India,1986,,,,10.1007/BF01606602,
Pseudomonas sp. IMBL 4.3,Individual strain,Phorate,Experimental evidence,Agriculture soil,India,2015,,,,10.1016/j.ecoenv.2015.07.007,
Pseudomonas sp. IMBL 5.1,Individual strain,Phorate,Experimental evidence,Agriculture soil,India,2015,,,,10.1016/j.ecoenv.2015.07.007,
Pseudomonas sp. IMBL 5.2,Individual strain,Phorate,Experimental evidence,Agriculture soil,India,2015,,,,10.1016/j.ecoenv.2015.07.007,
Rhizobium sp.,Individual strain,Phorate,Experimental evidence,Contaminated soil,India,2003,,,,10.1046/j.1472-765x.2003.01329.x,
Pseudomonas sp,Individual strain,Phorate,Experimental evidence,Contaminated soil,India,2003,,,,10.1046/j.1472-765x.2003.01329.x,
Proteus sp.,Individual strain,Phorate,Experimental evidence,Contaminated soil,India,2003,,,,10.1046/j.1472-765x.2003.01329.x,
Bacillus aerophilus IMBL 4.1,Individual strain,Phorate,Experimental evidence,Contaminated soil,India,2014,,,,10.1007/s11356-013-2155-2,
Brevibacterium frigoritolerans IMBL 2.1,Individual strain,Phorate,Experimental evidence,Contaminated soil,India,2014,,,,10.1007/s11356-013-2155-2,
Pseudomonas fulva IMBL 5.1,Individual strain,Phorate,Experimental evidence,Contaminated soil,India,2014,,,,10.1007/s11356-013-2155-2,
Ralstonia eutropha AAJ1,Individual strain,Phorate,Experimental evidence,Contaminated soil,India,2009,Phosphatases,Phosphomonoesterase,,10.1111/j.1472-765X.2009.02631.x,Phorate phosphoester-cleavage products
Ralstonia eutropha AAJ1,Individual strain,Phorate,Experimental evidence,Contaminated soil,India,2009,Phosphatases,Phosphodiesterase,,10.1111/j.1472-765X.2009.02631.x,Phorate phosphoester-cleavage products
Brevibacterium frigoritolerans IMBL 2.1,Individual strain,Phorate,Experimental evidence,Agriculture soil,India,2015,,,,10.1007/s00128-015-1617-2,
Brevibacterium frigoritolerans,Individual strain,Phorate,Experimental evidence,Contaminated soil,India,2018,,,,10.1016/j.ecoenv.2018.04.063,
Brevibacterium aerophilus,Individual strain,Phorate,Experimental evidence,Contaminated soil,India,2018,,,,10.1016/j.ecoenv.2018.04.063,
Brevibacterium fulva,Individual strain,Phorate,Experimental evidence,Contaminated soil,India,2018,,,,10.1016/j.ecoenv.2018.04.063,
Pseudomonas aeruginosa PR1,Individual strain,Phorate,Experimental evidence,Contaminated soil,India,2022,,,,10.1002/jobm.202100332,
Pseudomonas sp. PR_02,Individual strain,Phorate,Experimental evidence,Contaminated soil,India,2022,,,,10.1002/jobm.202100332,
Lysinibacillus boronitolerans,Individual strain,Boscalid,Experimental evidence,Contaminated soil,India,2023,,,,10.1016/j.envpol.2022.120484,
Peribacillus muralis,Individual strain,Boscalid,Experimental evidence,Contaminated soil,India,2023,,,,10.1016/j.envpol.2022.120484,
Bacillus simplex,Individual strain,Boscalid,Experimental evidence,Contaminated soil,India,2023,,,,10.1016/j.envpol.2022.120484,
Bacillus flexus strain XJU-4,Individual strain,Fenvalerate,Experimental evidence,Not specified,Not specified,2017,Hydrolases,Fenvalerate-hydrolyzing esterase,,10.1007/s13205-017-0957-5,
Bacillus flexus strain XJU-4,Individual strain,Fenvalerate,Experimental evidence,Not specified,Not specified,2017,Oxidoreductases,3-phenoxybenzaldehyde dehydrogenase,,10.1007/s13205-017-0957-5,
Bacillus flexus strain XJU-4,Individual strain,Fenvalerate,Experimental evidence,Not specified,Not specified,2017,Dioxygenases,3-phenoxybenzoate dioxygenase,,10.1007/s13205-017-0957-5,
Bacillus flexus strain XJU-4,Individual strain,Fenvalerate,Experimental evidence,Not specified,Not specified,2017,Monooxygenases,Phenol hydroxylase,,10.1007/s13205-017-0957-5,
Bacillus flexus strain XJU-4,Individual strain,Fenvalerate,Experimental evidence,Not specified,Not specified,2017,Dioxygenases,"Protocatechuate 2,3-dioxygenase",,10.1007/s13205-017-0957-5,
Bacillus flexus strain XJU-4,Individual strain,Fenvalerate,Experimental evidence,Not specified,Not specified,2017,Dioxygenases,"Catechol 2,3-dioxygenase",,10.1007/s13205-017-0957-5,
Stenotrophomonas sp. ZS-S-01,Individual strain,Fenvalerate,Experimental evidence,Agriculture soil,China,2011,,,,10.1007/s00253-010-3035-z,
Citrobacter freundii CD-9,Individual strain,Fenvalerate,Experimental evidence,Plant-sludge,China,2020,Hydrolases,Esterases,,10.1186/s13568-020-01128-x,"3-phenoxybenzaldehyde; butyl 1,2-phthalate; 3-chlorophenylacetic acid; 4-hydroxyphenylacetic acid"
Citrobacter freundii CD-9,Individual strain,Fenvalerate,Experimental evidence,Plant-sludge,China,2022,Hydrolases,Esterases,,10.1186/s13568-022-01392-z,
Citrobacter freundii CD-9,Individual strain,Fenvalerate,Experimental evidence,Plant-sludge,China,2022,Dioxygenases,Aromatic dioxygenases,,10.1186/s13568-022-01392-z,
Citrobacter freundii CD-9,Individual strain,Fenvalerate,Experimental evidence,Plant-sludge,China,2022,Oxidoreductases,Dehydrogenases,,10.1186/s13568-022-01392-z,
Acinetobacter sp. JN8,Individual strain,Fenvalerate,Experimental evidence,Contaminated soil,China,2014,Hydrolases,Carboxylesterase,,10.1139/cjm-2014-0104,
Klebsiella pneumoniae BPBA052,Individual strain,Fenvalerate,Experimental evidence,Contaminated soil,China,2019,Dioxygenases,Aromatic-ring cleaving dioxygenases,,10.1139/cjm-2019-0183,
Klebsiella pneumoniae BPBA052,Individual strain,Fenvalerate,Experimental evidence,Contaminated soil,China,2019,Hydrolases,Esterases,,10.1139/cjm-2019-0183,
Citrobacter freundii CD-9,Individual strain,Fenvalerate,Experimental evidence,Plant-sludge,China,2022,Hydrolases,Esterases,,10.4014/jmb.2110.10048,
Citrobacter freundii CD-9,Individual strain,Fenvalerate,Experimental evidence,Plant-sludge,China,2022,Hydrolases,DBP hydrolases,,10.4014/jmb.2110.10048,
Stenotrophomonas acidaminiphila,Individual strain,Fenvalerate,Experimental evidence,Soil,China,2022,Hydrolases,Esterases,,10.4014/jmb.2110.10048,
Stenotrophomonas acidaminiphila,Individual strain,Fenvalerate,Experimental evidence,Soil,China,2022,Hydrolases,DBP hydrolases,,10.4014/jmb.2110.10048,
Shigella sp.,Individual strain,Heptachlor,Experimental evidence,Contaminated sludge,China,2018,,,,10.2166/wst.2018.127,
Pseudomonas aeruginosa strain Is-6,Individual strain,Methamidophos,Experimental evidence,Agricultural soil,India,2012,Hydrolases,Esterases,,10.1080/03601234.2013.836868,"O,S-dimethyl phosphorothioate (DMPT)"
Hyphomicrobium sp. MAP-1,Individual strain,Methamidophos,Experimental evidence,Contaminated soil,China,2010,,,,10.1007/s10532-009-9320-9,
Pseudomonas azotoformans ACP1,Individual strain,Methamidophos,Experimental evidence,Contaminated soil,India,2020,,,,10.3390/biom10030433,
Pseudomonas azotoformans ACP2,Individual strain,Methamidophos,Experimental evidence,Contaminated soil,India,2020,,,,10.3390/biom10030433,
Pseudomonas azotoformans ACP3,Individual strain,Methamidophos,Experimental evidence,Contaminated soil,India,2020,,,,10.3390/biom10030433,
Penicillium oxalicum ZHJ6,Individual strain,Methamidophos,Experimental evidence,Contaminated soil,China,2010,,,,10.1016/S1671-2927(09)60145-0,
Enterobacter sp. Z1,Individual strain,Methamidophos,Experimental evidence,Wastewater,China,2020,,,"Oph, PaaC, RamA, Mcd",10.1016/j.chemosphere.2020.128054,
Synechocystis salina CCNP 1104,Individual strain,Sulfoxaflor,Experimental evidence,Collection strain,Poland,2023,Amidases,Nitrile hydratase,,10.1016/j.chemosphere.2023.139440,
Microcystis aeruginosa CCNP 1101,Individual strain,Sulfoxaflor,Experimental evidence,Collection strain,Poland,2023,Amidases,Nitrile hydratase,,10.1016/j.chemosphere.2023.139440,
Aminobacter sp. CGMCC 1.17253,Individual strain,Sulfoxaflor,Experimental evidence,Soil,China,2020,Amidases,Nitrile hydratase,"nhaseA, nhaseB",10.1021/acs.jafc.9b06668,Sulfoxaflor amide
Pseudomonas azelaica HBP1,Individual strain,2-Phenylphenol,Genomic evidence,Not specified,Not specified,2001,,,hbpCAD operon,10.1099/00221287-147-8-2183,
Pseudomonas putida,Individual strain,2-Phenylphenol,Enzymatic evidence,Not specified,Not specified,1991,Dioxygenases,Biphenyl dioxygenase system,"cbpA, cbpB, cbpC, cbpD",10.1128/aem.57.5.1325-1332.1991,
Paenarthrobacter sp. YJN-5,Individual strain,Iprodione,Experimental evidence,Contaminated soil,China,2018,Amidases,IpaH amidase,ipaH,10.1128/AEM.01150-18,Iprodione hydantoin-ring hydrolysis product
Paenarthrobacter sp. YJN-5,Individual strain,Iprodione,Experimental evidence,Contaminated soil,China,2021,,,"IpaH, DdaH, DuaH",10.1111/1462-2920.15308,
Paenarthrobacter sp. YJN-D,Individual strain,Iprodione,Experimental evidence,Contaminated soil,China,2021,,,"IpaH, DdaH, DuaH",10.1111/1462-2920.15308,
Microbacterium sp. CQH-1,Individual strain,Iprodione,Experimental evidence,Contaminated soil,China,2017,,,,10.1139/cjm-2017-0185,
Pseudomonas fluorescens,Individual strain,Iprodione,Experimental evidence,Contaminated soil,France,1997,,,,10.1111/j.1574-6941.1997.tb00403.x,
Pseudomonas spp,Individual strain,Iprodione,Experimental evidence,Contaminated soil,France,1997,,,,10.1111/j.1574-6941.1997.tb00403.x,
Pseudomonas paucimobilis,Individual strain,Iprodione,Experimental evidence,Contaminated soil,France,1997,,,,10.1111/j.1574-6941.1997.tb00403.x,
Arthrobacter strain 1,Individual strain,Iprodione,Experimental evidence,Contaminated soil,France,1997,,,,10.1111/j.1574-6941.1997.tb00403.x,
Achromobacter sp. C2,Individual strain,Iprodione,Experimental evidence,Agriculture soil,Italy,2017,Hydrolases,Hydantoinase-like,,10.1007/s11356-016-7682-1,
Arthrobacter sp. C1,Individual strain,Iprodione,Experimental evidence,Agriculture soil,Italy,2017,Hydrolases,Hydantoinase-like,,10.1007/s11356-016-7682-1,
Azospirillum sp. A1-3,Individual strain,Iprodione,Experimental evidence,High-altitude agriculture soil,China,2022,,,IpaH,10.3389/fmicb.2022.1057030,"N-(3,5-dichlorophenyl)-2,4-dioxoimidazolidine; (3,5-dichlorophenylurea) acetic acid"
Arthrobacter sp. MA6,Individual strain,Iprodione,Experimental evidence,Contaminated soil,France,1995,Hydrolases,Hydantoinase/urease-like,,10.1128/AEM.61.9.3216-3220.1995,
Zygosaccharomyces rouxii DBVPG 6399,Individual strain,Iprodione,Experimental evidence,culture collections,Italy,2006,,,,10.1021/jf060764j,
Nocardia sp. DDN,Individual strain,Dichlobenil,Experimental evidence,Contaminated soil,Not specified,2009,,,,10.1016/j.envpol.2009.06.003,
Zoogloea sp.,Individual strain,Dichlobenil,Experimental evidence,Contaminated water,Finland,2009,,,,10.1007/s10532-009-9255-1,
Pseudomonas sp.,Individual strain,Dichlobenil,Experimental evidence,Contaminated water,Finland,2009,,,,10.1007/s10532-009-9255-1,
Xanthomonas sp.,Individual strain,Dichlobenil,Experimental evidence,Contaminated water,Finland,2009,,,,10.1007/s10532-009-9255-1,
Rhodococcus sp.,Individual strain,Dichlobenil,Experimental evidence,Contaminated water,Finland,2009,,,,10.1007/s10532-009-9255-1,
Nocardioides sp.,Individual strain,Dichlobenil,Experimental evidence,Contaminated water,Finland,2009,,,,10.1007/s10532-009-9255-1,
Sphingomonas sp. DC-6,Individual strain,Dichlobenil,Experimental evidence,Contaminated water,Finland,2009,,,,10.1007/s10532-009-9255-1,
Rastonia sp.,Individual strain,Dichlobenil,Experimental evidence,Contaminated water,Finland,2009,,,,10.1007/s10532-009-9255-1,
Rhodococcus sp. T1-1,Individual strain,Vinclozolin,Experimental evidence,Contaminated soil,South Korea,2008,,,,PMID: 18309282,
Phanerochaete chrysosporium BKM-F-1767,Individual strain,Chlordane,Experimental evidence,Culture collection,USA,1990,,,,10.1128/aem.56.8.2347-2353.1990,
Bacillus circulans,Individual strain,Captan,Experimental evidence,Contaminated soil,India,2010,,,,10.1021/jf1030339,
Microbacterium esteraromaticum,Individual strain,Fenamiphos,Experimental evidence,Soil,Australia,2009,Hydrolases,Organophosphorus hydrolase / esterase,,10.1016/j.biortech.2008.12.043,Fenamiphos hydrolysis products
Microbacterium esteraromaticum MM1,Individual strain,Fenamiphos,Genomic evidence,Soil,Australia,2018,Hydrolases,Putative esterases / hydrolases,,10.1128/MRA.00862-18,
Microbacterium spp.,Individual strain,Fenamiphos,Experimental evidence,Contaminated soil,Germany,2010,Hydrolases,Hydrolytic enzymes,,10.1007/s10532-010-9362-z,
Cupriavidus sp.,Individual strain,Fenamiphos,Experimental evidence,Contaminated soil,Germany,2010,Hydrolases,Hydrolytic enzymes,,10.1007/s10532-010-9362-z,
Ralstonia sp.,Individual strain,Fenamiphos,Experimental evidence,Contaminated soil,Germany,2010,Hydrolases,Hydrolytic enzymes,,10.1007/s10532-010-9362-z,
Brevundimonas sp.,Individual strain,Fenamiphos,Experimental evidence,Contaminated soil,Germany,2010,Hydrolases,Hydrolytic enzymes,,10.1007/s10532-010-9362-z,
Sinorhizobium sp.,Individual strain,Fenamiphos,Experimental evidence,Contaminated soil,Germany,2010,Hydrolases,Hydrolytic enzymes,,10.1007/s10532-010-9362-z,
Chlorella sp.,Individual strain,Fenamiphos,Experimental evidence,Laboratory cultures,Spain,2008,,,,10.1007/s00284-008-9293-7,
Scenedesmus spp.,Individual strain,Fenamiphos,Experimental evidence,Laboratory cultures,Spain,2008,,,,10.1007/s00284-008-9293-7,
Nostoc spp.,Individual strain,Fenamiphos,Experimental evidence,Laboratory cultures,Spain,2008,,,,10.1007/s00284-008-9293-7,
Anabaena sp.,Individual strain,Fenamiphos,Experimental evidence,Laboratory cultures,Spain,2008,,,,10.1007/s00284-008-9293-7,
Rhodotorula glutinis Rg 55,Individual strain,Propiconazole,Experimental evidence,Leaf surface,Poland,2020,P450,Cytochrome P450,,10.1186/s12866-020-01885-6,
Aureobasidium pullulan Rg 92,Individual strain,Propiconazole,Experimental evidence,Leaf surface,Poland,2020,P450,Cytochrome P450,,10.1186/s12866-020-01885-6,
Pseudomonas aeruginosa PS-4,Individual strain,Propiconazole,Experimental evidence,Contaminated soil,India,2016,P450,Cytochrome P450 monooxygenase,CYP450,10.1007/s13213-016-1222-6,
Burkholderia sp. strain BBK-9,Individual strain,Propiconazole,Experimental evidence,Contaminated soil,India,2016,,,,10.1007/s13205-016-0429-3,"1-(2,4-dichlorophenyl)-2-(1H-1,2,4-triazol-1-yl) ethanone; 1-[2-(4-chlorophenyl)ethyl]-1H-1,2,4-triazole; 1-ethyl-1H-1,2,4-triazole"
Serratia sarumanii SBS19,Individual strain,Pyrimethanil,Experimental evidence,Agricultural soil,Turkey,2025,,,,10.1007/s10532-025-10144-2,
Pseudomonas putida II-2,Individual strain,Quinclorac,Experimental evidence,Contaminated soil,China,2020,,,,10.1016/j.ecoenv.2019.109826,
Achromobacter sp.QC36,Individual strain,Quinclorac,Experimental evidence,Contaminated soil,China,2020,,,,10.1016/j.ecoenv.2019.109826,
Burkholderia cepacia WZ1,Individual strain,Quinclorac,Experimental evidence,Contaminated soil,China,2009,Oxidoreductases,Phthalate dioxygenase reductase,,10.1016/j.soilbio.2008.10.026,Chlorinated aromatic ring-cleavage products
Burkholderia cepacia WZ1,Individual strain,Quinclorac,Experimental evidence,Contaminated soil,China,2009,Dioxygenases,"Chlorocatechol 1,2-dioxygenase",,10.1016/j.soilbio.2008.10.026,Chlorinated aromatic ring-cleavage products
Burkholderia cepacia WZ1,Individual strain,Quinclorac,Experimental evidence,Contaminated soil,China,2003,,,,10.1081/PFC-120025560,
Cellulosimicrobium cellulans D,Individual strain,Quinclorac,Experimental evidence,Agriculture soil,China,2021,,,,10.1128/Spectrum.00398-21,
Bacillus megaterium Q3,Individual strain,Quinclorac,Experimental evidence,Tobacco root endophyte,China,2014,,,,10.1371/journal.pone.0108012,
Streptomyces sp. strain AH-B,Individual strain,Quinclorac,Experimental evidence,Contaminates soil,China,2018,,,,10.1016/j.chemosphere.2018.01.133,
Mycobacterium sp. strain F4,Individual strain,Quinclorac,Experimental evidence,Contaminates soil,China,2017,,,,10.1371/journal.pone.0185721,
Klebsiella variicola J5,Individual strain,Quinclorac,Experimental evidence,Tobacco rhizosphere soil,China,2022,Monooxygenases,4-hydroxyphenylacetate 3-monooxygenase,hpaB,10.1007/s11274-022-03329-x,
Pseudomonas aeruginosa sp. strain JQ-41,Individual strain,Fenpropathrin,Experimental evidence,Contaminated soil,China,2015,,,,10.1007/s00284-015-0852-4,
Rhodopseudomonas sp. strain PSB07-21,Individual strain,Fenpropathrin,Experimental evidence,Wastewater,Not specified,2019,,,,10.1002/jobm.201800490,
Sphingobium sp. JQL4-5(JQL4-5-mpd),Individual strain,Fenpropathrin,Experimental evidence,Wastewater,Not specified,2010,Hydrolases,Methyl parathion hydrolase,mpd,10.1016/j.jenvman.2010.06.010,Pyrethroid ester-cleavage products
Clostridium species strain ZP3,Individual strain,Fenpropathrin,Experimental evidence,Not specified,Not specified,2011,,,,10.1007/s10532-010-9444-y,
Bacillus sp. DG-02,Individual strain,Fenpropathrin,Experimental evidence,Culture Collection,China,2014,,,,10.1021/jf404908j,
Bacillus cereus ZH-3,Individual strain,Fenpropathrin,Experimental evidence,Activated sludge,Not specified,2015,,,,10.1016/j.scitotenv.2015.03.124,
Bacillus sp. 3B6,Individual strain,Mesotrione,Experimental evidence,Water,France,2006,,,,10.1002/rcm.2627,
Bacillus sp. 3B6,Individual strain,Mesotrione,Experimental evidence,Water,France,2006,,,,10.1111/j.1472-765X.2006.01923.x,
Pantoea ananatis,Individual strain,Mesotrione,Experimental evidence,Water,Brazil,2012,,,,10.1016/j.chemosphere.2011.12.041,
Amycolatopsis nivea La24,Individual strain,Mesotrione,Experimental evidence,Agriculture soil,China,2024,Oxidoreductases,Nitroreductase,,10.1016/j.jhazmat.2024.134951,Mesotrione reduction products
Bacillus subtilis Y3,Individual strain,Pendimethalin,Experimental evidence,Culture collection strain,Not specified,2016,Oxidoreductases,Pendimethalin nitroreductase,pnr,10.1128/AEM.01771-16,Reduced pendimethalin metabolite
Bacillus subtilis Y3,Individual strain,Pendimethalin,Experimental evidence,Culture collection strain,Not specified,2019,Oxidoreductases,Nitroreductase,lnr,10.1021/acs.jafc.9b04354,
Bacillus subtilis Y3-Δpnr,Individual strain,Pendimethalin,Experimental evidence,Culture collection strain,Not specified,2019,Oxidoreductases,Nitroreductase,lnr,10.1021/acs.jafc.9b04354,
Bacillus subtilis Y3-Δlnr,Individual strain,Pendimethalin,Experimental evidence,Culture collection strain,Not specified,2019,Oxidoreductases,Nitroreductase,lnr,10.1021/acs.jafc.9b04354,
Bacillus subtilis Y3-ΔpnrΔlnr,Individual strain,Pendimethalin,Experimental evidence,Culture collection strain,Not specified,2019,Oxidoreductases,Nitroreductase,lnr,10.1021/acs.jafc.9b04354,
Bacillus subtilis Y3,Individual strain,Pendimethalin,Experimental evidence,Contaminated soil,China,2016,,,,10.1016/j.jes.2015.04.035,
Paracoccus sp. P13,Individual strain,Pendimethalin,Experimental evidence,Agriculture soil,China,2018,,,,10.1007/s00284-018-1494-0,
Bacillus paramycoides NDZ,Individual strain,Acephate,Experimental evidence,Agriculture soil,China,2021,Hydrolases,Organophosphorus hydrolase,,10.1007/s11274-020-02931-1,"Methamidophos; O,S-dimethyl hydrogen phosphorothioate"
Pseudomonas aeruginosa Is-6,Individual strain,Acephate,Experimental evidence,Agriculture soil,India,2014,,,,10.1080/03601234.2013.836868,"Methamidophos; O,S-dimethyl phosphorothioate (DMPT); Phosphoric acid; CO2"
Pseudomonas pseudoalcaligenes PS-5,Individual strain,Acephate,Experimental evidence,Contaminated soil,India,2017,,,,10.1007/s13205-017-0900-9,
Enterobacter asburiae,Individual strain,Acephate,Experimental evidence,Insect gut,India,2016,,,,PMID: 27498509,
Bacillus cereus,Individual strain,Acephate,Experimental evidence,Insect gut,India,2016,,,,PMID: 27498509,
Pantoea agglomerans,Individual strain,Acephate,Experimental evidence,Insect gut,India,2016,,,,PMID: 27498509,
Arthrobacter atrocyaneus ATCC 13752,Individual strain,Phosphonic acid,Experimental evidence,Soil,Not specified,1979,Lyases,C–P lyase,,10.1128/aem.54.5.1293-1296.1988,
Ochrobactrum sp. BTU1,Individual strain,Phosphonic acid,Experimental evidence,Activated sludge,Czech Republic,2009,Lyases,C–P lyase,,10.1016/j.micres.2024.127600,
Escherichia coli,Individual strain,Phosphonic acid,Experimental evidence,Laboratory strain,Not specified,1991,Lyases,C–P lyase,phnC–phnP,10.1128/JB.01131-09,C-P bond cleavage products
Enzyme stydy,Individual strain,Phosphonic acid,Enzymatic evidence,Not specified,Not specified,2016,Dioxygenases,Iron(II)- and 2-(oxo)glutarate-dependent oxygenase,"TmpA, TmpB.",10.1021/acs.biochem.9b00044,
Sinorhizobium meliloti 1021,Individual strain,Phosphonic acid,Experimental evidence,Soil,Not specified,2003,Oxidoreductases,Phosphonoacetaldehyde dehydrogenase,"phnW, phnA, and phnY",10.1074/jbc.M111.237735,
Sinorhizobium meliloti 1021,Individual strain,Phosphonic acid,Experimental evidence,Soil,Not specified,2003,Hydrolases,Phosphonoacetate hydrolase,,10.1074/jbc.M111.237735,
Aspergillus flavus,Individual strain,Phosphonic acid,Experimental evidence,Agriculture soil,Not specified,2008,Phosphatases,Phosphatases,,10.1007/BF02816226,
Aspergillus flavus,Individual strain,Phosphonic acid,Experimental evidence,Agriculture soil,Not specified,2008,Hydrolases,Esterases,,10.1007/BF02816226,
Aspergillus sydowii,Individual strain,Phosphonic acid,Experimental evidence,Agriculture soil,Not specified,2008,Phosphatases,Phosphatases,,10.1007/BF02816226,
Aspergillus sydowii,Individual strain,Phosphonic acid,Experimental evidence,Agriculture soil,Not specified,2008,Hydrolases,Esterases,,10.1007/BF02816226,
Fusarium oxysporum (DSMZ 2018),Individual strain,Phosphonic acid,Experimental evidence,DSMZ collection,Not specified,2013,Oxidoreductases,Oxidative enzymes,,10.1155/2013/927361,
Fusarium culmorum (DSMZ 1094),Individual strain,Phosphonic acid,Experimental evidence,DSMZ collection,Not specified,2013,Oxidoreductases,Oxidative enzymes,,10.1155/2013/927361,
Escherichia coli,Individual strain,Phosphonic acid,Experimental evidence,Laboratory strain,Not specified,1987,Lyases,C–P lyase,phn operon,10.1128/jb.92.3.623-627.1966,
Escherichia coli,Individual strain,Phosphonic acid,Experimental evidence,Laboratory strain,Not specified,1992,Lyases,C–P lyase complex,"PhnC, PhnD,PhnE, PhnG, PhnH, PhnI, PhnJ, PhnK, PhnL, and PhnM",10.1128/jb.175.11.3430-3442.1993,
Enterobacter cloacae strain MUG75,Individual strain,Profenofos,Experimental evidence,rhizosphere soil,Pakistan,2021,,,,10.1080/15226514.2021.1952927,
Pseudomonas aeruginosa strain OW,Individual strain,Profenofos,Experimental evidence,Contaminated soil,China,2009,Hydrolases,Organophosphate hydrolase / esterase,,10.1016/S1001-0742(08)62460-2,
Bacillus sp. PF1,Individual strain,Profenofos,Experimental evidence,Agriculture soil,India,2014,Hydrolases,Esterase,,10.1080/09593330.2021.1976282,
Pseudomonas sp.,Individual strain,Profenofos,Experimental evidence,Contaminated soil,India,2012,,,,10.1590/S1517-838220090004000021,
Burkholderia sp.,Individual strain,Profenofos,Experimental evidence,Contaminated soil,India,2012,,,,10.1590/S1517-838220090004000021,
Cupriavidus nantongensis X1ᵀ,Individual strain,Profenofos,Experimental evidence,Activated sludge,China,2020,Hydrolases,Organophosphate hydrolase,OpdB,10.1021/acs.jafc.0c00132,Profenofos hydrolysis products
Cupriavidus nantongensis X1ᵀ,Individual strain,Profenofos,Experimental evidence,Activated sludge,China,2023,Hydrolases,Organophosphate hydrolase,OpdB,10.3390/ijms24066003,
Cupriavidus nantongensis X1ᵀ,Individual strain,Profenofos,Experimental evidence,Activated sludge,China,2023,Hydrolases,Organophosphate hydrolase,OpdB,10.1016/j.scitotenv.2022.160782,
Bacillus subtilis strains DR-39,Individual strain,Profenofos,Experimental evidence,Grape rhizosphere,India,2013,Hydrolases,Esterase,,10.1021/jf400528d,
Bacillus subtilis strains DR-39,Individual strain,Profenofos,Experimental evidence,Grape rhizosphere,India,2013,Hydrolases,Phosphotriesterase,,10.1021/jf400528d,
Bacillus subtilis strains CS-126,Individual strain,Profenofos,Experimental evidence,Grape rhizosphere,India,2013,Hydrolases,Esterase,,10.1021/jf400528d,
Bacillus subtilis strains CS-126,Individual strain,Profenofos,Experimental evidence,Grape rhizosphere,India,2013,Hydrolases,Phosphotriesterase,,10.1021/jf400528d,
Bacillus subtilis strains TL-171,Individual strain,Profenofos,Experimental evidence,Grape rhizosphere,India,2013,Hydrolases,Esterase,,10.1021/jf400528d,
Bacillus subtilis strains TL-171,Individual strain,Profenofos,Experimental evidence,Grape rhizosphere,India,2013,Hydrolases,Phosphotriesterase,,10.1021/jf400528d,
Bacillus subtilis strains TS-204,Individual strain,Profenofos,Experimental evidence,Grape rhizosphere,India,2013,Hydrolases,Esterase,,10.1021/jf400528d,
Bacillus subtilis strains TS-204,Individual strain,Profenofos,Experimental evidence,Grape rhizosphere,India,2013,Hydrolases,Phosphotriesterase,,10.1021/jf400528d,
Pseudoxanthomonas suwonensis strain HNM,Individual strain,Profenofos,Experimental evidence,Contaminated soil,India,2015,,,,10.1002/jobm.201400978,
Bacillus sp. PF1,Individual strain,Profenofos,Experimental evidence,Agriculture soil,India,2021,Hydrolases,Esterase,,10.1080/09593330.2021.1976282,
Pseudomonas plecoglossicida strain PF1,Individual strain,Profenofos,Experimental evidence,Contaminated soil,India,2020,,,,10.1016/j.ecoenv.2019.110129,
Cupriavidus nantongensis X1ᵀ,Individual strain,Profenofos,Experimental evidence,Activated sludge,China,2023,Hydrolases,Organophosphate hydrolase,OpdB,10.1016/j.jhazmat.2024.133750,
Pseudomonas plecoglossicida,Individual strain,Profenofos,Experimental evidence,Contaminated soil,Thailand,2014,,,,10.1007/s11356-014-3354-1,
Pseudomonas aeruginosa,Individual strain,Profenofos,Experimental evidence,Contaminated soil,Thailand,2014,,,,10.1007/s11356-014-3354-1,
Pseudomonas geniculata strain PQ01,Individual strain,Paraquat,Experimental evidence,Agricultural soil,China,2020,,,,10.3389/fmicb.2020.02003,
Pseudomonas putida TISTR 1522,Individual strain,Paraquat,Experimental evidence,Culture collection strain,Not specified,2023,,,,10.3390/toxics11070638,
Bacillus subtilis TISTR 1248,Individual strain,Paraquat,Experimental evidence,Culture collection strain,Not specified,2023,,,,10.3390/toxics11070638,
Aspergillus tamarii PRPY-2,Individual strain,Paraquat,Experimental evidence,Contaminated soil,Thiland,2020,,,,10.1111/lam.13439,
Cunninghamella sp. PFCM-1,Individual strain,Paraquat,Experimental evidence,Contaminated soil,Thailand,2020,,,,10.1111/lam.13439,
Burkholderia sp. FDS-1,Individual strain,Fenitrothion,Experimental evidence,Wastewater,China,2006,Hydrolases,Organophosphorus hydrolase,mpd,10.1007/s10532-005-7130-2,Fenitrothion organophosphorus hydrolysis products
Burkholderia sp. NF100,Individual strain,Fenitrothion,Experimental evidence,Contaminated soil,Japan,2000,Hydrolases,Organophosphorus hydrolase,"pNF1, pNF2",10.1128/AEM.66.4.1737-1740.2000,
Cunninghamella elegans ATCC 36112,Individual strain,Fenitrothion,Experimental evidence,Culture collection strain,USA,2017,Oxidoreductases,Fungal oxidative & hydrolytic enzymes,,10.1021/acs.jafc.7b04273,
Hyphomicrobium sp. DY-1,Individual strain,Pyraclostrobin,Experimental evidence,Agriculture soil,China,2021,Hydrolases,Detoxification esterase (esterase family VII),strH,10.1128/AEM.00103-21,Pyraclostrobin acid
Burkholderia sp. Pyr-1,Individual strain,Pyraclostrobin,Experimental evidence,Activated sludge,China,2024,,,,10.1016/j.envpol.2024.123833,
Bacillus sp. TAP-1,Individual strain,Triazophos,Experimental evidence,Contaminated water,China,2012,,,,10.1016/j.micres.2011.10.004,
Klebsiella sp. E6,Individual strain,Triazophos,Experimental evidence,Contaminated soil,China,2005,,,,10.1016/j.femsle.2005.09.044,
Bacillus thuringiensis MB497,Individual strain,Triazophos,Experimental evidence,Soil,Pakistan,2020,Phosphatases,Acidic organophosphorus phosphatase (OPP),,10.1016/j.heliyon.2020.e04221,
Bacillus thuringiensis MB497,Individual strain,Triazophos,Experimental evidence,Soil,Pakistan,2020,Phosphatases,Alkaline organophosphorus phosphatase (OPP),,10.1016/j.heliyon.2020.e04221,
Diaphorobacter sp. TPD-1,Individual strain,Triazophos,Experimental evidence,Contaminated soil,China,2011,Not specified,Hydrolytic enzymes (functional),,10.1007/s00284-010-9859-z,
Burkholderia sp. SZL-1,Individual strain,Triazophos,Experimental evidence,Contaminated soil,China,2016,Hydrolases,Triazophos hydrolase,trhA,10.1093/femsle/fnw108,"1-phenyl-3-hydroxy-1,2,4-triazole (PHT)"
Bacillus amyloliquefaciens YP6,Individual strain,Triazophos,Experimental evidence,Soil,China,2019,Phosphatases,Alkaline phosphatase (AP3) (EC 3.1.3.1),Not specified,10.1080/03601234.2019.1571363,
Enterobacter sp. Z1,Individual strain,Triazophos,Experimental evidence,Wastewater,China,2020,,,"oph, paaC",10.1016/j.chemosphere.2020.128054,
Pseudomonas kilonensis MB490,Individual strain,Triazophos,Experimental evidence,Agriculture soil,Pakistan,2020,,,,10.1080/03601234.2020.1823171,
Pseudomonas kilonensis MB498,Individual strain,Triazophos,Experimental evidence,Agriculture soil,Pakistan,2020,,,,10.1080/03601234.2020.1823171,
Pseudomonas sp. MB504,Individual strain,Triazophos,Experimental evidence,Agriculture soil,Pakistan,2020,,,,10.1080/03601234.2020.1823171,
Cupriavidus nantongensis X1ᵀ,Individual strain,Triazophos,Experimental evidence,Activated sludge,China,2019,Hydrolases,Organophosphorus hydrolase,opdB,10.1021/acs.jafc.9b06157,
Sphingomonas phylotype (B13),Individual strain,Thiabendazole,Experimental evidence,Wastewater,Greece,2017,,,,10.1007/s00253-017-8128-5,
Burkholderia sp. JS667,Individual strain,Diphenylamine,Experimental evidence,Contaminated sediment,USA,2009,Dioxygenases,Multicomponent ring-hydroxylating dioxygenase,"dpaAa, tdnC",10.1128/AEM.02198-08,Aniline; catechol
Desulfovibrio sp. strain SHV,Individual strain,Diphenylamine,Experimental evidence,Marine sediment,Germany,1998,,,,10.1007/PL00006754,
Desulfococcus multivorans DSM 2059,Individual strain,Diphenylamine,Experimental evidence,Marine sediment,Germany,1995,,,,10.1128/aem.61.9.3282-3287.1995,
Desulfobacterium anilini DSM 4660,Individual strain,Diphenylamine,Experimental evidence,Marine sediment,Germany,1995,,,,10.1128/aem.61.9.3282-3287.1995,
Syncephalastrum racemosum,Individual strain,Metalaxyl,Experimental evidence,Agriculture soil,Spain,1997,,,,10.1128/aem.55.1.66-71.1989,
Gongronella sp.,Individual strain,Metalaxyl,Experimental evidence,Not specified,Not specified,2017,,,,10.3390/molecules22122225,
Rhizopus oryzae,Individual strain,Metalaxyl,Experimental evidence,Not specified,Not specified,2017,,,,10.3390/molecules22122225,
Brevibacillus brevis,Individual strain,Metalaxyl,Experimental evidence,Agriculture soil,Germany,2013,,,,10.1002/chir.22158,
Candida tropicalis,Individual strain,Metalaxyl,Experimental evidence,Conataminated soil,Not specified,2020,,,,10.1007/s00284-020-02121-0,
Penicillium sp. 1,Individual strain,Metalaxyl,Experimental evidence,Agriculture soil,Portugal,2013,,,,10.1007/s00244-013-9877-5,
Penicillium sp. 2,Individual strain,Metalaxyl,Experimental evidence,Agriculture soil,Portugal,2013,,,,10.1007/s00244-013-9877-5,
Mycelium sterila 1,Individual strain,Metalaxyl,Experimental evidence,Agriculture soil,Portugal,2013,,,,10.1007/s00244-013-9877-5,
Gongronella sp.,Individual strain,Metalaxyl,Experimental evidence,Agriculture soil,Portugal,2013,,,,10.1007/s00244-013-9877-5,
Rhizopus stolonifer,Individual strain,Metalaxyl,Experimental evidence,Agriculture soil,Portugal,2013,,,,10.1007/s00244-013-9877-5,
Trametes versicolor,Individual strain,Bentazone,Experimental evidence,Culture collection strain,USA,2021,Oxidoreductases,Laccase,,10.1016/j.jhazmat.2020.124476,TP256 (hydroxyl-bentazone); TP268 (oxidized N-methyl-bentazone form); TP284a (further oxidized N-methyl-bentazone form); TP284b (carboxylated bentazone form); TP285 (hydroxylated N-nitroso bentazone form)
Trametes versicolor,Individual strain,Bentazone,Experimental evidence,Culture collection strain,USA,2021,P450,Cytochrome P450,,10.1016/j.jhazmat.2020.124476,TP256 (hydroxyl-bentazone); TP268 (oxidized N-methyl-bentazone form); TP284a (further oxidized N-methyl-bentazone form); TP284b (carboxylated bentazone form); TP285 (hydroxylated N-nitroso bentazone form)
Pleurotus ostreatus,Individual strain,Aldrin and Dieldrin,Experimental evidence,Culture collection strain,Japan,2017,,,,10.1007/s00284-016-1184-8,
Wood-rot,Individual strain,Aldrin and Dieldrin,Experimental evidence,Not specified,Not specified,2010,,,,10.1002/ps.1958,
Phlebia acanthocystis,Individual strain,Aldrin and Dieldrin,Experimental evidence,Culture collection strain,Japan,2011,,,,10.1016/j.chemosphere.2011.06.028,
Phlebia brevispora,Individual strain,Aldrin and Dieldrin,Experimental evidence,Culture collection strain,Japan,2011,,,,10.1016/j.chemosphere.2011.06.028,
Phlebia aurea,Individual strain,Aldrin and Dieldrin,Experimental evidence,Culture collection strain,Japan,1971,,,,10.1016/j.chemosphere.2011.06.028,
Trichoderma koningi,Individual strain,Aldrin and Dieldrin,Experimental evidence,Agriculture soil,Not specified,1971,,,,10.1007/BF01796853,
Phanerochaete chrysosporium,Individual strain,Aldrin and Dieldrin,Experimental evidence,Laboratory strain,USA,1990,,,,10.1128/aem.56.8.2347-2353.1990,
Mucor racemosus strain DDF,Individual strain,Aldrin and Dieldrin,Experimental evidence,Contaminated soil,Not specified,2018,,,,10.1584/jpestics.J18-03,Aldrin trans-diol; Aldrin trans-diol exo- and endo-phosphates
Aerobacter aerogenes,Individual strain,Aldrin and Dieldrin,Experimental evidence,Laboratory strain,USA,1968,Hydrolases,Epoxide hydrolase,,10.1128/am.16.4.661-662.1968,
Clostridium sp.,Individual strain,Aldrin and Dieldrin,Experimental evidence,River sediment,Taiwan,2005,,,,10.1016/j.chemosphere.2005.02.018,
Acidaminobacter sp.,Individual strain,Aldrin and Dieldrin,Experimental evidence,River sediment,Taiwan,2005,,,,10.1016/j.chemosphere.2005.02.018,
Bacillus sp.,Individual strain,Aldrin and Dieldrin,Experimental evidence,Agriculture soil,Not specified,1977,Monooxygenases,Epoxidase-like,,10.1128/aem.34.1.7-13.1977,
Micromonospora sp.,Individual strain,Aldrin and Dieldrin,Experimental evidence,Agriculture soil,Not specified,1977,Monooxygenases,Epoxidase-like,,10.1128/aem.34.1.7-13.1977,
Mycobacterium sp.,Individual strain,Aldrin and Dieldrin,Experimental evidence,Agriculture soil,Not specified,1977,Monooxygenases,Epoxidase-like,,10.1128/aem.34.1.7-13.1977,
Nocardia sp.,Individual strain,Aldrin and Dieldrin,Experimental evidence,Agriculture soil,Not specified,1977,Monooxygenases,Epoxidase-like,,10.1128/aem.34.1.7-13.1977,
Streptomyces sp.,Individual strain,Aldrin and Dieldrin,Experimental evidence,Agriculture soil,Not specified,1977,Monooxygenases,Epoxidase-like,,10.1128/aem.34.1.7-13.1977,
Thermoactinomyces sp.,Individual strain,Aldrin and Dieldrin,Experimental evidence,Agriculture soil,Not specified,1977,Monooxygenases,Epoxidase-like,,10.1128/aem.34.1.7-13.1977,
Pseudomonas sp.,Individual strain,Aldrin and Dieldrin,Experimental evidence,Agriculture soil,Not specified,1977,Monooxygenases,Epoxidase-like,,10.1128/aem.34.1.7-13.1977,
Pseudomonas fluorescens,Individual strain,Aldrin and Dieldrin,Experimental evidence,Laboratory strain,Not specified,2006,,,,10.1080/03601230600701700,
Xanthobacter strain Py2,Individual strain,Propylene oxide,Experimental evidence,Not specified,Not specified,1995,,,,10.1128/jb.177.21.6170-6175.1995,
Xanthobacter strain Py2,Individual strain,Propylene oxide,Experimental evidence,Not specified,Not specified,1995,,,,10.1128/aem.61.4.1507-1513.1995,
Xanthobacter strain Py2,Individual strain,Propylene oxide,Enzymatic evidence,Not specified,Not specified,1996,Oxidoreductases,Pyridine nucleotide-disulfide oxidoreductase,,10.1128/jb.178.22.6644-6646.1996,Propylene oxide oxidation products
Pseudomonas sp. GW13,Individual strain,Chlorantraniliprole,Experimental evidence,Agricultural soil,China,2019,Amidases,Amidase,,10.3390/bioengineering6040106,Chlorantraniliprole amidase transformation products
Enterococcus mundtii E14,Individual strain,Chlorantraniliprole,Experimental evidence,Insect gut,China,2024,,,,10.1016/j.pestbp.2024.106060,
Pseudomonas paucimobilis,Individual strain,Dicamba,Experimental evidence,Water,USA,1995,Oxidoreductases,Dicamba demethylase,,10.1007/BF01569952,
Rhizorhabdus dicambivorans Ndbn-20,Individual strain,Dicamba,Experimental evidence,Agricultural soil,China,2020,Dioxygenases,"Gentisate 1,2-dioxygenase",DsmD and GtdA,10.1021/acs.jafc.0c01523,
Pseudomonas maltophilia DI-6,Individual strain,Dicamba,Enzymatic evidence,Soil,USA,1997,Monooxygenases,Dicamba monooxygenase,"ddmA, ddmB, ddmC",10.1128/aem.63.4.1623-1626.1997,"3,6-dichlorosalicylic acid"
Stenotrophomonas maltophilia DI-6,Individual strain,Dicamba,Enzymatic evidence,Soil,USA,2009,Monooxygenases,Dicamba monooxygenase,dmo,10.1016/j.jmb.2009.07.021,
Rhizorhabdus dicambivorans Ndbn-20,Individual strain,Dicamba,Enzymatic evidence,Contaminated soil,China,2022,Oxidoreductases,THF-dependent demethylase,dmt06,10.3389/fmicb.2022.978577,"3,6-dichlorosalicylate"
Pseudomonas sp. CB2,Individual strain,Bifenthrin,Experimental evidence,Activated sludge,China,2018,,,,10.1080/03601234.2018.1431458,
Candida pelliculosa ZS-02,Individual strain,Bifenthrin,Experimental evidence,Not specified,China,2012,Hydrolases,Esterase,,10.1371/journal.pone.0030862,"Cyclopropanecarboxylic acid; 2-methyl-3-biphenylyl methanol; 4-trifluoromethoxyphenol; 2-chloro-6-fluorobenzyl alcohol; 3,5-dimethoxyphenol"
Penicillium chrysogenum PC,Individual strain,Bifenthrin,Experimental evidence,Laboratory strain,Pakistan,2023,Hydrolases,Esterase,,10.21203/rs.3.rs-2442920/v1,
Pseudomonas aeruginosa PAO1,Individual strain,Bifenthrin,Experimental evidence,Laboratory strain,China,2025,Hydrolases,Esterase,estA,10.1016/j.envint.2024.109221,
Rhodococcus sp. FIP_B3,Individual strain,Fipronil,Experimental evidence,Agricultural soil,India,2025,P450,Cytochrome P450,CYP450 family genes,10.1016/j.envpol.2024.125320,
Rhodococcus sp. FIP_B4,Individual strain,Fipronil,Experimental evidence,Agricultural soil,India,2025,Dehalogenases,Dehalogenase,,10.1016/j.envpol.2024.125320,
Pseudomonas sp. FIP_A4,Individual strain,Fipronil,Experimental evidence,Contaminated soil,India,2024,P450,Cytochrome P450,CYP450-like genes,10.1016/j.chemosphere.2024.142944,
Pseudomonas sp. FIP_A4,Individual strain,Fipronil,Experimental evidence,Contaminated soil,India,2024,Dioxygenases,Dioxygenase,,10.1016/j.chemosphere.2024.142944,
Streptomyces rochei AJAG7 (NR),Individual strain,Fipronil,Experimental evidence,Contaminated soil,India,2019,,,,10.1016/j.pestbp.2019.01.011,
Enterobacter chengduensis G2.8,Individual strain,Fipronil,Experimental evidence,Agricultural soil,China,2023,Hydrolases,Esterase,,10.3390/life13091935,Fipronil-sulfone; Fipronil-sulfide
Bacillus sp. FA4,Individual strain,Fipronil,Experimental evidence,Contaminated soil,India,2021,Hydrolases,Esterase,,10.1016/j.chemosphere.2021.130156,
Bacillus firmus,Individual strain,Fipronil,Experimental evidence,Agircultural soil,India,2014,Oxidoreductases,Laccase,,10.1016/j.chemosphere.2013.11.043,
Aspergillus glaucus strain AJAG1,Individual strain,Fipronil,Experimental evidence,Agricultural soil,India,2017,Oxidoreductases,Laccase,,10.1007/s13205-017-0820-8,
Aspergillus glaucus strain AJAG1,Individual strain,Fipronil,Experimental evidence,Agricultural soil,India,2017,Peroxidases,Peroxidase,,10.1007/s13205-017-0820-8,
Ochrobactrum anthropi Strain SH14,Individual strain,Azoxystrobin,Experimental evidence,Activated sludge,Not specified,2020,,,,10.3390/microorganisms8050625,
Hyphomicrobium sp. DY-1,Individual strain,Azoxystrobin,Experimental evidence,Agricultural soil,China,2021,Hydrolases,Esterase,StrH,10.1128/AEM.00103-21,Azoxystrobin acid
Bacillus subtilis MK101,Individual strain,Azoxystrobin,Experimental evidence,Contaminated soil,Not specified,2023,,,"benC, pcaG, pcaH",10.1016/j.scitotenv.2023.164375,
Pseudomonas kermanshahensis MK113,Individual strain,Azoxystrobin,Experimental evidence,Contaminated soil,Not specified,2023,,,"benC, pcaG, pcaH",10.1016/j.scitotenv.2023.164375,
Rhodococcus fascians MK144,Individual strain,Azoxystrobin,Experimental evidence,Contaminated soil,Not specified,2023,,,"benC, pcaG, pcaH",10.1016/j.scitotenv.2023.164375,
Rhodanobacter sp. (CCH1),Individual strain,Azoxystrobin,Experimental evidence,Contaminated soil,Not specified,2014,,,,10.1016/j.chemosphere.2013.09.048,
Cupriavidus sp. (CCH2),Individual strain,Azoxystrobin,Experimental evidence,Contaminated soil,Not specified,2014,,,,10.1016/j.chemosphere.2013.09.048,
Bacillus sp. LM655314.1,Individual strain,Azoxystrobin,Experimental evidence,Contaminated soil,Poland,2017,Dehalogenases,Dehydrogenases,,10.1007/s11270-016-3200-9,
Bacillus sp. LM655314.1,Individual strain,Azoxystrobin,Experimental evidence,Contaminated soil,Poland,2017,Oxidoreductases,Catalase,,10.1007/s11270-016-3200-9,
Bacillus sp. LM655314.1,Individual strain,Azoxystrobin,Experimental evidence,Contaminated soil,Poland,2017,Hydrolases,Urease,,10.1007/s11270-016-3200-9,
Bacillus sp. LM655314.1,Individual strain,Azoxystrobin,Experimental evidence,Contaminated soil,Poland,2017,Phosphotases,Acid phosphatase,,10.1007/s11270-016-3200-9,
Bacillus sp. LM655314.1,Individual strain,Azoxystrobin,Experimental evidence,Contaminated soil,Poland,2017,Phosphotases,Alkaline phosphatase (AP3) (EC 3.1.3.1),,10.1007/s11270-016-3200-9,
Bacillus cereus KC848897.1,Individual strain,Azoxystrobin,Experimental evidence,Contaminated soil,Poland,2017,Dehalogenases,Dehydrogenases,,10.1007/s11270-016-3200-9,
Bacillus cereus KC848897.1,Individual strain,Azoxystrobin,Experimental evidence,Contaminated soil,Poland,2017,Oxidoreductases,Catalase,,10.1007/s11270-016-3200-9,
Bacillus cereus KC848897.1,Individual strain,Azoxystrobin,Experimental evidence,Contaminated soil,Poland,2017,Hydrolases,Urease,,10.1007/s11270-016-3200-9,
Bacillus cereus KC848897.1,Individual strain,Azoxystrobin,Experimental evidence,Contaminated soil,Poland,2017,Phosphotases,Acid phosphatase,,10.1007/s11270-016-3200-9,
Bacillus cereus KC848897.1,Individual strain,Azoxystrobin,Experimental evidence,Contaminated soil,Poland,2017,Phosphotases,Alkaline phosphatase (AP3) (EC 3.1.3.1),,10.1007/s11270-016-3200-9,
Bacillus weihenstephanensis KF831381.1,Individual strain,Azoxystrobin,Experimental evidence,Contaminated soil,Poland,2017,Dehalogenases,Dehydrogenases,,10.1007/s11270-016-3200-9,
Bacillus weihenstephanensis KF831381.1,Individual strain,Azoxystrobin,Experimental evidence,Contaminated soil,Poland,2017,Oxidoreductases,Catalase,,10.1007/s11270-016-3200-9,
Bacillus weihenstephanensis KF831381.1,Individual strain,Azoxystrobin,Experimental evidence,Contaminated soil,Poland,2017,Hydrolases,Urease,,10.1007/s11270-016-3200-9,
Bacillus weihenstephanensis KF831381.1,Individual strain,Azoxystrobin,Experimental evidence,Contaminated soil,Poland,2017,Phosphotases,Acid phosphatase,,10.1007/s11270-016-3200-9,
Bacillus weihenstephanensis KF831381.1,Individual strain,Azoxystrobin,Experimental evidence,Contaminated soil,Poland,2017,Phosphotases,Alkaline phosphatase (AP3) (EC 3.1.3.1),,10.1007/s11270-016-3200-9,
Bacillus megaterium KJ843149.1,Individual strain,Azoxystrobin,Experimental evidence,Contaminated soil,Poland,2017,Dehalogenases,Dehydrogenases,,10.1007/s11270-016-3200-9,
Bacillus megaterium KJ843149.1,Individual strain,Azoxystrobin,Experimental evidence,Contaminated soil,Poland,2017,Oxidoreductases,Catalase,,10.1007/s11270-016-3200-9,
Bacillus megaterium KJ843149.1,Individual strain,Azoxystrobin,Experimental evidence,Contaminated soil,Poland,2017,Hydrolases,Urease,,10.1007/s11270-016-3200-9,
Bacillus megaterium KJ843149.1,Individual strain,Azoxystrobin,Experimental evidence,Contaminated soil,Poland,2017,Phosphotases,Acid phosphatase,,10.1007/s11270-016-3200-9,
Bacillus megaterium KJ843149.1,Individual strain,Azoxystrobin,Experimental evidence,Contaminated soil,Poland,2017,Phosphotases,Alkaline phosphatase (AP3) (EC 3.1.3.1),,10.1007/s11270-016-3200-9,
Aphanoascus terreus AB861677.1,Individual strain,Azoxystrobin,Experimental evidence,Contaminated soil,Poland,2017,Dehalogenases,Dehydrogenases,,10.1007/s11270-016-3200-9,
Aphanoascus terreus AB861677.1,Individual strain,Azoxystrobin,Experimental evidence,Contaminated soil,Poland,2017,Oxidoreductases,Catalase,,10.1007/s11270-016-3200-9,
Aphanoascus terreus AB861677.1,Individual strain,Azoxystrobin,Experimental evidence,Contaminated soil,Poland,2017,Hydrolases,Urease,,10.1007/s11270-016-3200-9,
Aphanoascus terreus AB861677.1,Individual strain,Azoxystrobin,Experimental evidence,Contaminated soil,Poland,2017,Phosphotases,Acid phosphatase,,10.1007/s11270-016-3200-9,
Aphanoascus terreus AB861677.1,Individual strain,Azoxystrobin,Experimental evidence,Contaminated soil,Poland,2017,Phosphotases,Alkaline phosphatase (AP3) (EC 3.1.3.1),,10.1007/s11270-016-3200-9,
Aphanoascus fulvescens JN943451.1,Individual strain,Azoxystrobin,Experimental evidence,Contaminated soil,Poland,2017,Dehalogenases,Dehydrogenases,,10.1007/s11270-016-3200-9,
Aphanoascus fulvescens JN943451.1,Individual strain,Azoxystrobin,Experimental evidence,Contaminated soil,Poland,2017,Oxidoreductases,Catalase,,10.1007/s11270-016-3200-9,
Aphanoascus fulvescens JN943451.1,Individual strain,Azoxystrobin,Experimental evidence,Contaminated soil,Poland,2017,Hydrolases,Urease,,10.1007/s11270-016-3200-9,
Aphanoascus fulvescens JN943451.2,Individual strain,Azoxystrobin,Experimental evidence,Contaminated soil,Poland,2017,Phosphotases,Acid phosphatase,,10.1007/s11270-016-3200-9,
Aphanoascus fulvescens JN943451.3,Individual strain,Azoxystrobin,Experimental evidence,Contaminated soil,Poland,2017,Phosphotases,Alkaline phosphatase (AP3) (EC 3.1.3.1),,10.1007/s11270-016-3200-9,
Bacillus licheniformis strain TAB7,Individual strain,Azoxystrobin,Experimental evidence,Not specified,Not specified,2021,,,,10.1016/j.chemosphere.2021.129663,
Ensifer adhaerens TMX-23,Individual strain,Thiacloprid,Experimental evidence,Not specified,Not specified,2021,,,"nhcA, nhpA, nhnR/nhnS, nhnH/nhnO",10.1111/jam.15172,
Pseudomonas monteilii FC02,Individual strain,Thiacloprid,Experimental evidence,Contaminated soil,China,2022,,,,10.3389/fmicb.2022.906026,
Pseudomonas kilonensis MB498,Individual strain,Dimethoate,Experimental evidence,Agricultural soil,Pakistan,2022,,,,10.1080/03601234.2021.2017723,
Sphingomonas sp. DC-6,Individual strain,Dimethoate,Enzymatic evidence,Agricultural soil,China,2016,Hydrolases,Dimethoate amidohydrolase,dmhA,10.1007/s10529-015-2027-6,Dimethoate hydrolysis products
Brevundimonas sp. MCM B-427,Individual strain,Dimethoate,Experimental evidence,Contaminated soil,India,2004,Not specified,Organophosphorus-degrading enzymes (not purified),,10.1023/B:WIBI.0000040378.54329.18,
Raoultella sp. X1,Individual strain,Dimethoate,Experimental evidence,Agricultural soil,China,2009,,,,10.1007/s10532-008-9227-x,
Pseudomonas aeruginosa,Individual strain,Dimethoate,Enzymatic evidence,Water,India,2008,Hydrolases,Dimethoate-degrading enzyme (unspecified esterase),,10.1007/s11274-008-9780-9,
Aeromonas hydrophila,Individual strain,Dimethoate,Enzymatic evidence,Water,India,2008,Hydrolases,Dimethoate-degrading enzyme (unspecified esterase),,10.1007/s11274-008-9780-9,
Proteus mirabilis,Individual strain,Dimethoate,Enzymatic evidence,Water,India,2008,Hydrolases,Dimethoate-degrading enzyme (unspecified esterase),,10.1007/s11274-008-9780-9,
Bacillus pumilus,Individual strain,Dimethoate,Enzymatic evidence,Water,India,2008,Hydrolases,Dimethoate-degrading enzyme (unspecified esterase),,10.1007/s11274-008-9780-9,
Aspergillus niger ZHY256,Individual strain,Dimethoate,Enzymatic evidence,Sewage sludge,China,2001,Hydrolases,Dimethoate hydrolase,,10.1128/AEM.67.8.3746-3749.2001,
Comamonas acidovorans MC1,Individual strain,MCPA,Experimental evidence,Agriculture soil,Not specified,1999,Dioxygenases,α-ketoglutarate-dependent dioxygenase,tfdA,10.1016/S0944-5013(99)80021-4,
Cupriavidus necator AEO106 (pRO101),Individual strain,MCPA,Experimental evidence,Agriculture soil,Europe,2008,Dioxygenases,α-ketoglutarate-dependent dioxygenase,tfdA,10.1111/j.1462-2920.2007.01476.x,
Cupriavidus gilardii T1,Individual strain,MCPA,Experimental evidence,Agriculture soil,China,2022,Dioxygenases,Ether-cleaving dioxygenase,tfdA-like,10.1016/j.envpol.2022.119220,
Ralstonia eutropha JMP134,Individual strain,MCPA,Experimental evidence,Soil,Not specified,2002,Dioxygenases,Dioxygenases,"tfdA, tfdB, tfdC, tfdE",10.1128/jb.184.15.4054-4064.2002,4-chloro-2-methylphenol
Ralstonia eutropha JMP134,Individual strain,MCPA,Experimental evidence,Soil,Not specified,2002,Hydrolases,Hydrolases,,10.1128/jb.184.15.4054-4064.2002,4-chloro-2-methylphenol
Stenotrophomonas maltophilia PM,Individual strain,MCPA,Experimental evidence,Sediment,Denmark,1999,,,,10.1007/s002530000589,
Pseudomonas sp. RPT 52,Individual strain,Imidacloprid,Experimental evidence,Agricultural soil,India,2016,,,,10.1016/j.jhazmat.2015.08.055,
Mycobacterium sp. Strain MK6,Individual strain,Imidacloprid,Experimental evidence,Agricultural soil,Egypt,2015,Monooxygenases,Monooxygenase (proposed),,10.1021/acs.jafc.5b00754,
Pseudoxanthomonas indica CGMCC 6648,Individual strain,Imidacloprid,Experimental evidence,Agricultural soil,China,2014,Hydrolases,Hydroxylase (proposed),,10.1080/03601234.2014.922766,
Bacillus cereus,Individual strain,Imidacloprid,Experimental evidence,Agricultural soil,India,2023,Hydrolases,Esterase (proposed),,10.3390/bioengineering10080951,
Hymenobacter latericoloratus CGMCC 16346,Individual strain,Imidacloprid,Experimental evidence,Surface water,China,2020,P450,Cytochrome P450 monooxygenase (implicated),,10.1186/s13568-019-0942-y,5-hydroxy imidacloprid; Olefin imidacloprid
Sphingobacterium sp. InxBP1,Individual strain,Imidacloprid,Experimental evidence,Contaminated soil,India,2023,Monooxygenases,Nitronate monooxygenase,,10.1016/j.envpol.2023.121402,
Sphingobacterium sp. InxBP1,Individual strain,Imidacloprid,Experimental evidence,Contaminated soil,India,2023,Amidohydrolase,Amidohydrolase,,10.1016/j.envpol.2023.121402,
Sphingobacterium sp. InxBP1,Individual strain,Imidacloprid,Experimental evidence,Contaminated soil,India,2023,Monooxygenases,FAD-dependent monooxygenase,,10.1016/j.envpol.2023.121402,
Bacillus cereus strain NS1,Individual strain,Chlorothalonil,Experimental evidence,Contaminated water,USA,2007,,,,10.1016/j.scitotenv.2007.04.010,
Pseudomonas sp. Strain CDS-8,Individual strain,Chlorothalonil,Experimental evidence,Agricultural soil,China,2016,,,,10.1016/j.jhazmat.2016.07.063,
Stenotrophomonas acidaminiphila BJ1,Individual strain,Chlorothalonil,Experimental evidence,Agricultural soil,China,2017,,,,10.1186/s13568-017-0530-y,
Ochrobactrum sp. CTN-11,Individual strain,Chlorothalonil,Experimental evidence,Contaminated soil,China,2010,Dehalogenases,Hydrolytic dehalogenase,gst-like gene (non-functional),10.1007/s00284-010-9603-8,
Ochrobactrum lupini strain TP-D1,Individual strain,Chlorothalonil,Experimental evidence,Contaminated soil,China,2011,Dehalogenases,Dehalogenation system,,10.1007/s11274-010-0631-0,
Stenotrophomonas acidaminiphila BJ1,Individual strain,Chlorothalonil,Experimental evidence,Agricultural soil,China,2019,,,,10.1098/rsos.190562,
Paracoccus sp. XF-3,Individual strain,Chlorothalonil,Experimental evidence,Agricultural soil,China,2015,Dehalogenases,Hydrolytic dehalogenase,chd,10.1016/j.jbiosc.2015.03.013,
Pseudomonas sp. CTN-3,Individual strain,Chlorothalonil,Enzymatic evidence,Laboratory strain,China,2010,Dehalogenases,Hydrolytic Dehalogenase,Chd,10.1128/JB.01547-09,"4-hydroxy-2,5,6-trichloroisophthalonitrile"
Ochrobactrum anthropi sh35b,Individual strain,Chlorothalonil,Enzymatic evidence,Soil,South Korea,2004,Transferases,Glutathione S-transferase (GST),gst,10.1021/jf040047u,
Trametes versicolor,Individual strain,Chlorothalonil,Enzymatic evidence,White-rot fungus culture,China,2022,Oxidoreductases,Laccase,,10.1038/srep35787,
Metagenomics study,Individual strain,Chlorothalonil,Experimental evidence,Soil,India,2022,Oxidoreductases,Laccase,,10.1016/j.micres.2022.127081,
Trichoderma harzianum,Individual strain,Tebuconazole,Experimental evidence,Agricultural soil,Poland,2023,,,,10.1007/s11356-023-25669-3,
Alcaligenes faecalis WZ-2,Individual strain,Tebuconazole,Experimental evidence,Contaminated soil,China,2020,,,,10.1016/j.jhazmat.2020.122941,
Rhizophagus irregularis BEG 140,Individual strain,Tebuconazole,Experimental evidence,rhizosphere soil,Czech Republic,2024,,,"codA, NAD, deaD",10.1016/j.watres.2024.122129,
Trametes versicolor ATCC 42530,Individual strain,Tebuconazole,Experimental evidence,Culture collection strain,Not specified,2020,Oxidoreductases,Laccase,,10.1016/j.ecoenv.2020.110419,
Bacillus spp.,Individual strain,Tebuconazole,Experimental evidence,biobed systems,Spain,2016,,,,10.1016/j.biortech.2016.04.105,
Pseudomonas spp.,Individual strain,Tebuconazole,Experimental evidence,biobed systems,Spain,2016,,,,10.1016/j.biortech.2016.04.105,
Aspergillus spp.,Individual strain,Tebuconazole,Experimental evidence,biobed systems,Spain,2016,,,,10.1016/j.biortech.2016.04.105,
Fusarium spp.,Individual strain,Tebuconazole,Experimental evidence,biobed systems,Spain,2016,,,,10.1016/j.biortech.2016.04.105,
Bacillus megaterium CM-Z19,Individual strain,Chlorpyrifos-methyl,Experimental evidence,Contaminated soil,China,2019,Phosphatases,Phosphoesterase,,10.1590/0001-3765201920180694,"3,5,6-trichloro-2-pyridinol"
Pseudomonas syringae CM-Z6,Individual strain,Chlorpyrifos-methyl,Experimental evidence,Contaminated soil,China,2019,Phosphatases,Phosphoesterase,,10.1590/0001-3765201920180694,"3,5,6-trichloro-2-pyridinol"
Mycobacterium sp. strain djl-10,Individual strain,Carbendazim,Genomic evidence,Contaminated soil,China,2017,Hydrolases,MBC-hydrolyzing esterase,mhe (mheI),10.1128/genomea.01683-16,
Bacillus velezensis HY-3479,Individual strain,Carbendazim,Experimental evidence,Rhizosphere soil,South Korea,2023,Hydrolases,Carbendazim-hydrolyzing esterase,"mheI, hdx",10.1007/s10123-023-00427-0,
Pseudomonas sp. CBW,Individual strain,Carbendazim,Experimental evidence,Agricultural soil,China,2010,,,,10.1007/s10532-010-9353-0,
Rhodococcus sp. djl-6,Individual strain,Carbendazim,Experimental evidence,Contaminated soil,China,2006,,,,10.1007/s00284-005-0474-3,
Klebsiella oxytoca,Individual strain,Carbendazim,Experimental evidence,Biofilm reactor,Mexico,2020,Hydrolases,MBC-hydrolyzing esterase,mheI,10.1007/s11356-019-07069-8,
Flavobacterium johnsoniae,Individual strain,Carbendazim,Experimental evidence,Biofilm reactor,Mexico,2020,Hydrolases,MBC-hydrolyzing esterase,mheI,10.1007/s11356-019-07069-8,
Stenotrophomonas maltophilia,Individual strain,Carbendazim,Experimental evidence,Biofilm reactor,Mexico,2020,Hydrolases,MBC-hydrolyzing esterase,mheI,10.1007/s11356-019-07069-8,
Mycobacterium sp. SD-4,Individual strain,Carbendazim,Experimental evidence,Contaminated soil,China,2017,,,mheI,10.1016/j.jhazmat.2017.02.007,2-aminobenzimidazole
Rhodococcus qingshengii djl-6,Individual strain,Carbendazim,Enzymatic evidence,Not specified,Not specified,2022,Hydrolases,Carbendazim hydrolase,MheI,10.1111/1462-2920.16139,
Rhodococcus jialingiae djl-6-2,Individual strain,Carbendazim,Enzymatic evidence,Not specified,Not specified,2022,Hydrolases,Carbendazim hydrolase,CbmA,10.1111/1462-2920.16139,
Nocardioides sp. strain SG-4G,Individual strain,Carbendazim,Experimental evidence,Contaminated soil,Not specified,2010,,,native mhel:optimized mheI,10.1128/AEM.02990-09,
Klebsiella oxytoca KE-8,Individual strain,Endosulfan,Experimental evidence,Agriculture soil,China,2005,,,,10.1007/s00253-004-1879-9,
Pseudomonas sp. MSCAS-BT01,Individual strain,Endosulfan,Experimental evidence,Agriculture soil,India,2014,Hydrolases,Hydrolase,,10.1007/s12010-022-03869-w,
Bordetella petrii I GV 34,Individual strain,Endosulfan,Experimental evidence,Contaminated soil,India,2014,,,,10.1080/03601234.2015.975596,
Bordetella petrii II GV 36,Individual strain,Endosulfan,Experimental evidence,Contaminated soil,India,2014,,,,10.1080/03601234.2015.975596,
Klebsiella sp. M3,Individual strain,Endosulfan,Experimental evidence,Agricultural soil,India,2013,,,,10.1007/s00128-013-1168-3,
Achromobacter xylosoxidans strain CS5,Individual strain,Endosulfan,Experimental evidence,Activated sludge,China,2009,,,,10.1016/j.jhazmat.2008.12.111,
Stenotrophomonas maltophilia OG2,Individual strain,Endosulfan,Experimental evidence,Cockroach living in pesticide contaminated place,Not specified,2017,,,,10.1007/s13205-017-0765-y,
Acinetobacter schindleri B7,Individual strain,Endosulfan,Experimental evidence,Grasshopper microflora,Not specified,2022,,,,10.1007/s00203-022-02765-5,
Botryosphaeria laricina JAS6,Individual strain,Endosulfan,Experimental evidence,Contaminated soil,India,2013,,,,10.1371/journal.pone.0077170,
Aspergillus tamarii JAS9,Individual strain,Endosulfan,Experimental evidence,Contaminated soil,India,2013,,,,10.1371/journal.pone.0077170,
Klebsiella pneumoniae KE-1,Individual strain,Endosulfan,Experimental evidence,Contaminated soil,South Korea,2002,,,,10.1016/S0378-1097(02)00954-0,
Pseudomonas sp. Strain IITR01,Individual strain,Endosulfan,Experimental evidence,Contaminated soil,India,2010,,,Non-homologous to esd,10.1111/j.1365-2672.2010.04845.x,
Klebsiella sp. M3,Individual strain,Endosulfan,Experimental evidence,Soil,India,2014,,,Endosulfan-metabolizing gene,10.1016/j.jhazmat.2013.11.061,
Achromobacter sp. M6,Individual strain,Endosulfan,Experimental evidence,Soil,India,2014,,,Endosulfan-metabolizing gene,10.1016/j.jhazmat.2013.11.061,
Rhodococcus sp. M2,Individual strain,Endosulfan,Experimental evidence,Soil,India,2014,,,Endosulfan-metabolizing gene,10.1016/j.jhazmat.2013.11.061,
Pseudomonas mendocina ZAM1,Individual strain,Endosulfan,Experimental evidence,Agriculture soil,Not specified,2017,,,,10.1007/s13205-017-0823-5,
Pseudomonas strain W15Feb9B,Individual strain,Endosulfan,Genomic evidence,River sediment,USA,2016,,,,10.1016/j.gdata.2016.05.008,
Achromobacter xylosoxidans Strain C8B,Individual strain,Endosulfan,Experimental evidence,Agricultural soil,China,2011,Hydrolases,Hydrolase,,10.1007/s10532-010-9442-0,
Mortierella sp. strain W8,Individual strain,Endosulfan,Experimental evidence,Agricultural soil,Australia,2011,,,,10.1016/j.chemosphere.2011.08.021,
Phanerochaete chrysosporium ME-446,Individual strain,Acetamiprid,Experimental evidence,Laboratory strain,Not specified,2019,P450,Cytochrome P450,CYP5147A3,10.1016/j.jhazmat.2019.03.042,
Pigmentiphaga sp. strain AAP-1,Individual strain,Acetamiprid,Experimental evidence,Laboratory strain,China,2016,,,,10.1007/s11356-016-6482-y,
Pseudoxanthomonas sp. AAP-7,Individual strain,Acetamiprid,Experimental evidence,Contaminated soil,China,2013,,,,10.1016/j.biortech.2013.10.008,
Sphingobium sp.,Individual strain,Acetamiprid,Experimental evidence,Contaminated soil,China,2013,,,,10.3389/fmicb.2020.01429,
Acinetobacter sp.,Individual strain,Acetamiprid,Experimental evidence,Contaminated soil,China,2013,,,,10.3389/fmicb.2020.01429,
Afipia sp.,Individual strain,Acetamiprid,Experimental evidence,Contaminated soil,China,2013,,,,10.3389/fmicb.2020.01429,
Stenotrophomonas sp.,Individual strain,Acetamiprid,Experimental evidence,Contaminated soil,China,2013,,,,10.3389/fmicb.2020.01429,
Microbacterium sp.,Individual strain,Acetamiprid,Experimental evidence,Contaminated soil,China,2013,,,,10.3389/fmicb.2020.01429,
Fusarium sp. CS-3,Individual strain,Acetamiprid,Experimental evidence,Soil,China,2018,,,,10.1007/s10532-018-9855-8,
Pigmentiphaga sp. strain AAP-1,Individual strain,Acetamiprid,Experimental evidence,Contaminated soil,China,2013,,,,10.1016/j.biortech.2013.03.193,
Streptomyces canus CGMCC 13662,Individual strain,Acetamiprid,Experimental evidence,Soil,China,2019,Amidases,Nitrile hydratase,"AnhD, 9 AnhE, and AnhA",10.1021/acs.jafc.8b06513,
Pigmentiphaga sp. strain D-2,Individual strain,Acetamiprid,Experimental evidence,Soil,China,2023,,,,10.1016/j.micres.2022.127278,
Pigmentiphaga sp. strain D-2,Individual strain,Acetamiprid,Experimental evidence,Soil,China,2021,,,,10.1007/s10646-020-02336-8,
Ensifer meliloti CGMCC 7333,Individual strain,Acetamiprid,Enzymatic evidence,Laboratory strain,China,2014,Amidases,Nitrile hydratase,Nhase,10.1021/jf503557t,
Ensifer adhaerens CGMCC 6315,Individual strain,Acetamiprid,Experimental evidence,Soil,China,2019,Amidases,Nitrile hydratase,pnhA (highest activity),10.1021/acs.jafc.8b06154,
Phanerochaete sordida YK-624,Individual strain,Acetamiprid,Experimental evidence,Not specified,Japan,2022,P450,Cytochrome P450s,Multiple CYP genes (11 upregulated),10.1080/09593330.2022.2026488,
Pigmentiphaga sp. D-2,Individual strain,Acetamiprid,Experimental evidence,Contaminated water,China,2020,Amidases,Amidase,AceAB,10.1128/AEM.02425-19,
Stenotrophomonas maltophilia CGMCC 1.1788,Individual strain,Acetamiprid,Experimental evidence,Soil,China,2008,,,,10.1007/s10532-007-9170-2,
Ochrobactrum sp. D-12,Individual strain,Acetamiprid,Experimental evidence,Conataminated soil,China,2013,,,,10.1371/journal.pone.0082603,N-methyl-(6-chloro-3-pyridyl)methylamine
Pseudomonas sp. XWY-1,Individual strain,Carbaryl,Experimental evidence,Conataminated soil,China,2021,Hydrolases,Carbaryl hydrolase,"mcbA, mcbB-F, mcbG",10.1128/AEM.02970-20,
Rhizobium sp. X9,Individual strain,Carbaryl,Enzymatic evidence,Conataminated soil,China,2021,Hydrolases,1-naphthol hydroxylase,"CehA, CehC1, CehC2",10.1021/acs.jafc.0c03845,
Pseudomonas putida XWY-1,Individual strain,Carbaryl,Genomic evidence,Soil,China,2019,Hydrolases,Carbaryl hydrolase,"mcbABCDEF, mcbIJKLM, mcbOPQ",10.1007/s00284-019-01637-4,
Bacillus licheniformis B-1,Individual strain,Carbaryl,Experimental evidence,Agricultural soil,China,2020,Phosphodiesterase,Phosphodiesterase,pde,10.1007/s10532-020-09899-7,
Xylaria sp. BNL1,Individual strain,Carbaryl,Experimental evidence,Soil,China,2020,Hydrolases,Carbaryl esterase,,10.1016/j.ecoenv.2018.10.051,
Xylaria sp. BNL1,Individual strain,Carbaryl,Experimental evidence,Soil,China,2019,P450,CYP450,,10.1016/j.ecoenv.2018.10.051,
Xylaria sp. BNL1,Individual strain,Carbaryl,Experimental evidence,Soil,China,2019,Oxidoreductases,Laccase,,10.1016/j.ecoenv.2018.10.051,
Rhizobium sp. X9,Individual strain,Carbaryl,Experimental evidence,Contaminated soil,China,2023,Hydrolases,Hydroxylase,"cehG, cehH, cehI, cehR4",10.1128/aem.00802-23,
Rhizobium sp. X9,Individual strain,Carbaryl,Experimental evidence,Contaminated soil,China,2023,,,,10.1128/aem.00802-23,
Pseudomonas sp. XWY-1,Individual strain,Carbaryl,Experimental evidence,Soil,China,2022,Hydrolases,Carbaryl hydrolase enzymes,"mcbG, mcbH, mcbN",10.1128/AEM.02060-21,
Stenotrophomonas sp. YC-1,Individual strain,Carbaryl,Enzymatic evidence,Contaminated soil,China,2017,Hydrolases,Carbaryl hydrolase (CH),cehA (heterologous display),10.1038/s41598-017-13788-0,
Pseudomonas sp. strains C5pp,Individual strain,Carbaryl,Enzymatic evidence,Soil,India,2018,Hydrolases,Carbaryl hydrolase,mcbA,10.1128/AEM.02115-17,
Pseudomonas sp. C5pp,Individual strain,Carbaryl,Experimental evidence,Soil,India,2018,Hydrolases,Carbaryl hydrolase,mcbA,10.1128/AEM.01866-18,1-naphthol
Blastobacter sp. M501,Individual strain,Carbaryl,Enzymatic evidence,Agricultural soil,Japan,1993,Hydrolases,Carbaryl hydrolase,,10.1128/AEM.59.7.2121-2125.1993,
Pseudomonas aeruginosa,Individual strain,Carbaryl,Enzymatic evidence,Soil,USA,1993,Hydrolases,Carbaryl hydrolase,,10.1128/jb.175.20.6711-6716.1993,
Arthrobacter sp. RC100,Individual strain,Carbaryl,Experimental evidence,Agricultural soil,Japan,1999,Hydrolases,Carbaryl hydrolase,,10.1128/AEM.65.3.1015-1019.1999,
Achromobacter sp.,Individual strain,Thiamethoxam,Experimental evidence,Agricultural soil,China,2014,,,,10.1080/03601234.2014.894761,
Agromyces sp.,Individual strain,Thiamethoxam,Experimental evidence,Agricultural soil,China,2014,,,,10.1080/03601234.2014.894761,
Ensifer sp.,Individual strain,Thiamethoxam,Experimental evidence,Agricultural soil,China,2014,,,,10.1080/03601234.2014.894761,
Mesorhizobium sp.,Individual strain,Thiamethoxam,Experimental evidence,Agricultural soil,China,2014,,,,10.1080/03601234.2014.894761,
Microbacterium sp.,Individual strain,Thiamethoxam,Experimental evidence,Agricultural soil,China,2014,,,,10.1080/03601234.2014.894761,
Pseudoxanthomonas sp.,Individual strain,Thiamethoxam,Experimental evidence,Agricultural soil,China,2014,,,,10.1080/03601234.2014.894761,
Bacillus cereus strain S1,Individual strain,Thiamethoxam,Experimental evidence,Wastewater treatment plant,China,2024,Oxidoreductases,Demethylase,,10.1016/j.envres.2023.117929,
Bacillus cereus strain S1,Individual strain,Thiamethoxam,Experimental evidence,Wastewater treatment plant,China,2024,Hydrolases,Hydrolase,,10.1016/j.envres.2023.117929,
Scenedesmus sp. TXH,Individual strain,Thiamethoxam,Experimental evidence,Wastewater treatment plant,China,2023,,,,10.1016/j.jenvman.2023.117388,
Phanerochaete chrysosporium,Individual strain,Thiamethoxam,Experimental evidence,Laboratory strain,China,2024,Peroxidases,Ligninolytic enzymes,,10.1016/j.jhazmat.2024.136327,
Phanerochaete chrysosporium,Individual strain,Thiamethoxam,Experimental evidence,Laboratory strain,China,2024,P450,Cytochrome P450,CYP-related genes,10.1016/j.jhazmat.2024.136327,
Acinetobacter sp.,Individual strain,Thiamethoxam,Experimental evidence,Wastewater,China,2025,Oxidoreductases,Catalase,,10.1016/j.envres.2025.121813,
Delftia sp.,Individual strain,Thiamethoxam,Experimental evidence,Wastewater,China,2025,Oxidoreductases,Catalase,,10.1016/j.envres.2025.121813,
Enterobacter sp.,Individual strain,Thiamethoxam,Experimental evidence,Wastewater,China,2025,Oxidoreductases,Catalase,,10.1016/j.envres.2025.121813,
Pseudomonas sp.,Individual strain,Thiamethoxam,Experimental evidence,Wastewater,China,2025,Oxidoreductases,Catalase,,10.1016/j.envres.2025.121813,
Ensifer adhaerens TMX-23,Individual strain,Thiamethoxam,Experimental evidence,Rhizosphere soil,China,2013,Oxidoreductases,Nitroreductase,nifH,10.1007/s00253-012-4638-3,Nitrosoimino thiamethoxam; Urea thiamethoxam
Labrys portucalensis F11,Individual strain,Thiamethoxam,Experimental evidence,Soil,Portugal,2022,Oxidoreductases,Nitro-reductase,,10.3390/ijms232214326,
Labrys portucalensis F11,Individual strain,Thiamethoxam,Experimental evidence,Soil,Portugal,2022,Dehalogenases,Dechlorinase,,10.3390/ijms232214326,
Phanerochaete chrysosporium,Individual strain,Thiamethoxam,Experimental evidence,Laboratory strain,China,2021,Peroxidases,Peroxidases,,10.1016/j.jhazmat.2021.126017,
Enterobacter cloacae TMX-6,Individual strain,Thiamethoxam,Experimental evidence,Plant,China,2021,,,,10.1016/j.chemosphere.2020.128751,
Pseudomonas putida IMBL 5.2,Individual strain,Thiamethoxam,Experimental evidence,Agricultural soil,India,2015,,,,10.1007/s10661-015-4532-4,
Bacillus aeromonas IMBL 4.1,Individual strain,Thiamethoxam,Experimental evidence,Agricultural soil,India,2015,,,,10.1007/s10661-015-4532-4,
Achromobacter sp. A3,Individual strain,Lindane,Experimental evidence,Root,India,2019,,,,10.1080/15226514.2018.1524835,
Paracoccus sp. NITDBR1,Individual strain,Lindane,Experimental evidence,Agricultural soil,India,2018,,,,10.1007/s10123-018-00037-1,
Streptomyces sp. M7,Individual strain,Lindane,Experimental evidence,Wastewater,Argentina,2016,Dehalogenases,Dechlorinase (implied),,10.1007/s11274-016-2037-0,
Kocuria sp. DAB-1Y,Individual strain,Lindane,Experimental evidence,Contaminated soil,India,2016,Dehalogenases,LinA-type dehydrochlorinase,linA,10.1186/s40643-016-0130-8,
Staphylococcus sp. DAB-1W,Individual strain,Lindane,Experimental evidence,Contaminated soil,India,2016,Dehalogenases,LinA-type dehydrochlorinase,linA,10.1186/s40643-016-0130-8,
Anabaena sp. PCC7120,Individual strain,Lindane,Experimental evidence,Water,USA,1997,Oxidoreductases,Nitrite reductase system,"nirA, narB",10.1128/JB.179.10.3368-3370.1997,
Sphingomonas paucimobilis B90,Individual strain,Lindane,Enzymatic evidence,Rhizosphere soil,India,2002,Dehalogenases,HCH dehydrochlorinase,"linA, linB, linC, linD",10.1128/AEM.68.12.6021-6028.2002,
Clostridium sp.,Individual strain,Lindane,Experimental evidence,Soil,Australia,1968,Dehalogenases,Dehalogenase (inferred),,10.1038/221859a0,
Pleurotus ostreatus,Individual strain,Lindane,Experimental evidence,Commercial strain,Greece,2005,Peroxidases,Manganese peroxidase,MnP,10.1016/j.envint.2004.09.024,
Pleurotus ostreatus,Individual strain,Lindane,Experimental evidence,Commercial strain,Greece,2005,Oxidoreductases,Laccase,,10.1016/j.envint.2004.09.024,
Fusarium sp.,Individual strain,Lindane,Experimental evidence,Agricultural soil,India,2011,Dehalogenases,Dehalogenase (implied),,10.1007/s11274-010-0628-8,
Trametes hirsutus,Individual strain,Lindane,Experimental evidence,Culture collection,India,1999,,,,10.1046/j.1365-2672.1999.00508.x,
Sphingomonas paucimobilis UT26,Individual strain,Lindane,Enzymatic evidence,Contaminated soil,Japan,1999,Dehalogenases,γ-hexachlorocyclohexane dehydrochlorinase,LinA,10.1128/JB.181.17.5409-5413.1999,
Sphingomonas paucimobilis UT26,Individual strain,Lindane,Enzymatic evidence,Contaminated soil,Japan,1999,Dehalogenases,"1,3,4,6-tetrachloro-1,4-cyclohexadiene halidohydrolase",LinB,10.1128/JB.181.17.5409-5413.1999,
Microbacterium sp. P27,Individual strain,Lindane,Experimental evidence,Rhizosphere soil,India,2019,Dehalogenases,Dehalogenase,,10.1007/s00284-019-01703-x,
Sphingobium sp. D4,Individual strain,Lindane,Experimental evidence,Contaminated soil,Spain,2022,Dehalogenases,HCH dehydrochlorinase,linA,10.1016/j.jhazmat.2022.128764,
Sphingobium sp. D4,Individual strain,Lindane,Experimental evidence,Contaminated soil,Spain,2022,Dehalogenases,Haloalkane Dehalogenase,linB,10.1016/j.jhazmat.2022.128764,
Cupriavidus malaysiensis,Individual strain,Lindane,Experimental evidence,Contaminated soil,India,2022,Dehalogenases,Dehalogenase,lin genes (discussed),10.1007/s11274-022-03284-7,
Novosphingobium barchaimii LL02,Individual strain,Lindane,Experimental evidence,Contaminated soil,Taiwan,2022,Dehalogenases,HCH dehydrochlorinase,linA,10.1016/j.chemosphere.2022.134063,
Novosphingobium barchaimii LL02,Individual strain,Lindane,Experimental evidence,Contaminated soil,Taiwan,2022,Dehalogenases,Haloalkane Dehalogenase,linB,10.1016/j.chemosphere.2022.134063,
Phanerochaete chrysosporium BKM-F-1767,Individual strain,Lindane,Experimental evidence,Culture collection,USA,1990,Peroxidases,Lignin peroxidase,,10.1128/aem.56.8.2347-2353.1990,
Dehalobacter spp.,Individual strain,Lindane,Experimental evidence,Contaminated soil,France,2021,Dehalogenases,Reductive dehalogenases,,10.1101/2020.10.25.354597,Monochlorobenzene; Benzene
Conidiobolus 03-1-56,Individual strain,Lindane,Experimental evidence,Litter,India,2008,Peroxidases,Lignin peroxidase,,10.1007/s12088-008-0013-6,
Rhodotorula sp. VITJzN03,Individual strain,Lindane,Experimental evidence,Agricultural soil,India,2013,Dehalogenases,Dehalogenase (implied),,10.1007/s11274-012-1201-4,
Sphingomonas sp. γ-1-7,Individual strain,Lindane,Experimental evidence,Contaminated soil,Belgium,2006,Dehalogenases,HCH dehydrochlorinase,LinA,10.1128/AEM.72.1.622-627.2006,
Paracoccus sp. NITDBR1,Individual strain,Lindane,Experimental evidence,Contaminated soil,India,2022,,,,10.1007/s10123-022-00232-1,
Rhodococcus rhodochrous NITDBS9,Individual strain,Lindane,Experimental evidence,Contaminated soil,India,2022,,,,10.1007/s10123-022-00232-1,
Ochrobactrum sp. NITDBR3,Individual strain,Lindane,Experimental evidence,Contaminated soil,India,2022,,,,10.1007/s10123-022-00232-1,
Azotobacter chroococcum JL102,Individual strain,Lindane,Experimental evidence,Agricultural soil,India,2009,,,,10.1080/03601230903404465,
Sphingobium japonicum UT26 (NBRC 101211),Individual strain,Lindane,Genomic evidence,Contaminated soil,Japan,2013,,,,10.1007/s00244-013-9877-5,
Sphingomonas sp. MM-1,Individual strain,Lindane,Genomic evidence,Contaminated soil,Japan,2013,,,,10.1007/s00244-013-9877-5,
Sphingobium sp. MI1205,Individual strain,Lindane,Genomic evidence,Contaminated soil,Japan,2013,,,,10.1007/s00244-013-9877-5,
Sphingobium sp. TKS,Individual strain,Lindane,Genomic evidence,Contaminated soil,Japan,2013,,,,10.1007/s00244-013-9877-5,
Genome study,Individual strain,Lindane,Genomic evidence,Genome study,Genome study,2013,Dehalogenases,Dehydrochlorinase,linA,10.1007/s00244-013-9877-5,
Genome study,Individual strain,Lindane,Genomic evidence,Genome study,Genome study,2013,Dehalogenases,Halidohydrolase,linB,10.1007/s00244-013-9877-5,
Genome study,Individual strain,Lindane,Genomic evidence,Genome study,Genome study,2013,Oxidoreductases,Dehydrogenase,linC,10.1007/s00244-013-9877-5,
Genome study,Individual strain,Lindane,Genomic evidence,Genome study,Genome study,2013,Dehalogenases,Reductive dechlorinase,linD,10.1007/s00244-013-9877-5,
Genome study,Individual strain,Lindane,Genomic evidence,Genome study,Genome study,2013,Dioxygenases,Ring-cleavage dioxygenase,linE,10.1007/s00244-013-9877-5,
Genome study,Individual strain,Lindane,Genomic evidence,Genome study,Genome study,2013,Oxidoreductases,Maleylactate reductase,linF,10.1007/s00244-013-9877-5,
Genome study,Individual strain,Lindane,Genomic evidence,Genome study,Genome study,2013,Transferases,"Acyl-CoA transferase, alpha subunit",linG,10.1007/s00244-013-9877-5,
Genome study,Individual strain,Lindane,Genomic evidence,Genome study,Genome study,2013,Transferases,"Acyl-CoA transferase, beta subunit",linH,10.1007/s00244-013-9877-5,
Genome study,Individual strain,Lindane,Genomic evidence,Genome study,Genome study,2013,Hydrolases,Thiolase,linJ,10.1007/s00244-013-9877-5,
Sphingobium japonicum UT26,Individual strain,Lindane,Experimental evidence,Contaminated soil,Not specified,2010,,,"LinA, LinB, LinC, LinD, LinE, LinF",10.1128/JB.00961-10,
Bacillus cereus SJPS-2,Individual strain,Lindane,Experimental evidence,Water,India,2023,,,"linA, linB, linC, linD, linE, linX",10.1016/j.envpol.2022.120867,
Xanthomonas sp. ICH12,Individual strain,Lindane,Experimental evidence,Contaminated soil,India,2007,,,"LinA, LinB, LinC",10.1111/j.1365-2672.2006.03209.x,
Sphingopyxis sp. MC4,Individual strain,Lindane,Experimental evidence,Contaminated soil,India,2024,,,"LinA, LinB",10.1016/j.jhazmat.2023.132545,
Sphingobium sp. BHC-A,Individual strain,Lindane,Enzymatic evidence,Contaminated soil,China,2006,,,LinA and LinB,10.1111/j.1462-2920.2007.01350.x,
Arthrobacter fluorescens,Individual strain,Lindane,Experimental evidence,Contaminated soil,Italy,2013,,,,10.1007/s12010-013-0147-9,
Arthrobacter giacomelloi,Individual strain,Lindane,Experimental evidence,Contaminated soil,Italy,2013,,,,10.1007/s12010-013-0147-9,
Pandoraea sp. LIN-3,Individual strain,Lindane,Experimental evidence,Not specified,USA,2002,,,,10.1021/jf011422a,
Enzyme-kinetics study,Individual strain,Lindane,Enzymatic evidence,Enzyme-kinetics study,Enzyme-kinetics study,2015,Dehalogenases,Dehydrohalogenase,linA,10.1021/acs.jpcb.5b07538,
Sphingomonas paucimobilis,Individual strain,Lindane,Experimental evidence,Not specified,India,2000,,,,10.1007/s002840010140,
Sphingobium indicum B90A,Individual strain,Lindane,Genomic evidence,Not specified,Not specified,2017,Dehalogenases,HCH Dehydrochlorinase,linA,10.1093/gbe/evx133,
Sphingobium indicum B90A,Individual strain,Lindane,Enzymatic evidence,Not specified,Not specified,2006,Dehalogenases,Haloalkane Dehalogenase,linB,10.1128/AEM.00192-06,
Sphingobium indicum B90A,Individual strain,Lindane,Experimental evidence,Contaminated soil,India,2016,,,"LinA, LinB",10.1007/s10532-016-9765-6,
Sphingobium chinhatense IP26,Individual strain,Lindane,Experimental evidence,Contaminated soil,India,2016,,,"LinA, LinB",10.1007/s10532-016-9765-6,
Sphingobium lucknowense F2,Individual strain,Lindane,Experimental evidence,Contaminated soil,India,2016,,,"LinA, LinB",10.1007/s10532-016-9765-6,
Sphingobium sp. UM1,Individual strain,Lindane,Experimental evidence,Contaminated soil,India,2016,,,"LinA, LinB",10.1007/s10532-016-9765-6,
Sphingobium sp. HDIPO4,Individual strain,Lindane,Experimental evidence,Contaminated soil,India,2016,,,"LinA, LinB",10.1007/s10532-016-9765-6,
Sphingobium indicum B90A,Individual strain,Lindane,Experimental evidence,Contaminated soil,Japan,2013,,,"LinA, LinB",10.1111/1462-2920.12009,
Sphingobium japonicum UT26,Individual strain,Lindane,Experimental evidence,Contaminated soil,Japan,2013,,,"LinA, LinB",10.1111/1462-2920.12009,
Metagenomic LinA (no isolate),Individual strain,Lindane,Enzymatic evidence,Contaminated soil,India,2015,Dehalogenases,Type 3 δ-Hexachlorocyclohexane Dehydrochlorinase,LinA type-3,10.1128/AEM.01683-15,
Sphingomonas paucimobilis UT26,Individual strain,Lindane,Experimental evidence,Agricultural soil,Japan,2001,Dehalogenases,γ-hexachlorocyclohexane dehydrochlorinase,LinA,10.1074/jbc.M007452200,
Sphingobium japonicum UT26,Individual strain,Lindane,Experimental evidence,Agricultural soil,Japan,2006,,,"LinA, LinB, LinC",10.1271/bbb.70.1029,
Streptomyces sp. M7,Individual strain,Lindane,Experimental evidence,Contaminated soil,Argentina,2018,,,"linA, linB, linC, linD-J",10.1016/j.chemosphere.2018.08.035,
Penicillium simplicissimum,Individual strain,Lindane,Experimental evidence,Contaminated soil,Czech Republic,2019,Oxidoreductases,Superoxide dismutase,SOD,10.1007/s11356-019-05679-w,
Penicillium simplicissimum,Individual strain,Lindane,Experimental evidence,Contaminated soil,Czech Republic,2019,Oxidoreductases,Catalase,CAT,10.1007/s11356-019-05679-w,
Penicillium simplicissimum,Individual strain,Lindane,Experimental evidence,Contaminated soil,Czech Republic,2019,Transferases,Glutathione S-transferase,GST,10.1007/s11356-019-05679-w,
Trichoderma harzianum,Individual strain,Lindane,Experimental evidence,Contaminated soil,Czech Republic,2019,Oxidoreductases,Superoxide dismutase,SOD,10.1007/s11356-019-05679-w,
Trichoderma harzianum,Individual strain,Lindane,Experimental evidence,Contaminated soil,Czech Republic,2019,Oxidoreductases,Catalase,CAT,10.1007/s11356-019-05679-w,
Trichoderma harzianum,Individual strain,Lindane,Experimental evidence,Contaminated soil,Czech Republic,2019,Transferases,Glutathione S-transferase,GST,10.1007/s11356-019-05679-w,
Penicillium griseofulvum,Individual strain,Lindane,Experimental evidence,Contaminated soil,Italy,2015,,,,10.1016/j.chemosphere.2015.05.074,
Sphingobium indicum B90A,Individual strain,Lindane,Experimental evidence,Rhizosphere soil,India,2021,,,"LinA, LinB, LinC, LinM, LinN",10.1007/s11356-021-13073-8,
Sphingomonas sp.,Individual strain,Lindane,Experimental evidence,Rhizosphere soil,Germany,2020,,,,10.1021/acs.est.9b07609,
Novosphingobium sp.,Individual strain,Lindane,Experimental evidence,Rhizosphere soil,Germany,2020,,,,10.1021/acs.est.9b07609,
Sphingobium indicum B90A,Individual strain,Lindane,Experimental evidence,Contaminated soil,India,2013,,,LinA,10.1021/es402197s,
Sphingobium japonicum UT26,Individual strain,Lindane,Experimental evidence,Contaminated soil,Japan,2013,,,LinA,10.1021/es402197s,
Sphingomonas sp.,Individual strain,Lindane,Experimental evidence,Agricultural soil,China,2018,,,"LinA, LinB",10.1016/j.envpol.2018.04.078,
Sphingobium sp.,Individual strain,Lindane,Experimental evidence,Agricultural soil,China,2018,,,"LinA, LinB",10.1016/j.envpol.2018.04.078,
Novosphingobium sp.,Individual strain,Lindane,Experimental evidence,Agricultural soil,China,2018,,,"LinA, LinB",10.1016/j.envpol.2018.04.078,
Brevibacillus parabrevis BCP-09,Individual strain,Deltamethrin,Experimental evidence,Contaminated soil,Not specified,2024,Hydrolases,Esterase-related hydrolases,,10.1016/j.chemosphere.2023.141100,
Nocardioides sp.,Individual strain,Deltamethrin,Experimental evidence,Agricultural soil,Not specified,2019,,,,10.1016/j.chemosphere.2019.01.004,
Sphingomonas sp.,Individual strain,Deltamethrin,Experimental evidence,Agricultural soil,Not specified,2019,,,,10.1016/j.chemosphere.2019.01.004,
Streptomyces aureus HP-S-01 (CCTCC M2010096),Individual strain,Deltamethrin,Experimental evidence,Activated sludge,China,2011,Hydrolases,Carboxylesterase,,10.1007/s00253-011-3136-3,
Acinetobacter junii LH-1-1,Individual strain,Deltamethrin,Experimental evidence,Contaminated soil,China,2020,Hydrolases,Esterase-related,,10.1186/s13568-020-01043-1,"3-phenoxybenzaldehyde; 1,2-benzenedicarboxylic butyl dacyl ester; Phenol"
Klebsiella pneumoniae BPBA052,Individual strain,Deltamethrin,Experimental evidence,Contaminated soil,China,2020,Hydrolases,Esterase-related,,10.1186/s13568-020-01043-1,"3-phenoxybenzaldehyde; 1,2-benzenedicarboxylic butyl dacyl ester; Phenol"
Paracoccus sp. P-2,Individual strain,Deltamethrin,Experimental evidence,Sediment,China,2020,,,,10.1016/j.chemosphere.2020.127162,
Lysinibacillus fusiformis ZJ6,Individual strain,Deltamethrin,Experimental evidence,Contaminated water,China,2018,Hydrolases,Putative esterases,,10.1007/s00284-018-1546-5,
Agrobacterium sp. Yw12,Individual strain,Parathion-Methyl,Experimental evidence,Activated sludge,China,2012,,,,10.1007/s10532-011-9490-0,
Burkholderia zhejiangensis strain CEIB S4-3,Individual strain,Parathion-Methyl,Experimental evidence,Agricultural soil,China,2017,Hydrolases,Organophosphate hydrolase,mpd,10.1007/s10532-017-9801-1,
Burkholderia zhejiangensis CEIB S4–3,Individual strain,Parathion-Methyl,Experimental evidence,Agricultural soil,China,2022,Hydrolases,Organophosphate hydrolases,mpd,10.1016/j.pestbp.2022.105197,
Burkholderia zhejiangensis CEIB S4–3,Individual strain,Parathion-Methyl,Experimental evidence,Agricultural soil,China,2022,Hydrolases,Esterases,,10.1016/j.pestbp.2022.105197,
Burkholderia zhejiangensis CEIB S5–2,Individual strain,Parathion-Methyl,Experimental evidence,Agricultural soil,Mexico,2021,Hydrolases,Hydrolases,opd,10.1007/s11356-021-13647-6,
Burkholderia zhejiangensis CEIB S5–2,Individual strain,Parathion-Methyl,Experimental evidence,Agricultural soil,Mexico,2021,Oxidoreductases,Oxidoreductases,,10.1007/s11356-021-13647-6,
Cupriavidus nantongensis X1ᵀ,Individual strain,Parathion-Methyl,Experimental evidence,Activated sludge,China,2019,Hydrolases,organophosphate hydrolase,opdB,10.1021/acs.jafc.9b06157,
Pseudomonas sp.(DLL-1),Individual strain,Parathion-Methyl,Experimental evidence,Agricultural soil,China,2002,Hydrolases,Parathion hydrolase,opd,DOI not available(Biodegradation of Parathion-methyl by Pseudomonas sp. (DLL-1) and Its Mechanism),
Sphingomonas paucimobilis UT26,Individual strain,Parathion-Methyl,Experimental evidence,Not specified,Japan,2014,Hydrolases,Organophosphorus hydrolase,opd,10.1007/s10646-014-1224-8,
Acinetobacter radioresistens USTB-04,Individual strain,Parathion-Methyl,Experimental evidence,Contaminated soil,China,2008,Hydrolases,Hydrolase,,10.1016/S1001-0742(07)60205-8,p-nitrophenol; dimethyl thiophosphate
Scytonema sp. BHUS-5,Individual strain,Parathion-Methyl,Experimental evidence,Water,India,2017,,,,10.1080/15226514.2017.1303807,
Escherichia coli DH5α (engineered),Individual strain,Parathion-Methyl,Enzymatic evidence,Laboratory strain,Not specified,2013,Hydrolases,Organophosphorus hydrolase,opd,10.1080/03601234.2013.761863,
Bacillus subtilis C5,Individual strain,Folpet,Experimental evidence,Marine sludge,China,2014,Hydrolases,Esterase B1,,10.1155/2014/863094,Folpet esterase hydrolysis products
Rhizopus stolonifer (isolate CCMI 1104),Individual strain,Folpet,Experimental evidence,Contaminated soil,Portugal,2013,,,,10.1007/s00244-013-9877-5,
Gongronella sp. (isolate CCMI 1100),Individual strain,Folpet,Experimental evidence,Contaminated soil,Portugal,2013,,,,10.1007/s00244-013-9877-5,
Stenotrophomonas sp. DDT-1,Individual strain,DDT,Experimental evidence,Contaminated soil,China,2016,Dehalogenases,Dehydrochlorinase,linl,10.1038/srep21332,
Stenotrophomonas sp. DDT-1,Individual strain,DDT,Experimental evidence,Contaminated soil,China,2016,Dioxygenase,Dioxygenase,,10.1038/srep21332,
Fusarium solani,Individual strain,DDT,Experimental evidence,Contaminated soil,India,2001,Dehalogenases,Dehalogenase,,10.1023/a:1013117406216,
Trichoderma hamatum FBL 587,Individual strain,DDT,Experimental evidence,Agricultural soil,Poland,2019,,,,10.1128/AEM.01720-19,
Rhizopus arrhizus FBL 578,Individual strain,DDT,Experimental evidence,Agricultural soil,Poland,2019,,,,10.1128/AEM.01720-19,
Ochrobactrum sp. DDT-2,Individual strain,DDT,Experimental evidence,Contaminated soil,China,2017,Dehalogenases,Dehydrochlorinase,,10.1016/j.scitotenv.2017.03.052,
Phlebia lindtneri GB-1027,Individual strain,DDT,Experimental evidence,Culture collection,Japan,2011,P450,Cytochrome P-450,,10.1007/s10532-010-9443-z,
Phlebia brevispora TMIC34596,Individual strain,DDT,Experimental evidence,Culture collection,Japan,2011,P450,Cytochrome P-450,,10.1007/s10532-010-9443-z,
Fomitopsis pinicola,Individual strain,DDT,Experimental evidence,Laboratory culture,Japan,2017,,,,10.1007/s00284-017-1286-y,
Bacillus subtilis,Individual strain,DDT,Experimental evidence,Laboratory culture,Japan,2017,,,,10.1007/s00284-017-1286-y,
Alcaligenes eutrophus A5,Individual strain,DDT,Experimental evidence,Contaminated soil,USA,1994,Dioxygenases,Dioxygenase,,10.1128/aem.60.1.51-55.1994,
Pseudomonas sp.,Individual strain,DDT,Experimental evidence,Contaminated soil,India,2003,Dioxygenases,Dioxygenase,,10.1007/s00284-003-4053-1,
Hydrogenomonas sp.,Individual strain,DDT,Experimental evidence,Sediment,USA,1972,Dehalogenases,Reductive dechlorinases (cell-free extracts),,10.1021/jf60182a045,
Arthrobacter sp.,Individual strain,DDT,Experimental evidence,Sediment,USA,1972,Dehalogenases,Reductive dechlorinases (cell-free extracts),,10.1021/jf60182a045,
Enterobacter cloacae,Individual strain,DDT,Experimental evidence,Contaminated soil,India,2021,,,,10.1177/11786361211024289,
Alcaligenes sp. DG-5,Individual strain,DDT,Experimental evidence,Contaminated soil,China,2011,Oxidoreductases,Oxygenase,,10.1080/03601234.2011.540534,
Phanerochaete chrysosporium ME-446,Individual strain,DDT,Experimental evidence,Culture collection,USA,1987,Peroxidases,Lignin peroxidase,,10.1128/aem.53.9.2001-2008.1987,
Phanerochaete chrysosporium ME-446,Individual strain,DDT,Experimental evidence,Culture collection,USA,1987,Peroxidases,Manganese peroxidase,,10.1128/aem.53.9.2001-2008.1987,
Phanerochaete chrysosporium BKM-F-1767,Individual strain,DDT,Experimental evidence,Culture collection,USA,1987,Peroxidases,Lignin peroxidase,,10.1128/aem.53.9.2001-2008.1987,
Phanerochaete chrysosporium BKM-F-1767,Individual strain,DDT,Experimental evidence,Culture collection,USA,1987,Peroxidases,Manganese peroxidase,,10.1128/aem.53.9.2001-2008.1987,
Pleurotus ostreatus,Individual strain,DDT,Experimental evidence,Culture collection,USA,1987,Peroxidases,Lignin peroxidase,,10.1128/aem.53.9.2001-2008.1987,
Pleurotus ostreatus,Individual strain,DDT,Experimental evidence,Culture collection,USA,1987,Peroxidases,Manganese peroxidase,,10.1128/aem.53.9.2001-2008.1987,
Phellinus weirii,Individual strain,DDT,Experimental evidence,Culture collection,USA,1987,Peroxidases,Lignin peroxidase,,10.1128/aem.53.9.2001-2008.1987,
Phellinus weirii,Individual strain,DDT,Experimental evidence,Culture collection,USA,1987,Peroxidases,Manganese peroxidase,,10.1128/aem.53.9.2001-2008.1987,
Polyporus versicolor,Individual strain,DDT,Experimental evidence,Culture collection,USA,1987,Peroxidases,Lignin peroxidase,,10.1128/aem.53.9.2001-2008.1987,
Polyporus versicolor,Individual strain,DDT,Experimental evidence,Culture collection,USA,1987,Peroxidases,Manganese peroxidase,,10.1128/aem.53.9.2001-2008.1987,
Sphingobacterium sp. DDT-6,Individual strain,DDT,Experimental evidence,Agricultural soil,China,2010,Dioxygenases,Dioxygenase,,10.1016/j.jhazmat.2010.08.034,
Stenotrophomonas sp. DXZ9,Individual strain,DDT,Experimental evidence,Agricultural soil,China,2018,Dehalogenases,Dechlorination enzymes,,10.1007/s11356-018-1236-7,
Xerocomus chrysenteron,Individual strain,DDT,Experimental evidence,Soil,China,2013,Peroxidases,Ligninolytic enzymes,,10.1016/j.chemosphere.2013.04.002,
Acanthamoeba castellanii ATCC 30010,Individual strain,DDT,Experimental evidence,Soil,Argentina,1978,,,,10.1007/BF01685809,
Pleurotus ostreatus,Individual strain,DDT,Experimental evidence,Laboratory cultures,Indonesia,2017,Peroxidases,Ligninolytic enzymes,,10.4014/jmb.1701.01073,DDD; DDE; DDMU
Pseudomonas aeruginosa,Individual strain,DDT,Experimental evidence,Laboratory cultures,Indonesia,2017,Peroxidases,Ligninolytic enzymes,,10.4014/jmb.1701.01073,DDD; DDE; DDMU
Bacillus subtilis,Individual strain,DDT,Experimental evidence,Laboratory cultures,Indonesia,2017,Peroxidases,Ligninolytic enzymes,,10.4014/jmb.1701.01073,DDD; DDE; DDMU
Chryseobacterium sp. PYR2,Individual strain,DDT,Experimental evidence,Contaminated soil,China,2015,,,,10.1016/j.jenvman.2015.07.025,
Phanerochaete chrysosporium,Individual strain,DDT,Experimental evidence,Culture collection,China,2012,Peroxidases,Ligninolytic enzymes,,10.1016/j.biortech.2012.02.141,
Pseudoxanthomonas jiangsuensis waxT (DSM 22398T),Individual strain,DDT,Experimental evidence,Contaminated soil,China,2011,,,,10.1007/s00284-011-9925-1,
Pleurotus eryngii NBRC 32798,Individual strain,DDT,Experimental evidence,Laboratory culture,Indonesia,2019,Peroxidases,Lignin peroxidase,,10.4014/jmb.1906.06030,
Pleurotus eryngii NBRC 32798,Individual strain,DDT,Experimental evidence,Laboratory culture,Indonesia,2019,Oxidoreductases,Laccase,,10.4014/jmb.1906.06030,
Pleurotus eryngii NBRC 32798,Individual strain,DDT,Experimental evidence,Laboratory culture,Indonesia,2019,Peroxidases,Manganese peroxidase,MnP,10.4014/jmb.1906.06030,
Ralstonia pickettii NBRC 102503,Individual strain,DDT,Experimental evidence,Laboratory culture,Indonesia,2019,Peroxidases,Lignin peroxidase,,10.4014/jmb.1906.06030,
Ralstonia pickettii NBRC 102503,Individual strain,DDT,Experimental evidence,Laboratory culture,Indonesia,2019,Oxidoreductases,Laccase,,10.4014/jmb.1906.06030,
Ralstonia pickettii NBRC 102503,Individual strain,DDT,Experimental evidence,Laboratory culture,Indonesia,2019,Peroxidases,Manganese peroxidase,MnP,10.4014/jmb.1906.06030,
Fomitopsis pinicola NBRC 8705,Individual strain,DDT,Experimental evidence,Laboratory culture,Indonesia,2020,Oxidoreductases,Oxidoreductase,,10.1016/j.heliyon.2020.e04027,
Fomitopsis pinicola NBRC 8705,Individual strain,DDT,Experimental evidence,Laboratory culture,Indonesia,2020,Oxidoreductases,Laccase,,10.1016/j.heliyon.2020.e04027,
Ralstonia pickettii NBRC 102503,Individual strain,DDT,Experimental evidence,Laboratory culture,Indonesia,2020,Oxidoreductases,Oxidoreductase,,10.1016/j.heliyon.2020.e04027,
Ralstonia pickettii NBRC 102503,Individual strain,DDT,Experimental evidence,Laboratory culture,Indonesia,2020,Oxidoreductases,Laccase,,10.1016/j.heliyon.2020.e04027,
Bacillus subtilis,Individual strain,DDT,Experimental evidence,Laboratory culture,Indonesia,2023,Oxidoreductases,Fenton-related enzymes,,10.1016/j.heliyon.2023.e18216,
Pseudomonas aeruginosa,Individual strain,DDT,Experimental evidence,Laboratory culture,Indonesia,2023,Oxidoreductases,Fenton-related enzymes,,10.1016/j.heliyon.2023.e18216,
Ralstonia pickettii,Individual strain,DDT,Experimental evidence,Laboratory culture,Indonesia,2023,Oxidoreductases,Fenton-related enzymes,,10.1016/j.heliyon.2023.e18216,
Boletus edulis,Individual strain,DDT,Experimental evidence,Soil,China,2007,,,,10.1016/j.scitotenv.2007.04.023,
Gomphidius viscidus,Individual strain,DDT,Experimental evidence,Soil,China,2007,,,,10.1016/j.scitotenv.2007.04.023,
Laccaria bicolor,Individual strain,DDT,Experimental evidence,Soil,China,2007,,,,10.1016/j.scitotenv.2007.04.023,
Leccinum scabrum,Individual strain,DDT,Experimental evidence,Soil,China,2007,,,,10.1016/j.scitotenv.2007.04.023,
Rhodococcus sp. IITR03,Individual strain,DDT,Experimental evidence,Contaminated soil,India,2014,Dioxygenases,"Catechol 1,2-dioxygenase",catA (cat),10.1016/j.biortech.2014.06.007,
Aspergillus conicus,Individual strain,DDT,Experimental evidence,Not specified,USA,1985,Oxidoreductases,Oxygenases,,10.1128/aem.49.3.509-516.1985,
Aspergillus niger,Individual strain,DDT,Experimental evidence,Not specified,USA,1985,Oxidoreductases,Oxygenases,,10.1128/aem.49.3.509-516.1985,
Penicillium brefeldianum,Individual strain,DDT,Experimental evidence,Not specified,USA,1985,Oxidoreductases,Oxygenases,,10.1128/aem.49.3.509-516.1985,
Paracoccus sp. DDT-21,Individual strain,DDT,Experimental evidence,Seawater,Saudi Arabia,2021,,,,10.1016/j.chemosphere.2020.129474,
Sphingobacterium sp. D-6,Individual strain,DDT,Experimental evidence,Contaminated soil,China,2012,,,,10.1016/S1001-0742(11)60895-4,
Pseudomonas putida,Individual strain,DDT,Experimental evidence,Soil,USA,1970,Dioxygenases,Dioxygenase,,10.1128/aem.35.2.364-367.1978,
Clostridium sp. BXM,Individual strain,DDT,Experimental evidence,Agricultural soil,China,2012,,,,10.1016/j.envpol.2011.11.037,
Mucor alternans,Individual strain,DDT,Experimental evidence,Soil,USA,1971,,,,10.1139/m71-208,
Shewanella decolorationis S12,Individual strain,DDT,Experimental evidence,Sediment,China,2010,,,,10.1016/j.envpol.2009.11.020,
Pandoraea pnomenusa B356,Individual strain,DDT,Enzymatic evidence,Laboratory strain,Canada,2011,Dioxygenases,Biphenyl dioxygenase,bphA,10.1016/j.abb.2011.09.016,
Burkholderia xenovorans LB400,Individual strain,DDT,Enzymatic evidence,Laboratory strain,Canada,2011,Dioxygenases,Biphenyl dioxygenase,bphA,10.1016/j.abb.2011.09.016,
Alcaligenes denitrificans ITRC-4 (MTCC 3697),Individual strain,DDT,Experimental evidence,Contaminated soil,India,2003,Dioxygenase,Dioxygenase,,10.1007/s00284-002-3819-1,
Alcaligenes denitrificans ITRC-4 (MTCC 3697),Individual strain,DDT,Experimental evidence,Contaminated soil,India,2003,Dehalogenases,Reductive dechlorination,,10.1007/s00284-002-3819-1,
Pseudomonas sp.,Individual strain,DDT,Experimental evidence,Sewage,USA,1976,Oxidoreductases,Oxygenase,,10.1128/aem.32.2.213-216.1976,
Lysinibacillus fusiformis,Individual strain,DDT,Experimental evidence,Contaminated soil,Mexico,2021,,,,10.1007/s12223-020-00848-8,
Bacillus mycoides,Individual strain,DDT,Experimental evidence,Contaminated soil,Mexico,2021,,,,10.1007/s12223-020-00848-8,
Bacillus pumilus,Individual strain,DDT,Experimental evidence,Contaminated soil,Mexico,2021,,,,10.1007/s12223-020-00848-8,
Bacillus cereus,Individual strain,DDT,Experimental evidence,Contaminated soil,Mexico,2021,,,,10.1007/s12223-020-00848-8,
Enzyme study (non-microbial),Individual strain,DDT,Enzymatic evidence,Enzyme study (non-microbial),USA,1970,Oxidoreductases,Alcohol dehydrogenase,ADH,10.1126/science.168.3931.582.a,
Sphingobium japonicum UT26,Individual strain,DDT,Enzymatic evidence,Contaminated soil,Japan,2024,Dehalogenases,γ-HCH dehydrochlorinase,linA,10.1093/bbb/zbad141,
Pseudomonas putida T5,Individual strain,DDT,Enzymatic evidence,Soil,India,2012,Dehalogenases,DDT-dehydrohalogenase,,10.1080/10826068.2011.563639,
Pseudomonas spp.,Individual strain,Carbofuran,Experimental evidence,Agricultural soil,USA,1988,,,,10.1128/aem.54.6.1414-1419.1988,
Flavobacterium spp.,Individual strain,Carbofuran,Experimental evidence,Agricultural soil,USA,2023,,,,10.1128/aem.54.6.1414-1419.1988,
Pseudomonas aeruginosa S07,Individual strain,Carbofuran,Experimental evidence,Contaminated soil,India,2023,,,,10.1007/s11356-023-30466-z,
Paracoccus sp. YM3,Individual strain,Carbofuran,Experimental evidence,Contaminated soil,China,2008,,,,10.1080/03601230802234492,
Pseudomonas sp. NJ-101,Individual strain,Carbofuran,Experimental evidence,Agricultural soil,India,2004,,,,10.1016/S0378-1097(03)00894-2,
Azospirillum lipoferum,Individual strain,Carbofuran,Experimental evidence,Soil,India,1984,,,,No DOI ( Degradation of carbofuran byAzospirillum lipoferum andStreptomyces spp. isolated from flooded alluvial soil.),
Streptomyces spp.,Individual strain,Carbofuran,Experimental evidence,Soil,India,1984,,,,No DOI ( Degradation of carbofuran byAzospirillum lipoferum andStreptomyces spp. isolated from flooded alluvial soil.),
Enterobacter sp. LC368285,Individual strain,Carbofuran,Experimental evidence,Agricultural soil,Bangladesh,2020,,,,10.1002/jobm.201900570,
Enterobacter sp. BRC05,Individual strain,Carbofuran,Experimental evidence,Agricultural soil,Malaysia,2020,,,,10.3390/molecules25122771,
Chryseobacterium sp. BSC2-3,Individual strain,Carbofuran,Experimental evidence,Agricultural soil,China,2022,,,,10.3390/metabo12030219,
Sphingomonas sp. SB5,Individual strain,Carbofuran,Experimental evidence,Contaminated soil,Korea,2004,,,,10.1021/jf035502l,
Arthrobacter sp.,Individual strain,Carbofuran,Experimental evidence,Contaminated soil,India,1988,,,,10.1128/aem.54.8.2129-2133.1988,
Sphingomonas sp. CF06,Individual strain,Carbofuran,Experimental evidence,Agricultural soil,USA,1977,Hydrolases,Carbofuran hydrolase,"mcd (hydrolase); catA, xylE probed",10.1128/aem.63.4.1332-1337.1997,
Sphingomonas sp. CDS-1,Individual strain,Carbofuran,Experimental evidence,Agricultural soil,China,2018,Hydrolases,Hydrolase,cehA,10.1128/AEM.00805-18,
Sphingomonas sp. CDS-1,Individual strain,Carbofuran,Experimental evidence,Agricultural soil,China,2018,Monooxygenases,FMN/FAD-dependent monooxygenase,cfdC,10.1128/AEM.00805-18,
Sphingbium sp. CFD-1,Individual strain,Carbofuran,Experimental evidence,Agricultural soil,China,2020,Hydrolases,Carbofuran hydrolase,cehA,10.1016/j.ecoenv.2019.109938,
Pseudomonas sp. 50432,Individual strain,Carbofuran,Experimental evidence,Soil,USA,2002,Monooxygenases,Hydroxylase,,10.1016/S0378-1097(02)00851-0,
Pseudomonas sp. 50432,Individual strain,Carbofuran,Experimental evidence,Soil,USA,2002,Hydrolases,Hydrolase,,10.1016/S0378-1097(02)00851-0,
Burkholderia cepacia PCL3,Individual strain,Carbofuran,Experimental evidence,Rhizosphere soil,Thailand,2011,Hydrolases,Carbamate hydrolase,,10.1016/j.nbt.2011.04.005,
Sphingomonas sp. CFO6,Individual strain,Carbofuran,Experimental evidence,Agricultural soil,USA,2000,Hydrolases,Carbofuran hydrolase,mcd-like,10.1016/S0168-6496(00)00024-6,
Achromobacter sp. WM111,Individual strain,Carbofuran,Experimental evidence,Agricultural soil,USA,1989,Hydrolases,Carbofuran hydrolase,mcd,10.1128/jb.171.7.4038-4044.1989,Carbofuran phenol
Sphingobium sp. CFD-1,Individual strain,Carbofuran,Experimental evidence,Agricultural soil,China,2022,Hydrolases,Carbofuran hydrolase,CehA,10.1128/aem.01024-22,
Sphingobium sp. CFD-1,Individual strain,Carbofuran,Experimental evidence,Agricultural soil,China,2022,Monooxygenases,FMN/FAD-dependent monooxygenase,CfdC,10.1128/aem.01024-22,
Sphingobium sp. CFD-1,Individual strain,Carbofuran,Experimental evidence,Agricultural soil,China,2022,Dioxygenase,Dioxygenase,CfdE,10.1128/aem.01024-22,
Sphingobium sp. CFD-1,Individual strain,Carbofuran,Experimental evidence,Agricultural soil,China,2022,Oxidoreductases,Oxidoreductases,CfdF,10.1128/aem.01024-22,
Pseudomonas putida KT2440,Individual strain,Carbofuran,Experimental evidence,Engineered strain,China,2016,Hydrolases,Carbofuran hydrolase,mcd,10.1111/1751-7915.12381,
Novosphingobium sp. KN65.2,Individual strain,Carbofuran,Experimental evidence,Engineered strain,Vietnam,2014,Monooxygenases,FMN/FAD-dependent monooxygenase,cfdC,10.1007/s00253-014-5858-5,
Novosphingobium sp. KN65.2,Individual strain,Carbofuran,Experimental evidence,Agricultural soil,Vietnam,2014,Dioxygenase,Dioxygenase,CfdE,10.1007/s00253-014-5858-5,
Novosphingobium sp. KN65.2,Individual strain,Carbofuran,Experimental evidence,Agricultural soil,Vietnam,2014,Monooxygenase,Monooxygenase,cfdI,10.1007/s00253-014-5858-5,
Pseudomonas putida GM,Individual strain,Carbofuran,Experimental evidence,Engineered microorganism,China,2007,Hydrolases,Carbofuran hydrolase,mcd,10.1007/s10532-006-9075-5,
Pseudomonas stutzeri PS21,Individual strain,Carbofuran,Experimental evidence,Agricultural soil,China,2023,,,,10.1016/j.envres.2023.115894,
Bacillus spp.,Individual strain,Carbofuran,Experimental evidence,Agricultural soil,Kenya,2015,,,,10.1080/03601234.2015.1011965,
Sphingomonas spp.,Individual strain,Carbofuran,Experimental evidence,Agricultural soils,USA,2002,Hydrolases,Carbofuran hydrolase,mcd,10.4014/jmb.1108.08087,
Pseudomonas spp.,Individual strain,Carbofuran,Experimental evidence,Agricultural soils,USA,2002,Hydrolases,Carbofuran hydrolase,mcd,10.4014/jmb.1108.08087,
Pseudomonas spp.,Individual strain,Carbofuran,Experimental evidence,Agricultural soils,India,2000,Hydrolases,Carbamate hydrolase (functional),,10.1046/j.1472-765x.2000.00823.x,
Flavobacterium spp.,Individual strain,Carbofuran,Experimental evidence,Agricultural soils,India,2000,Hydrolases,Carbamate hydrolase (functional),,10.1046/j.1472-765x.2000.00823.x,
Arthrobacter spp.,Individual strain,Carbofuran,Experimental evidence,Agricultural soils,India,2000,Hydrolases,Carbamate hydrolase (functional),,10.1046/j.1472-765x.2000.00823.x,
Sphingomonas spp.,Individual strain,Carbofuran,Experimental evidence,Agricultural soil,USA,2000,Hydrolases,Carbofuran hydrolase,mcd-like genes,10.1016/S0168-6496(00)00092-1,
Agrobacterium radiobacter,Individual strain,Malathion,Enzymatic evidence,Not specified,Not specified,2014,Hydrolases,Phosphotriesterase (PTEAr),pte (engineered variants),10.1371/journal.pone.0094177,
Fusarium oxysporum f. sp. Pisi,Individual strain,Malathion,Experimental evidence,Plant-associated fungus,South Korea,2005,,,,10.1016/j.chemosphere.2005.02.023,
Brevibacillus sp. KB2,Individual strain,Malathion,Experimental evidence,Contaminated soil,India,2012,Hydrolases,Carboxylesterase,,10.1007/s11274-011-0916-y,
Bacillus cereus PU,Individual strain,Malathion,Experimental evidence,Contaminated soil,India,2012,Hydrolases,Carboxylesterase,,10.1007/s11274-011-0916-y,
Micrococcus aloeverae MAGK3,Individual strain,Malathion,Experimental evidence,Agricultural soil,India,2022,,,,10.1007/s00203-022-03106-2,
Pseudomonas sp. M-3,Individual strain,Malathion,Enzymatic evidence,water,India,1989,Hydrolases,Carboxylesterase,,10.1007/BF01701627,
Rossellomorea marisflavi DL-A,Individual strain,Malathion,Experimental evidence,water,USA,2025,Hydrolases,Carboxylesterase,D1CarE5,10.1128/mra.00220-25,
Alicyclobacillus tengchongensis,Individual strain,Malathion,Experimental evidence,Hot spring,China,2013,,,,10.1007/s10529-013-1195-5,Malathion monoacid and diacid derivatives
Pseudomonas aeruginosa AA112,Individual strain,Malathion,Experimental evidence,Agricultural soil,Egypt,2007,,,,10.1556/AMicr.54.2007.3.3,
Ochrobactrum sp. M1D,Individual strain,Malathion,Experimental evidence,Agricultural soil,India,2021,,,,10.1111/lam.13517,
Aspergillus niger,Individual strain,Malathion,Experimental evidence,Soil,Egypt,1972,,,,10.1515/znb-1972-0944,
Penicillium notatum,Individual strain,Malathion,Experimental evidence,Soil,Egypt,1972,,,,10.1515/znb-1972-0944,
Rhizoctonia solani,Individual strain,Malathion,Experimental evidence,Soil,Egypt,1972,,,,10.1515/znb-1972-0944,
Bacillus sp. AGM5,Individual strain,Malathion,Experimental evidence,Contaminated soil,India,2022,,,,10.1007/s10532-022-09986-x,
Pseudomonas putida (IS2),Individual strain,Malathion,Experimental evidence,Agricultural soil,Egypt,2010,Hydrolases,Carboxylesterase,CE (carboxylesterase gene),10.1007/s10532-010-9350-3,
Lysinibacillus sp. KB1,Individual strain,Malathion,Experimental evidence,Contaminated soil,India,2012,Hydrolases,Esterase,,10.1007/s10529-011-0837-8,
Chroococcus sp.,Individual strain,Malathion,Experimental evidence,water,Mexico,2018,,,,10.1080/03601234.2018.1505070,
Acinetobacter spp.,Individual strain,Malathion,Experimental evidence,Agricultural soil,Egypt,2015,,,,10.1002/jobm.201300220,
Bacillus spp.,Individual strain,Malathion,Experimental evidence,Wastewater,Egypt,2015,,,,10.1002/jobm.201300220,
Pseudidiomarina homiensis FG2,Individual strain,Malathion,Experimental evidence,Hydrothermal sediment,Western Pacific Ocean,2022,Hydrolases,Carboxylesterase,Multiple CE genes,10.3390/microorganisms10091797,
Pseudidiomarina sp. CB1,Individual strain,Malathion,Experimental evidence,Hydrothermal sediment,Western Pacific Ocean,2022,Hydrolases,Carboxylesterase,Multiple CE genes,10.3390/microorganisms10091797,
Aspergillus flavus,Individual strain,Malathion,Experimental evidence,Water,Egypt,2020,,,,10.1007/s11274-020-02869-4,
Trichoderma viride,Individual strain,Malathion,Experimental evidence,Agricultural soil,USA,1966,Hydrolases,Carboxylesterase,,10.1126/science.153.3741.1278,
Pseudomonas sp.,Individual strain,Malathion,Experimental evidence,Agricultural soil,USA,1966,Hydrolases,Carboxylesterase,,10.1126/science.153.3741.1278,
Nostoc muscorum,Individual strain,Malathion,Experimental evidence,Water,Egypt,2014,,,,10.1155/2014/392682,
Bacillus safensis,Individual strain,Malathion,Experimental evidence,Contaminated soil,Sudan,2016,,,,10.1021/acs.jafc.6b03334,
B. subtilis,Individual strain,Malathion,Experimental evidence,Contaminated soil,Sudan,2016,,,,10.1021/acs.jafc.6b03334,
B. cereus,Individual strain,Malathion,Experimental evidence,Contaminated soil,Sudan,2016,,,,10.1021/acs.jafc.6b03334,
Enterobacter cloacae PMM16,Individual strain,Malathion,Experimental evidence,Agricultural soil,Mexico,2016,,,,10.1080/03601234.2016.1211906,
Enterobacter amnigenus XGL214,Individual strain,Malathion,Experimental evidence,Agricultural soil,Mexico,2016,,,,10.1080/03601234.2016.1211906,
Aspergillus oryzae,Individual strain,Malathion,Experimental evidence,Freshwater pond,USA,1975,,,,10.1007/BF01685186,
Micrococcus sp.,Individual strain,Malathion,Experimental evidence,Agricultural soil,India,1998,,,,10.1007/BF02815536,
Pseudomonas sp.,Individual strain,Malathion,Experimental evidence,Agricultural soil,India,1988,,,,10.1007/BF02815536,
Pseudomonas sp.,Individual strain,Malathion,Experimental evidence,Activated sludge,Pakistan,2002,,,,pjbs.2002.699.703,
Enterobacter cloacae K7,Individual strain,Glyphosate,Experimental evidence,Rhizoplane,Russia,2014,Lyases,C–P lyase,,10.1016/j.micres.2013.03.002,
Arthrobacter sp. GLP-1/Nit-1,Individual strain,Glyphosate,Experimental evidence,Soil (Modified stain),Germany,1988,Lyases,C–P lyase,phn operon (implied),10.1128/aem.54.11.2868-2870.1988,
Bacillus cereus CB4,Individual strain,Glyphosate,Experimental evidence,Contaminated soil,China,2012,Lyases,C–P lyase,Not specied,10.2323/jgam.58.263,AMPA; Glyoxylate; Sarcosine; Glycine; Formaldehyde
Bacillus cereus CB4,Individual strain,Glyphosate,Experimental evidence,Contaminated soil,China,2012,Oxidoreductases,Glyphosate oxidoreductase,,10.2323/jgam.58.263,AMPA; Glyoxylate; Sarcosine; Glycine; Formaldehyde
Ochrobactrum sp. BTU1,Individual strain,Glyphosate,Experimental evidence,Not specified,Germany,2024,Lyases,C–P lyase,phnCDEFGHIJKLMNOP,10.1016/j.micres.2024.127600,
Burkholderia vietnamiensis AQ5-12,Individual strain,Glyphosate,Experimental evidence,Contaminated soil,Malaysia,2018,,,,10.1007/s13205-018-1141-2,
Burkholderia sp. AQ5-13,Individual strain,Glyphosate,Experimental evidence,Contaminated soil,Malaysia,2018,,,,10.1007/s13205-018-1141-2,
Pseudomonas sp. PG2982,Individual strain,Glyphosate,Experimental evidence,Soil,USA,1987,Glyphosate oxidase,Sarcosine oxidase,,PMID: 2442160 (no DOI),
Pseudomonas sp. QJX-1,Individual strain,Glyphosate,Experimental evidence,Water,China,2023,Oxidoreductases,Oxidoreductases,,10.1016/j.jhazmat.2023.130902,
Stenotrophomonas acidaminiphila Y4B,Individual strain,Glyphosate,Experimental evidence,Activated sludge,China,2022,Oxidoreductases,Glyphosate oxidase,,10.1021/acs.jafc.2c05612,
Pseudomonas sp. PG2982,Individual strain,Glyphosate,Experimental evidence,Soil,USA,1986,Oxidoreductases,Sarcosine oxidase,,10.1128/jb.168.2.702-707.1986,
Ensifer sp.,Individual strain,Glyphosate,Experimental evidence,Stream biofilms,France,2021,Lyases,C-P lyase,phn operon,10.1016/j.jhazmat.2021.126651,
Acidovorax sp.,Individual strain,Glyphosate,Experimental evidence,Stream biofilms,France,2021,Lyases,C-P lyase,phn operon,10.1016/j.jhazmat.2021.126651,
Ochrobactrum spp.,Individual strain,Glyphosate,Experimental evidence,Stream biofilms,France,2021,Lyases,C-P lyase,phn operon,10.1016/j.jhazmat.2021.126651,
Providencia rettgeri GDB1,Individual strain,Glyphosate,Experimental evidence,Contaminated soil,China,2019,Oxidoreductases,Glyphosate oxidoreductase,,10.1016/j.jbiosc.2019.01.012,
Pseudomonas 4ASW,Individual strain,Glyphosate,Experimental evidence,Soil,France,2008,Lyases,C–P lyase,,10.1007/s00253-007-1259-3,
Arthrobacter sp. N4,Individual strain,Glyphosate,Experimental evidence,Soil,France,2008,Lyases,C–P lyase,,10.1007/s00253-007-1259-3,
Pseudomonas sp. PG2982,Individual strain,Glyphosate,Experimental evidence,Soil,USA,1985,Lyases,C–P lyase (pathway inferred),Not specified,PMID: 3997803 (No DOI),
Rhodococcus soli G41,Individual strain,Glyphosate,Experimental evidence,Contaminated soil,Vietnam,2022,Oxidoreductases,Sarcosine pathway enzymes,soxB,10.1007/s00203-022-02875-0,
Arthrobacter sp. GLP-1,Individual strain,Glyphosate,Experimental evidence,Soil,Germany,1987,Lyases,C–P lyase,,10.1111/j.1432-1033.1987.tb11437.x,
Pseudomonas sp. LBr,Individual strain,Glyphosate,Experimental evidence,Contaminated water,USA,1988,Oxidoreductases,Glyphosate oxidoreductase,,10.1128/AEM.54.12.2953-2958.1988,
Bacillus cereus AKAD 3-1,Individual strain,Glyphosate,Experimental evidence,Rhizosphere soil,India,2023,Oxidoreductases,Oxidoreductases,,10.1016/j.ecoenv.2023.114628,
Ochrobactrum sp. GDOS,Individual strain,Glyphosate,Experimental evidence,Agricultural soil,Iran,2013,Oxidoreductases,Glyphosate oxidoreductase,,10.1080/03601234.2013.730319,
Ochrobactrum anthropi LBAA,Individual strain,Glyphosate,Experimental evidence,Soil,USA,1997,,,,10.1080/004982597240235,
Ochrobactrum anthropi S5,Individual strain,Glyphosate,Experimental evidence,Soil,USA,1997,,,,10.1080/004982597240235,
Pseudomonas spp. GA07,Individual strain,Glyphosate,Experimental evidence,Contaminated soil,China,2015,Lyases,C–P lyase,,10.2323/jgam.61.165,
Pseudomonas spp. GA07,Individual strain,Glyphosate,Experimental evidence,Contaminated soil,China,2015,Oxidoreductases,Glyphosate oxidoreductase,,10.2323/jgam.61.165,
Pseudomonas spp. GA09,Individual strain,Glyphosate,Experimental evidence,Contaminated soil,China,2015,Lyases,C–P lyase,,10.2323/jgam.61.165,
Pseudomonas spp. GA09,Individual strain,Glyphosate,Experimental evidence,Contaminated soil,China,2015,Oxidoreductases,Glyphosate oxidoreductase,,10.2323/jgam.61.165,
Pseudomonas spp. GC04,Individual strain,Glyphosate,Experimental evidence,Contaminated soil,China,2015,Lyases,C–P lyase,,10.2323/jgam.61.165,
Pseudomonas spp. GC04,Individual strain,Glyphosate,Experimental evidence,Contaminated soil,China,2015,Oxidoreductases,Glyphosate oxidoreductase,,10.2323/jgam.61.165,
Chryseobacterium sp Y16C,Individual strain,Glyphosate,Experimental evidence,Contaminated sludge,China,2022,Hydrolases,C–N bond cleavage enzymes,,10.1016/j.jhazmat.2022.128689,
Pseudomonas pseudomallei Strain 22,Individual strain,Glyphosate,Experimental evidence,Agricultural soil,Mexico,1995,Lyases,C–P lyase-associated proteins,"glpA, glpB",10.1128/AEM.61.2.538-543.1995,
Enterobacter sp. Bisph2,Individual strain,Glyphosate,Genomic evidence,Soil,Algeria,2016,Lyases,Phosphonate-related enzymes (genomic study based),,10.1016/j.gdata.2016.03.005,
Pseudomonas sp. PG2982,Individual strain,Glyphosate,Experimental evidence,Soil,USA,1988,Transferases,Phosphate transport system,,10.1128/AEM.54.7.1886-1888.1988,
Pseudomonas sp. PG2982,Individual strain,Glyphosate,Experimental evidence,Soil,USA,1984,Lyases,C–P lyase,,10.1128/AEM.48.5.1049-1050.1984,
Bacillus licheniformis ST401,Individual strain,Glyphosate,Enzymatic evidence,Not specified,USA,2007,Transferases,Glyphosate N-acetyltransferase (GAT),gat,10.1074/jbc.M610267200,
Undefined mixed aerobic bacterial biofilm cultures from rotating-drum systems,Mixed biofilm culture,"1,4-Dimethylnaphthalene","Mixed acclimated aerobic biofilm inocula degraded 1,4-dimethylnaphthalene during batch mixed-substrate experiments.",,,1989,,,,"Arvin E, Jensen BK, Gundersen AT. Substrate interactions during aerobic biodegradation of benzene. Applied and Environmental Microbiology. 1989;55(12):3221-3225.",
Sulfate-reducing Jilin Oilfield production-water enrichment,Enrichment culture,"1,4-Dimethylnaphthalene","A crude-oil C2-naphthalene fraction containing several dimethylnaphthalene isomers, including 1,4-DMN, was largely degraded under sulfate-reducing enrichment conditions.",Oilfield production water/crude oil enrichment,"Jilin Oilfield, China",2024,,,,"Biodegradation of crude oil by nitrate-reducing, sulfate-reducing, and methanogenic microbial communities under high-pressure conditions. Microorganisms. 2024.",
Petrimonas sulfuriphila PET,Individual strain,Lindane,Experimental evidence — 41.2% degraded (58.8% residual); γ-HCH/chlorobenzene measured chromatographically,COP-polluted flooded sediment,Not reported in accessible abstract,2025,Yes,2-haloacid dehalogenase; cobalamin-associated dehalogenation,2-haloacid dehalogenase and cobalamin-biosynthesis genes,10.1016/j.watres.2024.122730,
Robertmurraya sp. CYTO,Individual strain,Lindane,Experimental evidence — 54.4% degraded (45.6% residual); chromatographic confirmation,COP-polluted flooded sediment,Not reported in accessible abstract,2025,Yes,2-haloacid dehalogenase; cobalamin-associated dehalogenation,2-haloacid dehalogenase and cobalamin-biosynthesis genes,10.1016/j.watres.2024.122730,
Hungatella sp. CloS1,Individual strain,Lindane,Experimental evidence — 39.8% degraded (60.2% residual); chromatographic confirmation,COP-polluted flooded sediment,Not reported in accessible abstract,2025,Yes,2-haloacid dehalogenase; cobalamin-associated dehalogenation,2-haloacid dehalogenase and cobalamin-biosynthesis genes,10.1016/j.watres.2024.122730,
Enterococcus avium PseS3,Individual strain,Lindane,Experimental evidence — 30.7% degraded (69.3% residual); chromatographic confirmation,COP-polluted flooded sediment,Not reported in accessible abstract,2025,Yes,2-haloacid dehalogenase; cobalamin-associated dehalogenation,2-haloacid dehalogenase and cobalamin-biosynthesis genes,10.1016/j.watres.2024.122730,
Anaerobic flooded-soil microbial community,Microbial community,Lindane,Experimental evidence — 79.05% degradation with PE-MP-soaked lindane; 37.65% lindane-only; 34.94% PE-MP-mixed after 10 d; chemical analysis + 16S profiling,Flooded agricultural soil microcosm,China; exact site not reported in abstract,2025,,,,10.1016/j.jhazmat.2025.139849,
Sphingobium japonicum UT26 engineered derivatives,Individual strain,Lindane,Experimental and enzymatic evidence — quantitative γ-HCH/metabolites by GC-ECD after 60 min; assimilation by plate assay/qPCR,Engineered reference-strain derivatives,"Sendai, Japan",2025,Haloalkane dehalogenase,DmmA; Rluc_anc; Rluc_anc_R7P; LinB comparator,dmmA; rluc_anc; rluc_anc_R7P; linA; linB; linC,10.1093/bbb/zbaf022,
Klebsiella sp. ASNY6,Individual strain,Lindane,Experimental evidence — 100 ppm initial; quantitative GC kinetic decline over 8 d; γ-PCCH detected by GC-MS (RT 8.814 min); TLC confirmation,Contaminated river water,"Ganga River, Prayagraj, India",2026,Dechlorinase,Dechlorinase activity; identity unresolved,,10.21276/pt.2026.v3.i1.12,
Pseudomonas spp. dominant in anaerobic enrichment,Enrichment culture member,Lindane,Experimental evidence — removal rate increased 33.3±1.2 to 85.3±4.5 µM/d; MCB/benzene by headspace GC-FID; H2 by GC-TCD; 16S profiling,Lindane-contaminated aquifer groundwater,"Sabiñánigo, Spain",2026,,Reductive dechlorination activity; enzyme not isolated,,10.1016/j.jhazmat.2026.142242,
Shewanella spp. dominant in anaerobic enrichment,Enrichment culture member,Lindane,Experimental evidence — removal rate increased 33.3±1.2 to 85.3±4.5 µM/d; MCB/benzene by headspace GC-FID; H2 by GC-TCD; 16S profiling,Lindane-contaminated aquifer groundwater,"Sabiñánigo, Spain",2026,,Reductive dechlorination activity; enzyme not isolated,,10.1016/j.jhazmat.2026.142242,
Sphingobium japonicum UT26 LinA expressed in Arabidopsis,Individual strain,Lindane,Enzymatic evidence — >90% removed in 4 weeks; TCB and DCB products chemically detected,Bacterial gene expressed in engineered plant,Japan / laboratory system,2026,Dehydrochlorinase,LinA,linA,10.1111/1751-7915.70409,
Burkholderia cepacia TBr1,Individual strain,Glyphosate,Experimental evidence — 67% degradation of 15 mg/mL within 7 d,Tithonia diversifolia rhizosphere soil,Not reported in abstract,2026,C–P lyase activity,C–P lyase,,10.48048/tis.2026.12865,
Bacillus velezensis TBr12,Individual strain,Glyphosate,Experimental evidence — 76% degradation of 15 mg/mL within 7 d,Tithonia diversifolia rhizosphere soil,Not reported in abstract,2026,C–P lyase activity,C–P lyase,,10.48048/tis.2026.12865,
Stenotrophomonas sp. Ps-B,Individual strain,Glyphosate,Experimental evidence — complete degradation of high doses after ≥40 d; spectrophotometry and culture-based monitoring,Soil isolate,Not reported in abstract,2025,,,,10.3389/fmicb.2025.1668968,
Lysinibacillus fusiformis SA-4,Individual strain,Glyphosate,Experimental evidence — complete degradation of high doses after ≥40 d; spectrophotometry and culture-based monitoring,Soil isolate,Not reported in abstract,2025,,,,10.3389/fmicb.2025.1668968,
Enterobacter cloacae SB-2,Individual strain,Glyphosate,Experimental evidence — complete degradation of high doses after ≥40 d; spectrophotometry and culture-based monitoring,Soil isolate,Not reported in abstract,2025,,,,10.3389/fmicb.2025.1668968,
Stenotrophomonas maltophilia GP-1,Individual strain,Glyphosate,Enzymatic evidence — metabolites sarcosine/glycine by TLC and LC-MS/MS; C–P lyase activity 0.4 U,Environmental bacterial isolate,India,2025,C–P lyase,Glyphosate-specific C–P lyase,phn operon; phnJ; sox,10.1007/s10532-025-10169-7,
Anaerobic aquatic microbial community,Microbial community,Thiamethoxam,"Experimental evidence — 85.92% removal at 200 mg/L nitrate; 7.45-fold control; electrochemistry, ETSA/NADH, enzyme assays and metatranscriptomics",Anaerobic aquatic microcosm,"Guangdong, China",2025,Reductases; catalase,Nitrate reductase; nitrite reductase; catalase,Functional genes identified by metatranscriptomics,10.1016/j.envres.2025.122141,
Anaerobic microbial community,Microbial community,Thiamethoxam,"Experimental evidence — nitrite produced 15.9-fold higher removal than control; electrochemical, enzymatic and microbial analyses",Anaerobic treatment microcosm,China,2025,Nitrogen-cycle enzymes,Enzyme activities reported; names require full text,Functional genes profiled,10.1016/j.jece.2025.119002,
Tolypothrix tenuis,Individual strain,Thiamethoxam,Experimental evidence — 95.7% degradation; LC-MS quantified residues and products,Microalgal culture,China,2026,Yes,Intracellular enzymes and ROS implicated,,10.3390/w18030304,
Pseudomonas aeruginosa BRD1,Individual strain,Profenofos,Experimental evidence — 76% of 100 ppm after 96 h; HPLC and ESI-MS metabolites,Agricultural soil,"Baharpur, Purba Bardhaman, West Bengal, India",2026,Multiple,Phosphodiesterase; cytochrome P450; GST; hydrolases,bphD; glpD; estB_1; estB_2; pdeB; pdeN; pdeG; gstB_2; yfcF; gstB_3; cpg2; lap; pepN,10.22207/jpam.20.2.62,
Metarhizium anisopliae M-Tg1,Individual strain,Profenofos,Experimental evidence — reduced 2.78 to 0.39 mg/kg; GC-MS,Suppressive agricultural soil,Indonesia,2025,,,,10.5943/cream/15/1/12,
Beauveria bassiana B-Tg1,Consortium member,Profenofos,Experimental evidence — residue reduction confirmed by GC-MS; lower than best single M. anisopliae treatment,Suppressive agricultural soil,Indonesia,2025,,,,10.5943/cream/15/1/12,
Metarhizium anisopliae M-Tg1,Consortium member,Profenofos,Experimental evidence — residue reduction confirmed by GC-MS; lower than best single M. anisopliae treatment,Suppressive agricultural soil,Indonesia,2025,,,,10.5943/cream/15/1/12,
Bacillus subtilis strain UAMC,Individual strain,Endosulfan,Experimental evidence — 97.6% α-endosulfan and 69.45% β-endosulfan; metabolites instrumentally identified; no endosulfan sulfate,Environmental bacterial isolate,Mexico,2026,Hydrolase implicated,Hydrolytic degradation enzymes,,10.1007/s10532-026-10312-y,
Pseudomonas spp. in Tunisian hypersaline sediment community,Microbial community member,Thiabendazole,"Experimental evidence — >99% degradation by GC-FID; half-elimination 27 d biological, 19 d BES, 6 d after biostimulation",Hypersaline sediment,Tunisia,2025,,,,10.3389/fmicb.2024.1529841,
Marinobacter spp. in Tunisian hypersaline sediment community,Microbial community member,Thiabendazole,"Experimental evidence — >99% degradation by GC-FID; half-elimination 27 d biological, 19 d BES, 6 d after biostimulation",Hypersaline sediment,Tunisia,2025,,,,10.3389/fmicb.2024.1529841,
Meyerozyma guilliermondii Wyslmt,Individual strain,Diquat,Experimental evidence — quantitative degradation curve and three products by UPLC-QTOF-MS,Environmental yeast isolate,China,2025,,,,10.3389/fmicb.2025.1652141,
Bacillus flexus PC5,Individual strain,Cypermethrin,Experimental evidence — 75.74% of 100 mg/L in 6 d; 89.10% in soil over 30 d; GC-MS metabolites,Cypermethrin-treated agricultural soil,Not reported in abstract,2026,,,,10.4314/br.v24i1.10,
Bacillus licheniformis,Consortium member,Spinetoram,"Experimental evidence — 99% removal of 400 mg/L at 35 °C, pH 9",Environmental bacterial isolates,Iraq,2026,,,,10.31185/jwsm.599,
Bacillus pumilus,Consortium member,Spinetoram,"Experimental evidence — 99% removal of 400 mg/L at 35 °C, pH 9",Environmental bacterial isolates,Iraq,2026,,,,10.31185/jwsm.599,
Pandoraea pnomenusa ZQ05,Individual strain,Acephate,Experimental and enzymatic evidence — 96.8% in water within 18 h; complete in soil within 15 h; chromatographic/multi-omics confirmation,Isolated from acephate-degrading consortium ZQ01,"Guangzhou, China",2026,Amidase,Aca amidase,aca,10.1016/j.biortech.2025.133298,
Klebsiella michiganensis ES15,Individual strain,Acetochlor,"Experimental and genetic evidence — 79.23% within 4 d; gene knockout, expression and chemical analysis",Acetochlor pesticide-plant activated sludge,China,2025,Glutathione S-transferase,Km-Gst,gst,10.1016/j.pestbp.2025.106530,
Microbial consortium AT1,Microbial consortium - members not specified,Acetochlor,Experimental evidence — near-complete degradation of 50–1000 mg/L in 6–12 d; metabolomics and soil validation,Acetochlor-contaminated soil,"Shenyang, China",2025,,,,10.1016/j.jenvman.2025.125892,
Rhizosphere microbiome enriched in Pseudomonas,Individual strain,Acetochlor,Experimental/genetic evidence — biofilter degradation with seven intermediates by GC-MS,Planted biofilter rhizosphere,Northeast China,2026,Multiple pathway enzymes,Dehalogenase/formaldehyde and nitrogen-metabolism enzymes,dhaA; fdhA; mxaJ; K01455; norB; nemA,10.1016/j.jhazmat.2025.140635,
Bacillus proteolyticus LBb2,Individual strain,Imidacloprid,Experimental evidence — 53.20% of 100 mg/L in 7 d; metabolites/pathway chemically analyzed,Soil enrichment isolate,China,2025,,,,10.1016/j.rhisph.2025.101035,
Flavobacterium sp. IM-1,Individual strain,Imidacloprid,Experimental evidence — 58.40% in 28 d by HPLC; 5-hydroxy-imidacloprid by LC-MS/MS,Endophyte from imidacloprid-treated Brassica rapa,Japan,2026,,,,10.1021/acsagscitech.5c00787,
Sphingobium sp. A2 (immobilized),Individual strain,Dicamba,Experimental evidence — 85.3% wastewater removal in third cycle; complete 10 mg/kg soil degradation in 18 d; analytical monitoring,Industrial wastewater/farmland-soil degrader,China,2026,,,,10.1016/j.ibiod.2026.106326,
Bacillus cereus,Individual strain,Malathion,Experimental evidence — 98% within 36 h optimized; UHPLC confirmation and GC-MS metabolites,Field soil,India,2025,,,,10.1080/10889868.2024.2448548,
Pseudomonas putida NC1,Individual strain,Ethiprole,Experimental and enzymatic evidence — 79.7% of 50 mg/L in 24 h; products/pathway instrumentally verified,Environmental isolate,China,2025,GMC-family oxidoreductase,GmcF,gmcF,10.1016/j.ibiod.2024.105985,
Cronobacter muytjensii GH10,Individual strain,Fenamiphos,Experimental and enzymatic evidence — quantitative soil degradation time course; recombinant enzyme cleaved P–O–C bond; chromatography used,Chlorpyrifos-treated soil,Egypt,2025,Organophosphorus hydrolase,OPH,oph,10.21608/ejchem.2025.395474.11922,
Klebsiella spp. isolates,Isolate group,Chlorantraniliprole,Experimental evidence — degradation percentages quantified by LC-MS/MS; values reported per isolate in study heatmap,Farmgate fruits/vegetables from pesticide-intensive fields,India,2025,,,,10.1007/s10532-025-10216-3,
Staphylococcus epidermidis isolate,Individual strain,Chlorantraniliprole,Experimental evidence — degradation percentages quantified by LC-MS/MS; value reported in study heatmap,Farmgate fruits/vegetables from pesticide-intensive fields,India,2025,,,,10.1007/s10532-025-10216-3,
