pesticide_folder,file_name,readability_status
"1,4-Dimethylnaphthalene","1,4-dimethylnaphthalene treatment of seed potatoes affects tuber size distribution..pdf",pdf_header
"1,4-Dimethylnaphthalene",Anaerobic biodegradation of benzo(a)pyrene by a novel Cellulosimicrobium cellulans CWS2 isolated from polycyclic aromatic hydrocarbon-contaminated soil..pdf,pdf_header
"1,4-Dimethylnaphthalene","Biodegradation of Crude Oil by Nitrate-Reducing, Sulfate-Reducing, and Methanogenic Microbial Communities under High-Pressure Conditions..pdf",pdf_header
"1,4-Dimethylnaphthalene","Changes in gene expression in potato meristems treated with the sprout suppressor 1,4-dimethylnaphthalene are dependent on tuber age and dormancy status..pdf",pdf_header
"1,4-Dimethylnaphthalene",Diesel and Crude Oil Biodegradation by Cold-Adapted Microbial Communities in the Labrador Sea..pdf,pdf_header
"1,4-Dimethylnaphthalene","Exposure of Potato Tuber to Varying Concentrations of 1,4-Dimethylnaphthalene Decrease the Expression of Transcripts for Plastid Proteins.pdf",pdf_header
"1,4-Dimethylnaphthalene","Functionalized derivatives of 1,4-dimethylnaphthalene as precursors for biomedical applications synthesis, structures, spectroscopy and photochemical activation in the presence of dioxygen..pdf",pdf_header
"1,4-Dimethylnaphthalene",Genome sequence analysis of deep sea Aspergillus sydowii BOBA1 and effect of high pressure on biodegradation of spent engine oil..pdf,pdf_header
"1,4-Dimethylnaphthalene","Structural phase transition in a charge-transfer compound tropylium hexafluoridoantimonateV-1,4-dimethylnaphthalene ..pdf",pdf_header
"1,4-Dimethylnaphthalene",Substrate interactions during aerobic biodegradation of benzene..pdf,pdf_header
"1,4-Dimethylnaphthalene","The sprout inhibitor 1,4-dimethylnaphthalene induces the expression of the cell cycle inhibitors KRP1 and KRP2 in potatoes..pdf",pdf_header
"1,4-Dimethylnaphthalene","The sprout inhibitors chlorpropham and 1,4-dimethylnaphthalene elicit different transcriptional profiles and do not suppress growth through a prolongation of the dormant state..pdf",pdf_header
2-Phenylphenol,All-in-one continuous electrochemical monitoring of 2-phenylphenol removal from water by electro-Fenton treatment..pdf,pdf_header
2-Phenylphenol,Catalytic degradation of kraft lignin to determine its antioxidant potential for industrial purposes..pdf,pdf_header
2-Phenylphenol,Cloning of bacterial genes specifying degradation of 4-chlorobiphenyl from Pseudomonas putida OU83..pdf,pdf_header
2-Phenylphenol,"Degradation of 2-hydroxybiphenyl and 2,2'-dihydroxybiphenyl by Pseudomonas sp. strain HBP1..pdf",pdf_header
2-Phenylphenol,Degradation of alkylphenols by white rot fungus Irpex lacteus and its manganese peroxidase..pdf,pdf_header
2-Phenylphenol,Degradation of de-esterified pctinhomogalacturonan by the polygalacturonase GhNSP is necessary for pollen exine formation and male fertility in cotton..pdf,pdf_header
2-Phenylphenol,"Degradation of imazalil, orthophenylphenol and pyrimethanil in Clementine mandarins under conventional postharvest industrial conditions at 4Â°C..pdf",pdf_header
2-Phenylphenol,Detection of Residual 2-Phenylphenol on Lemon Rind by Electrochemically Deposited Poly(hydroxybenzaldehyde) and Poly(hydroxybenzoic acid) Polymeric Stackings as Electrode Modifiers..pdf,pdf_header
2-Phenylphenol,Enhancing Pectin Particles with Polymer Additives Mitigating Rumen Degradation and Minimizing Yellowish Milk Color in Grazed Cows..pdf,pdf_header
2-Phenylphenol,"Expression, localization, and functional analysis of polychlorinated biphenyl degradation genes cbpABCD of Pseudomonas putida..pdf",pdf_header
2-Phenylphenol,Fungal Biodegradation of Polyurethanes.pdf,pdf_header
2-Phenylphenol,"Genomic, Transcriptomic and SuspectNon-Target Screening Analyses Reveal the Role of CYP450s in the Degradation of Imazalil and Delineate Its Transformation Pathway by Cladosporium herbarum..pdf",pdf_header
2-Phenylphenol,High-COsub2sub Treatment Prolongs the Postharvest Shelf Life of Strawberry Fruits by Reducing Decay and Cell Wall Degradation..pdf,pdf_header
2-Phenylphenol,Highly effective catalytic peroxymonosulfate activation on N-doped mesoporous carbon for o-phenylphenol degradation..pdf,pdf_header
2-Phenylphenol,IruO is a reductase for heme degradation by IsdI and IsdG proteins in Staphylococcus aureus..pdf,pdf_header
2-Phenylphenol,Light driven Aspergillus niger-ZnS nanobiohybrids for degradation of methyl orange..pdf,pdf_header
2-Phenylphenol,Recent advances in bismuth oxyhalide photocatalysts for degradation of organic pollutants in wastewater..pdf,pdf_header
2-Phenylphenol,Reorganization of gene network for degradation of polycyclic aromatic hydrocarbons (PAHs) in Pseudomonas aeruginosa PAO1 under several conditions..pdf,pdf_header
2-Phenylphenol,Review of the existing maximum residue levels for 2-phenylphenol according to Article 12 of Regulation NoÂ 3962005..pdf,pdf_header
2-Phenylphenol,"Rod-like Bisub4subOsub7sub decorated Bisub2subOsub2subCOsub3sub plates Facile synthesis, promoted charge separation, and highly efficient photocatalytic degradation of organic contaminants..pdf",pdf_header
2-Phenylphenol,Room-temperature fabrication of bismuth oxybromideoxyiodide photocatalyst and efficient degradation of phenolic pollutants under visible light..pdf,pdf_header
2-Phenylphenol,Room-temperature synthesis of zinc oxide nanoparticles in different media and their application in cyanide photodegradation..pdf,pdf_header
2-Phenylphenol,Survey of the anaerobic biodegradation potential of organic chemicals in digesting sludge..pdf,pdf_header
2-Phenylphenol,The Effect of Cultivation Method of Strawberry (iFragaria x ananassai Duch.) cv. Honeoye on Structure and Degradation Dynamics of Pectin during Cold Storage..pdf,pdf_header
2-Phenylphenol,Transcriptional analysis reveals the metabolic state of Burkholderia zhejiangensisi CEIB S4-3 during methyl parathion degradation..pdf,pdf_header
2-Phenylphenol,"Transcriptional organization and dynamic expression of the hbpCAD genes, which encode the first three enzymes for 2-hydroxybiphenyl degradation in Pseudomonas azelaica HBP1..pdf",pdf_header
2-Phenylphenol,URB602 inhibits monoacylglycerol lipase and selectively blocks 2-arachidonoylglycerol degradation in intact brain slices..pdf,pdf_header
2-Phenylphenol,"Unusual location of two nearby pairs of upstream activating sequences for HbpR, the main regulatory protein for the 2-hydroxybiphenyl degradation pathway of Pseudomonas azelaica HBP1..pdf",pdf_header
2-Phenylphenol,Z-scheme bismuth-rich bismuth oxide iodidebismuth oxide bromide hybrids with novel spatial structure Efficient photocatalytic degradation of phenolic contaminants accelerated by in situ generated redox mediators..pdf,pdf_header
Abamectin,Contribution of insect gut microbiota and their associated enzymes in insect physiology and biodegradation of pesticides..pdf,pdf_header
Abamectin,Degradation of abamectin and doramectin on sheep grazed pasture..pdf,pdf_header
Abamectin,Degradation of abamectin by newly isolated Stenotrophomonas maltophilia ZJB-14120 and characterization of its abamectin-tolerance mechanism..pdf,pdf_header
Abamectin,"Degradation of sex pheromone and plant volatile components by an antennal glutathione S-transferase in the oriental fruit moth,Grapholita molesta Busck (Lepidoptera Tortricidae)..pdf",pdf_header
Abamectin,"Degradation of the acaricides abamectin, flufenoxuron and amitraz on Saudi Arabian dates.pdf",pdf_header
Abamectin,Degradation strategies of pesticide residue From chemicals to synthetic biology..pdf,pdf_header
Abamectin,Effect of soil fumigants on degradation of abamectin and their combination synergistic effect to root-knot nematode..pdf,pdf_header
Abamectin,"Efficient degradation of ivermectin by newly isolated Aeromonas taiwanensis ZJB-18,044..pdf",pdf_header
Abamectin,Evaluation of degradation kinetics for abamectin in formulations using a stability indicating method..pdf,pdf_header
Abamectin,Intensification of abamectin pesticide degradation using the combination of ultrasonic cavitation and visible-light driven photocatalytic process Synergistic effect and optimization study..pdf,pdf_header
Abamectin,Lethal and sublethal effects of pesticides on Chrysoperla carnea larvae (Neuroptera Chrysopidae) and the influence of rainfastness in their degradation pattern over time..pdf,pdf_header
Abamectin,Microbial degradation of abamectin in reservoir water.pdf,pdf_header
Abamectin,Photodegradation of the acaricide abamectin a kinetic study..pdf,pdf_header
Abamectin,Release and Degradation of Microencapsulated Spinosad and Emamectin Benzoate..pdf,pdf_header
Abamectin,Role of Insect Gut Microbiota in Pesticide Degradation A Review..pdf,pdf_header
Abamectin,Soil fumigation alters adsorption and degradation behavior of pesticides in soil..pdf,pdf_header
Abamectin,Study of the degradation in aqueous solution of a refractory organic compound avermectin type used as pesticide in agriculture..pdf,pdf_header
Abamectin,Time profile of abamectin and doramectin excretion and degradation in sheep faeces..pdf,pdf_header
Acephate,A Comprehensive Review of Multifunctional Nanozymes for Degradation and Detection of Organophosphorus Pesticides in the Environment..pdf,pdf_header
Acephate,Aerobic dichlorvos degradation by iPseudomonas stutzerii smk complete pathway and implications for toxicity in iMus musculusi..pdf,pdf_header
Acephate,Aflatoxin Bâ‚ degradation by a Pseudomonas strain..pdf,pdf_header
Acephate,Are the issues involving acephate already resolved A scientometric review..pdf,pdf_header
Acephate,Biodegradation of Uric Acid by Bacillus paramycoidesi-YC02..pdf,pdf_header
Acephate,Biodegradation of acephate and methamidophos by a soil bacterium Pseudomonas aeruginosa strain Is-6..pdf,pdf_header
Acephate,Biodegradation of acephate by Bacillus paramycoides NDZ and its degradation pathway..pdf,pdf_header
Acephate,Biodegradation of pesticide in agricultural soil employing entomopathogenic fungi Current state of the art and future perspectives..pdf,pdf_header
Acephate,Contribution of insect gut microbiota and their associated enzymes in insect physiology and biodegradation of pesticides..pdf,pdf_header
Acephate,Cytotoxic and Genotoxic Effects of Acephate on Human Sperm..pdf,pdf_header
Acephate,Degradation and mineralization kinetics of acephate in humid tropic soils of Malaysia..pdf,pdf_header
Acephate,Degradation of Acephate and Its Intermediate Methamidophos Mechanisms and Biochemical Pathways.pdf,pdf_header
Acephate,"Degradation of acephate by Enterobacter asburiae, Bacillus cereus and Pantoea agglomerans isolated from diamondback moth Plutella xylostella (L), a pest of cruciferous crops..pdf",pdf_header
Acephate,"Dissipation kinetics, residue determination and consumer risk assessment of acephate on green pea by gas chromatography-electron capture detector..pdf",pdf_header
Acephate,Effect of plasma-activated water and buffer solution combined with ultrasound on fungicide degradation and quality of cherry tomato during storage..pdf,pdf_header
Acephate,"Efficient biodegradation of acephate by iPseudomonas pseudoalcaligenesi PS-5 in the presence and absence of heavy metal ions [Cu(II) and Fe(III)], and humic acid..pdf",pdf_header
Acephate,Enhanced photocatalytic degradation of acephate pesticide over MCM-41Cosub3subOsub4sub nanocomposite synthesized from rice husk silica gel and Peach leaves..pdf,pdf_header
Acephate,Environmental behavior of the chiral organophosphorus insecticide acephate and its chiral metabolite methamidophos enantioselective transformation and degradation in soils..pdf,pdf_header
Acephate,Gas-phase mechanisms of degradation of hazardous organophosphorus compounds do they follow a common pattern of alkaline hydrolysis reaction as in phosphotriesterase.pdf,pdf_header
Acephate,Gut microbial degradation of organophosphate insecticides-induces glucose intolerance via gluconeogenesis..pdf,pdf_header
Acephate,"Hydrolysis and Photolysis Kinetics, and Identification of Degradation Products of the Novel Bactericide 2-(4-Fluorobenzyl)-5-(Methylsulfonyl)-1,3,4-Oxadiazole in Water..pdf",pdf_header
Acephate,Insight Into Microbial Applications for the Biodegradation of Pyrethroid Insecticides..pdf,pdf_header
Acephate,Kinetic Study of the Biodegradation of Acephate by Indigenous Soil Bacterial Isolates in the Presence of Humic Acid and Metal Ions..pdf,pdf_header
Acephate,Mechanisms of oxidative response during biodegradation of malathion by S. oneidensis MR-1..pdf,pdf_header
Acephate,Microbial Degradation of Pesticide Residues and an Emphasis on the Degradation of Cypermethrin and 3-phenoxy Benzoic Acid A Review..pdf,pdf_header
Acephate,MoS2 and MoS2 Nanocomposites for Adsorption and Photodegradation of Water Pollutants A Review.pdf,pdf_header
Acephate,Novel pathway of acephate degradation by the microbial consortium ZQ01 and its potential for environmental bioremediation..pdf,pdf_header
Acephate,One-pot hydrothermal synthesis of a carbon quantum dotCaFesub2subOsub4sub hybrid nanocomposite for carcinogenic Congo red dye degradation..pdf,pdf_header
Acephate,Photocatalytic decomposition of acephate in irradiated TiO2 suspensions..pdf,pdf_header
Acephate,"Photocatalytic degradation of Acephate, Omethoate, and Methyl parathion by Fe3O4@SiO2@mTiO2 nanomicrospheres..pdf",pdf_header
Acephate,"Photocatalytic degradation of acephate in pak choi, Brassica chinensis, with Ce-doped TiO2..pdf",pdf_header
Acephate,Photocatalytic degradation of dimethoate in Bok choy using cerium-doped nano titanium dioxide..pdf,pdf_header
Acephate,Photocatalytic degradation of organophosphate and phosphonoglycine pesticides using TiO2 immobilized on silica gel..pdf,pdf_header
Acephate,Potential of the insecticides acephate and methamidophos to contaminate groundwater..pdf,pdf_header
Acephate,Rapid Degradation of Rhodamine B through Visible-Photocatalytic Advanced Oxidation Using Self-Degradable Natural Perylene Quinone Derivatives-Hypocrellins..pdf,pdf_header
Acephate,Residue analysis of acephate and its metabolite methamidophos in open field and greenhouse pakchoi (Brassica campestris L.) by gas chromatography-tandem mass spectrometry..pdf,pdf_header
Acephate,Role of Insect Gut Microbiota in Pesticide Degradation A Review..pdf,pdf_header
Acephate,Screening for Lactobacillus plantarum Strains That Possess Organophosphorus Pesticide-Degrading Activity and Metabolomic Analysis of Phorate Degradation.pdf,pdf_header
Acephate,Screening organophosphorus nerve agent degradation products in pesticide mixtures by GC-ICPMS..pdf,pdf_header
Acephate,Sonochemical degradation of pesticides in aqueous solution investigation on the influence of operating parameters and degradation pathway - a systematic review..pdf,pdf_header
Acephate,The fate of acephate and carbaryl in water..pdf,pdf_header
Acephate,The mechanisms and process of acephate degradation by hydroxyl radical and hydrated electron..pdf,pdf_header
Acetamiprid,Acetamiprid_10.1371_journal.pone.0082603.pdf,pdf_header
Acetamiprid,Acetamiprid_10.3389_fmicb.2020.01429.pdf,pdf_header
Acetochlor,A_Critical_Review_on_Metal_Organic_Frameworks_and_Their_Composites_as_Advanced_M.pdf,html_placeholder
Acetochlor,Biodegradation_of_di_n_Butyl_Phthalate_by_Achromobacter_sp__Isolated_from_Rural_.pdf,html_placeholder
Acetochlor,Characterization_of_a_Sequential_UV_Photolysis_Biodegradation_Process_for_Treatm.pdf,html_placeholder
Acetochlor,Characterization_of_a_novel_amidohydrolase_with_promiscuous_esterase_activity_fr.pdf,html_placeholder
Acetochlor,Constructing_Direct_Z_Scheme_Y2TmSbO7_GdYBiNbO7_Heterojunction_Photocatalyst_wit.pdf,html_placeholder
Acetochlor,Contribution_of_insect_gut_microbiota_and_their_associated_enzymes_in_insect_phy.pdf,html_placeholder
Acetochlor,Degradation_of_Three_Herbicides_and_Effect_on_Bacterial_Communities_under_Combin.pdf,html_placeholder
Acetochlor,Degradation_of_a_New_Herbicide_Florpyrauxifen_Benzyl_in_Water__Kinetics__Various.pdf,html_placeholder
Acetochlor,Degradation_of_acetochlor_and_beneficial_effect_of_phosphate_solubilizing__i_Bac.pdf,html_placeholder
Acetochlor,Degradation_of_atrazine_and_bromacil_in_two_forestry_waste_products_.pdf,html_placeholder
Acetochlor,Effect_of_Biochar_on_the_Degradation_Dynamics_of_Chlorantraniliprole_and_Acetoch.pdf,html_placeholder
Acetochlor,Impact_of_Natural_Organic_Matter_Competition_on_the_Adsorptive_Removal_of_Acetoc.pdf,html_placeholder
Acetochlor,Insights_into_the_Toxicity_and_Degradation_Mechanisms_of_Imidacloprid_Via_Physic.pdf,html_placeholder
Acetochlor,Metabolic_pathway_involved_in_2_methyl_6_ethylaniline_degradation_by_Sphingobium.pdf,html_placeholder
Acetochlor,Microbial_degradation_of_contaminants_of_emerging_concern__metabolic__genetic_an.pdf,html_placeholder
Acetochlor,Mixture_Toxicity_of_Bensulfuron_Methyl_and_Acetochlor_to_Red_Swamp_Crayfish__Pro.pdf,html_placeholder
Acetochlor,New_Insight_into_the_Chloroacetanilide_Herbicide_Degradation_Mechanism_through_a.pdf,html_placeholder
Acetochlor,Optimization_of_fed_batch_fermentation_and_direct_spray_drying_in_the_preparatio.pdf,html_placeholder
Acetochlor,Photodegradation_of_pesticides_using_compound_specific_isotope_analysis__CSIA___.pdf,html_placeholder
Acetochlor,Research_Progress_on_the_Degradation_of_Organic_Pollutants_in_Water_by_Activated.pdf,html_placeholder
Acetochlor,Synergetic_Effect_of_Ultrasound__the_Heterogeneous_Fenton_Reaction_and_Photocata.pdf,html_placeholder
Acetochlor,The_Degradation_Characteristics_and_Soil_Remediation_Capabilities_of_the_Butachl.pdf,html_placeholder
Acetochlor,The_migration_of_acetochlor_from_feed_to_milk_.pdf,html_placeholder
Acetochlor,UV_and_temperature_effects_on_chloroacetanilide_and_triazine_herbicides_degradat.pdf,html_placeholder
Acibenzolar-S-methyl,Attenuation and soil biodegradation of fungicides by using vegetated buffer strips in vineyards during a simulated rainfall-runoff event..pdf,pdf_header
Acibenzolar-S-methyl,Biodegradation of soil-applied pesticides by selected strains of plant growth-promoting rhizobacteria (PGPR) and their effects on bacterial growth..pdf,pdf_header
Acibenzolar-S-methyl,Influence of Bacillus subtilis and Trichoderma harzianum on Penthiopyrad Degradation under Laboratory and Field Studies.pdf,pdf_header
Acibenzolar-S-methyl,Modification of the existing maximum residue level for acibenzolar-S-methyl in hazelnuts..pdf,pdf_header
Acibenzolar-S-methyl,Modification of the existing maximum residue levels for acibenzolar-S-methyl in aubergines and cucurbits with edible and inedible peel..pdf,pdf_header
Acibenzolar-S-methyl,Modification of the existing maximum residue levels for acibenzolar-S-methyl in beans with pods and peas with pods..pdf,pdf_header
Acibenzolar-S-methyl,Modification of the existing maximum residue levels for acibenzolar-S-methyl in grapes..pdf,pdf_header
Acibenzolar-S-methyl,Postharvest acibenzolar-S-methyl treatment maintains storage quality and retards softening of apple fruit..pdf,pdf_header
Afidopyropen,"Characterization of Field-Evolved Resistance to Afidopyropen, a Novel Insecticidal Toxin Developed from Microbial Secondary Metabolites, in iBemisia tabacii..pdf",pdf_header
Aldicarb,A_Critical_Review_on_Metal_Organic_Frameworks_and_Their_Composites_as_Advanced_M.pdf,html_placeholder
Aldicarb,Accelerated_degradation_of_aldicarb_and_its_metabolites_in_cotton_field_soils_.pdf,html_placeholder
Aldicarb,Aldicarb_related_suicide_attempt_cases_in_North_of_France__2012_2021__.pdf,html_placeholder
Aldicarb,Application_of_physiologically_based_modelling_and_transcriptomics_to_probe_the_.pdf,html_placeholder
Aldicarb,BK_channel_density_is_regulated_by_endoplasmic_reticulum_associated_degradation_.pdf,html_placeholder
Aldicarb,Biodegradation_and_bioremediation_of_pesticide_in_soil__concept__method_and_rece.pdf,html_placeholder
Aldicarb,Carbamate_C_N_Hydrolase_Gene__i_ameH__i__Responsible_for_the_Detoxification_Step.pdf,html_placeholder
Aldicarb,Comparison_of_Variable_and_Single_Rate_Applications_of_Aldicarb_on_Cotton_Yield_.pdf,html_placeholder
Aldicarb,Conserved_Metabolic_and_Evolutionary_Themes_in_Microbial_Degradation_of_Carbamat.pdf,html_placeholder
Aldicarb,Current_Approaches_to_and_Future_Perspectives_on_Methomyl_Degradation_in_Contami.pdf,html_placeholder
Aldicarb,Degradation_of_a_New_Herbicide_Florpyrauxifen_Benzyl_in_Water__Kinetics__Various.pdf,html_placeholder
Aldicarb,Dichlorvos__chlorpyrifos_oxon_and_Aldicarb_adducts_of_butyrylcholinesterase__det.pdf,html_placeholder
Aldicarb,Efficacy_of_Aldicarb_to_Rotylenchulus_reniformis_and_Biodegradation_in_Cotton_Fi.pdf,html_placeholder
Aldicarb,Factors_affecting_degradation_of_aldicarb_and_ethoprop_.pdf,html_placeholder
Aldicarb,Growth_and_yield_responses_of_soybean_to_aldicarb_.pdf,html_placeholder
Aldicarb,Hapten_designs_based_on_aldicarb_for_the_development_of_a_colloidal_gold_immunoc.pdf,html_placeholder
Aldicarb,Immobilized_cells_of_a_novel_bacterium_increased_the_degradation_of__i_N___i_met.pdf,html_placeholder
Aldicarb,Microbial_Degradation_of_Pesticide_Residues_and_an_Emphasis_on_the_Degradation_o.pdf,html_placeholder
Aldicarb,Microbial_aldicarb_transformation_in_aquifer__lake__and_salt_marsh_sediments_.pdf,html_placeholder
Aldicarb,Microbiology_and_Biochemistry_of_Pesticides_Biodegradation_.pdf,html_placeholder
Aldicarb,One_Step_Synthesized_ZnO_np_Based_Optical_Sensors_for_Detection_of_Aldicarb_via_.pdf,html_placeholder
Aldicarb,Stimulation_of_methanogenesis_by_aldicarb_and_several_other_N_methyl_carbamate_p.pdf,html_placeholder
Aldicarb,Synergistic_interaction_of_a_consortium_of_the_brown_rot_fungus__i_Fomitopsis_pi.pdf,html_placeholder
Aldicarb,The_effect_of_bacteria_addition_on_DDT_biodegradation_by_BROWN_ROT_fungus__i_Glo.pdf,html_placeholder
Aldicarb,The_novel_nematicide_wact_86_interacts_with_aldicarb_to_kill_nematodes_.pdf,html_placeholder
Aldrin,A_Multi_Level_Systems_Biology_Analysis_of_Aldrin_s_Metabolic_Effects_on_Prostate.pdf,html_placeholder
Aldrin,Biochar_in_co_contaminated_soil_manipulates_arsenic_solubility_and_microbiologic.pdf,html_placeholder
Aldrin,Biodegradability_and_biodegradation_pathways_of_chlorinated_cyclodiene_insectici.pdf,html_placeholder
Aldrin,Biodegradation_of_atrazine_and_ligninolytic_enzyme_production_by_basidiomycete_s.pdf,html_placeholder
Aldrin,Biodegradation_of_pesticide_in_agricultural_soil_employing_entomopathogenic_fung.pdf,html_placeholder
Aldrin,Biodegradation_of_α_endosulfan_via_hydrolysis_pathway_by_Stenotrophomonas_maltop.pdf,html_placeholder
Aldrin,Bioleaching_of_iron_from_laterite_soil_using_an_isolated_Acidithiobacillus_ferro.pdf,html_placeholder
Aldrin,Characterizations_of_novel_pesticide_degrading_bacterial_strains_from_industrial.pdf,html_placeholder
Aldrin,Conjugation_of_the_ubiquitin_activating_enzyme_UBE1_with_the_ubiquitin_like_modi.pdf,html_placeholder
Aldrin,Conserved_Metabolic_and_Evolutionary_Themes_in_Microbial_Degradation_of_Carbamat.pdf,html_placeholder
Aldrin,Development_of_a_UPLC_MS_MS_method_for_pesticide_analysis_in_paddy_water_and_eva.pdf,html_placeholder
Aldrin,Fenton_Mediated_Biodegradation_of_Chlorendic_Acid___A_Highly_Chlorinated_Organic.pdf,html_placeholder
Aldrin,Gender_specific_changes_in_energy_metabolism_and_protein_degradation_as_major_pa.pdf,html_placeholder
Aldrin,Hydrolysis_and_Photolysis_Kinetics__and_Identification_of_Degradation_Products_o.pdf,html_placeholder
Aldrin,Identification_and_degradation_characteristics_of_Bacillus_cereus_strain_WD_2_is.pdf,html_placeholder
Aldrin,Influence_of__i_Bacillus_subtilis__i__and__i_Trichoderma_harzianum__i__on_Penthi.pdf,html_placeholder
Aldrin,Influence_of_a_Commercial_Biological_Fungicide_containing__i_Trichoderma_harzian.pdf,html_placeholder
Aldrin,Microbial_Degradation_of_Aldrin_and_Dieldrin__Mechanisms_and_Biochemical_Pathway.pdf,html_placeholder
Aldrin,Microbial_Degradation_of_Pesticide_Residues_and_an_Emphasis_on_the_Degradation_o.pdf,html_placeholder
Aldrin,Microbial_Degradation_of_a_Recalcitrant_Pesticide__Chlordecone_.pdf,html_placeholder
Aldrin,Soil_bacteria_showing_a_potential_of_chlorpyrifos_degradation_and_plant_growth_e.pdf,html_placeholder
Aldrin,Spaceflight_affects_neuronal_morphology_and_alters_transcellular_degradation_of_.pdf,html_placeholder
Aldrin,Study_on_the_biodegradation_of_persistent_organic_pollutants__POPs__.pdf,html_placeholder
Aldrin,Trip12__a_HECT_domain_E3_ubiquitin_ligase__targets_Sox6_for_proteasomal_degradat.pdf,html_placeholder
Ametoctradin,Accelerated Biodegradation of the Agrochemical Ametoctradin by Soil-Derived Microbial Consortia..pdf,pdf_header
Ametoctradin,Modification of the existing maximum residue level for ametoctradin in honey..pdf,pdf_header
Ametoctradin,Modification of the existing maximum residue levels for ametoctradin in herbs and edible flowers..pdf,pdf_header
Aminopyralid,Aminopyralid Soil Residues Affect Crop Rotation in North Dakota Soils.pdf,pdf_header
Aminopyralid,Field degradation of aminopyralid and clopyralid and microbial community response to application in Alaskan soils..pdf,pdf_header
Aminopyralid,Modification of the existing maximum residue level for aminopyralid in maize..pdf,pdf_header
Aminopyralid,Modification of the existing maximum residue levels for aminopyralid in certain cereals..pdf,pdf_header
Aminopyralid,Review of the existing maximum residue levels for aminopyralid according to Article 12 of Regulation (EC) No 3962005..pdf,pdf_header
Aminopyralid,Sulfate radical-based oxidation of the aminopyralid and picloram herbicides The role of amino group on pyridine ring..pdf,pdf_header
Amitraz,Amitraz_Marker_Residues_in_Honey_from_Honeybee_Colonies_Treated_with_Apiwarol_.pdf,html_placeholder
Amitraz,Amitraz_and_Its_Metabolites__Oxidative_Stress_Mediated_Cytotoxicity_in_HepG2_Cel.pdf,html_placeholder
Amitraz,Bacterial_degradation_of_monocyclic_aromatic_amines_.pdf,html_placeholder
Amitraz,Differentially_expressed_genes_in_response_to_amitraz_treatment_suggests_a_propo.pdf,html_placeholder
Amitraz,Microbial_Degradation_of_Pesticide_Residues_and_an_Emphasis_on_the_Degradation_o.pdf,html_placeholder
Amitraz,The_University_of_Minnesota_Biocatalysis_Biodegradation_Database__improving_publ.pdf,html_placeholder
Amitraz,Transcriptomic_analysis_to_elucidate_the_response_of_honeybees__Hymenoptera__Api.pdf,html_placeholder
Amitrole,Changed_degradation_behavior_of_pesticides_when_present_in_mixtures_.pdf,html_placeholder
Amitrole,Effects_of_Ca_sup_2___sup__and_fulvic_acids_on_atrazine_degradation_by_nano_TiO_.pdf,html_placeholder
Amitrole,The_effects_of_pesticide_mixtures_on_degradation_of_pendimethalin_in_soils_.pdf,html_placeholder
Azinphos-Methyl,Microbial_Degradation_of_Pesticide_Residues_and_an_Emphasis_on_the_Degradation_o.pdf,html_placeholder
Azinphos-Methyl,Organophosphorus_pesticide_degradation_product_in_vitro_metabolic_stability_and_.pdf,html_placeholder
Azinphos-Methyl,Photodegradation_of_pesticides_using_compound_specific_isotope_analysis__CSIA___.pdf,html_placeholder
Azinphos-Methyl,Screening_for__i_Lactobacillus_plantarum__i__Strains_That_Possess_Organophosphor.pdf,html_placeholder
Azinphos-Methyl,Sonochemical_degradation_of_pesticides_in_aqueous_solution__investigation_on_the.pdf,html_placeholder
Azoxystrobin,1_Tetradecanol__Diethyl_Phthalate_and_Tween_80_Assist_in_the_Formation_of_Thermo.pdf,html_placeholder
Azoxystrobin,A_Leaf_Disc_Assay_for_Evaluating_the_Response_of_Tea___i_Camellia_sinensis__i___.pdf,html_placeholder
Azoxystrobin,Acute_exposure_to_a_commercial_formulation_of_Azoxystrobin_alters_antioxidant_en.pdf,html_placeholder
Azoxystrobin,An_Overview_of_Strobilurin_Fungicide_Degradation_Current_Status_and_Future_Persp.pdf,html_placeholder
Azoxystrobin,Antagonistic_Effect_of_Azoxystrobin_Poly__Lactic_Acid__Microspheres_with_Control.pdf,html_placeholder
Azoxystrobin,Bioaugmentation_of_Soil_Contaminated_with_Azoxystrobin_.pdf,html_placeholder
Azoxystrobin,Bitter_gourd_has_the_highest_azoxystrobinon_residue_after_open_field_application.pdf,html_placeholder
Azoxystrobin,Changed_degradation_behavior_of_pesticides_when_present_in_mixtures_.pdf,html_placeholder
Azoxystrobin,Degradation_of_Pesticide_Residues_in_Water__Soil__and_Food_Products_via_Cold_Pla.pdf,html_placeholder
Azoxystrobin,Detoxification_Esterase_StrH_Initiates_Strobilurin_Fungicide_Degradation_in__i_H.pdf,html_placeholder
Azoxystrobin,Dissipation_and_Residue_of_Metalaxyl_M_and_Azoxystrobin_in_Scallions_and_Cumulat.pdf,html_placeholder
Azoxystrobin,Dissipation_kinetics_and_biological_degradation_by_yeast_and_dietary_risk_assess.pdf,html_placeholder
Azoxystrobin,Dynamics_of_the_Dissipation_of_Acetamiprid__Azoxystrobin__and_β_Cyfluthrin_in_Ja.pdf,html_placeholder
Azoxystrobin,Effect_of_azoxystrobin_fungicide_on_the_physiological_and_biochemical_indices_an.pdf,html_placeholder
Azoxystrobin,Effect_of_pesticide_inoculation__duration_of_composting__and_degradation_time_on.pdf,html_placeholder
Azoxystrobin,Effect_of_plasma_activated_water_and_buffer_solution_combined_with_ultrasound_on.pdf,html_placeholder
Azoxystrobin,Enhanced_Fungicidal_Efficacy_by_Co_Delivery_of_Azoxystrobin_and_Diniconazole_wit.pdf,html_placeholder
Azoxystrobin,Identification_of_Azoxystrobin_Glutathione_Conjugate_Metabolites_in_Maize_Roots_.pdf,html_placeholder
Azoxystrobin,Kinetics_and_New_Mechanism_of_Azoxystrobin_Biodegradation_by_an__i_Ochrobactrum_.pdf,html_placeholder
Azoxystrobin,Mechanisms_and_histopathological_impacts_of_acetamiprid_and_azoxystrobin_in_male.pdf,html_placeholder
Azoxystrobin,Microbial_and_enzymatic_activity_of_soil_contaminated_with_azoxystrobin_.pdf,html_placeholder
Azoxystrobin,Modification_of_the_existing_maximum_residue_level_for_azoxystrobin_in_hops_.pdf,html_placeholder
Azoxystrobin,Modification_of_the_existing_maximum_residue_levels_for_azoxystrobin_in_rapeseed.pdf,html_placeholder
Azoxystrobin,Molecularly_Imprinted_Polymer_Based_Electrochemical_Sensor_for_the_Detection_of_.pdf,html_placeholder
Azoxystrobin,Preparation_of_Azoxystrobin_Zinc_Metal_Organic_Framework_Biomass_Charcoal_Compos.pdf,html_placeholder
Azoxystrobin,Recommended_rates_of_azoxystrobin_and_tebuconazole_seem_to_be_environmentally_sa (1).pdf,html_placeholder
Azoxystrobin,Recommended_rates_of_azoxystrobin_and_tebuconazole_seem_to_be_environmentally_sa.pdf,html_placeholder
Azoxystrobin,Response_of_Soil_Microbiota__Enzymes__and_Plants_to_the_Fungicide_Azoxystrobin_.pdf,html_placeholder
Azoxystrobin,Setting_of_import_tolerances_for_azoxystrobin_in_mangoes_and_oil_palm_fruits_.pdf,html_placeholder
Azoxystrobin,Setting_of_import_tolerances_for_azoxystrobin_in_melons_and_watermelons_.pdf,html_placeholder
Azoxystrobin,Ternary_Mixture_of_Azoxystrobin__Boscalid_and_Pyraclostrobin_Disrupts_the_Gut_Mi.pdf,html_placeholder
Azoxystrobin,The_Combined_Effects_of_Azoxystrobin_and_the_Biosurfactant_Producing__i_Bacillus.pdf,html_placeholder
Azoxystrobin,The_fungicide_azoxystrobin_promotes_freshwater_cyanobacterial_dominance_through_.pdf,html_placeholder
Azoxystrobin,The_influence_of_effective_microorganisms__EM__and_yeast_on_the_degradation_of_s.pdf,html_placeholder
Azoxystrobin,Unveiling_the_ecotoxicological_effects_of_azoxystrobin_based_fungicides_at_reali.pdf,html_placeholder
Azoxystrobin,Zinc_nanoparticles_mitigate_azoxystrobin_and_its_nanoencapsulation_induced_hepat.pdf,html_placeholder
Benalaxyl,Review_of_the_existing_maximum_residue_levels_for_benalaxyl_M_according_to_Artic.pdf,html_placeholder
Benalaxyl,The_Removal_of_Atrazine_and_Benalaxyl_by_the_Fly_Ash_Released_from_Kosovo_A_Powe.pdf,html_placeholder
Bentazone,A_Brief_Photocatalytic_Study_of_ZnO_Containing_Cerium_towards_Ibuprofen_Degradat.pdf,html_placeholder
Bentazone,Adsorption_of_bentazone_in_the_profiles_of_mineral_soils_with_low_organic_matter.pdf,html_placeholder
Bentazone,An_Overview_of_Photocatalytic_Membrane_Degradation_Development_.pdf,html_placeholder
Bentazone,Bioaugmentation_has_temporary_effect_on_anaerobic_pesticide_biodegradation_in_si.pdf,html_placeholder
Bentazone,Combined_effects_of_micropollutants_and_their_degradation_on_prokaryotic_communi.pdf,html_placeholder
Bentazone,Degradation_of_the_Nonsteroidal_Anti_Inflammatory_Drug_Piroxicam_by_Iron_Activat.pdf,html_placeholder
Bentazone,Dissipation_and_Residues_of_Dichlorprop_P_and_Bentazone_in_Wheat_Field_Ecosystem.pdf,html_placeholder
Bentazone,Fine_scale_spatial_variability_of_microbial_pesticide_degradation_in_soil__scale.pdf,html_placeholder
Bentazone,Herbicidal_Ionic_Liquids__A_Promising_Future_for_Old_Herbicides__Review_on_Synth.pdf,html_placeholder
Bentazone,Modeling_of_Bentazone_Leaching_in_Soils_with_Low_Organic_Matter_Content_.pdf,html_placeholder
Bentazone,Modification_of_the_existing_maximum_residue_levels_for_bentazone_in_beans_and_p.pdf,html_placeholder
Bentazone,Modification_of_the_existing_maximum_residue_levels_for_bentazone_in_soyabeans_a.pdf,html_placeholder
Bentazone,Photodegradation_of_pesticides_using_compound_specific_isotope_analysis__CSIA___.pdf,html_placeholder
Bentazone,Study_of_Photodegradation_of_Bentazon_Herbicide_by_Using_ZnO_Sm_sub_2__sub_O_sub.pdf,html_placeholder
Benzovindiflupyr,Conclusion on the peer review of the pesticide risk assessment of the active substance benzovindiflupyr..pdf,pdf_header
Benzovindiflupyr,Modification of the existing maximum residue levels for benzovindiflupyr in fresh herbs and edible flowers..pdf,pdf_header
Benzovindiflupyr,Modification of the existing maximum residue levels for benzovindiflupyr in leeks and spring onionsgreen onionsWelsh onions..pdf,pdf_header
Benzovindiflupyr,Non-UV light influences the degradation rate of crop protection products..pdf,pdf_header
Benzovindiflupyr,Stereoselective toxicity Investigating the adverse effects of benzovindiflupyr on Xenopus laevis tadpoles..pdf,pdf_header
Benzovindiflupyr,"Study on the enantioselective behaviors, activity, toxicity and mechanism of novel SDHI fungicide benzovindiflupyr to reduce the environmental risks..pdf",pdf_header
Benzovindiflupyr,The effect of non-UV light on crop protection product degradation and soil microbial community structure and function.pdf,pdf_header
Bifenazate,Modification_of_the_existing_maximum_residue_level_for_bifenazate_in_elderberrie.pdf,html_placeholder
Bifenazate,Modification_of_the_existing_maximum_residue_level_for_bifenazate_in_soya_bean_.pdf,html_placeholder
Bifenazate,Peer_review_of_the_pesticide_risk_assessment_of_the_active_substance_bifenazate_.pdf,html_placeholder
Bifenazate,Updated_peer_review_of_the_pesticide_risk_assessment_of_the_active_substance_bif.pdf,html_placeholder
Bifenthrin,Bacterial_Cytochrome_P450_Involvement_in_the_Biodegradation_of_Fluorinated_Pyret.pdf,html_placeholder
Bifenthrin,Bifenthrin_Residues_in_Table_Grapevine__Method_Optimization__Dissipation_and_Rem.pdf,html_placeholder
Bifenthrin,Bifenthrin_at_Sublethal_Concentrations_Suppresses_Mating_and_Laying_of_Female__i.pdf,html_placeholder
Bifenthrin,Bifenthrin_induced_neurotoxicity_in_rats__involvement_of_oxidative_stress_.pdf,html_placeholder
Bifenthrin,Bifenthrin_s_Environmental_Fate__An_Insight_Into_Its_Soil_Sorption_and_Degradati.pdf,html_placeholder
Bifenthrin,Biodegradation_and_metabolic_pathway_of_fenvalerate_by_Citrobacter_freundii_CD_9.pdf,html_placeholder
Bifenthrin,Biodegradation_of_pesticide_in_agricultural_soil_employing_entomopathogenic_fung.pdf,html_placeholder
Bifenthrin,Characterization_of_a_Pyrethroid_Degrading__i_Pseudomonas_fulva__i__Strain_P31_a.pdf,html_placeholder
Bifenthrin,Comparison_of_Combined_Dissipation_Behaviors_and_Dietary_Risk_Assessments_of_Thi.pdf,html_placeholder
Bifenthrin,Dietary_Exposure_to_Bifenthrin_and_Fipronil_Impacts_Swimming_Performance_in_Juve.pdf,html_placeholder
Bifenthrin,Highly_efficient_degradation_of_cypermethrin_by_a_co_culture_of__i_Rhodococcus__.pdf,html_placeholder
Bifenthrin,Impact_of_bifenthrin_and_clothianidin_on_blow_fly__Diptera__Calliphoridae__ovipo.pdf,html_placeholder
Bifenthrin,Impact_of_sonolytic_ozonation__O_sub_3___sub_US__on_degradation_of_pesticide_res.pdf,html_placeholder
Bifenthrin,LC_MS_MS_Method_Minimizing_Matrix_Effect_for_the_Analysis_of_Bifenthrin_and_Buta.pdf,html_placeholder
Bifenthrin,Molecular_Mechanism_and_Genetic_Determinants_of_Buprofezin_Degradation_.pdf,html_placeholder
Bifenthrin,Molecular_Mechanisms_Underlying_Metabolic_Resistance_to_Cyflumetofen_and_Bifenth.pdf,html_placeholder
Bifenthrin,New_Insights_into_the_Microbial_Degradation_of__i_D__i__Cyphenothrin_in_Contamin.pdf,html_placeholder
Bifenthrin,Novel_Mechanism_and_Kinetics_of_Tetramethrin_Degradation_Using_an_Indigenous__i_.pdf,html_placeholder
Bifenthrin,Ozone_as_degradation_agent_of_pesticide_residues_in_stored_rice_grains_.pdf,html_placeholder
Bifenthrin,Preparation_of_biodiesel_oil_in_water_nanoemulsions_by_mixed_surfactants_for_bif.pdf,html_placeholder
Bifenthrin,Ruthenium_complex_based_nanocomposite_film_with_enhanced_and_selective_electroch.pdf,html_placeholder
Bifenthrin,Simultaneous_biodegradation_of_λ_cyhalothrin_pesticide_and_Vicia_faba_growth_pro.pdf,html_placeholder
Bifenthrin,Stimulation_of_Erythrocyte_Membrane_Blebbing_by_Bifenthrin_Induced_Oxidative_Str.pdf,html_placeholder
Bifenthrin,Transcriptomic_and_Histopathological_Effects_of_Bifenthrin_to_the_Brain_of_Juven.pdf,html_placeholder
Bitertanol,Kinetic aspects and identification of by-products during the ozonation of bitertanol in agricultural wastewaters..pdf,pdf_header
Bitertanol,Stereoselective Separation of the Fungicide Bitertanol Stereoisomers by High-Performance Liquid Chromatography and Their Degradation in Cucumber..pdf,pdf_header
Bitertanol,"Stereoselective bioactivity, toxicity and degradation of the chiral triazole fungicide bitertanol..pdf",pdf_header
Bitertanol,Stereoselective environmental behavior and biological effects of the chiral bitertanol..pdf,pdf_header
Bixafen,Degradation dynamics and dissipation kinetics of an imidazole fungicide (Prochloraz) in aqueous medium of varying pH..pdf,pdf_header
Bixafen,Realistic exposure of the fungicide bixafen in soil and its toxicity and risk to natural earthworm populations after multiyear use in cereal..pdf,pdf_header
Boscalid,Contribution_of_insect_gut_microbiota_and_their_associated_enzymes_in_insect_phy.pdf,html_placeholder
Boscalid,Degradation_of_Pesticide_Residues_in_Water__Soil__and_Food_Products_via_Cold_Pla.pdf,html_placeholder
Boscalid,Dissipation_Residue_Behaviors_and_Dietary_Risk_Assessment_of_Boscalid_and_Pyracl.pdf,html_placeholder
Boscalid,Dissipation_kinetics_and_biological_degradation_by_yeast_and_dietary_risk_assess.pdf,html_placeholder
Boscalid,Effect_of_two_anti_fungal_treatments__metrafenone_and_boscalid_plus_kresoxim_met.pdf,html_placeholder
Boscalid,Hydrolysis_and_Photolysis_Kinetics__and_Identification_of_Degradation_Products_o.pdf,html_placeholder
Boscalid,Influence_of__i_Bacillus_subtilis__i__and__i_Trichoderma_harzianum__i__on_Penthi.pdf,html_placeholder
Boscalid,Inhibitory_Potential_of_Boscalid_and_Abamectin_Towards_Acetylcholinesterase_and_.pdf,html_placeholder
Boscalid,Metabolite_Changes_in_an_Estuarine_Annelid_Following_Sublethal_Exposure_to_a_Mix.pdf,html_placeholder
Boscalid,Modification_of_the_existing_maximum_residue_level_for_boscalid_in_honey_.pdf,html_placeholder
Boscalid,Modification_of_the_existing_maximum_residue_level_for_boscalid_in_pomegranates_.pdf,html_placeholder
Boscalid,Reasoned_opinion_on_the_modification_of_the_existing_maximum_residue_levels__MRL.pdf,html_placeholder
Boscalid,Ternary_Mixture_of_Azoxystrobin__Boscalid_and_Pyraclostrobin_Disrupts_the_Gut_Mi.pdf,html_placeholder
Boscalid,The_influence_of_effective_microorganisms__EM__and_yeast_on_the_degradation_of_s.pdf,html_placeholder
Broflanilide,Multi-centre discriminating concentration determination of broflanilide and potential for cross-resistance to other public health insecticides in Anopheles vector populations..pdf,pdf_header
Broflanilide,Optimization and Application of the QuEChERS-UHPLC-QTOF-MS Method for the Determination of Broflanilide Residues in Agricultural Soils..pdf,pdf_header
Broflanilide,"Photolysis of the novel meta-diamide insecticide broflanilide in solutions Kinetics, degradation pathway, DFT calculation and ecotoxicity assessment..pdf",pdf_header
Broflanilide,Residues Analysis and Dissipation Dynamics of Broflanilide in Rice and Its Related Environmental Samples..pdf,pdf_header
Buprofezin,Buprofezin_Is_Metabolized_by_CYP353D1v2__a_Cytochrome_P450_Associated_with_Imida.pdf,html_placeholder
Buprofezin,Conclusion_regarding_the_peer_review_of_the_pesticide_risk_assessment_of_the_act.pdf,html_placeholder
Buprofezin,Contribution_of_insect_gut_microbiota_and_their_associated_enzymes_in_insect_phy.pdf,html_placeholder
Buprofezin,Degradation_of_Acephate_and_Its_Intermediate_Methamidophos__Mechanisms_and_Bioch.pdf,html_placeholder
Buprofezin,Effect_of_Processing_on_Residual_Buprofezin_Levels_in_Ginseng_Products_.pdf,html_placeholder
Buprofezin,Impact_of_low_lethal_concentrations_of_buprofezin_on_biological_traits_and_expre.pdf,html_placeholder
Buprofezin,Mitochondria_Mediated_Apoptosis_and_Autophagy_Participate_in_Buprofezin_Induced_.pdf,html_placeholder
Buprofezin,Molecular_Mechanism_and_Genetic_Determinants_of_Buprofezin_Degradation_.pdf,html_placeholder
Buprofezin,Natural_AI_based_drug_designing_by_modification_of_ascorbic_acid_and_curcumin_to.pdf,html_placeholder
Buprofezin,Peer_review_of_the_pesticide_risk_assessment_of_the_active_substance_buprofezin_.pdf,html_placeholder
Buprofezin,Role_of_Insect_Gut_Microbiota_in_Pesticide_Degradation__A_Review_.pdf,html_placeholder
Buprofezin,Sublethal_effects_of_buprofezin_on_development_and_reproduction_in_the_white_bac.pdf,html_placeholder
Buprofezin,Symbiotic_bacteria_confer_insecticide_resistance_by_metabolizing_buprofezin_in_t.pdf,html_placeholder
Cadusafos,Biodegradation_of_chlorpyrifos_by_enterobacter_strain_B_14_and_its_use_in_biorem.pdf,html_placeholder
Cadusafos,Contribution_of_insect_gut_microbiota_and_their_associated_enzymes_in_insect_phy.pdf,html_placeholder
Cadusafos,Degradation_kinetics_and_physiological_studies_of_organophosphates_degrading_mic.pdf,html_placeholder
Cadusafos,Microbial_degradation_of_halogenated_aromatics__molecular_mechanisms_and_enzymat.pdf,html_placeholder
Captan,Biodegradation_of_propiconazole_by_newly_isolated_Burkholderia_sp__strain_BBK_9_.pdf,html_placeholder
Captan,Dislodgeable_Foliar_Residue_Measurements_and_Assessment_of_Dermal_Exposure_to_Ca.pdf,html_placeholder
Captan,Effect_of_plasma_activated_water_and_buffer_solution_combined_with_ultrasound_on.pdf,html_placeholder
Captan,Effects_of_1_3_butadiene__isoprene__and_their_photochemical_degradation_products.pdf,html_placeholder
Captan,Importance_of_Hydrogen_Sulfide__Thiosulfate__and_Methylmercaptan_for_Growth_of_T.pdf,html_placeholder
Captan,Modification_of_the_existing_maximum_residue_level_for_captan_in_cranberries_.pdf,html_placeholder
Captan,Modification_of_the_existing_maximum_residue_level_for_captan_in_hops_.pdf,html_placeholder
Captan,Ocular_irritation_from_product_of_pesticide_degradation_among_workers_in_a_seed_.pdf,html_placeholder
Captan,Peer_review_of_the_pesticide_risk_assessment_of_the_active_substance_captan_.pdf,html_placeholder
Captan,Revealing_the_mechanistic_interactions_of_profenofos_and_captan_pesticides_with_.pdf,html_placeholder
Captan,Statement_on_the_refined_environmental_risk_assessment_and_impact_of_the_new_cla.pdf,html_placeholder
Captan,Structural_Analysis_and_Biological_Toxicity_of_Aflatoxins_B1_and_B2_Degradation_.pdf,html_placeholder
Captan,Studies_in_the_chemotherapy_of_tuberculosis___ethyl_mercaptan_and_related_compou.pdf,html_placeholder
Captan,The_Effect_of_Cultivation_Method_of_Strawberry___i_Fragaria_x_ananassa__i__Duch_.pdf,html_placeholder
Captan,Unconventional_Yeasts_Are_Tolerant_to_Common_Antifungals__and__i_Aureobasidium_p.pdf,html_placeholder
Captan,Urinary_biomarker_concentrations_of_captan__chlormequat__chlorpyrifos_and_cyperm.pdf,html_placeholder
Carbendazim,A_Comprehensive_Review_of_Multifunctional_Nanozymes_for_Degradation_and_Detectio.pdf,html_placeholder
Carbendazim,A_Novel_Cu_sub_2__sub_O_ZnO_PET_Composite_Membrane_for_the_Photocatalytic_Degrad.pdf,html_placeholder
Carbendazim,A_Sensitive_and_Selective_Electrochemical_Aptasensor_for_Carbendazim_Detection_.pdf,html_placeholder
Carbendazim,Aerobic_and_Anaerobic_Biodegradation_of_1_2_Dibromoethane_by_a_Microbial_Consort.pdf,html_placeholder
Carbendazim,An_Amidase_Gene___i_ipaH__i___Is_Responsible_for_the_Initial_Step_in_the_Iprodio.pdf,html_placeholder
Carbendazim,Biodegradation_of_Deoxynivalenol_by_a_Novel_Microbial_Consortium_.pdf,html_placeholder
Carbendazim,Brevibacillus_borstelensis_and_Streptomyces_albogriseolus_have_roles_to_play_in_.pdf,html_placeholder
Carbendazim,Carbendazim_residue_in_plant_based_foods_in_China__Consecutive_surveys_from_2011.pdf,html_placeholder
Carbendazim,Carbon_Based_Electrochemical__Bio_sensors_for_the_Detection_of_Carbendazim__A_Re.pdf,html_placeholder
Carbendazim,Chitosan_and_β_Cyclodextrin_epichlorohydrin_Polymer_Composite_Film_as_a_Plant_He.pdf,html_placeholder
Carbendazim,Complete_Genome_Sequence_of_Carbendazim_Degrading__i_Mycobacterium__i__sp__Strai.pdf,html_placeholder
Carbendazim,Construction_and_Characterization_of_an_Intergeneric_Fusant_That_Degrades_the_Fu.pdf,html_placeholder
Carbendazim,Current_Approaches_to_and_Future_Perspectives_on_Methomyl_Degradation_in_Contami.pdf,html_placeholder
Carbendazim,Degradation_of_Carbendazim_by_Molecular_Hydrogen_on_Leaf_Models_ (1).pdf,html_placeholder
Carbendazim,Degradation_of_Carbendazim_by_Molecular_Hydrogen_on_Leaf_Models_.pdf,html_placeholder
Carbendazim,Degradation_of_Pesticide_Residues_in_Water__Soil__and_Food_Products_via_Cold_Pla.pdf,html_placeholder
Carbendazim,Detoxification_Esterase_StrH_Initiates_Strobilurin_Fungicide_Degradation_in__i_H.pdf,html_placeholder
Carbendazim,Effect_of__i_Nigella_sativa__i__and__i_Foeniculum_vulgare__i__seeds_extracts_on_.pdf,html_placeholder
Carbendazim,Effects_of_processing_on_carbendazim_residue_in_Pleurotus_ostreatus_ (1).pdf,html_placeholder
Carbendazim,Effects_of_processing_on_carbendazim_residue_in_Pleurotus_ostreatus_.pdf,html_placeholder
Carbendazim,Electrochemically_synthesized_green_fluorescent_carbon_dots_for_quantitation_of_.pdf,html_placeholder
Carbendazim,Environmental_Impact_of_Xenobiotic_Aromatic_Compounds_and_Their_Biodegradation_P.pdf,html_placeholder
Carbendazim,Growth__respiratory_activity_and_chlorpyrifos_biodegradation_in_cultures_of_Azot.pdf,html_placeholder
Carbendazim,Impact_of_sonolytic_ozonation__O_sub_3___sub_US__on_degradation_of_pesticide_res.pdf,html_placeholder
Carbendazim,Influence_of__i_Bacillus_subtilis__i__and__i_Trichoderma_harzianum__i__on_Penthi.pdf,html_placeholder
Carbendazim,Influence_of_a_Commercial_Biological_Fungicide_containing__i_Trichoderma_harzian.pdf,html_placeholder
Carbendazim,Microbes_as_carbendazim_degraders__opportunity_and_challenge_.pdf,html_placeholder
Carbendazim,Microbial_degradation_of_contaminants_of_emerging_concern__metabolic__genetic_an.pdf,html_placeholder
Carbendazim,Natural_soils_in_OECD_222_testing___influence_of_soil_water_and_soil_properties_.pdf,html_placeholder
Carbendazim,Non_target_effects_on_soil_microbial_parameters_of_the_synthetic_pesticide_carbe.pdf,html_placeholder
Carbendazim,Ocular_irritation_from_product_of_pesticide_degradation_among_workers_in_a_seed_.pdf,html_placeholder
Carbendazim,Photocatalytic_degradation_of_dimethoate_in_Bok_choy_using_cerium_doped_nano_tit.pdf,html_placeholder
Carbendazim,Polymeric_and_Solid_Lipid_Nanoparticles_for_Sustained_Release_of_Carbendazim_and.pdf,html_placeholder
Carbendazim,Potential_of_Salvinia_biloba_Raddi_for_removing_atrazine_and_carbendazim_from_aq.pdf,html_placeholder
Carbendazim,Predictive_Models_of_Phytosterol_Degradation_in_Rapeseeds_Stored_in_Bulk_Based_o.pdf,html_placeholder
Carbendazim,Quantitative_Modeling_of_the_Degradation_of_Pesticide_Residues_in_Wheat_Flour_Su.pdf,html_placeholder
Carbendazim,Rapid_Solar_Light_Driven_Superior_Photocatalytic_Degradation_of_Methylene_Blue_U.pdf,html_placeholder
Carbendazim,Response_of_earthworm_enzyme_activity_and_gut_microbial_functional_diversity_to_.pdf,html_placeholder
Carbendazim,Screening_of_Carbofuran_Degrading_Bacteria__i_Chryseobacterium__i__sp__BSC2_3_an.pdf,html_placeholder
Carbendazim,The_impact_of_novel_bacterial_strains_and_their_consortium_on_diflufenican_degra.pdf,html_placeholder
Carbendazim,Transcriptome_Analysis_of_Newly_Emerged_Honeybees_Exposure_to_Sublethal_Carbenda.pdf,html_placeholder
Carbendazim,Transcriptomic_Profiling_of__i_Fusarium_pseudograminearum__i__in_Response_to_Car.pdf,html_placeholder
Carbendazim,Transfer_Assessment_of_Carbendazim_Residues_from_Rape_Flowers_to_Apicultural_Pro.pdf,html_placeholder
Carbendazim,Updated_reasoned_opinion_on_the_toxicological_properties_and_maximum_residue_lev.pdf,html_placeholder
Carbendazim,Visible_Light_Driven_Direct_Z_Scheme_Ho_sub_2__sub_SmSbO_sub_7__sub__YbDyBiNbO_s.pdf,html_placeholder
Carbendazim,Zn_sup_2___sup__and_Cd_sup_2___sup__assisted_photo_catalytic_degradation_of_chlo.pdf,html_placeholder
Carbendazim,_i_Daphnia_magna__i__Multigeneration_Exposure_to_Carbendazim__Gene_Transcription.pdf,html_placeholder
Chlorantraniliprole,A_mechanism_based_approach_unveils_metabolic_routes_potentially_mediating_chlora.pdf,html_placeholder
Chlorantraniliprole,A_reference_gene_set_for_sex_pheromone_biosynthesis_and_degradation_genes_from_t.pdf,html_placeholder
Chlorantraniliprole,Biochemical_basis_of_synergism_between_pathogenic_fungus_Metarhizium_anisopliae_.pdf,html_placeholder
Chlorantraniliprole,CRISPR_Cas9_Based_Functional_Characterization_of_SfUGT50A15_Reveals_Its_Roles_in.pdf,html_placeholder
Chlorantraniliprole,Chitosan_Delivered_Chlorantraniliprole_for_Pest_Control__Preparation_Optimizatio.pdf,html_placeholder
Chlorantraniliprole,Chlorantraniliprole_Enhances_Cellular_Immunity_in_Larvae_of__i_Spodoptera_frugip.pdf,html_placeholder
Chlorantraniliprole,Chlorantraniliprole_Residual_Control_and_Concentration_Determination_in_Cotton_.pdf,html_placeholder
Chlorantraniliprole,Contribution_of_insect_gut_microbiota_and_their_associated_enzymes_in_insect_phy.pdf,html_placeholder
Chlorantraniliprole,Determination_of_chlorantraniliprole_18_5__SC_in_the_paddy_ecosystem_and_its_ris.pdf,html_placeholder
Chlorantraniliprole,Development_of_a_nanobody_based_ELISA_for_the_detection_of_the_insecticides_cyan.pdf,html_placeholder
Chlorantraniliprole,Effect_of_chlorantraniliprole_on_soil_bacterial_and_fungal_diversity_and_communi.pdf,html_placeholder
Chlorantraniliprole,Effect_of_tank_mixed_adjuvant_on_the_behavior_of_chlorantraniliprole_and_difenoc.pdf,html_placeholder
Chlorantraniliprole,Effects_of_Elevated_CO_sub_2__sub__Concentration_on_Host_Adaptability_and_Chlora.pdf,html_placeholder
Chlorantraniliprole,Efficacy_of_Chlorantraniliprole_in_Controlling_Structural_Infestations_of_the_Ea.pdf,html_placeholder
Chlorantraniliprole,Efficacy_of_the_Combination_of_λ_Cyhalothrin_and_Chlorantraniliprole_Against_Fou.pdf,html_placeholder
Chlorantraniliprole,Genome_Wide_Scans_and_Transcriptomic_Analyses_Characterize_Selective_Changes_as_.pdf,html_placeholder
Chlorantraniliprole,Genome_wide_identification_of_lncRNAs_associated_with_chlorantraniliprole_resist.pdf,html_placeholder
Chlorantraniliprole,Global_identification_of_microRNAs_associated_with_chlorantraniliprole_resistanc.pdf,html_placeholder
Chlorantraniliprole,Impact_of_biochar_on_the_degradation_rates_of_three_pesticides_by_vegetables_and.pdf,html_placeholder
Chlorantraniliprole,Insecticides_chlorantraniliprole_and_flubendiamide_in__i_Aster_scaber__i___Dissi.pdf,html_placeholder
Chlorantraniliprole,Lethal__Sub_Lethal_and_Trans_Generational_Effects_of_Chlorantraniliprole_on_Biol.pdf,html_placeholder
Chlorantraniliprole,Persistence__dissipation_behavior_and_dietary_risk_assessment_of_a_combi_product.pdf,html_placeholder
Chlorantraniliprole,Role_of_Insect_Gut_Microbiota_in_Pesticide_Degradation__A_Review_.pdf,html_placeholder
Chlorantraniliprole,Safety_Evaluation_of_Chlorantraniliprole_in_Lychee_Based_on_Residue_and_Dietary_.pdf,html_placeholder
Chlorantraniliprole,Setting_of_an_import_tolerance_for_chlorantraniliprole_in_hops_.pdf,html_placeholder
Chlorantraniliprole,Synergistic_and_additive_interactions_of_Shewanella_sp___Pseudomonas_sp__and_Tha.pdf,html_placeholder
Chlorantraniliprole,The_Degradation_Characteristics_and_Soil_Remediation_Capabilities_of_the_Butachl.pdf,html_placeholder
Chlorantraniliprole,The_Mechanism_of_Chlorantraniliprole_Resistance_and_Detoxification_in_Trichogram.pdf,html_placeholder
Chlorantraniliprole,The_transcriptomic_profile_of_Spodoptera_frugiperda_differs_in_response_to_a_nov.pdf,html_placeholder
Chlorantraniliprole,Transcriptome_profiling_reveals_novel_insights_into_the_regulation_of_calcium_io.pdf,html_placeholder
Chlorantraniliprole,Treatment_of_Four_Stored_Grain_Pests_with_Thiamethoxam_plus_Chlorantraniliprole_.pdf,html_placeholder
Chlorantraniliprole,UDP_Glycosyltransferase_Genes_in_the_Striped_Rice_Stem_Borer___i_Chilo_suppressa.pdf,html_placeholder
Chlorantraniliprole,Uncovering_the_Dissipation_of_Chlorantraniliprole_in_Tomatoes__Identifying_Trans.pdf,html_placeholder
Chlordane,Alterations_in_macrophage_phagocytosis_and_inflammatory_tone_following_exposure_.pdf,html_placeholder
Chlordane,Bacterial_degradation_of_aromatic_compounds_.pdf,html_placeholder
Chlordane,Biodegradation_of_crystal_violet_by_the_white_rot_fungus_Phanerochaete_chrysospo.pdf,html_placeholder
Chlordane,Biodegradation_of_pentachlorophenol_by_the_white_rot_fungus_Phanerochaete_chryso.pdf,html_placeholder
Chlordane,Burning_question__Rethinking_organohalide_degradation_strategy_for_bioremediatio.pdf,html_placeholder
Chlordane,Comparative_biodegradation_of_alkyl_halide_insecticides_by_the_white_rot_fungus_.pdf,html_placeholder
Chlordane,Degradation_of_Xenobiotic_Pollutants__An_Environmentally_Sustainable_Approach_.pdf,html_placeholder
Chlordane,Enantioselective_Metabolism_of_Chiral_3_Phenylbutyric_Acid__an_Intermediate_of_L.pdf,html_placeholder
Chlordane,Evidence_for_the_subcellular_localization_and_specificity_of_chlordane_inhibitio.pdf,html_placeholder
Chlordane,Fenton_Mediated_Biodegradation_of_Chlorendic_Acid___A_Highly_Chlorinated_Organic.pdf,html_placeholder
Chlordane,Maternal_pregnancy_levels_of_trans_nonachlor_and_oxychlordane_and_prevalence_of_.pdf,html_placeholder
Chlordane,Microbial_Degradation_of_Pesticide_Residues_and_an_Emphasis_on_the_Degradation_o.pdf,html_placeholder
Chlordane,Microbiological_degradation_of_pesticides_in_yard_waste_composting_.pdf,html_placeholder
Chlordane,Sex_specific_effects_of_acute_chlordane_exposure_in_the_context_of_steatotic_liv.pdf,html_placeholder
Chlordane,The_ever_expanding_limits_of_enzyme_catalysis_and_biodegradation__polyaromatic__.pdf,html_placeholder
Chlordane,_i_Bacilli___i_Mediated_Degradation_of_Xenobiotic_Compounds_and_Heavy_Metals_.pdf,html_placeholder
Chlorfenapyr,A_Comprehensive_Review_of_the_Current_Knowledge_of_Chlorfenapyr__Synthesis__Mode.pdf,html_placeholder
Chlorfenapyr,Degradation_strategies_of_pesticide_residue__From_chemicals_to_synthetic_biology.pdf,html_placeholder
Chlorfenapyr,Determination_of_Market__Field_Samples__and_Dietary_Risk_Assessment_of_Chlorfena.pdf,html_placeholder
Chlorfenapyr,Preparation_and_performance_of_chlorfenapyr_microcapsules_with_a_degradable_poly.pdf,html_placeholder
Chlorfenapyr,Residual_Behavior_and_Dietary_Risk_Assessment_of_Chlorfenapyr_and_Its_Metabolite.pdf,html_placeholder
Chlorfenapyr,Sublethal_and_Transgenerational_Toxicities_of_Chlorfenapyr_on_Biological_Traits_.pdf,html_placeholder
Chlorfenapyr,Targeted_review_of_maximum_residue_levels__MRLs__for_chlorfenapyr_.pdf,html_placeholder
Chlorfenapyr,Unravelling_the_Polytoxicology_of_Chlorfenapyr_on_Non_Target_HepG2_Cells__The_In.pdf,html_placeholder
Chlormequat,Effects_of_different_concentrations_of_chlormequat_chloride_on_bacterial_communi.pdf,html_placeholder
Chlormequat,Herbicidal_Ionic_Liquids__A_Promising_Future_for_Old_Herbicides__Review_on_Synth.pdf,html_placeholder
Chlormequat,Modification_of_the_existing_maximum_residue_level_for_chlormequat_in_oat_.pdf,html_placeholder
Chlormequat,Quantitative_Modeling_of_the_Degradation_of_Pesticide_Residues_in_Wheat_Flour_Su.pdf,html_placeholder
Chlormequat,Urinary_biomarker_concentrations_of_captan__chlormequat__chlorpyrifos_and_cyperm.pdf,html_placeholder
Chlorothalonil,A_novel_hydrolytic_dehalogenase_for_the_chlorinated_aromatic_compound_chlorothal.pdf,html_placeholder
Chlorothalonil,A_pulsed_dose_study_evaluating_chronic_toxicity_of_chlorothalonil_to_fish__A_cas.pdf,html_placeholder
Chlorothalonil,Antibody_free_colorimetric_detection_of_chlorothalonil_in_cucumber__i_via__i__th.pdf,html_placeholder
Chlorothalonil,BOK_Is_a_Non_canonical_BCL_2_Family_Effector_of_Apoptosis_Regulated_by_ER_Associ.pdf,html_placeholder
Chlorothalonil,Biodegradation_of_agave_Comiteco_bagasse_by__i_Pleurotus__i__spp___a_source_of_c.pdf,html_placeholder
Chlorothalonil,Biodegradation_of_organic_compounds_in_vadose_zone_and_aquifer_sediments_.pdf,html_placeholder
Chlorothalonil,Biodegradation_of_pesticide_in_agricultural_soil_employing_entomopathogenic_fung.pdf,html_placeholder
Chlorothalonil,Biotransformation_of_chlorothalonil_by_strain__i_Stenotrophomonas_acidaminiphila.pdf,html_placeholder
Chlorothalonil,Changed_degradation_behavior_of_pesticides_when_present_in_mixtures_.pdf,html_placeholder
Chlorothalonil,Chlorothalonil_10.1186_s13568-017-0530-y.pdf,pdf_header
Chlorothalonil,Chronic_chlorothalonil_exposure_inhibits_locomotion_and_interferes_with_the_gut_.pdf,html_placeholder
Chlorothalonil,Comparison_of_linuron_degradation_in_the_presence_of_pesticide_mixtures_in_soil_.pdf,html_placeholder
Chlorothalonil,Construction_and_Characterization_of_an_Intergeneric_Fusant_That_Degrades_the_Fu.pdf,html_placeholder
Chlorothalonil,Degradation_of_Carbendazim_by_Molecular_Hydrogen_on_Leaf_Models_.pdf,html_placeholder
Chlorothalonil,Degradation_of_Pesticide_Residues_in_Water__Soil__and_Food_Products_via_Cold_Pla.pdf,html_placeholder
Chlorothalonil,Degradation_of_four_pesticides_in_five_urban_landscape_soils__human_and_environm.pdf,html_placeholder
Chlorothalonil,Effect_of_plasma_activated_water_and_buffer_solution_combined_with_ultrasound_on.pdf,html_placeholder
Chlorothalonil,Effects_of_atrazine__metolachlor__carbaryl_and_chlorothalonil_on_benthic_microbe.pdf,html_placeholder
Chlorothalonil,Effects_of_four_disease_controlling_agents__chlorothalonil__CuCl_sub_2__sub___ha.pdf,html_placeholder
Chlorothalonil,Effects_of_mixed_application_of_avermectin__imidacloprid_and_carbendazim_on_soil.pdf,html_placeholder
Chlorothalonil,Evaluation_of_confirmatory_data_following_the_Article_12_MRL_review_for_chloroth.pdf,html_placeholder
Chlorothalonil,Glutathione_Promotes_Degradation_and_Metabolism_of_Residual_Fungicides_by_Induci.pdf,html_placeholder
Chlorothalonil,High_intensity_ultrasonication_impact_on_the_chlorothalonil_fungicide_and_its_re.pdf,html_placeholder
Chlorothalonil,Hydrolysis_and_Photolysis_Kinetics__and_Identification_of_Degradation_Products_o.pdf,html_placeholder
Chlorothalonil,Laccases__Production__Expression_Regulation__and_Applications_in_Pharmaceutical_.pdf,html_placeholder
Chlorothalonil,Linking_Enzymatic_Oxidative_Degradation_of_Lignin_to_Organics_Detoxification_.pdf,html_placeholder
Chlorothalonil,Microbial_Degradation_of_Pesticide_Residues_and_an_Emphasis_on_the_Degradation_o.pdf,html_placeholder
Chlorothalonil,Microbial_degradation_of_acetamiprid_by_Ochrobactrum_sp__D_12_isolated_from_cont.pdf,html_placeholder
Chlorothalonil,Nitenpyram_biodegradation_by_a_novel_nitenpyram_degrading_bacterium___i_Ochrobac.pdf,html_placeholder
Chlorothalonil,Photocatalytic_Degradation_of_Atrazine_under_Visible_Light_Using_Novel_Ag_Mg_sub.pdf,html_placeholder
Chlorothalonil,Photodegradation_of_pesticides_using_compound_specific_isotope_analysis__CSIA___.pdf,html_placeholder
Chlorothalonil,Potential_and_limitations_for_monitoring_of_pesticide_biodegradation_at_trace_co.pdf,html_placeholder
Chlorothalonil,Probiotic_strain_Stenotrophomonas_acidaminiphila_BJ1_degrades_and_reduces_chloro.pdf,html_placeholder
Chlorothalonil,Reprotoxicity_of_the_antifoulant_chlorothalonil_in_ascidians__an_ecological_risk.pdf,html_placeholder
Chlorothalonil,Structural_basis_for_the_hydrolytic_dehalogenation_of_the_fungicide_chlorothalon.pdf,html_placeholder
Chlorothalonil,The_effects_of_pesticide_mixtures_on_degradation_of_pendimethalin_in_soils_.pdf,html_placeholder
Chlorothalonil,The_influence_of_chlorothalonil_on_the_activity_of_soil_microorganisms_and_enzym (1).pdf,html_placeholder
Chlorothalonil,The_influence_of_chlorothalonil_on_the_activity_of_soil_microorganisms_and_enzym.pdf,html_placeholder
Chlorothalonil,Use_of_Transcriptomics_to_Reveal_the_Joint_Immunotoxicity_Mechanism_Initiated_by.pdf,html_placeholder
Chlorpropham,A_multifunctional_enzyme_portfolio_for_α_chaconine_and_α_solanine_degradation_in.pdf,html_placeholder
Chlorpropham,An_Amidase_Gene___i_ipaH__i___Is_Responsible_for_the_Initial_Step_in_the_Iprodio.pdf,html_placeholder
Chlorpropham,Biodegradation_of_phenmedipham_by_novel__i_Ochrobactrum_anthropi__i__NC_1_.pdf,html_placeholder
Chlorpropham,Characterization_of_a_novel_amidohydrolase_with_promiscuous_esterase_activity_fr.pdf,html_placeholder
Chlorpropham,Conserved_Metabolic_and_Evolutionary_Themes_in_Microbial_Degradation_of_Carbamat.pdf,html_placeholder
Chlorpropham,Evaluation_of_Cellular_Uptake_and_Removal_of_Chlorpropham_in_the_Treatment_of__i.pdf,html_placeholder
Chlorpropham,Inclusions_of_Pesticides_by_β_Cyclodextrin_in_Solution_and_Solid_State__Chlorpro.pdf,html_placeholder
Chlorpropham,Metabolic_Pathway_Involved_in_6_Chloro_2_Benzoxazolinone_Degradation_by_Pigmenti.pdf,html_placeholder
Chlorpropham,Peer_review_of_the_pesticide_risk_assessment_of_the_active_substance_chlorpropha.pdf,html_placeholder
Chlorpropham,Polyacrylamide_Regulated_Phytohormone_Balance_and_Starch_Degradation_to_Promote_.pdf,html_placeholder
Chlorpropham,Reasoned_opinion_on_the_setting_of_temporary_maximum_residue_levels_for_chlorpro.pdf,html_placeholder
Chlorpyrifos,A_Comprehensive_Review_of_Multifunctional_Nanozymes_for_Degradation_and_Detectio.pdf,html_placeholder
Chlorpyrifos,A_Novel_Organophosphorus_Acid_Anhydrolase_from_Deep_Sea_Sediment_with_High_Degra.pdf,html_placeholder
Chlorpyrifos,A_biomarker_validation_study_of_prenatal_chlorpyrifos_exposure_within_an_inner_c.pdf,html_placeholder
Chlorpyrifos,A_modeling_framework_for_estimating_children_s_residential_exposure_and_dose_to_.pdf,html_placeholder
Chlorpyrifos,Aerobic_dichlorvos_degradation_by__i_Pseudomonas_stutzeri__i__smk__complete_path.pdf,html_placeholder
Chlorpyrifos,Amelioration_of_Chlorpyrifos_Induced_Toxicity_in__i_Brassica_juncea__i__L__by_Co.pdf,html_placeholder
Chlorpyrifos,An_Aptasensor_Based_on_a_Flexible_Screen_Printed_Silver_Electrode_for_the_Rapid_.pdf,html_placeholder
Chlorpyrifos,An_Overview_of_Photocatalytic_Membrane_Degradation_Development_.pdf,html_placeholder
Chlorpyrifos,An_invertebrate_model_of_the_developmental_neurotoxicity_of_insecticides__effect.pdf,html_placeholder
Chlorpyrifos,Antioxidant_and_Protective_Effects_of__i_Artemisia_campestris__i__Essential_Oil_.pdf,html_placeholder
Chlorpyrifos,Application_of_Fe_MOFs_in_Photodegradation_and_Removal_of_Air_and_Water_Pollutan.pdf,html_placeholder
Chlorpyrifos,Application_of_Viscose_Based_Porous_Carbon_Fibers_in_Food_Processing_Malathion_a.pdf,html_placeholder
Chlorpyrifos,Biodegradation_and_metabolic_pathway_of_fenvalerate_by_Citrobacter_freundii_CD_9.pdf,html_placeholder
Chlorpyrifos,Biodegradation_of_Iprodione_and_Chlorpyrifos_Using_an_Immobilized_Bacterial_Cons.pdf,html_placeholder
Chlorpyrifos,Biodegradation_of_chlorpyrifos_and_its_hydrolysis_product_3_5_6_trichloro_2_pyri.pdf,html_placeholder
Chlorpyrifos,Biodegradation_of_chlorpyrifos_by_enterobacter_strain_B_14_and_its_use_in_biorem.pdf,html_placeholder
Chlorpyrifos,Biodegradation_of_chlorpyrifos_using_isolates__from_contaminated_agricultural_so.pdf,html_placeholder
Chlorpyrifos,Biodegradation_of_monocrotophos__cypermethrin___fipronil_by__i_Proteus_myxofacie.pdf,html_placeholder
Chlorpyrifos,Biodegradation_of_phenmedipham_by_novel__i_Ochrobactrum_anthropi__i__NC_1_.pdf,html_placeholder
Chlorpyrifos,Biodegradation_of_polychlorinated_biphenyls__PCBs__by_the_novel_identified_cyano.pdf,html_placeholder
Chlorpyrifos,Biodegradation_of_two_organophosphorus_pesticides_in_whole_corn_silage_as_affect.pdf,html_placeholder
Chlorpyrifos,Bioremediation_of_chlorpyrifos_residues_using_some_indigenous_species_of_bacteri.pdf,html_placeholder
Chlorpyrifos,Biotransformation_of_Chlorpyrifos__i_Shewanella_oneidensis__i__MR_1_in_the_Prese.pdf,html_placeholder
Chlorpyrifos,Changes_of_field_incurred_chlorpyrifos_and_its_toxic_metabolite_residues_in_rice.pdf,html_placeholder
Chlorpyrifos,Characteristics_of_Aflatoxin_B_sub_1__sub__Degradation_by__i_Stenotrophomonas_ac.pdf,html_placeholder
Chlorpyrifos,Chemotaxis_and_degradation_of_organophosphate_compound_by_a_novel_moderately_the.pdf,html_placeholder
Chlorpyrifos,Chlorpyrifos_Disrupts_Acetylcholine_Metabolism_Across_Model_Blood_Brain_Barrier_.pdf,html_placeholder
Chlorpyrifos,Chlorpyrifos___diisopropylphosphorofluoridate___and_parathion_induced_behavioral.pdf,html_placeholder
Chlorpyrifos,Chlorpyrifos_and_chlorpyrifos_oxon_impair_the_transport_of_membrane_bound_organe.pdf,html_placeholder
Chlorpyrifos,Chlorpyrifos_and_neurodevelopmental_effects__a_literature_review_and_expert_elic.pdf,html_placeholder
Chlorpyrifos,Chlorpyrifos_degradation_efficiency_of__i_Bacillus__i__sp__laccase_immobilized_o.pdf,html_placeholder
Chlorpyrifos,Chlorpyrifos_degradation_via_photoreactive_TiO_sub_2__sub__nanoparticles__Assess.pdf,html_placeholder
Chlorpyrifos,Chlorpyrifos_fate_in_the_Arctic__Importance_of_analyte_structure_in_interactions.pdf,html_placeholder
Chlorpyrifos,Chlorpyrifos_inhibits_neural_induction_via_Mfn1_mediated_mitochondrial_dysfuncti.pdf,html_placeholder
Chlorpyrifos,Chlorpyrifos_modulates_the_mouse_gut_microbiota_and_metabolic_activity_.pdf,html_placeholder
Chlorpyrifos,Chronic_Exposure_to_Chlorpyrifos_Damages_Thyroid_Activity_and_Imbalances_Hepatic.pdf,html_placeholder
Chlorpyrifos,Cnr1_sup______sup__has_minimal_impact_on_chlorpyrifos_mediated_effects_in_the_mo.pdf,html_placeholder
Chlorpyrifos,Co_expression_network_of_long_non_coding_RNA_and_mRNA_reveals_molecular_phenotyp.pdf,html_placeholder
Chlorpyrifos,Colorimetric_sensing_of_chlorpyrifos_through_negative_feedback_inhibition_of_the.pdf,html_placeholder
Chlorpyrifos,Combined_biostimulation_and_bioaugmentation_for_chlorpyrifos_degradation_in_labo.pdf,html_placeholder
Chlorpyrifos,Comparative_Genomics_of_a_Paddy_Field_Bacterial_Isolate__i_Ochrobactrum__i__sp__.pdf,html_placeholder
Chlorpyrifos,Concentration_dependent_effects_of_chlorpyrifos_oxon_on_peroxisome_proliferator_.pdf,html_placeholder
Chlorpyrifos,Conditions_Optimizing_and_Application_of_Laccase_mediator_System__LMS__for_the_L.pdf,html_placeholder
Chlorpyrifos,Conserved_Metabolic_and_Evolutionary_Themes_in_Microbial_Degradation_of_Carbamat.pdf,html_placeholder
Chlorpyrifos,Constructing_Direct_Z_Scheme_Y2TmSbO7_GdYBiNbO7_Heterojunction_Photocatalyst_wit.pdf,html_placeholder
Chlorpyrifos,Crude_Oil_Degrading_Fingerprint_and_the_Overexpression_of_Oxidase_and_Invasive_G.pdf,html_placeholder
Chlorpyrifos,Cytochrome_P450_specific_human_PBPK_PD_models_for_the_organophosphorus_pesticide.pdf,html_placeholder
Chlorpyrifos,Decontamination_of_Chlorpyrifos_Residue_in_Soil_by_Using__i_Mentha_piperita__i__.pdf,html_placeholder
Chlorpyrifos,Degradation_of_Pesticide_Residues_in_Water__Soil__and_Food_Products_via_Cold_Pla.pdf,html_placeholder
Chlorpyrifos,Degradation_of_Pesticides_Using_Semiconducting_and_Tetrapyrrolic_Macrocyclic_Pho.pdf,html_placeholder
Chlorpyrifos,Degradation_of_Xenobiotic_Pollutants__An_Environmentally_Sustainable_Approach_.pdf,html_placeholder
Chlorpyrifos,Degradation_of_a_New_Herbicide_Florpyrauxifen_Benzyl_in_Water__Kinetics__Various.pdf,html_placeholder
Chlorpyrifos,Degradation_of_a_Novel_Pesticide_Antiviral_Agent_Vanisulfane_in_Aqueous_Solution.pdf,html_placeholder
Chlorpyrifos,Degradation_of_different_wastewater_by_a_biological_sponge_iron_system__microbia.pdf,html_placeholder
Chlorpyrifos,Degradation_of_the_herbicide_paraquat_by_macromycetes_isolated_from_southeastern.pdf,html_placeholder
Chlorpyrifos,Degradation_of_the_neonicotinoid_pesticide_imidacloprid_by_electrocoagulation_an.pdf,html_placeholder
Chlorpyrifos,Degradation_strategies_of_pesticide_residue__From_chemicals_to_synthetic_biology.pdf,html_placeholder
Chlorpyrifos,Determination_of_CHLORPYRIFOS_by_GC_ECD_in_water_and_its_sorption_mechanism_stud.pdf,html_placeholder
Chlorpyrifos,Development_of_a_UPLC_MS_MS_method_for_pesticide_analysis_in_paddy_water_and_eva.pdf,html_placeholder
Chlorpyrifos,Developmental_neurotoxicants_target_neurodifferentiation_into_the_serotonin_phen.pdf,html_placeholder
Chlorpyrifos,Dichlorvos__chlorpyrifos_oxon_and_Aldicarb_adducts_of_butyrylcholinesterase__det.pdf,html_placeholder
Chlorpyrifos,Effect_of_chlorpyrifos_on_soil_microbial_diversity_and_its_biotransformation_by_.pdf,html_placeholder
Chlorpyrifos,Effect_of_developmental_chlorpyrifos_exposure__on_endocannabinoid_metabolizing_e.pdf,html_placeholder
Chlorpyrifos,Effective_degradation_of_synthetic_micropollutants_and_real_textile_wastewater_v.pdf,html_placeholder
Chlorpyrifos,Effects_of_chlorpyrifos_on_non_cholinergic_toxicity_endpoints_in_immortalized_an.pdf,html_placeholder
Chlorpyrifos,Effects_of_chlorpyrifos_on_the_crustacean_Litopenaeus_vannamei_.pdf,html_placeholder
Chlorpyrifos,Effects_of_nickel__chlorpyrifos_and_their_mixture_on_the_Dictyostelium_discoideu.pdf,html_placeholder
Chlorpyrifos,Effects_of_soil_pH_on_the_biodegradation_of_chlorpyrifos_and_isolation_of_a_chlo.pdf,html_placeholder
Chlorpyrifos,Efficiency_of_the_intestinal_bacteria_in_the_degradation_of_the_toxic_pesticide_.pdf,html_placeholder
Chlorpyrifos,Efficient_Knocking_Out_of_the_Organophosphorus_Insecticides_Degradation_Gene__i_.pdf,html_placeholder
Chlorpyrifos,Efficient_Nucleophilic_Degradation_of_an_Organophosphorus_Pesticide__Diazinon__M.pdf,html_placeholder
Chlorpyrifos,Electrochemical_biosensor_based_on_cellulose_nanofibers_graphene_oxide_and_acety.pdf,html_placeholder
Chlorpyrifos,Enhanced_Biodegradation_of_Phenylurea_Herbicides_by__i_Ochrobactrum_anthrophi__i.pdf,html_placeholder
Chlorpyrifos,Enhanced_Carbofuran_Degradation_Using_Immobilized_and_Free_Cells_of__i_Enterobac.pdf,html_placeholder
Chlorpyrifos,Enhancement_of_adsorption_efficiency_of_crystal_violet_and_chlorpyrifos_onto_pec.pdf,html_placeholder
Chlorpyrifos,Enhancing_the_promiscuous_phosphotriesterase_activity_of_a_thermostable_lactonas.pdf,html_placeholder
Chlorpyrifos,Enzymatic_degradation_of_organophosphorus_insecticides_decreases_toxicity_in_pla.pdf,html_placeholder
Chlorpyrifos,Evaluation_of_Highly_Detectable_Pesticides_Sprayed_in__i_Brassica_napus__i__L___.pdf,html_placeholder
Chlorpyrifos,Evaluation_of_developmental_toxicity_of_chlorpyrifos_through_new_approach_method.pdf,html_placeholder
Chlorpyrifos,Exposure_Levels_of_Pyrethroids__Chlorpyrifos_and_Glyphosate_in_EU_An_Overview_of.pdf,html_placeholder
Chlorpyrifos,Exposure_to_Chlorpyrifos_Alters_Proliferation__Differentiation_and_Fatty_Acid_Up.pdf,html_placeholder
Chlorpyrifos,Exposure_to_chlorpyrifos_in_gaseous_and_particulate_form_in_greenhouses__a_pilot.pdf,html_placeholder
Chlorpyrifos,Facile_synthesis_and_characterization_of_magnetic_nanocomposite_ZnO_CoFe_sub_2__.pdf,html_placeholder
Chlorpyrifos,Fate_of_chlorpyrifos__omethoate__cypermethrin__and_deltamethrin_during_wheat_mil.pdf,html_placeholder
Chlorpyrifos,Fitness_costs_associated_with_laboratory_induced_resistance_to_chlorpyrifos_in_S.pdf,html_placeholder
Chlorpyrifos,Functional_profiling_of_the_rhizospheric_Exiguobacterium_sp__for_dimethoate_degr.pdf,html_placeholder
Chlorpyrifos,Genome_Wide_Identification_of_P450_Genes_in_Chironomid__i_Propsilocerus_akamusi_.pdf,html_placeholder
Chlorpyrifos,Graphene_based_functional_electrochemical_sensors_for_the_detection_of_chlorpyri.pdf,html_placeholder
Chlorpyrifos,High_chlorpyrifos_resistance_in_Culex_pipiens_mosquitoes__strong_synergy_between.pdf,html_placeholder
Chlorpyrifos,Highly_sensitive_label_free_bio_interfacial_colorimetric_sensor_based_on_silk_fi.pdf,html_placeholder
Chlorpyrifos,Hydrochar_from_Agricultural_Waste_as_a_Biobased_Support_Matrix_Enhances_the_Bact.pdf,html_placeholder
Chlorpyrifos,Hydrolysis_and_Photolysis_Kinetics__and_Identification_of_Degradation_Products_o.pdf,html_placeholder
Chlorpyrifos,Identification_and_degradation_characteristics_of_Bacillus_cereus_strain_WD_2_is.pdf,html_placeholder
Chlorpyrifos,Imidacloprid_and_chlorpyrifos_insecticides_impair_migratory_ability_in_a_seed_ea.pdf,html_placeholder
Chlorpyrifos,Immobilized_cells_of_a_novel_bacterium_increased_the_degradation_of__i_N___i_met.pdf,html_placeholder
Chlorpyrifos,Impact_of_UV_B_Photoaging_on_Chlorpyrifos_Adsorption_by_PET_Microplastics__Insig.pdf,html_placeholder
Chlorpyrifos,Impact_of_sonolytic_ozonation__O_sub_3___sub_US__on_degradation_of_pesticide_res.pdf,html_placeholder
Chlorpyrifos,In_Vitro_and_Computational_Response_of_Differential_Catalysis_by__i_Phlebia_brev.pdf,html_placeholder
Chlorpyrifos,Induction_of_endocannabinoid_levels_in_juvenile_rat_brain_following_developmenta.pdf,html_placeholder
Chlorpyrifos,Influence_of__i_Bacillus_subtilis__i__and__i_Trichoderma_harzianum__i__on_Penthi.pdf,html_placeholder
Chlorpyrifos,Influence_of_a_Commercial_Biological_Fungicide_containing__i_Trichoderma_harzian.pdf,html_placeholder
Chlorpyrifos,Influence_of_chlorpyrifos_exposure_on_UVB_irradiation_induced_toxicity_in_human_.pdf,html_placeholder
Chlorpyrifos,Insights_into_the_enzymatic_degradation_of_DNA_expedited_by_typical_perfluoroalk.pdf,html_placeholder
Chlorpyrifos,Investigating_the_degradation_behavior_of_Cypermethrin__CYP__and_Chlorpyrifos__C.pdf,html_placeholder
Chlorpyrifos,Isolation_and_Molecular_Characterization_of_Novel_Chlorpyrifos_and_3_5_6_trichlo.pdf,html_placeholder
Chlorpyrifos,Isolation_and_characterization_of_organophosphorus_phosphatases_from__i_Bacillus.pdf,html_placeholder
Chlorpyrifos,LC_MSMS_based_screening_of_emerging_pollutant_degradation_by_different_peroxidas.pdf,html_placeholder
Chlorpyrifos,Laboratory_Studies_about_Microplastic_Aging_and_Its_Effects_on_the_Adsorption_of.pdf,html_placeholder
Chlorpyrifos,Laccases__Production__Expression_Regulation__and_Applications_in_Pharmaceutical_.pdf,html_placeholder
Chlorpyrifos,Ligninolytic_behavior_of_the_white_rot_fungus__i_Stereum_ostrea__i__under_influe.pdf,html_placeholder
Chlorpyrifos,Mechanism_and_kinetics_of_chlorpyrifos_co_metabolism_by_using_environment_restor.pdf,html_placeholder
Chlorpyrifos,Mechanism_and_toxicity_assessment_of_carbofuran_degradation_by_persulfate_based_.pdf,html_placeholder
Chlorpyrifos,Mechanisms_of_oxidative_response_during_biodegradation_of_malathion_by_S__oneide.pdf,html_placeholder
Chlorpyrifos,Metabolic_Profiling_and_Comparative_Proteomic_Insight_in_Respect_of_Amidases_dur.pdf,html_placeholder
Chlorpyrifos,Metabolome_wide_association_study_of_the_relationship_between_chlorpyrifos_expos.pdf,html_placeholder
Chlorpyrifos,Metagenomic_Functional_Potential_Predicts_Degradation_Rates_of_a_Model_Organopho.pdf,html_placeholder
Chlorpyrifos,Mice_treated_with_chlorpyrifos_or_chlorpyrifos_oxon_have_organophosphorylated_tu.pdf,html_placeholder
Chlorpyrifos,Microbial_Degradation_of_Naphthalene_and_Substituted_Naphthalenes__Metabolic_Div (1).pdf,html_placeholder
Chlorpyrifos,Microbial_Degradation_of_Naphthalene_and_Substituted_Naphthalenes__Metabolic_Div.pdf,html_placeholder
Chlorpyrifos,Microbial_changes_linked_to_the_accelerated_degradation_of_the_herbicide_atrazin.pdf,html_placeholder
Chlorpyrifos,Microbial_degradation_of_contaminants_of_emerging_concern__metabolic__genetic_an.pdf,html_placeholder
Chlorpyrifos,Mitochondrial_Gene_Expression_of_Three_Different_Dragonflies_Under_the_Stress_of.pdf,html_placeholder
Chlorpyrifos,Modifying_effects_of_vitamin_E_on_chlorpyrifos_toxicity_in_atlantic_salmon_.pdf,html_placeholder
Chlorpyrifos,Morpho_Functional_Alterations_in_the_Gills_of_a_Seawater_Teleost__the_Ornate_Wra.pdf,html_placeholder
Chlorpyrifos,Mycotoxin_Biodegradation_Ability_of_the_Cupriavidus_Genus_.pdf,html_placeholder
Chlorpyrifos,Nanocellulose_Based_Materials_for_Water_Treatment__Adsorption__Photocatalytic_De.pdf,html_placeholder
Chlorpyrifos,Nanoimages_show_disruption_of_tubulin_polymerization_by_chlorpyrifos_oxon__impli.pdf,html_placeholder
Chlorpyrifos,Nb_V__containing_saponite__A_versatile_clay_for_the_catalytic_degradation_of_the.pdf,html_placeholder
Chlorpyrifos,Novel_gene_clusters_and_metabolic_pathway_involved_in_3_5_6_trichloro_2_pyridino.pdf,html_placeholder
Chlorpyrifos,Numerical_Modeling_of_Groundwater_Pollution_by_Chlorpyrifos__Bromacil_and_Terbut.pdf,html_placeholder
Chlorpyrifos,Optimization_of_Growth_Conditions_for_Chlorpyrifos_Degrading_Bacteria_in_Farm_So.pdf,html_placeholder
Chlorpyrifos,Parkin_Protects_against_Oxygen_Glucose_Deprivation_Reperfusion_Insult_by_Promoti.pdf,html_placeholder
Chlorpyrifos,Persistence_and_dissipation_of_chlorpyrifos_in_Brassica_chinensis__lettuce__cele.pdf,html_placeholder
Chlorpyrifos,Persulfate_Based_Advanced_Oxidation_Process_for_Chlorpyrifos_Degradation__Mechan.pdf,html_placeholder
Chlorpyrifos,Pesticide_Residues__Glyphosate_Adsorption_and_Degradation_Characteristics_in_Eth.pdf,html_placeholder
Chlorpyrifos,Pharmacokinetics_and_pharmacodynamics_of_chlorpyrifos_in_adult_male_Long_Evans_r.pdf,html_placeholder
Chlorpyrifos,Photocatalytic_degradation_of_dimethoate_in_Bok_choy_using_cerium_doped_nano_tit.pdf,html_placeholder
Chlorpyrifos,Phytotoxicity_of_pesticides_mancozeb_and_chlorpyrifos__correlation_with_the_anti.pdf,html_placeholder
Chlorpyrifos,Presence_of_esterase_and_laccase_in_Bacillus_subtilis_facilitates_biodegradation.pdf,html_placeholder
Chlorpyrifos,Production_and_purification_of_laccase_by__i_Bacillus__i__sp__using_millet_husks.pdf,html_placeholder
Chlorpyrifos,Protective_effect_of_fisetin_against_subchronic_chlorpyrifos_induced_toxicity_on.pdf,html_placeholder
Chlorpyrifos,Purification_and_characterization_of_a_novel_chlorpyrifos_hydrolase_from_Cladosp.pdf,html_placeholder
Chlorpyrifos,Repeated_exposures_to_low_level_chlorpyrifos_results_in_impairments_in_sustained.pdf,html_placeholder
Chlorpyrifos,Review_of_the_existing_maximum_residue_levels_for_chlorpyrifos_according_to_Arti.pdf,html_placeholder
Chlorpyrifos,Review_of_the_existing_maximum_residue_levels_for_chlorpyrifos_methyl_according_.pdf,html_placeholder
Chlorpyrifos,Role_of_Insect_Gut_Microbiota_in_Pesticide_Degradation__A_Review_.pdf,html_placeholder
Chlorpyrifos,Role_of_intravenous_lipid_emulsion_therapy_and_packed_red_blood_cell_transfusion.pdf,html_placeholder
Chlorpyrifos,Simultaneous_biodegradation_of_λ_cyhalothrin_pesticide_and_Vicia_faba_growth_pro.pdf,html_placeholder
Chlorpyrifos,Single_and_Combined_Effects_of_Chlorpyrifos_and_Glyphosate_on_the_Brain_of_Commo.pdf,html_placeholder
Chlorpyrifos,Soil_bacteria_showing_a_potential_of_chlorpyrifos_degradation_and_plant_growth_e.pdf,html_placeholder
Chlorpyrifos,Soil_bacterial_and_fungal_community_successions_under_the_stress_of_chlorpyrifos.pdf,html_placeholder
Chlorpyrifos,Sonochemical_degradation_of_pesticides_in_aqueous_solution__investigation_on_the.pdf,html_placeholder
Chlorpyrifos,Sorption_Features_of_Polyurethane_Foam_Functionalized_with_Salicylate_for_Chlorp.pdf,html_placeholder
Chlorpyrifos,Special_Issue__Microbial_Biodegradation_and_Biotransformation__.pdf,html_placeholder
Chlorpyrifos,Specific_Effects_of_Chronic_Dietary_Exposure_to_Chlorpyrifos_on_Brain_Gene_Expre.pdf,html_placeholder
Chlorpyrifos,Subacute_developmental_exposure_of_zebrafish_to_the_organophosphate_pesticide_me.pdf,html_placeholder
Chlorpyrifos,Sustainable_indigenous_bio_mixture_for_restoration_the_soil_point_source_polluti.pdf,html_placeholder
Chlorpyrifos,The_Ameliorative_Effect_of__i_Litsea_martabanica__i___Kurz__Hook__f__Leaf_Water_.pdf,html_placeholder
Chlorpyrifos,The_Catalytic_Role_of_Superparamagnetic_Iron_Oxide_Nanoparticles_as_a_Support_Ma.pdf,html_placeholder
Chlorpyrifos,The_Enzymatic_Antioxidants_Activities_Changes_in_Water_Plants_Tissues_Exposed_to.pdf,html_placeholder
Chlorpyrifos,The_Genome_Analysis_of__i_Methylobacterium_populi__i__YC_XJ1_with_Diverse_Xenobi.pdf,html_placeholder
Chlorpyrifos,The_Simultaneous_Determination_of_Chlorpyrifos_Ethyl_and__Methyl_with_a_New_Form.pdf,html_placeholder
Chlorpyrifos,The_cannabinoid_receptor_antagonist_AM251_increases_paraoxon_and_chlorpyrifos_ox.pdf,html_placeholder
Chlorpyrifos,The_hepato__and_neuroprotective_effect_of_gold_Casuarina_equisetifolia_bark_nano.pdf,html_placeholder
Chlorpyrifos,The_impact_of_novel_bacterial_strains_and_their_consortium_on_diflufenican_degra.pdf,html_placeholder
Chlorpyrifos,Toxic_effects_of_chlorpyrifos_on_the_growth__hematology__and_different_organs_hi.pdf,html_placeholder
Chlorpyrifos,Toxicity_assessment_of_chlorpyrifos_degrading_fungal_bio_composites_and_their_en.pdf,html_placeholder
Chlorpyrifos,Toxicity_evaluation_and_degradation_of_cypermethrin_contaminated_soil_using_bioc.pdf,html_placeholder
Chlorpyrifos,Variability_in_the_dynamics_of_mortality_and_immobility_responses_of_freshwater_.pdf,html_placeholder
Chlorpyrifos,Variation_in_elemental_composition_as_influenced_by_chlorpyrifos_application_in_.pdf,html_placeholder
Chlorpyrifos,Zn_sup_2___sup__and_Cd_sup_2___sup__assisted_photo_catalytic_degradation_of_chlo.pdf,html_placeholder
Chlorpyrifos-Methyl,A_Comprehensive_Review_of_Multifunctional_Nanozymes_for_Degradation_and_Detectio.pdf,html_placeholder
Chlorpyrifos-Methyl,A_Novel_Organophosphorus_Acid_Anhydrolase_from_Deep_Sea_Sediment_with_High_Degra.pdf,html_placeholder
Chlorpyrifos-Methyl,A_review_on_WO_sub_3__sub__photocatalysis_used_for_wastewater_treatment_and_pest.pdf,html_placeholder
Chlorpyrifos-Methyl,Adsorption_and_Photocatalytic_Degradation_of_Pesticides_into_Nanocomposites__A_R.pdf,html_placeholder
Chlorpyrifos-Methyl,Application_of_Fe_MOFs_in_Photodegradation_and_Removal_of_Air_and_Water_Pollutan.pdf,html_placeholder
Chlorpyrifos-Methyl,Biodegradation_of_monocrotophos__cypermethrin___fipronil_by__i_Proteus_myxofacie.pdf,html_placeholder
Chlorpyrifos-Methyl,Biodegradation_of_nitenpyram__neonicotinoid_insecticide__by_endophytic_bacterium.pdf,html_placeholder
Chlorpyrifos-Methyl,Biodegradation_of_phenmedipham_by_novel__i_Ochrobactrum_anthropi__i__NC_1_.pdf,html_placeholder
Chlorpyrifos-Methyl,Biotransformation_of_Chlorpyrifos__i_Shewanella_oneidensis__i__MR_1_in_the_Prese.pdf,html_placeholder
Chlorpyrifos-Methyl,Characteristics_of_Aflatoxin_B_sub_1__sub__Degradation_by__i_Stenotrophomonas_ac.pdf,html_placeholder
Chlorpyrifos-Methyl,Chemotaxis_and_degradation_of_organophosphate_compound_by_a_novel_moderately_the.pdf,html_placeholder
Chlorpyrifos-Methyl,Chlorpyrifos-methyl_10.1590_0001-3765201920180694.pdf,pdf_header
Chlorpyrifos-Methyl,Constructing_Direct_Z_Scheme_Y2TmSbO7_GdYBiNbO7_Heterojunction_Photocatalyst_wit.pdf,html_placeholder
Chlorpyrifos-Methyl,Degradation_insight_of_organophosphate_pesticide_chlorpyrifos_through_novel_inte.pdf,html_placeholder
Chlorpyrifos-Methyl,Degradation_kinetics_and_physiological_studies_of_organophosphates_degrading_mic.pdf,html_placeholder
Chlorpyrifos-Methyl,Degradation_of_3_phenoxybenzoic_acid_by_a_Bacillus_sp_.pdf,html_placeholder
Chlorpyrifos-Methyl,Degradation_of_Acephate_and_Its_Intermediate_Methamidophos__Mechanisms_and_Bioch.pdf,html_placeholder
Chlorpyrifos-Methyl,Degradation_of_Butylated_Hydroxyanisole_by_the_Combined_Use_of_Peroxymonosulfate.pdf,html_placeholder
Chlorpyrifos-Methyl,Degradation_of_Organophosphorus_and_Pyrethroid_Insecticides_in_Beverages__Implic.pdf,html_placeholder
Chlorpyrifos-Methyl,Degradation_of_Pesticides_Using_Semiconducting_and_Tetrapyrrolic_Macrocyclic_Pho.pdf,html_placeholder
Chlorpyrifos-Methyl,Degradation_of_Xenobiotic_Pollutants__An_Environmentally_Sustainable_Approach_.pdf,html_placeholder
Chlorpyrifos-Methyl,Degradation_strategies_of_pesticide_residue__From_chemicals_to_synthetic_biology.pdf,html_placeholder
Chlorpyrifos-Methyl,Developing_a_Multi_Spectral_NIR_LED_Based_Instrument_for_the_Detection_of_Pestic.pdf,html_placeholder
Chlorpyrifos-Methyl,Development_of_a_UPLC_MS_MS_method_for_pesticide_analysis_in_paddy_water_and_eva.pdf,html_placeholder
Chlorpyrifos-Methyl,Effect_of_TiO_sub_2__sub__Fe_sub_2__sub_O_sub_3__sub__nanopowder_synthesis_metho.pdf,html_placeholder
Chlorpyrifos-Methyl,Efficient_Knocking_Out_of_the_Organophosphorus_Insecticides_Degradation_Gene__i_.pdf,html_placeholder
Chlorpyrifos-Methyl,Efficient_Nucleophilic_Degradation_of_an_Organophosphorus_Pesticide__Diazinon__M.pdf,html_placeholder
Chlorpyrifos-Methyl,Efficient_biodegradation_of_acephate_by__i_Pseudomonas_pseudoalcaligenes__i__PS_.pdf,html_placeholder
Chlorpyrifos-Methyl,Engineering_Pseudomonas_putida_KT2440_for_simultaneous_degradation_of_carbofuran.pdf,html_placeholder
Chlorpyrifos-Methyl,Enhanced_Carbofuran_Degradation_Using_Immobilized_and_Free_Cells_of__i_Enterobac.pdf,html_placeholder
Chlorpyrifos-Methyl,Environmental_Occurrence__Toxicity_Concerns__and_Degradation_of_Diazinon_Using_a.pdf,html_placeholder
Chlorpyrifos-Methyl,Enzymatic_degradation_of_organophosphorus_insecticides_decreases_toxicity_in_pla.pdf,html_placeholder
Chlorpyrifos-Methyl,Exploring_the_potent_hydrolytic_activity_of_chitosan_cerium_complex_microspheres.pdf,html_placeholder
Chlorpyrifos-Methyl,Functional_profiling_of_the_rhizospheric_Exiguobacterium_sp__for_dimethoate_degr.pdf,html_placeholder
Chlorpyrifos-Methyl,Fungal_biodegradation_of_chlorinated_herbicides__an_overview_with_an_emphasis_on.pdf,html_placeholder
Chlorpyrifos-Methyl,Gut_microbial_degradation_of_organophosphate_insecticides_induces_glucose_intole.pdf,html_placeholder
Chlorpyrifos-Methyl,Identification_and_degradation_characteristics_of_Bacillus_cereus_strain_WD_2_is.pdf,html_placeholder
Chlorpyrifos-Methyl,Immobilized_cells_of_a_novel_bacterium_increased_the_degradation_of__i_N___i_met.pdf,html_placeholder
Chlorpyrifos-Methyl,Influence_of__i_Bacillus_subtilis__i__and__i_Trichoderma_harzianum__i__on_Penthi.pdf,html_placeholder
Chlorpyrifos-Methyl,Influence_of_a_Commercial_Biological_Fungicide_containing__i_Trichoderma_harzian.pdf,html_placeholder
Chlorpyrifos-Methyl,Influence_of_environmental_factors_on_biodegradation_of_quinalphos_by__i_Bacillu.pdf,html_placeholder
Chlorpyrifos-Methyl,Insight_Into_Microbial_Applications_for_the_Biodegradation_of_Pyrethroid_Insecti (1).pdf,html_placeholder
Chlorpyrifos-Methyl,Insight_Into_Microbial_Applications_for_the_Biodegradation_of_Pyrethroid_Insecti.pdf,html_placeholder
Chlorpyrifos-Methyl,Insights_into_the_enzymatic_degradation_of_DNA_expedited_by_typical_perfluoroalk (1).pdf,html_placeholder
Chlorpyrifos-Methyl,Insights_into_the_enzymatic_degradation_of_DNA_expedited_by_typical_perfluoroalk.pdf,html_placeholder
Chlorpyrifos-Methyl,Lignin_degradation_and_nutrient_cycling_by_white_rot_fungi_under_the_influence_o.pdf,html_placeholder
Chlorpyrifos-Methyl,Mechanism_and_toxicity_assessment_of_carbofuran_degradation_by_persulfate_based_.pdf,html_placeholder
Chlorpyrifos-Methyl,Mechanisms_of_oxidative_response_during_biodegradation_of_malathion_by_S__oneide.pdf,html_placeholder
Chlorpyrifos-Methyl,Mesoporous_cerium_oxide_for_fast_degradation_of_aryl_organophosphate_flame_retar.pdf,html_placeholder
Chlorpyrifos-Methyl,Metabolic_Profiling_and_Comparative_Proteomic_Insight_in_Respect_of_Amidases_dur.pdf,html_placeholder
Chlorpyrifos-Methyl,Microbial_Degradation_of_Naphthalene_and_Substituted_Naphthalenes__Metabolic_Div.pdf,html_placeholder
Chlorpyrifos-Methyl,Microbial_Degradation_of_Pesticide_Residues_and_an_Emphasis_on_the_Degradation_o.pdf,html_placeholder
Chlorpyrifos-Methyl,Microbial_degradation_of_contaminants_of_emerging_concern__metabolic__genetic_an.pdf,html_placeholder
Chlorpyrifos-Methyl,Microbial_degradation_of_halogenated_aromatics__molecular_mechanisms_and_enzymat.pdf,html_placeholder
Chlorpyrifos-Methyl,Microbiology_and_Biochemistry_of_Pesticides_Biodegradation_.pdf,html_placeholder
Chlorpyrifos-Methyl,Organophosphorus_pesticide_degradation_product_in_vitro_metabolic_stability_and_.pdf,html_placeholder
Chlorpyrifos-Methyl,Persulfate_Based_Advanced_Oxidation_Process_for_Chlorpyrifos_Degradation__Mechan.pdf,html_placeholder
Chlorpyrifos-Methyl,Pesticide_Residues__Glyphosate_Adsorption_and_Degradation_Characteristics_in_Eth.pdf,html_placeholder
Chlorpyrifos-Methyl,Pesticide_Use_and_Degradation_Strategies__Food_Safety__Challenges_and_Perspectiv.pdf,html_placeholder
Chlorpyrifos-Methyl,Photodegradation_of_pesticides_using_compound_specific_isotope_analysis__CSIA___.pdf,html_placeholder
Chlorpyrifos-Methyl,Quantitative_Modeling_of_the_Degradation_of_Pesticide_Residues_in_Wheat_Flour_Su.pdf,html_placeholder
Chlorpyrifos-Methyl,Rapid_Biodegradation_of_the_Organophosphorus_Insecticide_Chlorpyrifos_by__i_Cupr.pdf,html_placeholder
Chlorpyrifos-Methyl,Review_of_the_existing_maximum_residue_levels_for_chlorpyrifos_methyl_according_.pdf,html_placeholder
Chlorpyrifos-Methyl,Review_on_Performance_of__i_Aspergillus__i__and__i_Penicillium__i__Species_in_Bi.pdf,html_placeholder
Chlorpyrifos-Methyl,Screening_for__i_Lactobacillus_plantarum__i__Strains_That_Possess_Organophosphor.pdf,html_placeholder
Chlorpyrifos-Methyl,Simulation_Study_for_the_Degradation_of_Some_Insecticides_during_Different_Black.pdf,html_placeholder
Chlorpyrifos-Methyl,Special_Issue__Microbial_Biodegradation_and_Biotransformation__.pdf,html_placeholder
Chlorpyrifos-Methyl,Study_of_the_Photocatalytic_Degradation_of_Highly_Abundant_Pesticides_in_Agricul.pdf,html_placeholder
Chlorpyrifos-Methyl,The_Application_of_Multifunctional_Metal_Organic_Frameworks_for_the_Detection__A.pdf,html_placeholder
Chlorpyrifos-Methyl,The_ChpR_transcriptional_regulator_of__i_Sinorhizobium_meliloti__i__senses_3_5_6.pdf,html_placeholder
Chlorpyrifos-Methyl,The_degradation_of_residual_pesticides_and_the_quality_of_white_clover_silage_ar.pdf,html_placeholder
Chlorpyrifos-Methyl,The_impact_of_novel_bacterial_strains_and_their_consortium_on_diflufenican_degra.pdf,html_placeholder
Chlorpyrifos-Methyl,Toxicity_evaluation_and_degradation_of_cypermethrin_contaminated_soil_using_bioc.pdf,html_placeholder
Clethodim,Chiral_method_validation_and_stereoselective_degradation_of_profoxydim_isomers_i.pdf,html_placeholder
Clethodim,Metabolic_profile_and_behavior_of_clethodim_and_spirotetramat_in_herbs_during_pl.pdf,html_placeholder
Clofentezine,Peer review of the pesticide risk assessment of the active substance clofentezine..pdf,pdf_header
Clothianidin,A_Critical_Review_on_Metal_Organic_Frameworks_and_Their_Composites_as_Advanced_M.pdf,html_placeholder
Clothianidin,A_review_on_WO_sub_3__sub__photocatalysis_used_for_wastewater_treatment_and_pest.pdf,html_placeholder
Clothianidin,Aerobic_Degradation_of_Clothianidin_to_2_Chloro_methyl_Thiazole_and_Methyl_3__Th.pdf,html_placeholder
Clothianidin,Biodegradation_and_Metabolic_Pathway_of_the_Neonicotinoid_Insecticide_Thiamethox.pdf,html_placeholder
Clothianidin,Clothianidin_resistant_Anopheles_gambiae_adult_mosquitoes_from_Yaoundé__Cameroon.pdf,html_placeholder
Clothianidin,Comparison_of_linuron_degradation_in_the_presence_of_pesticide_mixtures_in_soil_.pdf,html_placeholder
Clothianidin,Comparison_of_the_effectiveness_of_thiamethoxam_and_its_main_metabolite_clothian.pdf,html_placeholder
Clothianidin,Contribution_of_insect_gut_microbiota_and_their_associated_enzymes_in_insect_phy.pdf,html_placeholder
Clothianidin,Degradation_of_Neonicotinoids_and_Caffeine_from_Surface_Water_by_Photolysis_.pdf,html_placeholder
Clothianidin,Degradation_of_the_neonicotinoid_pesticide_imidacloprid_by_electrocoagulation_an.pdf,html_placeholder
Clothianidin,Dietary_Contamination_with_a_Neonicotinoid__Clothianidin__Gradient_Triggers_Spec.pdf,html_placeholder
Clothianidin,Dissipation_Behavior_and_Acute_Dietary_Risk_Assessment_of_Thiamethoxam_and_Its_M.pdf,html_placeholder
Clothianidin,Elucidation_of_the_neurological_effects_of_clothianidin_exposure_at_the_no_obser.pdf,html_placeholder
Clothianidin,Endogenous_Honeybee_Gut_Microbiota_Metabolize_the_Pesticide_Clothianidin_.pdf,html_placeholder
Clothianidin,Enhanced_Control_of_the_Fungus_Gnat__i_Bradysia_odoriphaga__i___Diptera__Sciarid.pdf,html_placeholder
Clothianidin,Fetal_and_lactational_exposure_to_the_no_observed_adverse_effect_level__NOAEL__d.pdf,html_placeholder
Clothianidin,Honeybee_gut_bacterial_strain_improved_survival_and_gut_microbiota_homeostasis_i.pdf,html_placeholder
Clothianidin,Impact_of_bifenthrin_and_clothianidin_on_blow_fly__Diptera__Calliphoridae__ovipo.pdf,html_placeholder
Clothianidin,Insights_Into_the_Microbial_Degradation_and_Biochemical_Mechanisms_of_Neonicotin.pdf,html_placeholder
Clothianidin,Integrated_Electrochemical_Oxidation_and_Biodegradation_for_Remediation_of_a_Neo.pdf,html_placeholder
Clothianidin,Manifestations_of_oxidative_stress_and_liver_injury_in_clothianidin_exposed__i_O.pdf,html_placeholder
Clothianidin,Microbial_Technologies_Employed_for_Biodegradation_of_Neonicotinoids_in_the_Agro.pdf,html_placeholder
Clothianidin,Microbial_degradation_of_contaminants_of_emerging_concern__metabolic__genetic_an.pdf,html_placeholder
Clothianidin,No_observed_adverse_effect_level__NOAEL__clothianidin__a_neonicotinoid_pesticide.pdf,html_placeholder
Clothianidin,Photo_degradation_dynamics_of_five_neonicotinoids__Bamboo_vinegar_as_a_synergist.pdf,html_placeholder
Clothianidin,Pro_oxidant_potency_of_clothianidin_in_rainbow_trout_.pdf,html_placeholder
Clothianidin,Residue_Behaviors_and_Degradation_Dynamics_of_Insecticides_Commonly_Applied_to__.pdf,html_placeholder
Clothianidin,Role_of_Insect_Gut_Microbiota_in_Pesticide_Degradation__A_Review_.pdf,html_placeholder
Clothianidin,Synthesis_and_Characterization_of_Composite_WO_sub_3__sub__Fibers_g_C_sub_3__sub.pdf,html_placeholder
Clothianidin,The_Degradation_Process_of_Typical_Neonicotinoid_Insecticides_in_Tidal_Streams_i.pdf,html_placeholder
Clothianidin,The_route_and_rate_of_thiamethoxam_soil_degradation_in_laboratory_and_outdoor_in.pdf,html_placeholder
Cyantraniliprole,Cyantraniliprole_seed_treatment_effectively_controls_wireworms___i_Pleonomus_can.pdf,html_placeholder
Cyantraniliprole,Development_of_a_nanobody_based_ELISA_for_the_detection_of_the_insecticides_cyan.pdf,html_placeholder
Cyantraniliprole,Dissipation_of_the_Insecticide_Cyantraniliprole_and_Its_Metabolite_IN_J9Z38_in_P.pdf,html_placeholder
Cyantraniliprole,Evaluation_of_Cyantraniliprole_and_Other_Commercial_Fly_Baits_under_Laboratory_a.pdf,html_placeholder
Cyantraniliprole,Exposure_to_Cyantraniliprole_Adversely_Impacts_Fitness_of__i_Harmonia_axyridis__.pdf,html_placeholder
Cyantraniliprole,Modification_of_the_existing_maximum_residue_level_for_apricots_and_setting_of_i.pdf,html_placeholder
Cyantraniliprole,Modification_of_the_existing_maximum_residue_levels_for_cyantraniliprole_in_Chin.pdf,html_placeholder
Cyantraniliprole,Persistence_and_metabolism_of_the_diamide_insecticide_cyantraniliprole_in_tomato.pdf,html_placeholder
Cyantraniliprole,Residues_and_Safety_Assessment_of_Cyantraniliprole_and_Indoxacarb_in_Wild_Garlic.pdf,html_placeholder
Cyantraniliprole,Setting_of_maximum_residue_levels_for_cyantraniliprole_in_raspberries_and_blackb.pdf,html_placeholder
Cyazofamid,Dissipation__Residue_and_Human_Dietary_Risk_Assessment_of_Pyraclostrobin_and_Cya.pdf,html_placeholder
Cyazofamid,Peer_review_of_the_pesticide_risk_assessment_of_the_active_substance_cyazofamid_.pdf,html_placeholder
Cyazofamid,Residue_and_risk_assessment_of_fluopicolide_and_cyazofamid_in_grapes_and_soil_us.pdf,html_placeholder
Cyazofamid,The_Dissipation_of_Cyazofamid_and_Its_Main_Metabolite_CCIM_During_Wine_Making_Pr.pdf,html_placeholder
Cyazofamid,Updated_peer_review_of_the_pesticide_risk_assessment_of_the_active_substance_cya.pdf,html_placeholder
Cycloxydim,Dynamics_of_the_Degradation_of_Acetyl_CoA_Carboxylase_Herbicides_in_Vegetables_.pdf,html_placeholder
Cycloxydim,Modification_of_the_existing_maximum_residue_level_for_cycloxydim_in_strawberrie.pdf,html_placeholder
Cycloxydim,Modification_of_the_existing_maximum_residue_levels_for_cycloxydim_in_various_cr.pdf,html_placeholder
Cyflumetofen,Modification_of_the_existing_maximum_residue_levels_for_cyflumetofen_in_various_.pdf,html_placeholder
Cyflumetofen,Molecular_Mechanisms_Underlying_Metabolic_Resistance_to_Cyflumetofen_and_Bifenth.pdf,html_placeholder
Cyflumetofen,Residue_and_Dietary_Risk_Assessment_of_Chiral_Cyflumetofen_in_Apple_.pdf,html_placeholder
Cyflumetofen,Review_of_the_existing_maximum_residue_levels_for_cyflumetofen_according_to_Arti.pdf,html_placeholder
Cyfluthrin,Biodegradation_of_pesticide_in_agricultural_soil_employing_entomopathogenic_fung.pdf,html_placeholder
Cyfluthrin,Degradation_of_Organophosphorus_and_Pyrethroid_Insecticides_in_Beverages__Implic.pdf,html_placeholder
Cyfluthrin,Degradation_of_Xenobiotic_Pollutants__An_Environmentally_Sustainable_Approach_.pdf,html_placeholder
Cyfluthrin,Degradation_of_insecticides_used_for_indoor_spraying_in_malaria_control_and_poss.pdf,html_placeholder
Cyfluthrin,Dynamics_of_the_Dissipation_of_Acetamiprid__Azoxystrobin__and_β_Cyfluthrin_in_Ja.pdf,html_placeholder
Cyfluthrin,Effects_of_Cyfluthrin_Exposure_on_Neurobehaviour__Hippocampal_Tissue_and_Synapti.pdf,html_placeholder
Cyfluthrin,Evaluate_the_Toxicity_of_Pyrethroid_Insecticide_Cypermethrin_before_and_after_Bi.pdf,html_placeholder
Cyfluthrin,Insight_Into_Microbial_Applications_for_the_Biodegradation_of_Pyrethroid_Insecti.pdf,html_placeholder
Cyfluthrin,Microbiology_and_Biochemistry_of_Pesticides_Biodegradation_.pdf,html_placeholder
Cyfluthrin,Novel_Mechanism_and_Kinetics_of_Tetramethrin_Degradation_Using_an_Indigenous__i_.pdf,html_placeholder
Cyfluthrin,Pathway_and_kinetics_of_cyhalothrin_biodegradation_by_Bacillus_thuringiensis_str.pdf,html_placeholder
Cyfluthrin,Peer_review_of_the_pesticide_risk_assessment_of_the_active_substance_beta_cyflut.pdf,html_placeholder
Cyfluthrin,Pesticide_Use_and_Degradation_Strategies__Food_Safety__Challenges_and_Perspectiv.pdf,html_placeholder
Cyfluthrin,Review_of_the_existing_maximum_residue_levels_for_Beta_cyfluthrin_and_Cyfluthrin.pdf,html_placeholder
Cyfluthrin,Simultaneous_biodegradation_of_λ_cyhalothrin_pesticide_and_Vicia_faba_growth_pro.pdf,html_placeholder
Cyfluthrin,Strong_resistance_to_β_cyfluthrin_in_a_strain_of_the_beetle_Alphitobius_diaperin.pdf,html_placeholder
Cyfluthrin,Study_of_the_Photocatalytic_Degradation_of_Highly_Abundant_Pesticides_in_Agricul.pdf,html_placeholder
Cyfluthrin,Synergistic_Degradation_of_Pyrethroids_by_the_Quorum_Sensing_Regulated_Carboxyle.pdf,html_placeholder
Cyfluthrin,_i_Bacilli___i_Mediated_Degradation_of_Xenobiotic_Compounds_and_Heavy_Metals_.pdf,html_placeholder
Cyfluthrin,_i_Ocimum_basilicum__i__Essential_Oil_Modulates_Hematotoxicity__Oxidative_Stress.pdf,html_placeholder
Cyhalothrin,A_Critical_Review_on_Metal_Organic_Frameworks_and_Their_Composites_as_Advanced_M.pdf,html_placeholder
Cyhalothrin,Adsorption_and_Photocatalytic_Degradation_of_Pesticides_into_Nanocomposites__A_R.pdf,html_placeholder
Cyhalothrin,Bacterial_Cytochrome_P450_Involvement_in_the_Biodegradation_of_Fluorinated_Pyret.pdf,html_placeholder
Cyhalothrin,Biodegradation_and_metabolic_pathway_of_fenvalerate_by_Citrobacter_freundii_CD_9.pdf,html_placeholder
Cyhalothrin,Biodegradation_of_Allethrin_by_a_Novel_Fungus__i_Fusarium_proliferatum__i__Strai.pdf,html_placeholder
Cyhalothrin,Biodegradation_of_Mycotoxins__Tales_from_Known_and_Unexplored_Worlds_.pdf,html_placeholder
Cyhalothrin,Biodegradation_of_monocrotophos__cypermethrin___fipronil_by__i_Proteus_myxofacie.pdf,html_placeholder
Cyhalothrin,Biodegradation_of_nitenpyram__neonicotinoid_insecticide__by_endophytic_bacterium.pdf,html_placeholder
Cyhalothrin,Characterization_of_a_Pyrethroid_Degrading__i_Pseudomonas_fulva__i__Strain_P31_a.pdf,html_placeholder
Cyhalothrin,Computational_and_biochemical_characterization_of_the_immobilized_esterase_of_Sa.pdf,html_placeholder
Cyhalothrin,Construction_of_Lambda_Cyhalothrin_Nano_Delivery_System_with_a_High_Loading_Cont.pdf,html_placeholder
Cyhalothrin,Contribution_of_insect_gut_microbiota_and_their_associated_enzymes_in_insect_phy.pdf,html_placeholder
Cyhalothrin,Degradation_of_insecticides_used_for_indoor_spraying_in_malaria_control_and_poss.pdf,html_placeholder
Cyhalothrin,Degradation_study_of_lindane_by_novel_strains__i_Kocuria__i__sp__DAB_1Y_and__i_S.pdf,html_placeholder
Cyhalothrin,Efficacy_of_the_Combination_of_λ_Cyhalothrin_and_Chlorantraniliprole_Against_Fou.pdf,html_placeholder
Cyhalothrin,Enhancing_soil_health__microbial_count__and_hydrophilic_methomyl_and_hydrophobic.pdf,html_placeholder
Cyhalothrin,Evaluate_the_Toxicity_of_Pyrethroid_Insecticide_Cypermethrin_before_and_after_Bi.pdf,html_placeholder
Cyhalothrin,Exploration_of_Klebsiella_pneumoniae_M6_for_paclobutrazol_degradation__plant_gro.pdf,html_placeholder
Cyhalothrin,Expression__Characterization__Fermentation__Immobilization__and_Application_of_a.pdf,html_placeholder
Cyhalothrin,Expression__characterization__and_immobilization_of_a_novel_SGNH_esterase_Est882.pdf,html_placeholder
Cyhalothrin,Impact_of_gut_microbiota_composition_on_black_cutworm__Agrotis_ipsilon__hufnagel.pdf,html_placeholder
Cyhalothrin,Influence_of_environmental_factors_on_biodegradation_of_quinalphos_by__i_Bacillu.pdf,html_placeholder
Cyhalothrin,Insights_into_the_Toxicity_and_Degradation_Mechanisms_of_Imidacloprid_Via_Physic.pdf,html_placeholder
Cyhalothrin,Integrative_Analysis_of_Transcriptomics_and_Proteomics_for_Screening_Genes_and_R.pdf,html_placeholder
Cyhalothrin,Investigating_mosquito_net_durability_for_malaria_control_in_Tanzania___attritio.pdf,html_placeholder
Cyhalothrin,Investigating_the_degradation_behavior_of_Cypermethrin__CYP__and_Chlorpyrifos__C.pdf,html_placeholder
Cyhalothrin,Kinetics_and_New_Mechanism_of_Azoxystrobin_Biodegradation_by_an__i_Ochrobactrum_.pdf,html_placeholder
Cyhalothrin,Kinetics_and_Novel_Degradation_Pathway_of_Permethrin_in__i_Acinetobacter_baumann.pdf,html_placeholder
Cyhalothrin,Liver_morphometry_and_histopathology_effects_in__i_Astyanax_lacustris__i__expose.pdf,html_placeholder
Cyhalothrin,Microbiology_and_Biochemistry_of_Pesticides_Biodegradation_.pdf,html_placeholder
Cyhalothrin,Midgut_Cell_Damage_and_Oxidative_Stress_in__i_Partamona_helleri__i___Hymenoptera.pdf,html_placeholder
Cyhalothrin,Pathway_and_kinetics_of_cyhalothrin_biodegradation_by_Bacillus_thuringiensis_str.pdf,html_placeholder
Cyhalothrin,Persistence__dissipation_behavior_and_dietary_risk_assessment_of_a_combi_product.pdf,html_placeholder
Cyhalothrin,Photodegradation_of_pesticides_using_compound_specific_isotope_analysis__CSIA___.pdf,html_placeholder
Cyhalothrin,Preparation__Characterization__and_Bioactivity_Evaluation_of_Lambda_Cyhalothrin_ (1).pdf,html_placeholder
Cyhalothrin,Preparation__Characterization__and_Bioactivity_Evaluation_of_Lambda_Cyhalothrin_.pdf,html_placeholder
Cyhalothrin,Preparation_of_Lambda_Cyhalothrin_Loaded_Chitosan_Nanoparticles_and_Their_Bioact.pdf,html_placeholder
Cyhalothrin,Residue_Degradation_and_Risk_Assessment_of_Difenoconazole_and_Its_Metabolite_dur.pdf,html_placeholder
Cyhalothrin,Review_of_the_existing_maximum_residue_levels_for_gamma_cyhalothrin_according_to.pdf,html_placeholder
Cyhalothrin,Role_of_Insect_Gut_Microbiota_in_Pesticide_Degradation__A_Review_.pdf,html_placeholder
Cyhalothrin,Rumen_In_Vitro_Fermentation_and_In_Situ_Degradation_Kinetics_of_Winter_Forage_Br.pdf,html_placeholder
Cyhalothrin,Setting_of_an_import_tolerance_for_lambda_cyhalothrin_in_avocados_.pdf,html_placeholder
Cyhalothrin,Simultaneous_biodegradation_of_λ_cyhalothrin_pesticide_and_Vicia_faba_growth_pro.pdf,html_placeholder
Cyhalothrin,Targeted_risk_assessment_of_maximum_residue_levels_for_lambda_cyhalothrin_in_com.pdf,html_placeholder
Cyhalothrin,The_Lethal_and_Sublethal_Effects_of_Lambda_Cyhalothrin_and_Emamectin_Benzoate_on.pdf,html_placeholder
Cyhalothrin,The_diverse_functions_of_Mu_class_Glutathione_S_transferase_HrGSTm1_during_the_d.pdf,html_placeholder
Cyhalothrin,Toxic_effects_of_Lambda_cyhalothrin__on_the_rat_thyroid__Involvement_of_oxidativ.pdf,html_placeholder
Cyhalothrin,Toxicity_evaluation_and_degradation_of_cypermethrin_contaminated_soil_using_bioc.pdf,html_placeholder
Cyhalothrin,Toxicokinetic_model_of_the_pyrethroid_pesticide_lambda_cyhalothrin__main_exposur.pdf,html_placeholder
Cyhalothrin,_i_Bacilli___i_Mediated_Degradation_of_Xenobiotic_Compounds_and_Heavy_Metals_.pdf,html_placeholder
Cyhexatin,Degradation and residues of cyclohexyltin compounds in orchard soil following field application of cyhexatin..pdf,pdf_header
Cyproconazole,Biodegradation_of_propiconazole_by_newly_isolated_Burkholderia_sp__strain_BBK_9_.pdf,html_placeholder
Cyproconazole,Quantitative_Modeling_of_the_Degradation_of_Pesticide_Residues_in_Wheat_Flour_Su.pdf,html_placeholder
Cyprodinil,Changed_degradation_behavior_of_pesticides_when_present_in_mixtures_.pdf,html_placeholder
Cyprodinil,Conditions_Optimizing_and_Application_of_Laccase_mediator_System__LMS__for_the_L.pdf,html_placeholder
Cyprodinil,Degradation_of_Pesticide_Residues_in_Water__Soil__and_Food_Products_via_Cold_Pla.pdf,html_placeholder
Cyprodinil,Effect_of_cyprodinil_and_fludioxonil_pesticides_on_bovine_liver_catalase_activit.pdf,html_placeholder
Cyprodinil,Effect_of_plasma_activated_water_and_buffer_solution_combined_with_ultrasound_on.pdf,html_placeholder
Cyprodinil,Modification_of_the_existing_maximum_residue_level_for_cyprodinil_in_Florence_fe.pdf,html_placeholder
Cyprodinil,Modification_of_the_existing_maximum_residue_level_for_cyprodinil_in_rhubarbs_.pdf,html_placeholder
Cyprodinil,Peer_review_of_the_pesticide_risk_assessment_of_the_active_substance_cyprodinil_.pdf,html_placeholder
Cyprodinil,Pesticide_Use_and_Degradation_Strategies__Food_Safety__Challenges_and_Perspectiv.pdf,html_placeholder
Cyprodinil,Reasoned_opinion_on_the_modification_of_the_existing_MRL_for_cyprodinil_in_celer.pdf,html_placeholder
Cyprodinil,Transcriptome_and_Resistance_Related_Genes_Analysis_of__i_Botrytis_cinerea__i__B.pdf,html_placeholder
Cyprodinil,Unconventional_Yeasts_Are_Tolerant_to_Common_Antifungals__and__i_Aureobasidium_p.pdf,html_placeholder
Cyromazine,Assembly_Driven_Oxidative_Degradation_of_Melarsomine_Triggered_by_Cyanuric_Acid_.pdf,html_placeholder
Cyromazine,Bacterial_degradation_of_N_cyclopropylmelamine__The_steps_to_ring_cleavage_.pdf,html_placeholder
Cyromazine,Biodegradation_of_cyromazine_by_melamine_degrading_bacteria_.pdf,html_placeholder
Cyromazine,Role_of_Insect_Gut_Microbiota_in_Pesticide_Degradation__A_Review_.pdf,html_placeholder
Cyromazine,Sample_Preparation_of_Eggs_From_Laying_Hens_Using_QuEChERS_Dispersive_Extraction.pdf,html_placeholder
Cyromazine,Tailor_Made_Specific_Recognition_of_Cyromazine_Pesticide_Integrated_in_a_Potenti.pdf,html_placeholder
Cyromazine,Technology_for_Rapid_Detection_of_Cyromazine_Residues_in_Fruits_and_Vegetables__.pdf,html_placeholder
Cyromazine,Trace_residue_analysis_of_dicyandiamide__cyromazine__and_melamine_in_animal_tiss.pdf,html_placeholder
DDT(Dichlorodiphenyltrichloroethane),DDT_10.4014_jmb.1701.01073.pdf,pdf_header
Deltamethrin,A_Comprehensive_Review_of_Multifunctional_Nanozymes_for_Degradation_and_Detectio.pdf,html_placeholder
Deltamethrin,A_novel_miRNA__miR_13664__targets_CpCYP314A1_to_regulate_deltamethrin_resistance.pdf,html_placeholder
Deltamethrin,Absence_of_close_range_excitorepellent_effects_in_malaria_mosquitoes_exposed_to_.pdf,html_placeholder
Deltamethrin,Acute_Toxicity__Bioaccumulation_and_Elimination_Rate_of_Deltamethrin_and_Cyperme.pdf,html_placeholder
Deltamethrin,Acute_Toxicity__Neurotoxic__Immunotoxic__and_Behavioral_Effects_of_Deltamethrin_.pdf,html_placeholder
Deltamethrin,Acute_and_Sublethal_Effects_of_Deltamethrin_Discharges_from_the_Aquaculture_Indu.pdf,html_placeholder
Deltamethrin,Analysing_deltamethrin_susceptibility_and_pyrethroid_esterase_activity_variation.pdf,html_placeholder
Deltamethrin,Antennal_transcriptomic_analysis_of_carboxylesterases_and_glutathione_S_transfer.pdf,html_placeholder
Deltamethrin,Assessing_Temperature_Dependent_Deltamethrin_Toxicity_in_Various__lt_i_gt_kdr_lt.pdf,html_placeholder
Deltamethrin,Assessment_of_deltamethrin_induced_DNA_damage__neurotoxic_and_neuroimmune_effect.pdf,html_placeholder
Deltamethrin,Characterization_of_a_Pyrethroid_Degrading__i_Pseudomonas_fulva__i__Strain_P31_a.pdf,html_placeholder
Deltamethrin,Characterization_of_deltamethrin_degradation_and_metabolic_pathway_by_co_culture.pdf,html_placeholder
Deltamethrin,Comparative_transcriptome_analyses_of_deltamethrin_susceptible_and__resistant_Cu (1).pdf,html_placeholder
Deltamethrin,Comparative_transcriptome_analyses_of_deltamethrin_susceptible_and__resistant_Cu.pdf,html_placeholder
Deltamethrin,Contribution_of_insect_gut_microbiota_and_their_associated_enzymes_in_insect_phy.pdf,html_placeholder
Deltamethrin,De_novo_Transcriptomic_analysis_to_unveil_the_deltamethrin_induced_resistance_me.pdf,html_placeholder
Deltamethrin,Degradation_of_Organophosphorus_and_Pyrethroid_Insecticides_in_Beverages__Implic.pdf,html_placeholder
Deltamethrin,Degradation_of_insecticides_used_for_indoor_spraying_in_malaria_control_and_poss.pdf,html_placeholder
Deltamethrin,Deltamethrin_Evoked_ER_Stress_Promotes_Neuroinflammation_in_the_Adult_Mouse_Hipp.pdf,html_placeholder
Deltamethrin,Deltamethrin_Residues_in_Milk_and_Cheese_of_Lactating_Goats___i_Capra_hircus__i_.pdf,html_placeholder
Deltamethrin,Deltamethrin_and_Its_Nanoformulations_Induce_Behavioral_Alteration_and_Toxicity_.pdf,html_placeholder
Deltamethrin,Deltamethrin_induced_oxidative_stress_and_biochemical_changes_in_tissues_and_blo.pdf,html_placeholder
Deltamethrin,Deltamethrin_resistance_in_Chagas_disease_vectors_colonizing_oil_palm_plantation.pdf,html_placeholder
Deltamethrin,Distribution_and_Elimination_of_Deltamethrin_Toxicity_in_Laying_Hens_.pdf,html_placeholder
Deltamethrin,Efficient_Removal_of_Deltamethrin_from_Aqueous_Solutions_Using_a_Novel_Lanthanum.pdf,html_placeholder
Deltamethrin,Environmental_consequences_of_deltamethrin_residues_in_cattle_feces_in_an_Africa.pdf,html_placeholder
Deltamethrin,Environmental_health_assessment_of_deltamethrin_in_a_malarious_area_of_Mexico__e.pdf,html_placeholder
Deltamethrin,Evaluation_of_Deltamethrin_in_Combination_of_Piperonyl_Butoxide__PBO__against_Py.pdf,html_placeholder
Deltamethrin,Experimental_hut_and_bioassay_evaluation_of_the_residual_activity_of_a_polymer_e.pdf,html_placeholder
Deltamethrin,Expression__characterization__and_immobilization_of_a_novel_SGNH_esterase_Est882.pdf,html_placeholder
Deltamethrin,High_dietary_potassium_causes_ubiquitin_dependent_degradation_of_the_kidney_sodi.pdf,html_placeholder
Deltamethrin,Highly_efficient_degradation_of_cypermethrin_by_a_co_culture_of__i_Rhodococcus__.pdf,html_placeholder
Deltamethrin,Identification_of_proteasome_subunit_beta_type_6__PSMB6__associated_with_deltame.pdf,html_placeholder
Deltamethrin,Impact_of_sonolytic_ozonation__O_sub_3___sub_US__on_degradation_of_pesticide_res.pdf,html_placeholder
Deltamethrin,Infection_with_acanthocephalans_increases_tolerance_of_Gammarus_roeselii__Crusta.pdf,html_placeholder
Deltamethrin,Integument_CYP_genes_of_the_largest_genome_wide_cytochrome_P450_expansions_in_tr.pdf,html_placeholder
Deltamethrin,Investigating_mosquito_net_durability_for_malaria_control_in_Tanzania___attritio.pdf,html_placeholder
Deltamethrin,Kinetics_and_Novel_Degradation_Pathway_of_Permethrin_in__i_Acinetobacter_baumann.pdf,html_placeholder
Deltamethrin,Microbial_Degradation_of_Pesticide_Residues_and_an_Emphasis_on_the_Degradation_o.pdf,html_placeholder
Deltamethrin,Microbial_transformation_of_the_pyrethroid_insecticides__permethrin__deltamethri.pdf,html_placeholder
Deltamethrin,Mitigation_of_haemato_genotoxic_and_stress_response_effects_in__i_Cyprinus_carpi.pdf,html_placeholder
Deltamethrin,Modification_of_the_existing_maximum_residue_level_for_deltamethrin_in_carobs_Sa.pdf,html_placeholder
Deltamethrin,Modification_of_the_existing_maximum_residue_level_for_deltamethrin_in_cherries_.pdf,html_placeholder
Deltamethrin,Modification_of_the_existing_maximum_residue_level_for_deltamethrin_in_maize_cor.pdf,html_placeholder
Deltamethrin,Nanoencapsulated_deltamethrin_combined_with_indoxacarb__An_effective_synergistic.pdf,html_placeholder
Deltamethrin,Neustonic_versus_epiphytic_bacteria_of_eutrophic_lake_and_their_biodegradation_a.pdf,html_placeholder
Deltamethrin,New_Insights_into_the_Degradation_Path_of_Deltamethrin_.pdf,html_placeholder
Deltamethrin,Novel_Mechanism_and_Kinetics_of_Tetramethrin_Degradation_Using_an_Indigenous__i_.pdf,html_placeholder
Deltamethrin,Olfactory_Learning_Behavior_and_Mortality_of_the_Honey_Bee__i_Apis_mellifera_jem.pdf,html_placeholder
Deltamethrin,Open_Access_Estimation_of_deltamethrin_residues_in_cow_s_and_goat_s_environment_.pdf,html_placeholder
Deltamethrin,Overexpression_of_multiple_cytochrome_P450_genes_with_and_without_knockdown_resi.pdf,html_placeholder
Deltamethrin,Ozone_as_degradation_agent_of_pesticide_residues_in_stored_rice_grains_.pdf,html_placeholder
Deltamethrin,Photodegradation_of_pesticides_using_compound_specific_isotope_analysis__CSIA___.pdf,html_placeholder
Deltamethrin,Protective_Role_of_Bergamot_Polyphenolic_Fraction__BPF__against_Deltamethrin_Tox.pdf,html_placeholder
Deltamethrin,Protective_effect_of_nebivolol_on_rat_ovary_exposed_to_deltamethrin_toxicity_.pdf,html_placeholder
Deltamethrin,Relationship_between_deltamethrin_resistance_and_gut_symbiotic_bacteria_of_Aedes.pdf,html_placeholder
Deltamethrin,Residue_Behaviors_and_Degradation_Dynamics_of_Insecticides_Commonly_Applied_to__.pdf,html_placeholder
Deltamethrin,Ribosomal_protein_S29_regulates_metabolic_insecticide_resistance_through_binding.pdf,html_placeholder
Deltamethrin,Role_of_Insect_Gut_Microbiota_in_Pesticide_Degradation__A_Review_.pdf,html_placeholder
Deltamethrin,Semi_field_evaluation_of_the_bio_efficacy_of_two_different_deltamethrin_formulat.pdf,html_placeholder
Deltamethrin,Simultaneous_biodegradation_of_λ_cyhalothrin_pesticide_and_Vicia_faba_growth_pro.pdf,html_placeholder
Deltamethrin,Soil_bacteria_showing_a_potential_of_chlorpyrifos_degradation_and_plant_growth_e.pdf,html_placeholder
Deltamethrin,Spatial_and_temporal_development_of_deltamethrin_resistance_in_malaria_vectors_o.pdf,html_placeholder
Deltamethrin,Study_of_the_Photocatalytic_Degradation_of_Highly_Abundant_Pesticides_in_Agricul.pdf,html_placeholder
Deltamethrin,Synaptic_synthesis__dephosphorylation__and_degradation__a_novel_paradigm_for_an_.pdf,html_placeholder
Deltamethrin,The_impact_of_novel_bacterial_strains_and_their_consortium_on_diflufenican_degra.pdf,html_placeholder
Deltamethrin,Transcriptional_response_of_rat_frontal_cortex_following_acute_in_vivo_exposure_.pdf,html_placeholder
Deltamethrin,Transcriptional_responses_in_the_hepatopancreas_of_Eriocheir_sinensis_exposed_to.pdf,html_placeholder
Deltamethrin,Trypsin_catalyzed_deltamethrin_degradation_.pdf,html_placeholder
Deltamethrin,Validation_of_a_multi_residue_method_to_determine_deltamethrin_and_alpha_cyperme.pdf,html_placeholder
Deltamethrin,_i_Bacilli___i_Mediated_Degradation_of_Xenobiotic_Compounds_and_Heavy_Metals_.pdf,html_placeholder
Deltamethrin,kdr_mutations_and_deltamethrin_resistance_in_house_flies_in_Abu_Dhabi__UAE_.pdf,html_placeholder
Dicamba,2_4_D_and_dicamba_resistance_mechanisms_in_wild_radish__subtle__complex_and_popu.pdf,html_placeholder
Dicamba,A_Tetrahydrofolate_Dependent_Methyltransferase_Catalyzing_the_Demethylation_of_D.pdf,html_placeholder
Dicamba,A_Three_Component_Enzyme_System_Catalyzes_the_O_Demethylation_of_the_Herbicide_D.pdf,html_placeholder
Dicamba,Bacterial_Dispersal_Promotes_Biodegradation_in_Heterogeneous_Systems_Exposed_to_.pdf,html_placeholder
Dicamba,Biodegradation_effects_of_o_cresol_by__i_Pseudomonas_monteilii__i__SHY_on_mustar.pdf,html_placeholder
Dicamba,Biostimulation_potentials_of_corn_steep_liquor_in_enhanced_hydrocarbon_degradati.pdf,html_placeholder
Dicamba,Cloning_of_a_novel_tetrahydrofolate_dependent_dicamba_demethylase_gene_from_dica.pdf,html_placeholder
Dicamba,Cross_resistance_to_dicamba__2_4_D__and_fluroxypyr_in__i_Kochia_scoparia__i__is_.pdf,html_placeholder
Dicamba,Crystal_structure_of_dicamba_monooxygenase__a_Rieske_nonheme_oxygenase_that_cata.pdf,html_placeholder
Dicamba,Cultivation_and_Genome_Sequencing_of_Bacteria_Isolated_From_the_Coffee_Berry_Bor.pdf,html_placeholder
Dicamba,Degradation_of_dicamba_by_an_anaerobic_consortium_enriched_from_wetland_soil_.pdf,html_placeholder
Dicamba,Dynamics_of_2_4_D_and_Dicamba_Applied_to_Corn_Straw_and_Their_Residual_Action_in.pdf,html_placeholder
Dicamba,Effect_of_dose_and_adjuvant_on_uptake_of_triclopyr_and_dicamba_into__i_Pinus_con.pdf,html_placeholder
Dicamba,Effect_of_propanil__linuron__and_dicamba_on_the_degradation_kinetics_of_2_4_dich.pdf,html_placeholder
Dicamba,Establishment_of_an_indirect_competitive_immunoassay_for_the_detection_of_dicamb.pdf,html_placeholder
Dicamba,Evaluation_of_a_Stable_Isotope_Based_Direct_Quantification_Method_for_Dicamba_An.pdf,html_placeholder
Dicamba,Evaluation_of_a_pre_formulated_post_emergence_herbicide_mixture_of_topramezone_a.pdf,html_placeholder
Dicamba,Functional_analysis__diversity__and_distribution_of_the__i_ean__i__cluster_respo.pdf,html_placeholder
Dicamba,Fungal_biodegradation_of_chlorinated_herbicides__an_overview_with_an_emphasis_on.pdf,html_placeholder
Dicamba,Herbicidal_Ionic_Liquids__A_Promising_Future_for_Old_Herbicides__Review_on_Synth.pdf,html_placeholder
Dicamba,Identification_of_a_chlorosalicylic_acid_decarboxylase__CsaD__involved_in_decarb.pdf,html_placeholder
Dicamba,Investigation_of_the_Persistence__Toxicological_Effects__and_Ecological_Issues_o.pdf,html_placeholder
Dicamba,Liquid_chromatography_with_post_column_reagent_addition_of_ammonia_in_methanol_c.pdf,html_placeholder
Dicamba,Low_Temperature_Reduction_Synthesis_of_γ_Fe_sub_2__sub_O_sub_3_x__sub__biochar_C.pdf,html_placeholder
Dicamba,Microbiology_and_Biochemistry_of_Pesticides_Biodegradation_.pdf,html_placeholder
Dicamba,Mutant_analysis_in_Arabidopsis_provides_insight_into_the_molecular_mode_of_actio.pdf,html_placeholder
Dicamba,Physicochemical_properties__droplet_size_and_volatility_of_dicamba_with_herbicid.pdf,html_placeholder
Dicamba,Quantitative_Modeling_of_the_Degradation_of_Pesticide_Residues_in_Wheat_Flour_Su.pdf,html_placeholder
Dicamba,Roles_of_Two_Glutathione_Dependent_3_6_Dichlorogentisate_Dehalogenases_in_Rhizor.pdf,html_placeholder
Dicamba,Structural_Insights_into_Dihydroxylation_of_Terephthalate__a_Product_of_Polyethy.pdf,html_placeholder
Dicamba,The_Properties_of_5_Methyltetrahydrofolate_Dehydrogenase__MetF1__and_Its_Role_in.pdf,html_placeholder
Dichlobenil,Biodegradation_of_nitriles_in_shale_oil_.pdf,html_placeholder
Dichlobenil,Degradation_and_mineralization_of_nanomolar_concentrations_of_the_herbicide_dich.pdf,html_placeholder
Dichlobenil,Degradation_of_Acetonitrile_by_Pseudomonas_putida_.pdf,html_placeholder
Dichlobenil,Fungal_degradation_of_aromatic_nitriles__Enzymology_of_C_N_cleavage_by_Fusarium_.pdf,html_placeholder
Dichlobenil,Mass_Transfer_Limited_Biodegradation_at_Low_Concentrations_Evidence_from_Reactiv.pdf,html_placeholder
Dichlobenil,Permeation_of_herbicidal_dichlobenil_from_a_Casoron_formulation_through_nitrile_.pdf,html_placeholder
Dichlobenil,Sensitivity_of_Aspergillus_nidulans_to_the_cellulose_synthase_inhibitor_dichlobe.pdf,html_placeholder
Dichlobenil,Toward_Improved_Bioremediation_Strategies__Response_of_BAM_Degradation_Activity_.pdf,html_placeholder
Dichlorvos,A_Comprehensive_Review_of_Multifunctional_Nanozymes_for_Degradation_and_Detectio.pdf,html_placeholder
Dichlorvos,A_Novel_Organophosphorus_Acid_Anhydrolase_from_Deep_Sea_Sediment_with_High_Degra.pdf,html_placeholder
Dichlorvos,A_Review_of_Microalgae__and_Cyanobacteria_Based_Biodegradation_of_Organic_Pollut.pdf,html_placeholder
Dichlorvos,A_VILLAGE_SCALE_TRIAL_WITH_DICHLORVOS_AS_A_RESIDUAL_FUMIGANT_INSECTICIDE_IN_SOUT.pdf,html_placeholder
Dichlorvos,A_review_on_WO_sub_3__sub__photocatalysis_used_for_wastewater_treatment_and_pest.pdf,html_placeholder
Dichlorvos,Advances_in_photocatalytic_degradation_of_organic_pollutants_in_wastewaters__har.pdf,html_placeholder
Dichlorvos,Aerobic_dichlorvos_degradation_by__i_Pseudomonas_stutzeri__i__smk__complete_path.pdf,html_placeholder
Dichlorvos,Assessment_of_the_cytotoxic_and_mutagenic_potential_of_dichlorvos__DDVP__using_i.pdf,html_placeholder
Dichlorvos,Bacterial_Cytochrome_P450_Involvement_in_the_Biodegradation_of_Fluorinated_Pyret.pdf,html_placeholder
Dichlorvos,Characterization_of_a_novel_amidohydrolase_with_promiscuous_esterase_activity_fr.pdf,html_placeholder
Dichlorvos,Contribution_of_insect_gut_microbiota_and_their_associated_enzymes_in_insect_phy.pdf,html_placeholder
Dichlorvos,Defensive_proclivity_of_bacoside_A_and_bromelain_against_oxidative_stress_and_AC.pdf,html_placeholder
Dichlorvos,Degradation_of_Pesticide_Residues_in_Water__Soil__and_Food_Products_via_Cold_Pla.pdf,html_placeholder
Dichlorvos,Degradation_of_a_New_Herbicide_Florpyrauxifen_Benzyl_in_Water__Kinetics__Various.pdf,html_placeholder
Dichlorvos,Degradation_of_progestagens_by_oxidation_with_potassium_permanganate_in_wastewat.pdf,html_placeholder
Dichlorvos,Density_Functional_Theory_Insight_in_Photocatalytic_Degradation_of_Dichlorvos_Us.pdf,html_placeholder
Dichlorvos,Dichlorvos_10.1186_s12864-018-4960-y.pdf,pdf_header
Dichlorvos,Dichlorvos__chlorpyrifos_oxon_and_Aldicarb_adducts_of_butyrylcholinesterase__det.pdf,html_placeholder
Dichlorvos,Dichlorvos_poisoning_caused_chicken_cerebellar_autophagy_and_changes_of_Caecal_m.pdf,html_placeholder
Dichlorvos,Dichlorvos_toxicity__A_public_health_perspective_.pdf,html_placeholder
Dichlorvos,Effect_of_plasma_activated_water_and_buffer_solution_combined_with_ultrasound_on.pdf,html_placeholder
Dichlorvos,Effectiveness_of_ultrasound_and_ultraviolet_irradiation_on_degradation_of_carbar.pdf,html_placeholder
Dichlorvos,Emerging_Technologies_for_Degradation_of_Dichlorvos__A_Review_.pdf,html_placeholder
Dichlorvos,Exploration_of_Quantum_Chemistry_Methods_to_Explain_Mechanism_of_Mechanochemical.pdf,html_placeholder
Dichlorvos,Exploring_the_potent_hydrolytic_activity_of_chitosan_cerium_complex_microspheres.pdf,html_placeholder
Dichlorvos,Field_Assessment_of_Naled_and_Its_Primary_Degradation_Product__Dichlorvos__in_Aq.pdf,html_placeholder
Dichlorvos,Gut_bacteria_of_the_cowpea_beetle_mediate_its_resistance_to_dichlorvos_and_susce.pdf,html_placeholder
Dichlorvos,Impact_of_sonolytic_ozonation__O_sub_3___sub_US__on_degradation_of_pesticide_res.pdf,html_placeholder
Dichlorvos,Intensified_sonochemical_degradation_of_2_Picoline_in_combination_with_advanced_.pdf,html_placeholder
Dichlorvos,Intramuscular_ophthalmic_homatropine_vs__atropine_to_prevent_lethality_in_rates_.pdf,html_placeholder
Dichlorvos,Investigating_the_effect_of_dichlorvos_and_acetamiprid_residues_in_greenhouse_cu.pdf,html_placeholder
Dichlorvos,Laccase_mimicking_Mn_Cu_hybrid_nanoflowers_for_paper_based_visual_detection_of_p.pdf,html_placeholder
Dichlorvos,Mapping_of_20_L_capacity_ultrasonic_reactor_using_cavitation_activity_meter_and_.pdf,html_placeholder
Dichlorvos,Nigrostriatal_neuronal_death_following_chronic_dichlorvos_exposure__crosstalk_be.pdf,html_placeholder
Dichlorvos,Omics_for_understanding_the_tolerant_mechanism_of_Trichoderma_asperellum_TJ01_to.pdf,html_placeholder
Dichlorvos,Oral_Administration_of__i_Lactiplantibacillus_plantarum__i__CCFM8661_Alleviates_.pdf,html_placeholder
Dichlorvos,Pesticide_Use_and_Degradation_Strategies__Food_Safety__Challenges_and_Perspectiv.pdf,html_placeholder
Dichlorvos,Rapid_degradation_of_oseltamivir_phosphate_in_clinical_samples_by_plasma_esteras.pdf,html_placeholder
Dichlorvos,Review_on_Performance_of__i_Aspergillus__i__and__i_Penicillium__i__Species_in_Bi.pdf,html_placeholder
Dichlorvos,Sonochemical_degradation_of_pesticides_in_aqueous_solution__investigation_on_the (1).pdf,html_placeholder
Dichlorvos,Sonochemical_degradation_of_pesticides_in_aqueous_solution__investigation_on_the.pdf,html_placeholder
Dichlorvos,Special_Issue__Microbial_Biodegradation_and_Biotransformation__ (1).pdf,html_placeholder
Dichlorvos,Special_Issue__Microbial_Biodegradation_and_Biotransformation__.pdf,html_placeholder
Dichlorvos,Step_of_dichlorvos_inhibition_in_the_pathway_of_aflatoxin_biosynthesis_ (1).pdf,html_placeholder
Dichlorvos,Step_of_dichlorvos_inhibition_in_the_pathway_of_aflatoxin_biosynthesis_.pdf,html_placeholder
Dichlorvos,Study_on_biodegradation_kinetics_of_di_2_ethylhexyl_phthalate_by_newly_isolated_.pdf,html_placeholder
Dichlorvos,The_Potential_of_Cold_Atmospheric_Pressure_Plasmas_for_the_Direct_Degradation_of.pdf,html_placeholder
Dichlorvos,The_sources__fate__and_toxicity_of_chemical_warfare_agent_degradation_products_.pdf,html_placeholder
Dichlorvos,_lt_i_gt_Andrographis_paniculata_lt__i_gt__aqueous_extract_exhibits_cardioprotec.pdf,html_placeholder
Dicofol,A_refined_method_for_analysis_of_4_4__dicofol_and_4_4__dichlorobenzophenone_.pdf,html_placeholder
Dicofol,Biodegradation_of_DDT__1_1_1_trichloro_2_2_bis_4_chlorophenyl_ethane__by_the_whi.pdf,html_placeholder
Dicofol,Burning_question__Rethinking_organohalide_degradation_strategy_for_bioremediatio.pdf,html_placeholder
Dicofol,Degradation_of_endrin__aldrin__and_DDT_by_soil_microorganisms_.pdf,html_placeholder
Dicofol,Differential_Bioaccumulation_Patterns_of_α__β_Hexachlorobenzene_and_Dicofol_in_A.pdf,html_placeholder
Dicofol,Impact_of_sonolytic_ozonation__O_sub_3___sub_US__on_degradation_of_pesticide_res.pdf,html_placeholder
Dicofol,Microbial_Degradation_of_Pesticide_Residues_and_an_Emphasis_on_the_Degradation_o.pdf,html_placeholder
Dicofol,Sonochemical_degradation_of_pesticides_in_aqueous_solution__investigation_on_the.pdf,html_placeholder
Dicofol,Spontaneous_In_Source_Fragmentation_Reaction_Mechanism_and_Highly_Sensitive_Anal.pdf,html_placeholder
Dicofol,Study_of_the_Photocatalytic_Degradation_of_Highly_Abundant_Pesticides_in_Agricul.pdf,html_placeholder
Dicofol,Targeted_review_of_maximum_residue_levels__MRLs__for_dicofol_ (1).pdf,html_placeholder
Dicofol,Targeted_review_of_maximum_residue_levels__MRLs__for_dicofol_.pdf,html_placeholder
Dicofol,The_degradation_of_residual_pesticides_and_the_quality_of_white_clover_silage_ar.pdf,html_placeholder
Dieldrin,A_review_on_WO_sub_3__sub__photocatalysis_used_for_wastewater_treatment_and_pest.pdf,html_placeholder
Dieldrin,Aldrin_and_dieldrin__a_review_of_research_on_their_production__environmental_dep.pdf,html_placeholder
Dieldrin,An_invertebrate_model_of_the_developmental_neurotoxicity_of_insecticides__effect.pdf,html_placeholder
Dieldrin,Bacterial_degradation_of_aromatic_compounds_.pdf,html_placeholder
Dieldrin,Biodegradability_and_biodegradation_pathways_of_chlorinated_cyclodiene_insectici.pdf,html_placeholder
Dieldrin,Biodegradation_of_DDT__1_1_1_trichloro_2_2_bis_4_chlorophenyl_ethane__by_the_whi.pdf,html_placeholder
Dieldrin,Biodegradation_of_atrazine_and_ligninolytic_enzyme_production_by_basidiomycete_s.pdf,html_placeholder
Dieldrin,Biodegradation_of_pesticide_in_agricultural_soil_employing_entomopathogenic_fung.pdf,html_placeholder
Dieldrin,Biodegradation_of_α_endosulfan_via_hydrolysis_pathway_by_Stenotrophomonas_maltop.pdf,html_placeholder
Dieldrin,Characterizations_of_novel_pesticide_degrading_bacterial_strains_from_industrial.pdf,html_placeholder
Dieldrin,Comparative_biodegradation_of_alkyl_halide_insecticides_by_the_white_rot_fungus_.pdf,html_placeholder
Dieldrin,Conserved_Metabolic_and_Evolutionary_Themes_in_Microbial_Degradation_of_Carbamat.pdf,html_placeholder
Dieldrin,Contribution_of_insect_gut_microbiota_and_their_associated_enzymes_in_insect_phy.pdf,html_placeholder
Dieldrin,Degradation_and_Extraction_of_Organochlorine_Pollutants_from_Environmental_Solid.pdf,html_placeholder
Dieldrin,Degradation_and_conversion_of_endosulfan_by_newly_isolated_Pseudomonas_mendocina.pdf,html_placeholder
Dieldrin,Degradation_of_endrin__aldrin__and_DDT_by_soil_microorganisms_.pdf,html_placeholder
Dieldrin,Degradation_study_of_lindane_by_novel_strains__i_Kocuria__i__sp__DAB_1Y_and__i_S.pdf,html_placeholder
Dieldrin,Determination_of_Median_Lethal_Concentration__LC_sub_50__sub___for_Endosulfan__H.pdf,html_placeholder
Dieldrin,Development_of_a_UPLC_MS_MS_method_for_pesticide_analysis_in_paddy_water_and_eva.pdf,html_placeholder
Dieldrin,Developmental_exposure_to_the_organochlorine_pesticide_dieldrin_causes_male_spec.pdf,html_placeholder
Dieldrin,Dieldrin_exposure_induces_oxidative_damage_in_the_mouse_nigrostriatal_dopamine_s.pdf,html_placeholder
Dieldrin,Epoxidation_of_aldrin_to_exo_dieldrin_by_soil_bacteria_.pdf,html_placeholder
Dieldrin,Fenton_Mediated_Biodegradation_of_Chlorendic_Acid___A_Highly_Chlorinated_Organic.pdf,html_placeholder
Dieldrin,Functional_profiling_discovers_the_dieldrin_organochlorinated_pesticide_affects_.pdf,html_placeholder
Dieldrin,Identification_and_degradation_characteristics_of_Bacillus_cereus_strain_WD_2_is.pdf,html_placeholder
Dieldrin,Influence_of__i_Bacillus_subtilis__i__and__i_Trichoderma_harzianum__i__on_Penthi.pdf,html_placeholder
Dieldrin,Influence_of_a_Commercial_Biological_Fungicide_containing__i_Trichoderma_harzian.pdf,html_placeholder
Dieldrin,Lignin_degradation_and_nutrient_cycling_by_white_rot_fungi_under_the_influence_o.pdf,html_placeholder
Dieldrin,Microbial_Degradation_of_Aldrin_and_Dieldrin__Mechanisms_and_Biochemical_Pathway.pdf,html_placeholder
Dieldrin,Microbial_co_metabolism_and_the_degradation_of_organic_compounds_in_nature_.pdf,html_placeholder
Dieldrin,Modeling_of_gene_expression_pattern_alteration_by_p_p__DDE_and_dieldrin_in_large.pdf,html_placeholder
Dieldrin,Overexpression_of_alpha_synuclein_at_non_toxic_levels_increases_dopaminergic_cel.pdf,html_placeholder
Dieldrin,Partial_hydrolysis_of_dieldrin_by_Aerobacter_aerogenes_.pdf,html_placeholder
Dieldrin,Persistence_and_changes_in_bioavailability_of_dieldrin__DDE__and_heptachlor_epox.pdf,html_placeholder
Dieldrin,Pesticides_and_breast_cancer_risk__a_review_of_DDT__DDE__and_dieldrin_.pdf,html_placeholder
Dieldrin,Plant_associated_bacterial_degradation_of_toxic_organic_compounds_in_soil_.pdf,html_placeholder
Dieldrin,Reasons_for_possible_failure_of_inoculation_to_enhance_biodegradation_.pdf,html_placeholder
Dieldrin,Review_on_Performance_of__i_Aspergillus__i__and__i_Penicillium__i__Species_in_Bi.pdf,html_placeholder
Dieldrin,Studies_on_the_bioaccumulation_and_microbial_degradation_of_2_3_7_8_tetrachlorod.pdf,html_placeholder
Dieldrin,Study_on_the_biodegradation_of_persistent_organic_pollutants__POPs__.pdf,html_placeholder
Dieldrin,Survey_of_the_anaerobic_biodegradation_potential_of_organic_chemicals_in_digesti.pdf,html_placeholder
Dieldrin,The_pesticide_dieldrin_disrupts_proteins_related_to_oxidative_respiration_and_mi.pdf,html_placeholder
Dieldrin,The_pesticides_endosulfan__toxaphene__and_dieldrin_have_estrogenic_effects_on_hu.pdf,html_placeholder
Dieldrin,The_sources__fate__and_toxicity_of_chemical_warfare_agent_degradation_products_.pdf,html_placeholder
Dieldrin,_i_Bacilli___i_Mediated_Degradation_of_Xenobiotic_Compounds_and_Heavy_Metals_.pdf,html_placeholder
Difenoconazole,A_Cheminformatics_Study_Regarding_the_Human_Health_Risks_Assessment_of_the_Stere.pdf,html_placeholder
Difenoconazole,Antifungal_Activity_of_Difenoconazole_Loaded_Microcapsules_against__i_Curvularia.pdf,html_placeholder
Difenoconazole,Bioaccessibility_of_Difenoconazole_in_Rice_Following_Industry_Standard_Processin.pdf,html_placeholder
Difenoconazole,Biodegradation_of_phenol_contaminated_soil_and_plant_growth_promotion_by__i_Myro.pdf,html_placeholder
Difenoconazole,Cellulose_Based_Hectocycle_Nanopolymers__Synthesis__Molecular_Docking_and_Adsorp.pdf,html_placeholder
Difenoconazole,Combination_of__i_Bacillus_tequilensis__i__with_difenoconazole_to_control_pear_b.pdf,html_placeholder
Difenoconazole,Degradation_of_Triazole_Fungicides_by_Plant_Growth_Promoting_Bacteria_from_Conta.pdf,html_placeholder
Difenoconazole,Difenoconazole_Degradation_by_Novel_Microbial_Consortium_TA01__Metabolic_Pathway.pdf,html_placeholder
Difenoconazole,Difenoconazole_Exposure_Induces_Retinoic_Acid_Signaling_Dysregulation_and_Testic.pdf,html_placeholder
Difenoconazole,Effect_of_plasma_activated_water_and_buffer_solution_combined_with_ultrasound_on.pdf,html_placeholder
Difenoconazole,Effect_of_tank_mixed_adjuvant_on_the_behavior_of_chlorantraniliprole_and_difenoc.pdf,html_placeholder
Difenoconazole,Effects_of_Difenoconazole_and_Imidacloprid_Seed_Coatings_on_Soil_Microbial_Commu.pdf,html_placeholder
Difenoconazole,Fungicide_Difenoconazole_Induced_Biochemical_and_Developmental_Toxicity_in_Wheat.pdf,html_placeholder
Difenoconazole,Gut_microbiota_composition_and_gene_expression_changes_induced_in_the__i_Apis_ce.pdf,html_placeholder
Difenoconazole,Immobilization_of__lt_i_gt_Acinetobacter_lt__i_gt__sp__A_1_and_Applicability_in_.pdf,html_placeholder
Difenoconazole,Modification_of_the_existing_maximum_residue_levels_for_difenoconazole_in_leafy_.pdf,html_placeholder
Difenoconazole,Modification_of_the_existing_maximum_residue_levels_for_difenoconazole_in_wheat_.pdf,html_placeholder
Difenoconazole,Peer_review_of_the_pesticide_risk_assessment_for_the_active_substance_difenocona.pdf,html_placeholder
Difenoconazole,Quantitative_Modeling_of_the_Degradation_of_Pesticide_Residues_in_Wheat_Flour_Su.pdf,html_placeholder
Difenoconazole,Residue_Degradation_and_Risk_Assessment_of_Difenoconazole_and_Its_Metabolite_dur.pdf,html_placeholder
Difenoconazole,Review_of_the_existing_maximum_residue_levels_for_difenoconazole_according_to_Ar.pdf,html_placeholder
Difenoconazole,Review_on_Performance_of__i_Aspergillus__i__and__i_Penicillium__i__Species_in_Bi.pdf,html_placeholder
Difenoconazole,Toxicity_of_Difenoconazole_and_Atrazine_and_Their_Photodegradation_Products_on_A.pdf,html_placeholder
Difenoconazole,Toxicity_of_the_Pesticides_Imidacloprid__Difenoconazole_and_Glyphosate_Alone_and.pdf,html_placeholder
Difenoconazole,Use_of_Transcriptomics_to_Reveal_the_Joint_Immunotoxicity_Mechanism_Initiated_by.pdf,html_placeholder
Diflubenzuron,Activity_of_meadowfoam__Limnanthes_alba__seed_meal_glucolimnanthin_degradation_p.pdf,html_placeholder
Diflubenzuron,Aerobic_Degradation_of_Clothianidin_to_2_Chloro_methyl_Thiazole_and_Methyl_3__Th.pdf,html_placeholder
Diflubenzuron,Anaerobic_biodegradation_of_2_4_dichlorophenol_in_freshwater_lake_sediments_at_d.pdf,html_placeholder
Diflubenzuron,Anaerobic_biodegradation_of_chlorophenols_in_fresh_and_acclimated_sludge_.pdf,html_placeholder
Diflubenzuron,Characterization_of_a_chitin_synthase_encoding_gene_and_effect_of_diflubenzuron_.pdf,html_placeholder
Diflubenzuron,Characterization_of_a_novel_amidohydrolase_with_promiscuous_esterase_activity_fr.pdf,html_placeholder
Diflubenzuron,Chitin_Synthesis_and_Degradation_in_Crustaceans__A_Genomic_View_and_Application_.pdf,html_placeholder
Diflubenzuron,Degradation_of_4_fluorobiphenyl_by_mycorrhizal_fungi_as_determined_by__19_F_nucl.pdf,html_placeholder
Diflubenzuron,Diflubenzuron_Induces_Cardiotoxicity_in_Zebrafish_Embryos_.pdf,html_placeholder
Diflubenzuron,Efficacy_of_three_formulations_of_diflubenzuron__an_insect_growth_regulator__aga.pdf,html_placeholder
Diflubenzuron,Evaluation_of_the_safe_use_and_dietary_risk_of_beta_cypermethrin__pyriproxyfen__.pdf,html_placeholder
Diflubenzuron,Genomic_and_proteomic_studies_on_the_effects_of_the_insect_growth_regulator_difl.pdf,html_placeholder
Diflubenzuron,Microbial_Degradation_of_Pesticide_Residues_and_an_Emphasis_on_the_Degradation_o.pdf,html_placeholder
Diflubenzuron,Photodegradation_of_pesticides_using_compound_specific_isotope_analysis__CSIA___.pdf,html_placeholder
Diflubenzuron,Residue_Behaviors_and_Degradation_Dynamics_of_Insecticides_Commonly_Applied_to__.pdf,html_placeholder
Diflubenzuron,Some_Effects_of_Diflubenzuron_on_Growth_and_Sporogenesis_in_Streptomyces_spp_.pdf,html_placeholder
Dimethenamid-P,Dynamics of the Degradation of Acetyl-CoA Carboxylase Herbicides in Vegetables..pdf,pdf_header
Dimethenamid-P,"Fungal biodegradation of chlorinated herbicides an overview with an emphasis on 2,4-D in Argentina..pdf",pdf_header
Dimethenamid-P,Peer review of the pesticide risk assessment of the active substance dimethenamid-P..pdf,pdf_header
Dimethipin,Development of an enhanced analytical method utilizing pepper matrix as an analyte protectant for sensitive GCâ€’MSMS detection of dimethipin in animal-based food products..pdf,pdf_header
Dimethoate,A_Comprehensive_Review_of_Multifunctional_Nanozymes_for_Degradation_and_Detectio.pdf,html_placeholder
Dimethoate,A_Novel_Molecularly_Imprinted_Quartz_Crystal_Microbalance_Sensor_Based_on_Erbium.pdf,html_placeholder
Dimethoate,Adsorption_and_Photocatalytic_Degradation_of_Pesticides_into_Nanocomposites__A_R.pdf,html_placeholder
Dimethoate,Aerobic_Degradation_of_Clothianidin_to_2_Chloro_methyl_Thiazole_and_Methyl_3__Th.pdf,html_placeholder
Dimethoate,Biodegradation_of_nitenpyram__neonicotinoid_insecticide__by_endophytic_bacterium.pdf,html_placeholder
Dimethoate,Biodegradation_of_propiconazole_by_newly_isolated_Burkholderia_sp__strain_BBK_9_.pdf,html_placeholder
Dimethoate,Characterization_of_a_novel_amidohydrolase_with_promiscuous_esterase_activity_fr.pdf,html_placeholder
Dimethoate,Combinations_of_cypermethrin_and_dimethoate_alter_behavior__hematology_and_histo.pdf,html_placeholder
Dimethoate,Degradation_of_Acephate_and_Its_Intermediate_Methamidophos__Mechanisms_and_Bioch.pdf,html_placeholder
Dimethoate,Degradation_of_Pesticide_Residues_in_Water__Soil__and_Food_Products_via_Cold_Pla.pdf,html_placeholder
Dimethoate,Degradation_of_four_pesticides_in_five_urban_landscape_soils__human_and_environm.pdf,html_placeholder
Dimethoate,Dissipation_Pattern__Processing_Factors__and_Safety_Evaluation_for_Dimethoate_an.pdf,html_placeholder
Dimethoate,Effect_of_dimethoate_on_the_developmental_rate_of_forensic_importance_Calliphori.pdf,html_placeholder
Dimethoate,Efficient_biodegradation_of_acephate_by__i_Pseudomonas_pseudoalcaligenes__i__PS_.pdf,html_placeholder
Dimethoate,Functional_profiling_of_the_rhizospheric_Exiguobacterium_sp__for_dimethoate_degr.pdf,html_placeholder
Dimethoate,Gene_expression_responses_linked_to_reproduction_effect_concentrations__EC_10_20.pdf,html_placeholder
Dimethoate,Hematological_changes_in_the_blood_of_experimental_male_and_female_albino_rats_o.pdf,html_placeholder
Dimethoate,How_Well_Do_Our_Adsorbents_Actually_Perform__The_Case_of_Dimethoate_Removal_Usin.pdf,html_placeholder
Dimethoate,Impact_of_sonolytic_ozonation__O_sub_3___sub_US__on_degradation_of_pesticide_res.pdf,html_placeholder
Dimethoate,In_Silico_Design__Synthesis_and_Evaluation_of_a_Nanostructured_Hydrogel_as_a_Dim.pdf,html_placeholder
Dimethoate,Kinetic_Study_of_the_Biodegradation_of_Acephate_by_Indigenous_Soil_Bacterial_Iso.pdf,html_placeholder
Dimethoate,Mechanism_and_toxicity_assessment_of_carbofuran_degradation_by_persulfate_based_.pdf,html_placeholder
Dimethoate,Metabolic_Profiling_and_Comparative_Proteomic_Insight_in_Respect_of_Amidases_dur.pdf,html_placeholder
Dimethoate,Microbial_Degradation_of_Pesticide_Residues_and_an_Emphasis_on_the_Degradation_o.pdf,html_placeholder
Dimethoate,Microbial_degradation_of_halogenated_aromatics__molecular_mechanisms_and_enzymat.pdf,html_placeholder
Dimethoate,Microbial_paracetamol_degradation_involves_a_high_diversity_of_novel_amidase_enz.pdf,html_placeholder
Dimethoate,Microbiology_and_Biochemistry_of_Pesticides_Biodegradation_.pdf,html_placeholder
Dimethoate,Peer_review_of_the_pesticide_risk_assessment_of_the_active_substance_dimethoate_.pdf,html_placeholder
Dimethoate,Pesticide_Use_and_Degradation_Strategies__Food_Safety__Challenges_and_Perspectiv.pdf,html_placeholder
Dimethoate,Plasmid_mediated_dimethoate_degradation_by_Bacillus_licheniformis_isolated_from_.pdf,html_placeholder
Dimethoate,Protective_Effects_of_Quercetin_against_Dimethoate_Induced_Cytotoxicity_and_Geno.pdf,html_placeholder
Dimethoate,Rapid_Degradation_of_Rhodamine_B_through_Visible_Photocatalytic_Advanced_Oxidati.pdf,html_placeholder
Dimethoate,Rapid_Detection_of_Dimethoate_in_Soybean_Samples_by_Microfluidic_Paper_Chips_Bas.pdf,html_placeholder
Dimethoate,Residual_dynamics_and_dietary_exposure_risk_of_dimethoate_and_its_metabolite_in_.pdf,html_placeholder
Dimethoate,Review_on_Performance_of__i_Aspergillus__i__and__i_Penicillium__i__Species_in_Bi.pdf,html_placeholder
Dimethoate,Role_of_Insect_Gut_Microbiota_in_Pesticide_Degradation__A_Review_.pdf,html_placeholder
Dimethoate,Screening_for__i_Lactobacillus_plantarum__i__Strains_That_Possess_Organophosphor.pdf,html_placeholder
Dimethoate,Sonochemical_degradation_of_pesticides_in_aqueous_solution__investigation_on_the.pdf,html_placeholder
Dimethoate,Special_Issue__Microbial_Biodegradation_and_Biotransformation__.pdf,html_placeholder
Dimethoate,Study_of_the_Photocatalytic_Degradation_of_Highly_Abundant_Pesticides_in_Agricul.pdf,html_placeholder
Dimethoate,The_Hidden_Legacy_of_Dimethoate__Clay_Binding_Effects_on_Decreasing_Long_Term_Re.pdf,html_placeholder
Dimethoate,Toxicity_evaluation_and_degradation_of_cypermethrin_contaminated_soil_using_bioc.pdf,html_placeholder
Dimethoate,Viscose_Derived_Activated_Carbons_Fibers_as_Highly_Efficient_Adsorbents_for_Dime.pdf,html_placeholder
Dimethomorph,Attenuation_and_soil_biodegradation_of_fungicides_by_using_vegetated_buffer_stri.pdf,html_placeholder
Dimethomorph,Co_exposure_of_dimethomorph_and_imidacloprid__effects_on_soil_bacterial_communit.pdf,html_placeholder
Dimethomorph,Degradation_strategies_of_pesticide_residue__From_chemicals_to_synthetic_biology.pdf,html_placeholder
Dimethomorph,Dissipation_and_Safety_Analysis_of_Dimethomorph_Application_in_Lychee_by_High_Pe.pdf,html_placeholder
Dimethomorph,Peer_review_of_the_pesticide_risk_assessment_of_the_active_substance_dimethomorp.pdf,html_placeholder
Dinocap,Degradation of dinocap in three German soils..pdf,pdf_header
Dinocap,Evaluation of the confirmatory data following the Article 12 MRL review for meptyldinocap (DE-126) and modification of the existing maximum residue levels in table and wine grapes..pdf,pdf_header
Dinocap,Optimization of diazinon biodegradation from aqueous solutions by Saccharomyces cerevisiae using response surface methodology..pdf,pdf_header
Dinocap,"Persistence and dissipation study of azoxystrobin, buprofezin, dinocap and hexaconazole on mango (Mangifera indica L.)..pdf",pdf_header
Dinocap,Review of the existing maximum residue levels for meptyldinocap (DE-126) according to Article 12 of Regulation (EC) No 3962005..pdf,pdf_header
Dinotefuran,A_Critical_Review_on_Metal_Organic_Frameworks_and_Their_Composites_as_Advanced_M.pdf,html_placeholder
Dinotefuran,Adsorption_and_Photocatalytic_Degradation_of_Pesticides_into_Nanocomposites__A_R.pdf,html_placeholder
Dinotefuran,Adverse_outcome_pathway_based_assessment_of_pulmonary_toxicity_from_the__i_in_vi.pdf,html_placeholder
Dinotefuran,Biodegradation_and_Metabolic_Pathway_of_the_Neonicotinoid_Insecticide_Thiamethox.pdf,html_placeholder
Dinotefuran,Biodegradation_of_nitenpyram__neonicotinoid_insecticide__by_endophytic_bacterium.pdf,html_placeholder
Dinotefuran,Biodegradation_of_pesticide_in_agricultural_soil_employing_entomopathogenic_fung.pdf,html_placeholder
Dinotefuran,Contribution_of_insect_gut_microbiota_and_their_associated_enzymes_in_insect_phy.pdf,html_placeholder
Dinotefuran,Degradation_of_Neonicotinoids_and_Caffeine_from_Surface_Water_by_Photolysis_.pdf,html_placeholder
Dinotefuran,Development_of_Green_and_Facile_Sample_Preparation_Method_for_Determination_of_S.pdf,html_placeholder
Dinotefuran,Dissipation_Kinetics_and_Risk_Assessment_of_Diniconazole__Dinotefuran__Metconazo.pdf,html_placeholder
Dinotefuran,Dissipation_and_Residue_Pattern_of_Dinotefuran__Fluazinam__Indoxacarb__and_Thiac.pdf,html_placeholder
Dinotefuran,Effects_of_Dinotefuran_on_Brain_miRNA_Expression_Profiles_in_Young_Adult_Honey_B.pdf,html_placeholder
Dinotefuran,Evaluation_of_the_Toxicity_and_Sublethal_Effects_of_Acetamiprid_and_Dinotefuran_.pdf,html_placeholder
Dinotefuran,Identification_of_long_noncoding_RNAs_reveals_the_effects_of_dinotefuran_on_the_.pdf,html_placeholder
Dinotefuran,Impurity_Profiling_of_Dinotefuran_by_High_Resolution_Mass_Spectrometry_and_SIRIU.pdf,html_placeholder
Dinotefuran,Insights_Into_the_Microbial_Degradation_and_Biochemical_Mechanisms_of_Neonicotin.pdf,html_placeholder
Dinotefuran,Insights_into_the_Toxicity_and_Degradation_Mechanisms_of_Imidacloprid_Via_Physic.pdf,html_placeholder
Dinotefuran,Integrated_Electrochemical_Oxidation_and_Biodegradation_for_Remediation_of_a_Neo.pdf,html_placeholder
Dinotefuran,Magnetic_β_Cyclodextrin_Nanosponges_for_Potential_Application_in_the_Removal_of_.pdf,html_placeholder
Dinotefuran,Microbial_Technologies_Employed_for_Biodegradation_of_Neonicotinoids_in_the_Agro.pdf,html_placeholder
Dinotefuran,Photo_degradation_dynamics_of_five_neonicotinoids__Bamboo_vinegar_as_a_synergist.pdf,html_placeholder
Dinotefuran,Removal_of_Dinotefuran__Thiacloprid__and_Imidaclothiz_Neonicotinoids_in_Water_Us.pdf,html_placeholder
Dinotefuran,Role_of_Insect_Gut_Microbiota_in_Pesticide_Degradation__A_Review_.pdf,html_placeholder
Dinotefuran,The_Degradation_Process_of_Typical_Neonicotinoid_Insecticides_in_Tidal_Streams_i.pdf,html_placeholder
Diphenylamine,1_6_α_L_Fucosidases_from__i_Bifidobacterium_longum__i__subsp___i_infantis__i__AT.pdf,html_placeholder
Diphenylamine,3_Chlorodiphenylamine_activates_cardiac_troponin_by_a_mechanism_distinct_from_be.pdf,html_placeholder
Diphenylamine,Adsorption_of_DNA_to_sand_and_variable_degradation_rates_of_adsorbed_DNA_.pdf,html_placeholder
Diphenylamine,Anomalous_efficiency_elevation_of_quantum_dot_light_emitting_diodes_induced_by_o.pdf,html_placeholder
Diphenylamine,Bifidobacterium_bifidum_lacto_N_biosidase__a_critical_enzyme_for_the_degradation.pdf,html_placeholder
Diphenylamine,Biodegradation_of_glyceryl_trinitrate_by_Penicillium_corylophilum_Dierckx_.pdf,html_placeholder
Diphenylamine,Biodegradation_of_glycidol_and_glycidyl_nitrate_.pdf,html_placeholder
Diphenylamine,Characterization_of_Novel_Pectinolytic_Enzymes_Derived_from_the_Efficient_Lignoc.pdf,html_placeholder
Diphenylamine,Characterization_of_Two_α_l_Arabinofuranosidases_from__i_Acetivibrio_mesophilus_.pdf,html_placeholder
Diphenylamine,Cometabolic_transformation_and_cleavage_of_nitrodiphenylamines_by_three_newly_is.pdf,html_placeholder
Diphenylamine,Comparative_Study_of_Iminodibenzyl_and_Diphenylamine_Derivatives_as_Hole_Transpo.pdf,html_placeholder
Diphenylamine,Control_Strategies_of_Plastic_Biodegradation_through_Adjusting_Additives_Ratios_.pdf,html_placeholder
Diphenylamine,DEGRADATION_OF_DEOXYRIBONUCLEIC_ACID_AND_ALTERATION_NUCLEIC_ACID_METABOLISM_IN_S.pdf,html_placeholder
Diphenylamine,Degradation_of_G_M1__and_G_M2__by_mammalian_sialidases_.pdf,html_placeholder
Diphenylamine,Degradation_of_N_nitrosamines_by_intestinal_bacteria_.pdf,html_placeholder
Diphenylamine,Degradation_of_formaldehyde_aqueous_solution_by_Bi_based_catalyst_and_its_activi.pdf,html_placeholder
Diphenylamine,Degradation_of_vinyl_acetate_by_soil__sewage__sludge__and_the_newly_isolated_aer.pdf,html_placeholder
Diphenylamine,Dinuclear_Copper_II__Complexes_of_2_6_Bis___lt_i_gt_N_lt__i_gt__Methylpiperazine.pdf,html_placeholder
Diphenylamine,EXCRETION_AND_DEGRADATION_OF_RIBONUCLEIC_ACID_BY_BACILLUS_SUBTILIS_.pdf,html_placeholder
Diphenylamine,Extracellular_synthesis__specific_recognition__and_intracellular_degradation_of_.pdf,html_placeholder
Diphenylamine,Formation_Features_of_Hybrid_Nanocomposites_Based_on_Polydiphenylamine_2_Carboxy.pdf,html_placeholder
Diphenylamine,Genomic__Transcriptomic_and_Suspect_Non_Target_Screening_Analyses_Reveal_the_Rol (1).pdf,html_placeholder
Diphenylamine,Heterologous_expression_and_characterization_of_xylose_tolerant_GH_43_family_β_x.pdf,html_placeholder
Diphenylamine,Impact_of_Electrostatic_Discharge_on_the_Degradation_from_Pixel_to_Panel_Level_o.pdf,html_placeholder
Diphenylamine,Insights_into_Chitin_Degradation_Potential_of__i_Shewanella_khirikhana__i__JW44_.pdf,html_placeholder
Diphenylamine,Isolation_of_certain_oligonucleotides_obtained_by_degradation_of_deoxyribonuclei.pdf,html_placeholder
Diphenylamine,Lifetime_elongation_of_quantum_dot_light_emitting_diodes_by_inhibiting_the_degra.pdf,html_placeholder
Diphenylamine,Macromolecular_synthesis_and_degradation_in_Arthrobacter_during_periods_of_nutri.pdf,html_placeholder
Diphenylamine,Metabolic_and_Evolutionary_Insights_in_the_Transformation_of_Diphenylamine_by_a_.pdf,html_placeholder
Diphenylamine,Microbial_degradation_of_contaminants_of_emerging_concern__metabolic__genetic_an.pdf,html_placeholder
Diphenylamine,Non_Catalytic_Domains_of_Glycoside_Hydrolase_Family_5_from__lt_i_gt_Paenibacillu.pdf,html_placeholder
Diphenylamine,One_step_synthesis__characterization_and_properties_of_novel_hybrid_electromagne.pdf,html_placeholder
Diphenylamine,Onset_of_ribosome_degradation_during_cessation_of_growth_in_BHK_21_C13_cells_.pdf,html_placeholder
Diphenylamine,Optimization_of_Degradation_Conditions_with_PRG__a_Polysaccharide_from__i_Phelli.pdf,html_placeholder
Diphenylamine,Patulin_Biodegradation_Mechanism_Study_in__lt_i_gt_Pichia_guilliermondii_lt__i_g.pdf,html_placeholder
Diphenylamine,Precolumn_Derivatization_High_Performance_Liquid_Chromatography_for_Determinatio.pdf,html_placeholder
Diphenylamine,Purification__Characterization__and_Immobilization_of_a_Novel_Protease_Resistant.pdf,html_placeholder
Diphenylamine,Recombinant_expression_and_characterization_of_the_endochitinase_Chit36_TA_from_.pdf,html_placeholder
Diphenylamine,Reduction_of_Nitrated_Diphenylamine_Derivatives_under_Anaerobic_Conditions_.pdf,html_placeholder
Diphenylamine,Ribosomal_RNA_metabolism_during_renal_hypertrophy__Evidence_of_decreased_degrada.pdf,html_placeholder
Diphenylamine,Role_of_apurinic_sites_in_the_resistance_of_methylated_oligodeoxyribonucleotides.pdf,html_placeholder
Diphenylamine,Selective_degradation_of_thymidine_and_thymine_deoxynucleotides_.pdf,html_placeholder
Diphenylamine,Shutoff_of_host_RNA_synthesis_in_bacteriophage_T4_infected_Escherichia_coli_in_t.pdf,html_placeholder
Diphenylamine,Spectrophotometric_study_of_the_excretion_products_of_mepacrine_compared_with_sy.pdf,html_placeholder
Diphenylamine,Stability_of_pyrimidine_oligodeoxyribonucleotides_released_during_degradation_of.pdf,html_placeholder
Diphenylamine,Stable_luminescent_diphenylamine_biphenylmethyl_radicals_with_α_type_D_lt_sub_gt.pdf,html_placeholder
Diphenylamine,Strategies_to_Preserve_Postharvest_Quality_of_Horticultural_Crops_and_Superficia.pdf,html_placeholder
Diphenylamine,Synergistic_Ag_g_C_sub_3__sub_N_sub_4__sub__H_sub_2__sub_O_sub_2__sub__System_fo.pdf,html_placeholder
Diphenylamine,Synergistic_Multisystem_Photocatalytic_Degradation_of_Anionic_and_Cationic_Dyes_.pdf,html_placeholder
Diphenylamine,The_Photoluminescence_and_Vibrational_Properties_of_Black_Phosphorous_Sheets_Che.pdf,html_placeholder
Diphenylamine,Thermally_induced_ribonucleic_acid_degradation_and_leakage_of_substances_from_th.pdf,html_placeholder
Diphenylamine,Two_types_of_microorganisms_isolated_from_petroleum_hydrocarbon_pollutants__Degr.pdf,html_placeholder
Diquat,Absorption_and_excretion_of_diquat_and_paraquat_in_rats_.pdf,html_placeholder
Diquat,Analysis_of_Human_microRNA_Expression_Profiling_During_Diquat_Induced_Renal_Prox.pdf,html_placeholder
Diquat,Biodegradation_Capabilities_of_Paraquat_Degrading_Bacteria_Immobilized_on_Nanoce.pdf,html_placeholder
Diquat,Comparison_of_the_aquatic_toxicity_of_diquat_and_its_metabolites_to_zebrafish_Da.pdf,html_placeholder
Diquat,Curcumin_alleviates_cecal_oxidative_injury_in_diquat_induced_broilers_by_regulat.pdf,html_placeholder
Diquat,Diquat_Determines_a_Deregulation_of_lncRNA_and_mRNA_Expression_in_the_Liver_of_P.pdf,html_placeholder
Diquat,Diquat_Induces_Cell_Death_and_dopamine_Neuron_Loss_via_Reactive_Oxygen_Species_G.pdf,html_placeholder
Diquat,Diquat_induced_oxidative_stress_increases_intestinal_permeability__impairs_mitoc.pdf,html_placeholder
Diquat,Effects_of_Acute_Diquat_Poisoning_on_Liver_Mitochondrial_Apoptosis_and_Autophagy.pdf,html_placeholder
Diquat,Effects_of_sorption_on_biological_degradation_rates_of__2_4_dichlorophenoxy__ace.pdf,html_placeholder
Diquat,Effects_of_the_Vitamin_D3_on_Alleviating_the_Oxidative_Stress_Induced_by_Diquat_.pdf,html_placeholder
Diquat,Evaluation_of_confirmatory_data_following_the_Article_12_MRL_review_for_diquat_.pdf,html_placeholder
Diquat,Exposure_Impacts_of_Diquat_dibromide_herbicide_formulation_on_amphibian_larval_d.pdf,html_placeholder
Diquat,Genetic_Mechanism_of_Non_Targeted_Site_Resistance_to_Diquat_in__i_Spirodela_poly.pdf,html_placeholder
Diquat,Imaging_Findings_and_Toxicological_Mechanisms_of_Nervous_System_Injury_Caused_by.pdf,html_placeholder
Diquat,L_tryptophan_Enhances_Intestinal_Integrity_in_Diquat_Challenged_Piglets_Associat.pdf,html_placeholder
Diquat,Mechanism_of_biodegradation_of_paraquat_by_Lipomyces_starkeyi_.pdf,html_placeholder
Diquat,Microbial_metabolism_of_the_pyridine_ring__Formation_of_pyridinediols__dihydroxy.pdf,html_placeholder
Diquat,Multi_Omics_Analyses_Reveal_the_Mechanisms_of_Early_Stage_Kidney_Toxicity_by_Diq.pdf,html_placeholder
Diquat,Organic_selenium_supplement_partially_alleviated_diquat_induced_oxidative_insult.pdf,html_placeholder
Diquat,Photocatalytic_degradation_of_aquatic_organic_pollutants_with_Zn__and_Zr_based_m.pdf,html_placeholder
Diquat,Protective_effects_of_taurine_against_muscle_damage_induced_by_diquat_in_35_days.pdf,html_placeholder
Diquat,Pterostilbene_as_a_protective_antioxidant_attenuates_diquat_induced_liver_injury.pdf,html_placeholder
Diquat,RNA_sequencing_analysis_of_the_Diquat_degrading_yeast_strain__i_Meyerozyma_guill.pdf,html_placeholder
Diquat,Resveratrol_Attenuates_Diquat_Induced_Oxidative_Stress_by_Regulating_Gut_Microbi.pdf,html_placeholder
Diquat,Sulfonate_Functionalized_Mesoporous_Silica_Nanoparticles_as_Carriers_for_Control.pdf,html_placeholder
Diquat,The_bacterial_oxidation_of_picolinamide__a_photolytic_product_of_Diquat_.pdf,html_placeholder
Diquat,The_effects_of_glyphosate__glufosinate__paraquat_and_paraquat_diquat_on_soil_mic.pdf,html_placeholder
Diquat,_i_Periplaneta__i___i_americana__i__Extract_Pretreatment_Alleviates_Oxidative_St.pdf,html_placeholder
Disulfoton,Degradation_of_Praguicide_Disulfoton_Using_Nanocompost_and_Evaluation_of_Toxicol.pdf,html_placeholder
Disulfoton,Factors_affecting_degradation_of_aldicarb_and_ethoprop_.pdf,html_placeholder
Disulfoton,Microbial_Degradation_of_Pesticide_Residues_and_an_Emphasis_on_the_Degradation_o.pdf,html_placeholder
Disulfoton,Phosphate_and_soil_binding__factors_limiting_bacterial_degradation_of_ionic_phos.pdf,html_placeholder
Dithianon,Updated_peer_review_of_the_pesticide_risk_assessment_for_the_active_substance_di.pdf,html_placeholder
Dithiocarbamates,A_General_Approach_to_Site_Specific__Intramolecular_C_H_Functionalization_Using_.pdf,html_placeholder
Dithiocarbamates,Bis_4_methylpiperidine_1_carbodithioato__lead_II__and_Bis_4_benzylpiperidine_1_c.pdf,html_placeholder
Dithiocarbamates,Computational_and_biochemical_characterization_of_the_immobilized_esterase_of_Sa.pdf,html_placeholder
Dithiocarbamates,Cross_reactivity_between_thiuram_disulfides_and_dithiocarbamates__A_study_of_TET.pdf,html_placeholder
Dithiocarbamates,Cytotoxicity_profiles_for_a_series_of_triorganophosphinegold_I__dithiocarbamates.pdf,html_placeholder
Dithiocarbamates,Dithiocarbamates__Properties__Methodological_Approaches_and_Challenges_to_Their_.pdf,html_placeholder
Dithiocarbamates,Enhanced_Photocatalytic_Degradation_of_Ternary_Dyes_by_Copper_Sulfide_Nanopartic.pdf,html_placeholder
Dithiocarbamates,Experimental_and_Ab_Initio_Characterization_of_Mononuclear_Molybdenum_Dithiocarb.pdf,html_placeholder
Dithiocarbamates,Involvement_of_NF_kappa_B_in_potentiated_effect_of_Mn_containing_dithiocarbamate.pdf,html_placeholder
Dithiocarbamates,Leveraging_γ_Glutamyl_Transferase_To_Direct_Cytotoxicity_of_Copper_Dithiocarbama.pdf,html_placeholder
Dithiocarbamates,Microbial_Degradation_of_Pesticide_Residues_and_an_Emphasis_on_the_Degradation_o.pdf,html_placeholder
Dithiocarbamates,Molecular_evidence_for_improved_tribological_performances_of_MoDTC_induced_by_me.pdf,html_placeholder
Dithiocarbamates,Molecular_evidence_for_sulfurization_of_molybdenum_dithiocarbamates__MoDTC__by_z.pdf,html_placeholder
Dithiocarbamates,Novel_dithiocarbamates_selectively_inhibit_3CL_protease_of_SARS_CoV_2_and_other_.pdf,html_placeholder
Dithiocarbamates,Ozone_and_ozone_vacuum_UV_degradation_of_diethyl_dithiocarbamate_collector__kine.pdf,html_placeholder
Dithiocarbamates,Radiations_and_biodegradation_techniques_for_detoxifying_Carica_papaya_seed_oil_.pdf,html_placeholder
Dithiocarbamates,Residue_Behaviors_and_Degradation_Dynamics_of_Insecticides_Commonly_Applied_to__.pdf,html_placeholder
Dithiocarbamates,Searching_for_genes_responsible_for_patulin_degradation_in_a_biocontrol_yeast_pr.pdf,html_placeholder
Dithiocarbamates,The_Effects_of_Different_Thiol_Containing_Compounds_on_the_Degradation_of_Sulfor.pdf,html_placeholder
Dithiocarbamates,The_Versatility_in_the_Applications_of_Dithiocarbamates_.pdf,html_placeholder
Dithiocarbamates,The_revival_of_dithiocarbamates__from_pesticides_to_innovative_medical_treatment.pdf,html_placeholder
Dithiocarbamates,Thermal_studies_of_Zn_II___Cd_II__and_Hg_II__complexes_of_some_N_alkyl_N_phenyl_.pdf,html_placeholder
Dodine,Damage to the cytoplasmic membrane and cell death caused by dodine (dodecylguanidine monoacetate) in Pseudomonas syringae ATCC 12271..pdf,pdf_header
Dodine,Mode of antibacterial action of dodine (dodecylguanidine monoacetate) in Pseudomonas syringae..pdf,pdf_header
Dodine,Modification of the existing maximum residue levels for dodine in citrus fruits..pdf,pdf_header
Emamectin benzoate,Application_of_Solid_Dispersion_Technique_to_Improve_Solubility_and_Sustain_Rele.pdf,html_placeholder
Emamectin benzoate,Assessment_of_the_effect_of_sub_lethal_acute_toxicity_of_Emamectin_benzoate_in__.pdf,html_placeholder
Emamectin benzoate,CRISPR_Cas9_Based_Functional_Characterization_of_SfUGT50A15_Reveals_Its_Roles_in.pdf,html_placeholder
Emamectin benzoate,Comparative_analyses_of_the_effects_of_sublethal_doses_of_emamectin_benzoate_and.pdf,html_placeholder
Emamectin benzoate,Dissipation_Dynamic__Residue_Distribution_and_Risk_Assessment_of_Emamectin_Benzo.pdf,html_placeholder
Emamectin benzoate,Dissipation_of_Emamectin_Benzoate_Residues_in_Rice_and_Rice_Growing_Environments.pdf,html_placeholder
Emamectin benzoate,Distribution_of_Emamectin_Benzoate_Granules_in_Maize_Plants_by_Broadcasting_into.pdf,html_placeholder
Emamectin benzoate,Effective_Dose_Reduction_of_Emamectin_Benzoate_Through_Inhibition_of__lt_i_gt_Bx.pdf,html_placeholder
Emamectin benzoate,Efficient_Encapsulation_and_Controlled_Release_of_the_Pesticide_Emamectin_Benzoa.pdf,html_placeholder
Emamectin benzoate,Efficient_degradation_of_ivermectin_by_newly_isolated_Aeromonas_taiwanensis_ZJB_.pdf,html_placeholder
Emamectin benzoate,Environmental_fate_of_emamectin_benzoate_after_tree_micro_injection_of_horse_che.pdf,html_placeholder
Emamectin benzoate,Evaluate_the_Toxicity_of_Pyrethroid_Insecticide_Cypermethrin_before_and_after_Bi.pdf,html_placeholder
Emamectin benzoate,Fabrication_and_Characterization_of_a_Novel_Solid_Nano_Dispersion_of_Emamectin_B.pdf,html_placeholder
Emamectin benzoate,Impact_of_gut_microbiota_composition_on_black_cutworm__Agrotis_ipsilon__hufnagel.pdf,html_placeholder
Emamectin benzoate,Neurodevelopmental_Toxicity_of_Emamectin_Benzoate_to_the_Early_Life_Stage_of_Zeb.pdf,html_placeholder
Emamectin benzoate,New_Formulation_to_Accelerate_the_Degradation_of_Pesticide_Residues__Composite_N.pdf,html_placeholder
Emamectin benzoate,Preparation_and_Physicochemical_Characteristics_of_Thermo_Responsive_Emamectin_B.pdf,html_placeholder
Emamectin benzoate,Preparation_and_characterization_of_emamectin_benzoate_nanoformulations_based_on.pdf,html_placeholder
Emamectin benzoate,Release_and_Degradation_of_Microencapsulated_Spinosad_and_Emamectin_Benzoate_.pdf,html_placeholder
Emamectin benzoate,Sequential_and_Simultaneous_Interactions_of_Plant_Allelochemical_Flavone__Bt_Tox.pdf,html_placeholder
Emamectin benzoate,Solid_Phase_Synthesis_of_Cellulose_Acetate_Butyrate_as_Microsphere_Wall_Material.pdf,html_placeholder
Emamectin benzoate,Sublethal_effects_and_reproductive_hormesis_of_emamectin_benzoate_on__i_Plutella.pdf,html_placeholder
Emamectin benzoate,Synergistic_and_additive_interactions_of_Shewanella_sp___Pseudomonas_sp__and_Tha.pdf,html_placeholder
Emamectin benzoate,Synthesis__Characterization__and_Pesticidal_Activity_of_Emamectin_Benzoate_Nanof.pdf,html_placeholder
Emamectin benzoate,The_Lethal_and_Sublethal_Effects_of_Lambda_Cyhalothrin_and_Emamectin_Benzoate_on.pdf,html_placeholder
Endosulfan,A_single_monooxygenase__ese__is_involved_in_the_metabolism_of_the_organochloride.pdf,html_placeholder
Endosulfan,Acute_oral_toxicity_and_histopathological_study_of_combination_of_endosulfan_and.pdf,html_placeholder
Endosulfan,Atmospheric_Hydroxyl_Radical_Reaction_Rate_Coefficient_and_Total_Environmental_L.pdf,html_placeholder
Endosulfan,Biodegradability_and_biodegradation_pathways_of_chlorinated_cyclodiene_insectici.pdf,html_placeholder
Endosulfan,Biodegradation_and_bioremediation_of_pesticide_in_soil__concept__method_and_rece.pdf,html_placeholder
Endosulfan,Biodegradation_of_agave_Comiteco_bagasse_by__i_Pleurotus__i__spp___a_source_of_c.pdf,html_placeholder
Endosulfan,Biodegradation_of_atrazine_and_ligninolytic_enzyme_production_by_basidiomycete_s.pdf,html_placeholder
Endosulfan,Biodegradation_of_isoproturon_by_Pseudoxanthomonas_sp__isolated_from_herbicide_t.pdf,html_placeholder
Endosulfan,Biodegradation_of_kerosene__Study_of_growth_optimization_and_metabolic_fate_of_P.pdf,html_placeholder
Endosulfan,Biodegradation_of_monocrotophos__cypermethrin___fipronil_by__i_Proteus_myxofacie.pdf,html_placeholder
Endosulfan,Biodegradation_of_pesticide_in_agricultural_soil_employing_entomopathogenic_fung.pdf,html_placeholder
Endosulfan,Biodegradation_of_polychlorinated_biphenyls__PCBs__by_the_novel_identified_cyano.pdf,html_placeholder
Endosulfan,Biosorption_and_Biodegradation_of_the_Environmental_Hormone_Nonylphenol_By_Four_.pdf,html_placeholder
Endosulfan,Burning_question__Rethinking_organohalide_degradation_strategy_for_bioremediatio.pdf,html_placeholder
Endosulfan,Contribution_of_insect_gut_microbiota_and_their_associated_enzymes_in_insect_phy.pdf,html_placeholder
Endosulfan,Degradation_of_Pesticide_Residues_in_Water__Soil__and_Food_Products_via_Cold_Pla.pdf,html_placeholder
Endosulfan,Degradation_of_the_herbicide_paraquat_by_macromycetes_isolated_from_southeastern.pdf,html_placeholder
Endosulfan,Determination_of_Median_Lethal_Concentration__LC_sub_50__sub___for_Endosulfan__H.pdf,html_placeholder
Endosulfan,Development_of_a_UPLC_MS_MS_method_for_pesticide_analysis_in_paddy_water_and_eva.pdf,html_placeholder
Endosulfan,Developmental_exposure_to_the_organochlorine_insecticide_endosulfan_alters_expre.pdf,html_placeholder
Endosulfan,Electrochemical_Detection_of_Endosulfan_Using_an_AONP_PANI_SWCNT_Modified_Glassy.pdf,html_placeholder
Endosulfan,Endosulfan_10.1371_journal.pone.0077170.pdf,pdf_header
Endosulfan,Endosulfan_I_and_endosulfan_sulfate_disrupts_zebrafish_embryonic_development_.pdf,html_placeholder
Endosulfan,Endosulfan_exposure_alters_transcription_of_genes_involved_in_the_detoxification.pdf,html_placeholder
Endosulfan,Exploring_the_Environmental_Exposure_to_Methoxychlor__α_HCH_and_Endosulfan_sulfa.pdf,html_placeholder
Endosulfan,Exposure_to_endosulfan_can_cause_long_term_effects_on_general_biology__including.pdf,html_placeholder
Endosulfan,Fenton_Mediated_Biodegradation_of_Chlorendic_Acid___A_Highly_Chlorinated_Organic.pdf,html_placeholder
Endosulfan,Fipronil_Degradation_in_Soil_by__i_Enterobacter_chengduensis__i__Strain_G2_8__Me.pdf,html_placeholder
Endosulfan,Hydrolysis_and_Photolysis_Kinetics__and_Identification_of_Degradation_Products_o.pdf,html_placeholder
Endosulfan,Insights_into_the_Toxicity_and_Degradation_Mechanisms_of_Imidacloprid_Via_Physic.pdf,html_placeholder
Endosulfan,Investigating_the_degradation_behavior_of_Cypermethrin__CYP__and_Chlorpyrifos__C.pdf,html_placeholder
Endosulfan,Isolation_and_characterization_of_a_Bacillus_subtilis_strain_that_degrades_endos.pdf,html_placeholder
Endosulfan,Microbial_Degradation_of_Aldrin_and_Dieldrin__Mechanisms_and_Biochemical_Pathway.pdf,html_placeholder
Endosulfan,Microbial_Degradation_of_a_Recalcitrant_Pesticide__Chlordecone_.pdf,html_placeholder
Endosulfan,Microbial_biodiversity_and_in_situ_bioremediation_of_endosulfan_contaminated_soi.pdf,html_placeholder
Endosulfan,Mycoremediation_of_endosulfan_and_its_metabolites_in_aqueous_medium_and_soil_by_.pdf,html_placeholder
Endosulfan,Penicillium_sp__as_an_organism_that_degrades_endosulfan_and_reduces_its_genotoxi.pdf,html_placeholder
Endosulfan,Pesticide_Use_and_Degradation_Strategies__Food_Safety__Challenges_and_Perspectiv.pdf,html_placeholder
Endosulfan,Plant_Uptake_and_Distribution_of_Endosulfan_and_Its_Sulfate_Metabolite_Persisted.pdf,html_placeholder
Endosulfan,Presence_of_esterase_and_laccase_in_Bacillus_subtilis_facilitates_biodegradation.pdf,html_placeholder
Endosulfan,Residue_Degradation_and_Risk_Assessment_of_Difenoconazole_and_Its_Metabolite_dur.pdf,html_placeholder
Endosulfan,Review_on_Performance_of__i_Aspergillus__i__and__i_Penicillium__i__Species_in_Bi.pdf,html_placeholder
Endosulfan,Sorption_Desorption_and_Kinetics_of_Atrazine__Chlorfenvinphos__Endosulfan_Sulfat.pdf,html_placeholder
Endosulfan,Study_of_the_Photocatalytic_Degradation_of_Highly_Abundant_Pesticides_in_Agricul.pdf,html_placeholder
Endosulfan,The_Potential_of_Cold_Atmospheric_Pressure_Plasmas_for_the_Direct_Degradation_of.pdf,html_placeholder
Endosulfan,Whole_Genome_Sequence_Analysis_of_an_Alachlor_and_Endosulfan_Degrading_Micrococc.pdf,html_placeholder
Endosulfan,Whole_genome_sequence_analysis_of_an_Alachlor_and_Endosulfan_degrading_Pseudomon.pdf,html_placeholder
Endosulfan,_i_Bacilli___i_Mediated_Degradation_of_Xenobiotic_Compounds_and_Heavy_Metals_.pdf,html_placeholder
Endrin,Bacterial_degradation_of_aromatic_compounds_.pdf,html_placeholder
Endrin,Biochar_in_co_contaminated_soil_manipulates_arsenic_solubility_and_microbiologic.pdf,html_placeholder
Endrin,Biodegradability_and_biodegradation_pathways_of_chlorinated_cyclodiene_insectici.pdf,html_placeholder
Endrin,Contribution_of_insect_gut_microbiota_and_their_associated_enzymes_in_insect_phy.pdf,html_placeholder
Endrin,Degradation_of_endrin__aldrin__and_DDT_by_soil_microorganisms_.pdf,html_placeholder
Endrin,Development_of_a_UPLC_MS_MS_method_for_pesticide_analysis_in_paddy_water_and_eva.pdf,html_placeholder
Endrin,Fenton_Mediated_Biodegradation_of_Chlorendic_Acid___A_Highly_Chlorinated_Organic.pdf,html_placeholder
Endrin,Identification_and_degradation_characteristics_of_Bacillus_cereus_strain_WD_2_is.pdf,html_placeholder
Endrin,Influence_of_a_Commercial_Biological_Fungicide_containing__i_Trichoderma_harzian.pdf,html_placeholder
Endrin,Microbial_Degradation_of_Pesticide_Residues_and_an_Emphasis_on_the_Degradation_o.pdf,html_placeholder
Endrin,Photocatalytic_degradation_of_aquatic_organic_pollutants_with_Zn__and_Zr_based_m.pdf,html_placeholder
Endrin,Plant_associated_bacterial_degradation_of_toxic_organic_compounds_in_soil_.pdf,html_placeholder
Esfenvalerate,Contribution_of_insect_gut_microbiota_and_their_associated_enzymes_in_insect_phy.pdf,html_placeholder
Esfenvalerate,Degradation_of_the_strobilurin_fungicide_mandestrobin_in_illuminated_water_sedim.pdf,html_placeholder
Esfenvalerate,Effects_of_the_insecticide_esfenvalerate_on_zooplankton_in_an_indoor_synthetic_m.pdf,html_placeholder
Esfenvalerate,Evaluate_the_Toxicity_of_Pyrethroid_Insecticide_Cypermethrin_before_and_after_Bi.pdf,html_placeholder
Esfenvalerate,Insight_Into_Microbial_Applications_for_the_Biodegradation_of_Pyrethroid_Insecti.pdf,html_placeholder
Esfenvalerate,Linking_mechanistic_and_behavioral_responses_to_sublethal_esfenvalerate_exposure.pdf,html_placeholder
Esfenvalerate,Metabolism_of_esfenvalerate_in_tomato_plants___i_Solanum_lycopersicum__i___.pdf,html_placeholder
Esfenvalerate,Microbial_Degradation_of_Pesticide_Residues_and_an_Emphasis_on_the_Degradation_o.pdf,html_placeholder
Esfenvalerate,Multifaceted_investigation_of_esfenvalerate_induced_toxicity_on_Allium_cepa_L_.pdf,html_placeholder
Esfenvalerate,Quantitative_Modeling_of_the_Degradation_of_Pesticide_Residues_in_Wheat_Flour_Su.pdf,html_placeholder
Esfenvalerate,Role_of_Insect_Gut_Microbiota_in_Pesticide_Degradation__A_Review_.pdf,html_placeholder
Esfenvalerate,_i_Bacilli___i_Mediated_Degradation_of_Xenobiotic_Compounds_and_Heavy_Metals_.pdf,html_placeholder
Ethephon,A_Comprehensive_Review_of_Multifunctional_Nanozymes_for_Degradation_and_Detectio.pdf,html_placeholder
Ethephon,Changes_in_Nutrient_Components_and_Digestive_Enzymatic_Inhibition_Activities_in_.pdf,html_placeholder
Ethephon,Characterization_of_Two_Ethephon_Induced__i_IDA_Like__i__Genes_from_Mango__and_E.pdf,html_placeholder
Ethephon,Comparative_Physiological_and_Transcriptomic_Mechanisms_of_Defoliation_in_Cotton.pdf,html_placeholder
Ethephon,Effect_of_Preharvest_Ethephon_Application_on_Selected_Biochemical_Components_and.pdf,html_placeholder
Ethephon,Effects_of_ethephon_on_ethephon_residue_and_quality_properties_of_chili_pepper_d.pdf,html_placeholder
Ethephon,Ethephon_Activates_the_Transcription_of_Senescence_Associated_Genes_and_Nitrogen.pdf,html_placeholder
Ethephon,Ethephon_Induced_Ethylene_Enhances_Protein_Degradation_in_Source_Leaves__but_Its.pdf,html_placeholder
Ethephon,Ethephon_Induced_Ethylene_Enhances_Starch_Degradation_and_Sucrose_Transport_with.pdf,html_placeholder
Ethephon,Ethephon_Mediated_Bloom_Delay_in_Peach_Is_Associated_With_Alterations_in_Reactiv.pdf,html_placeholder
Ethephon,Ethephon_Reduces_Maize_Nitrogen_Uptake_but_Improves_Nitrogen_Utilization_in__i_Z.pdf,html_placeholder
Ethephon,Ethylene_Response_Factor_MaERF012_Modulates_Fruit_Ripening_by_Regulating_Chlorop.pdf,html_placeholder
Ethephon,Exogenous_Ethylene_Promotes_Peel_Color_Transformation_by_Regulating_the_Degradat.pdf,html_placeholder
Ethephon,Expression_Analysis_of_Chlorophyll_Degradation_Related_Genes_in__i_Prunus_persic.pdf,html_placeholder
Ethephon,Fall_Applications_of_Ethephon_Modulates_Gene_Networks_Controlling_Bud_Developmen.pdf,html_placeholder
Ethephon,HCC1__a_Polygalacturonase__Regulates_Chlorophyll_Degradation_via_the_Ethylene_Sy.pdf,html_placeholder
Ethephon,NbMLP43_Ubiquitination_and_Proteasomal_Degradation_via_the_Light_Responsive_Fact.pdf,html_placeholder
Ethephon,Peer_review_of_the_pesticide_risk_assessment_of_the_active_substance_ethephon_.pdf,html_placeholder
Ethephon,Quantitative_Modeling_of_the_Degradation_of_Pesticide_Residues_in_Wheat_Flour_Su.pdf,html_placeholder
Ethephon,The_Effect_of_Ethephon_on_Ethylene_and_Chlorophyll_in__i_Zoysia_japonica__i__Lea.pdf,html_placeholder
Ethephon,The_Involvement_of_the_Banana_F_Box_Protein_MaEBF1_in_Regulating_Chilling_Inhibi.pdf,html_placeholder
Ethephon,Transcription_factors_MdEIL1_and_MdHY5_integrate_ethylene_and_light_signaling_to.pdf,html_placeholder
Ethephon,Transcriptional_and_Hormonal_Responses_in_Ethephon_Induced_Promotion_of_Femalene.pdf,html_placeholder
Ethephon,Transcriptome_Analysis_Revealed_a_Positive_Role_of_Ethephon_on_Chlorophyll_Metab.pdf,html_placeholder
Ethephon,Transcriptome_analysis_of_Kentucky_bluegrass_subject_to_drought_and_ethephon_tre.pdf,html_placeholder
Ethion,A_Comprehensive_Review_of_Multifunctional_Nanozymes_for_Degradation_and_Detectio.pdf,html_placeholder
Ethion,Biodegradation_of_pesticide_in_agricultural_soil_employing_entomopathogenic_fung.pdf,html_placeholder
Ethion,Chitosan_TPP_encapsulated_quercetin_nanoparticles__amplified_protection_mechanis.pdf,html_placeholder
Ethion,Development_Disrupting_Chitin_Synthesis_Inhibitor__Novaluron__Reprogramming_the_.pdf,html_placeholder
Ethion,Field_Assessment_of_Naled_and_Its_Primary_Degradation_Product__Dichlorvos__in_Aq.pdf,html_placeholder
Ethion,Influence_of_a_Commercial_Biological_Fungicide_containing__i_Trichoderma_harzian.pdf,html_placeholder
Ethion,Pesticide_Use_and_Degradation_Strategies__Food_Safety__Challenges_and_Perspectiv.pdf,html_placeholder
Ethion,Study_of_the_Photocatalytic_Degradation_of_Highly_Abundant_Pesticides_in_Agricul.pdf,html_placeholder
Ethion,_i_Bacilli___i_Mediated_Degradation_of_Xenobiotic_Compounds_and_Heavy_Metals_.pdf,html_placeholder
Ethiprole,Photodegradation_of_the_phenylpyrazole_insecticide_ethiprole_in_aquatic_environm.pdf,html_placeholder
Ethiprole,Role_of_Insect_Gut_Microbiota_in_Pesticide_Degradation__A_Review_.pdf,html_placeholder
Ethiprole,Setting_of_residue_definitions_and_toxicological_reference_values_for_ethiprole_.pdf,html_placeholder
Ethoprophos,Biodegradation_of_chlorpyrifos_by_enterobacter_strain_B_14_and_its_use_in_biorem.pdf,html_placeholder
Ethoprophos,Effects_of_soil_pH_on_the_biodegradation_of_chlorpyrifos_and_isolation_of_a_chlo.pdf,html_placeholder
Ethoprophos,Efficacy_of_Ethoprop_on_Meloidogyne_hapla_and_M__chitwoodi_and_Enhanced_Biodegra.pdf,html_placeholder
Ethoprophos,Efficient_biodegradation_of_acephate_by__i_Pseudomonas_pseudoalcaligenes__i__PS_.pdf,html_placeholder
Ethoprophos,Factors_affecting_degradation_of_aldicarb_and_ethoprop_.pdf,html_placeholder
Ethoprophos,Influence_of_environmental_factors_on_biodegradation_of_quinalphos_by__i_Bacillu.pdf,html_placeholder
Ethoprophos,Kinetic_Study_of_the_Biodegradation_of_Acephate_by_Indigenous_Soil_Bacterial_Iso.pdf,html_placeholder
Ethoprophos,Peer_review_of_the_pesticide_risk_assessment_of_the_active_substance_ethoprophos.pdf,html_placeholder
Ethoprophos,Role_of_Insect_Gut_Microbiota_in_Pesticide_Degradation__A_Review_.pdf,html_placeholder
Ethoxyquin,Autophagic_programmed_cell_death_by_selective_catalase_degradation_.pdf,html_placeholder
Ethoxyquin,Catalytic_degradation_of_kraft_lignin_to_determine_its_antioxidant_potential_for (1).pdf,html_placeholder
Ethoxyquin,Characterization_of_docosahexaenoic_acid__DHA__induced_heme_oxygenase_1__HO_1__e.pdf,html_placeholder
Ethoxyquin,Comparative_Study_of_an_Antioxidant_Compound_and_Ethoxyquin_on_Feed_Oxidative_St.pdf,html_placeholder
Ethoxyquin,Effects_of_milk__milk_replacer__and_milk_replacer_plus_ethoxyquin_on_the_growth_.pdf,html_placeholder
Ethoxyquin,Ethoxyquin_Inhibits_the_Progression_of_Murine_Ehrlich_Ascites_Carcinoma_through_.pdf,html_placeholder
Ethoxyquin,Ethoxyquin__An_Antioxidant_Used_in_Animal_Feed_.pdf,html_placeholder
Ethoxyquin,Ethoxyquin_and_Butylated_Hydroxy_Toluene_Distrub_the_Hematological_Parameters_an.pdf,html_placeholder
Ethoxyquin,Ethoxyquin_attenuates_enteric_oxidative_stress_and_inflammation_by_promoting_cyt.pdf,html_placeholder
Ethoxyquin,Ethoxyquin_is_neuroprotective_and_partially_prevents_somatic_and_autonomic_neuro.pdf,html_placeholder
Ethoxyquin,Iron_responsive_degradation_of_iron_regulatory_protein_1_does_not_require_the_Fe.pdf,html_placeholder
Ethoxyquin,Land_Spreading_of_Wastewaters_from_the_Fruit_Packaging_Industry_and_Potential_Ef.pdf,html_placeholder
Ethoxyquin,Phase_specific_outcmes_of_arginine_or_branched_chain_amino_acids_supplementation.pdf,html_placeholder
Ethoxyquin,Safety_and_efficacy_of_a_feed_additive_consisting_of_ethoxyquin__6_ethoxy_1_2_di.pdf,html_placeholder
Ethoxyquin,Substituting_ethoxyquin_with_tea_polyphenols_and_propyl_gallate_enhanced_feed_ox.pdf,html_placeholder
Ethoxyquin,Substrate_degradation_and_postbiotic_analysis_of_alternative_fiber_ingredients_f.pdf,html_placeholder
Ethoxyquin,Survey_on_Antioxidants_Used_as_Additives_to_Improve_Biodiesel_s_Stability_to_Deg.pdf,html_placeholder
Ethoxyquin,Tolerance_and_dose_response_assessment_of_subchronic_dietary_ethoxyquin_exposure.pdf,html_placeholder
Etofenprox,Degradation_of_insecticides_used_for_indoor_spraying_in_malaria_control_and_poss.pdf,html_placeholder
Etofenprox,Field_evaluation_of_a_volatile_pyrethroid_spatial_repellent_and_etofenprox_treat.pdf,html_placeholder
Etofenprox,Insight_Into_Microbial_Applications_for_the_Biodegradation_of_Pyrethroid_Insecti.pdf,html_placeholder
Etofenprox,Modification_of_the_existing_maximum_residue_level_for_etofenprox_in_plums_.pdf,html_placeholder
Etofenprox,Review_of_the_existing_maximum_residue_levels_for_etofenprox_according_to_Articl.pdf,html_placeholder
Etofenprox,The_impact_of_novel_bacterial_strains_and_their_consortium_on_diflufenican_degra.pdf,html_placeholder
Etoxazole,Chiral_Separation_and_Determination_of_Etoxazole_Enantiomers_in_Vegetables_by_No.pdf,html_placeholder
Etoxazole,Crystal_structure_and_Hirshfeld_surface_analysis_of_the_pesticide_etoxazole_.pdf,html_placeholder
Etoxazole,Peer_review_of_the_pesticide_risk_assessment_of_the_active_substance_etoxazole_.pdf,html_placeholder
Etoxazole,Residue_Behaviors_and_Degradation_Dynamics_of_Insecticides_Commonly_Applied_to__.pdf,html_placeholder
Famoxadone,Prediction_of_Pesticide_Interactions_with_Proteins_Involved_in_Human_Reproductio.pdf,html_placeholder
Famoxadone,Review_on_Performance_of__i_Aspergillus__i__and__i_Penicillium__i__Species_in_Bi.pdf,html_placeholder
Fenamiphos,"Analytical method validation, dissipation and safety evaluation of combination fungicides fenamidoneâ€‰+â€‰mancozeb and iprovalicarbâ€‰+â€‰propineb inon tomato..pdf",pdf_header
Fenamiphos,"Determination of famoxadone, fenamidone, fenhexamid and iprodione residues in greenhouse tomatoes..pdf",pdf_header
Fenamiphos,Dynamics and residues of mixed formulation of fenamidone and mancozeb in gherkin field ecosystem..pdf,pdf_header
Fenazaquin,A_Review_of_Microalgae__and_Cyanobacteria_Based_Biodegradation_of_Organic_Pollut.pdf,html_placeholder
Fenazaquin,Accelerated_degradation_of_aldicarb_and_its_metabolites_in_cotton_field_soils_.pdf,html_placeholder
Fenazaquin,Accelerated_degradation_of_fenamiphos_and_its_metabolites_in_soil_previously_tre.pdf,html_placeholder
Fenazaquin,Advances_in_photocatalytic_degradation_of_organic_pollutants_in_wastewaters__har.pdf,html_placeholder
Fenazaquin,Availability_of_fenamiphos_and_its_metabolites_to_soil_water_.pdf,html_placeholder
Fenazaquin,Avermectin_B1__Isazofos__and_Fenamiphos_for_Control_of_Hoplolaimus_galeatus_and_.pdf,html_placeholder
Fenazaquin,Biodegradation_of_chlorpyrifos_by_enterobacter_strain_B_14_and_its_use_in_biorem.pdf,html_placeholder
Fenazaquin,Current_Approaches_to_and_Future_Perspectives_on_Methomyl_Degradation_in_Contami.pdf,html_placeholder
Fenazaquin,Degradation_of_1_3_dichloropropene__1_3_d__in_soils_with_different_histories_of_.pdf,html_placeholder
Fenazaquin,Degradation_of_Pesticides_Using_Semiconducting_and_Tetrapyrrolic_Macrocyclic_Pho.pdf,html_placeholder
Fenazaquin,Degradation_of_fenamiphos_in_agricultural_production_soil_.pdf,html_placeholder
Fenazaquin,Draft_Genome_Sequence_of_Microbacterium_esteraromaticum_MM1__a_Bacterium_That_Hy.pdf,html_placeholder
Fenazaquin,Effect_of_Planting_Date__Alachlor__and_Fenamiphos_on_Heterodera_glycines_Develop.pdf,html_placeholder
Fenazaquin,Effect_of_simulated_rainfall_on_efficacy_and_leaching_of_two_formulations_of_fen.pdf,html_placeholder
Fenazaquin,Effect_of_simulated_rainfall_on_leaching_and_efficacy_of_fenamiphos_.pdf,html_placeholder
Fenazaquin,Effects_of_soil_pH_on_the_biodegradation_of_chlorpyrifos_and_isolation_of_a_chlo.pdf,html_placeholder
Fenazaquin,Efficacy_of_Aldicarb_to_Rotylenchulus_reniformis_and_Biodegradation_in_Cotton_Fi.pdf,html_placeholder
Fenazaquin,Enhanced_degradation_of_the_volatile_fumigant_nematicides_1_3_d_and_methyl_bromi.pdf,html_placeholder
Fenazaquin,Entomopathogenic_nematodes_are_not_an_alternative_to_fenamiphos_for_management_o.pdf,html_placeholder
Fenazaquin,Infectivity_of_Steinernema_feltiae_in_Fenamiphos_treated_Sand_.pdf,html_placeholder
Fenazaquin,Influence_of_environmental_factors_on_biodegradation_of_quinalphos_by__i_Bacillu.pdf,html_placeholder
Fenazaquin,Nematode_numbers_and_crop_yield_in_a_fenamiphos_treated_sweet_corn_sweet_potato_.pdf,html_placeholder
Fenazaquin,Peer_review_of_the_pesticide_risk_assessment_of_the_active_substance_fenamiphos_.pdf,html_placeholder
Fenazaquin,Response_of_Tomato_Rhizosphere_Bacteria_to_Root_Knot_Nematodes__Fenamiphos_and_S.pdf,html_placeholder
Fenazaquin,Role_of_soil_pH_in_the_development_of_enhanced_biodegradation_of_fenamiphos_.pdf,html_placeholder
Fenazaquin,Soil_bacteria_showing_a_potential_of_chlorpyrifos_degradation_and_plant_growth_e.pdf,html_placeholder
Fenbuconazole,Degradation studies of fenazaquin in soil under field and laboratory conditions..pdf,pdf_header
Fenbuconazole,Investigation in tea on fate of fenazaquin residue and its transfer in brew..pdf,pdf_header
Fenbuconazole,"Photodecomposition of an acaricide, fenazaquin, in aqueous alcoholic solution..pdf",pdf_header
Fenbuconazole,Setting of an import tolerance for fenazaquin in almonds..pdf,pdf_header
Fenbuconazole,Setting of an import tolerance for fenazaquin in hops..pdf,pdf_header
Fenbutatin Oxide,Review of the existing maximum residue levels for fenbutatin oxide according to Article 12 of Regulation (EC) NoÂ 3962005..pdf,pdf_header
Fenhexamid,Endocrine_disruptors_fludioxonil_and_fenhexamid_stimulate_miR_21_expression_in_b.pdf,html_placeholder
Fenhexamid,Highly_sensitive_voltammetric_determination_of_the_fungicide_fenhexamid_using_a_.pdf,html_placeholder
Fenhexamid,In_vitro_metabolism_of_tebuconazole__flurtamone__fenhexamid__metalaxyl_M_and_spi.pdf,html_placeholder
Fenhexamid,Modification_of_the_existing_maximum_residue_levels_for_fenhexamid_in_various_cr.pdf,html_placeholder
Fenhexamid,Screening_for__i_Lactobacillus_plantarum__i__Strains_That_Possess_Organophosphor.pdf,html_placeholder
Fenhexamid,Transcriptome_and_Resistance_Related_Genes_Analysis_of__i_Botrytis_cinerea__i__B.pdf,html_placeholder
Fenitrothion,A_Comprehensive_Review_of_Multifunctional_Nanozymes_for_Degradation_and_Detectio.pdf,html_placeholder
Fenitrothion,A_Review_on_the_Degradation_of_Pollutants_by_Fenton_Like_Systems_Based_on_Zero_V.pdf,html_placeholder
Fenitrothion,Acetylcholinesterase_Inhibition_in_Rats_and_Humans_Following_Acute_Fenitrothion_.pdf,html_placeholder
Fenitrothion,Adsorption_and_Photocatalytic_Degradation_of_Pesticides_into_Nanocomposites__A_R.pdf,html_placeholder
Fenitrothion,Aerobic_Degradation_of_Clothianidin_to_2_Chloro_methyl_Thiazole_and_Methyl_3__Th.pdf,html_placeholder
Fenitrothion,Bacterial_symbionts_influence_host_susceptibility_to_fenitrothion_and_imidaclopr.pdf,html_placeholder
Fenitrothion,Biodegradation_and_bioremediation_of_pesticide_in_soil__concept__method_and_rece.pdf,html_placeholder
Fenitrothion,Biodegradation_of_PAHs_by_Burkholderia_sp__VITRSB1_Isolated_from_Marine_Sediment.pdf,html_placeholder
Fenitrothion,Biodegradation_of_propiconazole_by_newly_isolated_Burkholderia_sp__strain_BBK_9_ (1).pdf,html_placeholder
Fenitrothion,Biodegradation_of_propiconazole_by_newly_isolated_Burkholderia_sp__strain_BBK_9_.pdf,html_placeholder
Fenitrothion,Contribution_of_insect_gut_microbiota_and_their_associated_enzymes_in_insect_phy.pdf,html_placeholder
Fenitrothion,Cu_sub_2__sub_O_nanoparticles_for_the_degradation_of_methyl_parathion_.pdf,html_placeholder
Fenitrothion,Decontamination_of_fenitrothion_from_aqueous_solutions_using_rGO_MoS_sub_2__sub_.pdf,html_placeholder
Fenitrothion,Degradation_of_insecticides_used_for_indoor_spraying_in_malaria_control_and_poss.pdf,html_placeholder
Fenitrothion,Degradation_strategies_of_pesticide_residue__From_chemicals_to_synthetic_biology.pdf,html_placeholder
Fenitrothion,Effect_of_inoculation_of_Burkholderia_sp__strain_SJ98_on_bacterial_community_dyn.pdf,html_placeholder
Fenitrothion,Effectiveness_of_ultrasound_and_ultraviolet_irradiation_on_degradation_of_carbar.pdf,html_placeholder
Fenitrothion,Effects_of_soil_pH_on_the_biodegradation_of_chlorpyrifos_and_isolation_of_a_chlo.pdf,html_placeholder
Fenitrothion,Efficient_Knocking_Out_of_the_Organophosphorus_Insecticides_Degradation_Gene__i_.pdf,html_placeholder
Fenitrothion,Efficient_Nucleophilic_Degradation_of_an_Organophosphorus_Pesticide__Diazinon__M.pdf,html_placeholder
Fenitrothion,Enzymatic_degradation_of_organophosphorus_insecticides_decreases_toxicity_in_pla.pdf,html_placeholder
Fenitrothion,Exploring_the_potent_hydrolytic_activity_of_chitosan_cerium_complex_microspheres.pdf,html_placeholder
Fenitrothion,Fenitrothion_alters_sperm_characteristics_in_rats__ameliorating_effects_of_palm_.pdf,html_placeholder
Fenitrothion,Field_Assessment_of_Naled_and_Its_Primary_Degradation_Product__Dichlorvos__in_Aq.pdf,html_placeholder
Fenitrothion,Impact_of_Exposure_to_Fenitrothion_on_Vital_Organs_in_Rats_.pdf,html_placeholder
Fenitrothion,Impact_of_sonolytic_ozonation__O_sub_3___sub_US__on_degradation_of_pesticide_res.pdf,html_placeholder
Fenitrothion,Inclusion_of_the_insecticide_fenitrothion_in_dimethylated_β_cyclodextrin__unusua (1).pdf,html_placeholder
Fenitrothion,Inclusion_of_the_insecticide_fenitrothion_in_dimethylated_β_cyclodextrin__unusua.pdf,html_placeholder
Fenitrothion,Influence_of_a_Commercial_Biological_Fungicide_containing__i_Trichoderma_harzian.pdf,html_placeholder
Fenitrothion,Insights_into_the_Function_and_Horizontal_Transfer_of_Isoproturon_Degradation_Ge.pdf,html_placeholder
Fenitrothion,Investigating_mosquito_net_durability_for_malaria_control_in_Tanzania___attritio.pdf,html_placeholder
Fenitrothion,Involvement_of_two_plasmids_in_fenitrothion_degradation_by_Burkholderia_sp__stra.pdf,html_placeholder
Fenitrothion,Microbial_Degradation_of_Pesticide_Residues_and_an_Emphasis_on_the_Degradation_o.pdf,html_placeholder
Fenitrothion,Persulfate_activation_by_nano_zero_valent_iron_for_the_degradation_of_metoprolol.pdf,html_placeholder
Fenitrothion,Pesticide_Use_and_Degradation_Strategies__Food_Safety__Challenges_and_Perspectiv.pdf,html_placeholder
Fenitrothion,Photocatalytic_Degradation_of_Ethiofencarb_by_a_Visible_Light_Driven_SnIn_sub_4_.pdf,html_placeholder
Fenitrothion,Plasmid_mediated_dimethoate_degradation_by_Bacillus_licheniformis_isolated_from_.pdf,html_placeholder
Fenitrothion,Possible_Synergistic_Effect_of_Combined__i_Metarhizium_anisopliae__i__and_Fenitr.pdf,html_placeholder
Fenitrothion,Protein_engineering_of_the_4_methyl_5_nitrocatechol_monooxygenase_from_Burkholde.pdf,html_placeholder
Fenitrothion,Role_of_Insect_Gut_Microbiota_in_Pesticide_Degradation__A_Review_.pdf,html_placeholder
Fenitrothion,Soil_bacteria_showing_a_potential_of_chlorpyrifos_degradation_and_plant_growth_e.pdf,html_placeholder
Fenitrothion,Sulfate_Radical_Based_Degradation_of_Organic_Pollutants__A_Review_on_Application.pdf,html_placeholder
Fenitrothion,Synergistic_rhizosphere_degradation_of_γ_hexachlorocyclohexane__lindane__through.pdf,html_placeholder
Fenitrothion,Visible_Light_Driven_Direct_Z_Scheme_Ho_sub_2__sub_SmSbO_sub_7__sub__YbDyBiNbO_s.pdf,html_placeholder
Fenitrothion,_i_Bacilli___i_Mediated_Degradation_of_Xenobiotic_Compounds_and_Heavy_Metals_.pdf,html_placeholder
Fenitrothion,_i_Solanum_Nigrum__i__Fruit_Extract_Increases_Toxicity_of_Fenitrothion_A_Synthet.pdf,html_placeholder
Fenpicoxamid,"Biological characterization of fenpicoxamid, a new fungicide with utility in cereals and other crops..pdf",pdf_header
Fenpicoxamid,Peer review of the pesticide risk assessment of the active substance fenpicoxamid (XDE-777)..pdf,pdf_header
Fenpropathrin,Ameliorative_effects_of_date_palm_kernel_extract_against_fenpropathrin_induced_m.pdf,html_placeholder
Fenpropathrin,Antioxidant_Role_of__i_PcGSTd1__i__in_Fenpropathrin_Resistant_Population_of_the_.pdf,html_placeholder
Fenpropathrin,Biodegradation_of_monocrotophos__cypermethrin___fipronil_by__i_Proteus_myxofacie.pdf,html_placeholder
Fenpropathrin,Characterization_of_a_Pyrethroid_Degrading__i_Pseudomonas_fulva__i__Strain_P31_a.pdf,html_placeholder
Fenpropathrin,Conserved_Metabolic_and_Evolutionary_Themes_in_Microbial_Degradation_of_Carbamat.pdf,html_placeholder
Fenpropathrin,Contribution_of_insect_gut_microbiota_and_their_associated_enzymes_in_insect_phy.pdf,html_placeholder
Fenpropathrin,Degradation_of_Organophosphorus_and_Pyrethroid_Insecticides_in_Beverages__Implic.pdf,html_placeholder
Fenpropathrin,Effect_of_storage__washing__and_cooking_on_the_stability_of_five_pesticides_in_e.pdf,html_placeholder
Fenpropathrin,Enhanced_bioaccumulation_and_toxicity_of_Fenpropathrin_by_polystyrene_nano_micro.pdf,html_placeholder
Fenpropathrin,Evaluation_of_Highly_Detectable_Pesticides_Sprayed_in__i_Brassica_napus__i__L___.pdf,html_placeholder
Fenpropathrin,Expression__Characterization__Fermentation__Immobilization__and_Application_of_a.pdf,html_placeholder
Fenpropathrin,Expression__characterization__and_immobilization_of_a_novel_SGNH_esterase_Est882.pdf,html_placeholder
Fenpropathrin,Fenpropathrin_induces_degeneration_of_dopaminergic_neurons_via_disruption_of_the.pdf,html_placeholder
Fenpropathrin,Highly_efficient_degradation_of_cypermethrin_by_a_co_culture_of__i_Rhodococcus__.pdf,html_placeholder
Fenpropathrin,Identification_of_Differentially_Expressed_microRNAs_between_the_Fenpropathrin_R.pdf,html_placeholder
Fenpropathrin,Insight_Into_Microbial_Applications_for_the_Biodegradation_of_Pyrethroid_Insecti.pdf,html_placeholder
Fenpropathrin,Kinetics_and_Novel_Degradation_Pathway_of_Permethrin_in__i_Acinetobacter_baumann.pdf,html_placeholder
Fenpropathrin,Neustonic_versus_epiphytic_bacteria_of_eutrophic_lake_and_their_biodegradation_a.pdf,html_placeholder
Fenpropathrin,Pathway_and_kinetics_of_cyhalothrin_biodegradation_by_Bacillus_thuringiensis_str.pdf,html_placeholder
Fenpropathrin,Photodegradation_of_pesticides_using_compound_specific_isotope_analysis__CSIA___.pdf,html_placeholder
Fenpropathrin,Risk_Assessment_of_Fenpropathrin__Cause_Hepatotoxicity_and_Nephrotoxicity_in_Com.pdf,html_placeholder
Fenpropathrin,Role_of_Insect_Gut_Microbiota_in_Pesticide_Degradation__A_Review_.pdf,html_placeholder
Fenpropathrin,Simultaneous_biodegradation_of_λ_cyhalothrin_pesticide_and_Vicia_faba_growth_pro.pdf,html_placeholder
Fenpropathrin,_i_Bacilli___i_Mediated_Degradation_of_Xenobiotic_Compounds_and_Heavy_Metals_.pdf,html_placeholder
Fenpropathrin,_i_Punica_granatum__i___Pomegranate__Peel_Extract_Pre_Treatment_Alleviates_Fenpr.pdf,html_placeholder
Fenpropimorph,Conclusion regarding the peer review of the pesticide risk assessment of the active substance fenpropimorph..pdf,pdf_header
Fenpropimorph,Factors influencing degradation of pesticides in soil..pdf,pdf_header
Fenpropimorph,Insulin-induced gene protein (INSIG)-dependent sterol regulation of Hmg2 endoplasmic reticulum-associated degradation (ERAD) in yeast..pdf,pdf_header
Fenpropimorph,Reasoned opinion on the review of the existing maximum residue levels (MRLs) for fenpropimorph according to Article 12 of Regulation (EC) No 3962005..pdf,pdf_header
Fenpropimorph,The small molecule fenpropimorph rapidly converts chloroplast membrane lipids to triacylglycerols in Chlamydomonas reinhardtii..pdf,pdf_header
Fenpyrazamine,Modification_of_the_existing_maximum_residue_levels_for_fenpyrazamine_in_lettuce.pdf,html_placeholder
Fenpyrazamine,Review_of_the_existing_maximum_residue_levels_for_fenpyrazamine_according_to_Art.pdf,html_placeholder
Fenpyroximate,Microbial_Degradation_of_Pesticide_Residues_and_an_Emphasis_on_the_Degradation_o.pdf,html_placeholder
Fenpyroximate,Residue__dissipation__and_dietary_intake_evaluation_of_fenpyroximate_acaricide_i.pdf,html_placeholder
Fenpyroximate,Residue_determination_and_decline_pattern_of_abamectin_and_fenpyroximate_in_okra.pdf,html_placeholder
Fenthion,Efficiency_of_the_intestinal_bacteria_in_the_degradation_of_the_toxic_pesticide_.pdf,html_placeholder
Fenthion,Identification_of_an_opd__organophosphate_degradation__gene_in_an_Agrobacterium_.pdf,html_placeholder
Fenvalerate,Aerobic_degradation_of_fenvalerate_by_a_Gram_positive_bacterium___i_Bacillus_fle.pdf,html_placeholder
Fenvalerate,An_endocrine_disrupting_chemical__fenvalerate__induces_cell_cycle_progression_an.pdf,html_placeholder
Fenvalerate,Biodegradation_and_metabolic_pathway_of_fenvalerate_by_Citrobacter_freundii_CD_9.pdf,html_placeholder
Fenvalerate,Biodegradation_of_Allethrin_by_a_Novel_Fungus__i_Fusarium_proliferatum__i__Strai.pdf,html_placeholder
Fenvalerate,Biodegradation_of_Unpretreated_Low_Density_Polyethylene__LDPE__by__i_Stenotropho.pdf,html_placeholder
Fenvalerate,Characterization_of_a_Pyrethroid_Degrading__i_Pseudomonas_fulva__i__Strain_P31_a.pdf,html_placeholder
Fenvalerate,Contribution_of_insect_gut_microbiota_and_their_associated_enzymes_in_insect_phy.pdf,html_placeholder
Fenvalerate,Detection_of_carboxylesterase_and_esterase_activity_in_culturable_gut_bacterial_.pdf,html_placeholder
Fenvalerate,Effects_of_Thiamethoxam_and_Fenvalerate_Residue_Levels_on_Light_Stable_Isotopes_.pdf,html_placeholder
Fenvalerate,Expression__characterization__and_immobilization_of_a_novel_SGNH_esterase_Est882.pdf,html_placeholder
Fenvalerate,Fenvalerate_exposure_induces_AKT_AMPK_dependent_alterations_in_glucose_metabolis.pdf,html_placeholder
Fenvalerate,Grp94_Protein_Delivers_γ_Aminobutyric_Acid_Type_A__GABAA__Receptors_to_Hrd1_Prot.pdf,html_placeholder
Fenvalerate,Insight_Into_Microbial_Applications_for_the_Biodegradation_of_Pyrethroid_Insecti.pdf,html_placeholder
Fenvalerate,Isolation_of_Dibutyl_Phthalate_Degrading_Bacteria_and_Its_Coculture_with__i_Citr.pdf,html_placeholder
Fenvalerate,Metabolism_of_esfenvalerate_in_tomato_plants___i_Solanum_lycopersicum__i___.pdf,html_placeholder
Fenvalerate,Microbial_Degradation_of_Pesticide_Residues_and_an_Emphasis_on_the_Degradation_o.pdf,html_placeholder
Fenvalerate,Multifaceted_investigation_of_esfenvalerate_induced_toxicity_on_Allium_cepa_L_.pdf,html_placeholder
Fenvalerate,Novel_Mechanism_and_Kinetics_of_Tetramethrin_Degradation_Using_an_Indigenous__i_.pdf,html_placeholder
Fenvalerate,Pesticide_Use_and_Degradation_Strategies__Food_Safety__Challenges_and_Perspectiv.pdf,html_placeholder
Fenvalerate,Photodegradation_of_pesticides_using_compound_specific_isotope_analysis__CSIA___.pdf,html_placeholder
Fenvalerate,Role_of_Insect_Gut_Microbiota_in_Pesticide_Degradation__A_Review_.pdf,html_placeholder
Fenvalerate,Simulation_Study_for_the_Degradation_of_Some_Insecticides_during_Different_Black.pdf,html_placeholder
Fenvalerate,Simultaneous_biodegradation_of_λ_cyhalothrin_pesticide_and_Vicia_faba_growth_pro.pdf,html_placeholder
Fenvalerate,Whole_genome_sequencing_and_analysis_of_fenvalerate_degrading_bacteria_Citrobact.pdf,html_placeholder
Fenvalerate,_i_Bacilli___i_Mediated_Degradation_of_Xenobiotic_Compounds_and_Heavy_Metals_.pdf,html_placeholder
Fipronil,A_GABA_Receptor_Modulator_and_Semiochemical_Compounds_Evidenced_Using_Volatolomi.pdf,html_placeholder
Fipronil,Activated_carbon_as_a_means_of_limiting_bioaccumulation_of_organochlorine_pestic.pdf,html_placeholder
Fipronil,Ameliorative_Effects_of_Boswellic_Acid_on_Fipronil_Induced_Toxicity__Antioxidant.pdf,html_placeholder
Fipronil,Arylpyrrole_and_fipronil_analogues_that_inhibit_the_motility_and_or_development_.pdf,html_placeholder
Fipronil,Assessment_of_fipronil_toxicity_on_wistar_rats__A_hepatotoxic_perspective_.pdf,html_placeholder
Fipronil,Betanin_ameliorates_fipronil_induced_nephrotoxicity_via_activation_of_Nrf2_HO_1_.pdf,html_placeholder
Fipronil,Biodegradation_of_flonicamid_by_Ensifer_adhaerens_CGMCC_6315_and_enzymatic_chara.pdf,html_placeholder
Fipronil,Biodegradation_of_monocrotophos__cypermethrin___fipronil_by__i_Proteus_myxofacie.pdf,html_placeholder
Fipronil,Biomineralisation_of_fipronil_and_its_major_metabolite__fipronil_sulfone__by_Asp.pdf,html_placeholder
Fipronil,DBS_platform_for_biomonitoring_and_toxicokinetics_of_toxicants__proof_of_concept.pdf,html_placeholder
Fipronil,Degradation_of_fipronil_by_Stenotrophomonas_acidaminiphila_isolated_from_rhizosp.pdf,html_placeholder
Fipronil,Development_of_a_UPLC_MS_MS_method_for_pesticide_analysis_in_paddy_water_and_eva.pdf,html_placeholder
Fipronil,Development_of_a_low_dose_fipronil_deer_feed__evaluation_of_efficacy_against_two.pdf,html_placeholder
Fipronil,Dissipation_and_persistence_behaviour_of_fipronil_and_its_metabolites_in_chilli_.pdf,html_placeholder
Fipronil,Double_layer_MOFs_M_ZIF_8_ZIF_67__The_adsorption_capacity_and_removal_mechanism_.pdf,html_placeholder
Fipronil,Effect_of_Fipronil_Exposure_on_Hematological_Aspects_of_Rhesus_Monkeys___i_Macac.pdf,html_placeholder
Fipronil,Effect_of_Iron_Complex_Source_on_MWWTP_Effluent_Treatment_by_Solar_Photo_Fenton_.pdf,html_placeholder
Fipronil,Effects_of_insecticides__fipronil_and_imidacloprid__on_the_growth__survival__and.pdf,html_placeholder
Fipronil,Efficacy_of_novel_bacterial_consortia_in_degrading_fipronil_and_thiobencarb_in_p.pdf,html_placeholder
Fipronil,Environmental_Impact_of_Xenobiotic_Aromatic_Compounds_and_Their_Biodegradation_P.pdf,html_placeholder
Fipronil,Environmental_fate_and_exposure__neonicotinoids_and_fipronil_.pdf,html_placeholder
Fipronil,Evaluation_of_baiting_fipronil_loaded_silica_nanocapsules_against_termite_coloni.pdf,html_placeholder
Fipronil,Evaluation_of_the_camel_milk_amelioration__the_oxidative_stress__fertility_and_m.pdf,html_placeholder
Fipronil,Evaluation_of_therapeutic_effects_of_camel_milk_against_the_hepatotoxicity_and_n.pdf,html_placeholder
Fipronil,Field_relevant_doses_of_the_systemic_insecticide_fipronil_and_fungicide_pyraclos.pdf,html_placeholder
Fipronil,Fipronil_Degradation_in_Soil_by__i_Enterobacter_chengduensis__i__Strain_G2_8__Me.pdf,html_placeholder
Fipronil,Fipronil_Triggers_Immunotoxicity_Through_Reactive_Oxygen_Species_Driven_Mitochon.pdf,html_placeholder
Fipronil,Fipronil_application_on_rice_paddy_fields_reduces_densities_of_common_skimmer_an.pdf,html_placeholder
Fipronil,Garlic_and_allopurinol_alleviate_the_apoptotic_pathway_in_rats__brain_following_.pdf,html_placeholder
Fipronil,Immunoassays_and_Emerging_Analytical_Techniques_of_Fipronil_and_its_Metabolites_.pdf,html_placeholder
Fipronil,Induction_of_Amyloid_β42_Production_by_Fipronil_and_Other_Pyrazole_Insecticides_.pdf,html_placeholder
Fipronil,Investigation_of_dissipation_kinetics_and_half_lives_of_fipronil_and_thiamethoxa.pdf,html_placeholder
Fipronil,Label_Free_Aptasensor_for_Detection_of_Fipronil_Based_on_Black_Phosphorus_Nanosh.pdf,html_placeholder
Fipronil,Lethal_and_sub_lethal_effects_of_the_insecticide_fipronil_on_juvenile_brown_shri.pdf,html_placeholder
Fipronil,Mass_Balance_of_Fipronil_and_Total_Toxicity_of_Fipronil_Related_Compounds_in_Pro.pdf,html_placeholder
Fipronil,Molecularly_Imprinted_Polymeric_Sorbent_for_Targeted_Dispersive_Solid_Phase_Micr.pdf,html_placeholder
Fipronil,New_Insights_into_the_Effect_of_Fipronil_on_the_Soil_Bacterial_Community_.pdf,html_placeholder
Fipronil,Non_detection_of_honeybee_hive_contamination_following_Vespula_wasp_baiting_with.pdf,html_placeholder
Fipronil,Novel_Mechanism_and_Kinetics_of_Tetramethrin_Degradation_Using_an_Indigenous__i_.pdf,html_placeholder
Fipronil,Photodegradation_of_the_phenylpyrazole_insecticide_ethiprole_in_aquatic_environm.pdf,html_placeholder
Fipronil,Reprotoxic_effects_of_the_systemic_insecticide_fipronil_on_the_butterfly__i_Pier.pdf,html_placeholder
Fipronil,Residue_analysis_and_persistence_evaluation_of_fipronil_and_its_metabolites_in_c.pdf,html_placeholder
Fipronil,Role_of_Insect_Gut_Microbiota_in_Pesticide_Degradation__A_Review_.pdf,html_placeholder
Fipronil,Serum_Concentrations_of_Fipronil_and_Metabolites_in_Japanese_Pregnant_Women__Rel.pdf,html_placeholder
Fipronil,Setting_of_import_tolerances_for_fipronil_in_potatoes__sugar_canes_and_commoditi.pdf,html_placeholder
Fipronil,Short_term_effects_of_pesticide_fipronil_on_behavioral_and_physiological_endpoin.pdf,html_placeholder
Fipronil,The_ameliorative_effects_of_quercetin_and_curcumin_against_subacute_nephrotoxici.pdf,html_placeholder
Fipronil,The_potential_ameliorative_impacts_of_cerium_oxide_nanoparticles_against_fiproni.pdf,html_placeholder
Fipronil,Unveiling_six_novel_bacterial_strains_for_fipronil_and_thiobencarb_biodegradatio.pdf,html_placeholder
Fipronil,Were_the_sharp_declines_of_dragonfly_populations_in_the_1990s_in_Japan_caused_by.pdf,html_placeholder
Flonicamid,Biodegradation_of_flonicamid_by_Ensifer_adhaerens_CGMCC_6315_and_enzymatic_chara.pdf,html_placeholder
Flonicamid,Efficient_Biodegradation_of_the_Neonicotinoid_Insecticide_Flonicamid_by_Pseudami.pdf,html_placeholder
Flonicamid,Intergenerational_Sublethal_Effects_of_Flonicamid_on_Cotton_Aphid___i_Aphis_goss.pdf,html_placeholder
Flonicamid,Metabolic_Profiling_and_Comparative_Proteomic_Insight_in_Respect_of_Amidases_dur.pdf,html_placeholder
Flonicamid,Microbial_Technologies_Employed_for_Biodegradation_of_Neonicotinoids_in_the_Agro.pdf,html_placeholder
Flonicamid,Microbial_degradation_mechanisms_of_the_neonicotinoids_acetamiprid_and_flonicami.pdf,html_placeholder
Flonicamid,Modification_of_existing_maximum_residue_levels_for_flonicamid_in_various_commod.pdf,html_placeholder
Flonicamid,Modification_of_the_existing_maximum_residue_level_for_flonicamid_in_honey_.pdf,html_placeholder
Flonicamid,Modification_of_the_existing_maximum_residue_level_for_flonicamid_in_various_cro.pdf,html_placeholder
Flonicamid,Modification_of_the_existing_maximum_residue_levels_for_flonicamid_in_strawberri.pdf,html_placeholder
Flonicamid,Modification_of_the_existing_maximum_residue_levels_for_flonicamid_in_various_cr.pdf,html_placeholder
Flonicamid,Modification_of_the_existing_maximum_residue_levels_for_flonicamid_in_various_ro.pdf,html_placeholder
Flonicamid,Modification_of_the_existing_maximum_residue_levels_or_for_flonicamid_in_kales__.pdf,html_placeholder
Flonicamid,Residue_Behaviors_and_Degradation_Dynamics_of_Insecticides_Commonly_Applied_to__.pdf,html_placeholder
Flonicamid,Role_of_Insect_Gut_Microbiota_in_Pesticide_Degradation__A_Review_.pdf,html_placeholder
Flonicamid,Setting_of_import_tolerances_for_flonicamid_in_various_crops_and_products_of_ani.pdf,html_placeholder
Flonicamid,The_effects_of_oil_adjuvant_on_the_degradation_of_spirotetramat_and_its_metaboli.pdf,html_placeholder
Flonicamid,US_assisted_catalytic_degradation_of_paraquat_using_ZnO_Fe_sub_3__sub_O_sub_4__s.pdf,html_placeholder
Fluazaindolizine,Photodegradation_of_pesticides_using_compound_specific_isotope_analysis__CSIA___.pdf,html_placeholder
Fluazifop-p-butyl,Influence_of_a_Commercial_Biological_Fungicide_containing__i_Trichoderma_harzian.pdf,html_placeholder
Fluazifop-p-butyl,Nanometer_Titanium_Dioxide_Mediated_High_Efficiency_Photodegradation_of_Fluazifo.pdf,html_placeholder
Fluazifop-p-butyl,Target_site_mutations_Ile1781Leu_and_Ile2041Asn_in_the__i_ACCase2__i__gene_confe.pdf,html_placeholder
Fluazifop-p-butyl,The_Genome_Analysis_of__i_Methylobacterium_populi__i__YC_XJ1_with_Diverse_Xenobi.pdf,html_placeholder
Fluazinam,Comparative_Transcriptome_Analysis_Reveals_the_Mechanism_Related_to_Fluazinam_St.pdf,html_placeholder
Fluazinam,Conclusion_regarding_the_peer_review_of_the_pesticide_risk_assessment_of_the_act.pdf,html_placeholder
Fluazinam,Dissipation_and_Residue_Pattern_of_Dinotefuran__Fluazinam__Indoxacarb__and_Thiac.pdf,html_placeholder
Fluazinam,Modification_of_the_existing_maximum_residue_levels_for_fluazinam_in_onions__sha.pdf,html_placeholder
Fluazinam,Residue_Behaviors_and_Degradation_Dynamics_of_Insecticides_Commonly_Applied_to__.pdf,html_placeholder
Flubendiamide,A_monoclonal_antibody_based_indirect_competitive_enzyme_linked_immunosorbent_ass.pdf,html_placeholder
Flubendiamide,Biodegradation_of_flubendiamide_by_a_newly_isolated_Chryseobacterium_sp__strain_.pdf,html_placeholder
Flubendiamide,Biodegradation_of_pesticide_in_agricultural_soil_employing_entomopathogenic_fung.pdf,html_placeholder
Flubendiamide,De_novo_transcriptome_and_expression_profile_analyses_of_the_Asian_corn_borer__O.pdf,html_placeholder
Flubendiamide,Embryonic_exposure_to_flubendiamide_induces_hepatotoxicity_in_domestic_chicks_by.pdf,html_placeholder
Flubendiamide,Evaluation_of_oxidative_stress_mediated_cytotoxicity_and_genotoxicity_of_copper_.pdf,html_placeholder
Flubendiamide,Extraction_and_determination_of_flubendiamide_insecticide_in_food_samples__A_rev.pdf,html_placeholder
Flubendiamide,In_vitro_and_in_vivo_effects_of_flubendiamide_and_copper_on_cyto_genotoxicity__o.pdf,html_placeholder
Flubendiamide,Influence_of_insecticides_flubendiamide_and_spinosad_on_biological_activities_in.pdf,html_placeholder
Flubendiamide,Insecticides_chlorantraniliprole_and_flubendiamide_in__i_Aster_scaber__i___Dissi.pdf,html_placeholder
Flubendiamide,Screening_of_Carbofuran_Degrading_Bacteria__i_Chryseobacterium__i__sp__BSC2_3_an.pdf,html_placeholder
Flubendiamide,Setting_of_import_tolerances_for_flubendiamide_in_apricots__peaches__nectarines_.pdf,html_placeholder
Fludioxonil,A_Fungicide__Fludioxonil__Formed_the_Polyploid_Giant_Cancer_Cells_and_Induced_Me.pdf,html_placeholder
Fludioxonil,Aggressiveness_and_Patulin_Production_in__i_Penicillium_expansum__i__Multidrug_R.pdf,html_placeholder
Fludioxonil,Combining_Culture_Dependent_and_Independent_Approaches_for_the_Optimization_of_E.pdf,html_placeholder
Fludioxonil,Degradation_of_Pesticide_Residues_in_Water__Soil__and_Food_Products_via_Cold_Pla.pdf,html_placeholder
Fludioxonil,Effect_of_cyprodinil_and_fludioxonil_pesticides_on_bovine_liver_catalase_activit.pdf,html_placeholder
Fludioxonil,Effects_of_fludioxonil__propolis_and_black_seed_oil_application_on_the_postharve.pdf,html_placeholder
Fludioxonil,Endocrine_disruptors_fludioxonil_and_fenhexamid_stimulate_miR_21_expression_in_b.pdf,html_placeholder
Fludioxonil,Evaluation_of_Dissipation_Behavior__Residues__and_Dietary_Risk_Assessment_of_Flu.pdf,html_placeholder
Fludioxonil,Field_evidence_of_UK_wild_bird_exposure_to_fludioxonil_and_extrapolation_to_othe.pdf,html_placeholder
Fludioxonil,Genomic__Transcriptomic_and_Suspect_Non_Target_Screening_Analyses_Reveal_the_Rol (1).pdf,html_placeholder
Fludioxonil,Modification_of_the_existing_maximum_residue_level_for_fludioxonil_in_Florence_f.pdf,html_placeholder
Fludioxonil,Modification_of_the_existing_maximum_residue_levels_for_fludioxonil_in_certain_s.pdf,html_placeholder
Fludioxonil,Modification_of_the_existing_maximum_residue_levels_for_fludioxonil_in_elderberr.pdf,html_placeholder
Fludioxonil,Modification_of_the_existing_maximum_residue_levels_for_fludioxonil_in_rhubarbs_.pdf,html_placeholder
Fludioxonil,Overexpression_of_the_CORVET_complex_alleviates_the_fungicidal_effects_of_fludio.pdf,html_placeholder
Fludioxonil,Peer_review_of_the_pesticide_risk_assessment_of_the_active_substance_fludioxonil.pdf,html_placeholder
Fludioxonil,Residual_Dynamics_of_Chlorantraniliprole_and_Fludioxonil_in_Soil_and_Their_Effec.pdf,html_placeholder
Fludioxonil,Setting_of_import_tolerances_for_fludioxonil_in_sugar_beet_roots_and_bananas_.pdf,html_placeholder
Fludioxonil,Unexpected_Mechanism_of_Biodegradation_and_Defluorination_of_2_2_Difluoro_1_3_Be.pdf,html_placeholder
Fluensulfone,Degradation_strategies_of_pesticide_residue__From_chemicals_to_synthetic_biology.pdf,html_placeholder
Fluensulfone,Field_evaluation_of_the_nematicide_fluensulfone_for_control_of_the_potato_cyst_n.pdf,html_placeholder
Flufenoxuron,Contribution_of_insect_gut_microbiota_and_their_associated_enzymes_in_insect_phy.pdf,html_placeholder
Flumethrin,Bacterial_Cytochrome_P450_Involvement_in_the_Biodegradation_of_Fluorinated_Pyret.pdf,html_placeholder
Flumethrin,Contribution_of_insect_gut_microbiota_and_their_associated_enzymes_in_insect_phy.pdf,html_placeholder
Flumethrin,Evaluation_of_the_long_term_efficacy_and_safety_of_an_imidacloprid_10__flumethri.pdf,html_placeholder
Flumethrin,In_Vitro_Neurotoxicity_of_Flumethrin_Pyrethroid_on_SH_SY5Y_Neuroblastoma_Cells__.pdf,html_placeholder
Flumethrin,Insight_Into_Microbial_Applications_for_the_Biodegradation_of_Pyrethroid_Insecti.pdf,html_placeholder
Flumethrin,Microbial_Degradation_of_Pesticide_Residues_and_an_Emphasis_on_the_Degradation_o.pdf,html_placeholder
Flumioxazin,Mapping_of_flumioxazin_tolerance_in_a_snap_bean_diversity_panel_leads_to_the_dis.pdf,html_placeholder
Flumioxazin,Pyrolysis_Temperature_vs__Application_Rate_of_Biochar_Amendments__Impacts_on_Soi.pdf,html_placeholder
Flumioxazin,Responses_of_soil_microbial_biomass_and_enzyme_activity_to_herbicides_imazethapy.pdf,html_placeholder
Flumioxazin,Updated_peer_review_of_the_pesticide_risk_assessment_of_the_active_substance_flu.pdf,html_placeholder
Fluopicolide,Fluopicolide_Induced_Oxidative_Stress_and_DNA_Damage_in_the_Earthworm__i_Eisenia.pdf,html_placeholder
Fluopicolide,Residue_and_risk_assessment_of_fluopicolide_and_cyazofamid_in_grapes_and_soil_us.pdf,html_placeholder
Fluopicolide,Review_of_the_existing_maximum_residue_levels_for_fluopicolide_according_to_Arti.pdf,html_placeholder
Fluopicolide,Toward_Improved_Bioremediation_Strategies__Response_of_BAM_Degradation_Activity_.pdf,html_placeholder
Fluopyram,Changes_to_Soil_Microbiome_Resulting_from_Synergetic_Effects_of_Fungistatic_Comp.pdf,html_placeholder
Fluopyram,Degradation_strategies_of_pesticide_residue__From_chemicals_to_synthetic_biology.pdf,html_placeholder
Fluopyram,Effect_of_microorganisms_on_degradation_of_fluopyram_and_tebuconazole_in_laborat.pdf,html_placeholder
Fluopyram,Efficacy_of_fluopyram_applied_by_chemigation_on_controlling_eggplant_root_knot_n.pdf,html_placeholder
Fluopyram,Modification_of_the_existing_maximum_residue_level_for_fluopyram_in_broccoli_.pdf,html_placeholder
Fluopyram,Modification_of_the_existing_maximum_residue_level_for_fluopyram_in_purslanes_.pdf,html_placeholder
Fluopyram,Modification_of_the_existing_maximum_residue_levels_and_setting_of_import_tolera.pdf,html_placeholder
Fluopyram,Modification_of_the_existing_maximum_residue_levels_for_fluopyram_in_herbal_infu.pdf,html_placeholder
Fluopyram,Modification_of_the_existing_maximum_residue_levels_for_fluopyram_in_various_cro.pdf,html_placeholder
Fluopyram,New_Photodegradation_Products_of_the_Fungicide_Fluopyram__Structural_Elucidation.pdf,html_placeholder
Fluopyram,Reduced_Sensitivity_to_Fluopyram_in__i_Meloidogyne_graminis__i__following_Long_T.pdf,html_placeholder
Fluopyram,Residue_and_Risk_Assessment_of_Fluopyram_in_Carrot_Tissues_.pdf,html_placeholder
Fluopyram,Review_of_the_existing_maximum_residue_levels_for_fluopyram_according_to_Article.pdf,html_placeholder
Fluopyram,Study_on_environmental_behaviour_of_fluopyram_in_different_banana_planting_soil_.pdf,html_placeholder
Flupyradifurone,Bergamot_Polyphenolic_Fraction_for_the_Control_of_Flupyradifurone_Induced_Poison.pdf,html_placeholder
Flupyradifurone,Dissipation__Processing_Factors_and_Dietary_Risk_Assessment_for_Flupyradifurone_.pdf,html_placeholder
Flupyradifurone,Effects_of_Nosema_ceranae__Dissociodihaplophasida__Nosematidae__and_Flupyradifur.pdf,html_placeholder
Flupyradifurone,Flupyradifurone__a_brief_profile_of_a_new_butenolide_insecticide_.pdf,html_placeholder
Flupyradifurone,Long_term_field_realistic_exposure_to_a_next_generation_pesticide__flupyradifuro.pdf,html_placeholder
Flupyradifurone,Modification_of_the_existing_maximum_residue_levels_and_setting_import_tolerance.pdf,html_placeholder
Flupyradifurone,Modification_of_the_existing_maximum_residue_levels_and_setting_of_import_tolera.pdf,html_placeholder
Flupyradifurone,Modification_of_the_existing_maximum_residue_levels_for_flupyradifurone_and_DFA_.pdf,html_placeholder
Flupyradifurone,The_novel_insecticides_flupyradifurone_and_sulfoxaflor_do_not_act_synergisticall.pdf,html_placeholder
Flupyradifurone,The_pesticide_flupyradifurone_impairs_olfactory_learning_in_Asian_honey_bees__Ap.pdf,html_placeholder
Flupyradifurone,Transgenerational_hormetic_effects_of_sublethal_dose_of_flupyradifurone_on_the_g.pdf,html_placeholder
Flusilazole,Research_Progress_on_the_Degradation_of_Organic_Pollutants_in_Water_by_Activated.pdf,html_placeholder
Flutianil,Setting_of_import_tolerances_for_flutianil_in_various_crops_.pdf,html_placeholder
Flutolanil,Conclusion_regarding_the_peer_review_of_the_pesticide_risk_assessment_of_the_act.pdf,html_placeholder
Flutolanil,Peer_review_of_the_pesticide_risk_assessment_of_the_active_substance_flutolanil_.pdf,html_placeholder
Flutolanil,Setting_of_an_import_tolerance_for_flutolanil_in_peanuts_.pdf,html_placeholder
Flutriafol,Evaluation_of_confirmatory_data_following_the_Article_12_MRL_review_and_setting_.pdf,html_placeholder
Flutriafol,Mechanistic_Insight_into_the_Degradation_of_Nitrosamines_via_Aqueous_Phase_UV_Ph.pdf,html_placeholder
Flutriafol,Understanding_the_Metabolism_and_Dissipation_Kinetics_of_Flutriafol_in_Vegetable.pdf,html_placeholder
Fluxapyroxad,A Nationwide Study of Residual Fate of Fluxapyroxad and Its Metabolites in Peanut Crops Across China Assessment of Human Exposure Potential..pdf,pdf_header
Fluxapyroxad,"Accumulation and growth toxicity mechanisms of fluxapyroxad revealed by physiological, hepatopancreas transcriptome, and gut microbiome analysis in Pacific white shrimp (Litopenaeus vannamei)..pdf",pdf_header
Fluxapyroxad,Degradation of Fluxapyroxad in Soils and WaterSediment Systems Under Aerobic or Anaerobic Conditions..pdf,pdf_header
Fluxapyroxad,Dissipation kinetics and biological degradation by yeast and dietary risk assessment of fluxapyroxad in apples..pdf,pdf_header
Fluxapyroxad,"Expanding the use of biobeds Degradation and adsorption of pesticides contained in effluents from seed-coating, bulb disinfestation and fruit-packaging activities..pdf",pdf_header
Fluxapyroxad,Investigation of Residue Dissipation of Fluxapyroxad and Its Metabolites in Chinese Cabbage and Spring Scallion Using Different Application Methods..pdf,pdf_header
Fluxapyroxad,Modification of the existing maximum residue levels for fluxapyroxad in kakiJapanese persimmons and cultivated mushrooms..pdf,pdf_header
Fluxapyroxad,Review of the existing maximum residue levels for fluxapyroxad according to Article 12 of Regulation (EC) NoÂ 3962005..pdf,pdf_header
Fluxapyroxad,Setting of import tolerances for fluxapyroxad in certain root crops and coffee beans..pdf,pdf_header
Folpet,Atmospheric_oxidation_of_Folpet_initiated_by_OH_radicals__NO_sub_3__sub__radical.pdf,html_placeholder
Folpet,Degradation_of_metalaxyl_and_mefenoxam_and_effects_on_the_microbiological_proper.pdf,html_placeholder
Folpet,Low_temperatures_lead_to_higher_toxicity_of_the_fungicide_folpet_to_larval_stage.pdf,html_placeholder
Folpet,Modification_of_the_existing_maximum_residue_level_for_folpet_in_lettuces_.pdf,html_placeholder
Folpet,Modification_of_the_existing_maximum_residue_levels_for_folpet_in_apples_and_pea.pdf,html_placeholder
Folpet,Modification_of_the_existing_maximum_residue_levels_for_folpet_in_barley__oat__r.pdf,html_placeholder
Folpet,Optimization_of_diazinon_biodegradation_from_aqueous_solutions_by_Saccharomyces_.pdf,html_placeholder
Folpet,Peer_review_of_the_pesticide_risk_assessment_of_the_active_substance_folpet_.pdf,html_placeholder
Folpet,Physicochemical_characteristics_and_bronchial_epithelial_cell_cytotoxicity_of_Fo.pdf,html_placeholder
Fosetyl Al,Fosetyl-Al photo-Fenton degradation and its endogenous catalyst inhibition..pdf,pdf_header
Glufosinate-Ammonium,"Accumulation, metabolites formation and elimination behavior of rac-glufosinate-ammonium and glufosinate-P in zebrafish (Danio rerio)..pdf",pdf_header
Glufosinate-Ammonium,Casein Kinase 2 Mediates Degradation of Transcription Factor Pcf1 during Appressorium Formation in the Rice Blast Fungus..pdf,pdf_header
Glufosinate-Ammonium,"Chromatographic Methods for the Determination of Glyphosate in Cereals Together with a Discussion of Its Occurrence, Accumulation, Fate, Degradation, and Regulatory Status..pdf",pdf_header
Glufosinate-Ammonium,Co-option of an extracellular protease for transcriptional control of nutrient degradation in the fungus Aspergillus nidulans..pdf,pdf_header
Glufosinate-Ammonium,Comparing toxicity and biodegradation of racemic glufosinate and L-glufosinate in green algae Scenedesmus obliquus..pdf,pdf_header
Glufosinate-Ammonium,Degradation of Fungal MicroRNAs Triggered by Short Tandem Target Mimics Is via the Small-RNA-Degrading Nuclease..pdf,pdf_header
Glufosinate-Ammonium,Effects of L-Glufosinate-ammonium and temperature on reproduction controlled by neuroendocrine system in lizard (Eremias argus)..pdf,pdf_header
Glufosinate-Ammonium,Genetic dissection of peroxisome-associated matrix protein degradation in Arabidopsis thaliana..pdf,pdf_header
Glufosinate-Ammonium,Gibberellin-mediated RGA-LIKE1 degradation regulates embryo sac development in Arabidopsis..pdf,pdf_header
Glufosinate-Ammonium,Glufosinate and ammonium sulfate inhibit atrazine degradation in adapted soils.pdf,pdf_header
Glufosinate-Ammonium,HCAR Is a Limitation Factor for Chlorophyll Cycle and Chlorophyll b Degradation in Chlorophyll- b-Overproducing Plants.pdf,pdf_header
Glufosinate-Ammonium,"Herbicidal Ionic Liquids A Promising Future for Old Herbicides Review on Synthesis, Toxicity, Biodegradation, and Efficacy Studies..pdf",pdf_header
Glufosinate-Ammonium,Initial steps in the degradation of phosphinothricin (glufosinate) by soil bacteria..pdf,pdf_header
Glufosinate-Ammonium,Multiple effects of the herbicide glufosinate-ammonium and its main metabolite on neural stem cells from the subventricular zone of newborn mice..pdf,pdf_header
Glufosinate-Ammonium,Persistence and leachability of glufosinate-ammonium in a northern Ontario terrestrial environment..pdf,pdf_header
Glufosinate-Ammonium,Phenotypes on demand via switchable target protein degradation in multicellular organisms..pdf,pdf_header
Glufosinate-Ammonium,The IBR5 phosphatase promotes Arabidopsis auxin responses through a novel mechanism distinct from TIR1-mediated repressor degradation..pdf,pdf_header
Glufosinate-Ammonium,The Potyvirus Silencing Suppressor Protein VPg Mediates Degradation of SGS3 via Ubiquitination and Autophagy Pathways..pdf,pdf_header
Glyphosate,A_Critical_Review_on_Metal_Organic_Frameworks_and_Their_Composites_as_Advanced_M.pdf,html_placeholder
Glyphosate,A_Glyphosate_Based_Formulation_but_Not_Glyphosate_Alone_Alters_Human_Placental_I.pdf,html_placeholder
Glyphosate,A_Glyphosate_Based_Herbicide_in_Soil_Differentially_Affects_Hormonal_Homeostasis.pdf,html_placeholder
Glyphosate,A_Human_Biomonitoring_Study_Assessing_Glyphosate_and_Aminomethylphosphonic_Acid_.pdf,html_placeholder
Glyphosate,A_Method_for_the_Analysis_of_Glyphosate__Aminomethylphosphonic_Acid__and_Glufosi.pdf,html_placeholder
Glyphosate,A_natural_adjuvant_shows_the_ability_to_improve_the_effectiveness_of_glyphosate_.pdf,html_placeholder
Glyphosate,A_novel_5_enolpyruvylshikimate_3_phosphate_synthase_from_Rahnella_aquatilis_with.pdf,html_placeholder
Glyphosate,A_rearranged_Amaranthus_palmeri_extrachromosomal_circular_DNA_confers_resistance.pdf,html_placeholder
Glyphosate,A_red_and_far_red_light_receptor_mutation_confers_resistance_to_the_herbicide_gl.pdf,html_placeholder
Glyphosate,Adsorption_and_Photocatalytic_Degradation_of_Pesticides_into_Nanocomposites__A_R.pdf,html_placeholder
Glyphosate,Adsorption_and_detoxification_of_glyphosate_and_aminomethylphosphonic_acid_by_mo.pdf,html_placeholder
Glyphosate,Advances_in_Bi_sub_2__sub_WO_sub_6__sub__Based_Photocatalysts_for_Degradation_of.pdf,html_placeholder
Glyphosate,Aldo_keto_reductase_enzymes_detoxify_glyphosate_and_improve_herbicide_resistance.pdf,html_placeholder
Glyphosate,Alleviation_of_glyphosate_induced_toxicity_by_Horseradish_tree__Moringa_oleifera.pdf,html_placeholder
Glyphosate,Aminomethylphosphonic_Acid__AMPA___a_Glyphosate_Metabolite__Decreases_Plasma_Cho.pdf,html_placeholder
Glyphosate,Amplification_of_the_aroA_gene_from_Escherichia_coli_results_in_tolerance_to_the.pdf,html_placeholder
Glyphosate,An_ABC_transporter_of_the_ABCC_subfamily_localized_at_the_plasma_membrane_confer.pdf,html_placeholder
Glyphosate,Analytical_insight_into_degradation_processes_of_aminopolyphosphonates_as_potent.pdf,html_placeholder
Glyphosate,Application_of_Highly_Sensitive_Immunosensor_Based_on_Optical_Waveguide_Light_Mo.pdf,html_placeholder
Glyphosate,Assessing_hydrocarbon_degradation_capacity_of__i_Isoptericola_peretonis__i__sp__.pdf,html_placeholder
Glyphosate,Assessment_of_Glyphosate_Impact_on_the_Agrofood_Ecosystem_.pdf,html_placeholder
Glyphosate,Association_of_Lifetime_Exposure_to_Glyphosate_and_Aminomethylphosphonic_Acid__A.pdf,html_placeholder
Glyphosate,Associations_of_chronic_liver_disease_and_liver_cancer_with_glyphosate_and_its_m.pdf,html_placeholder
Glyphosate,Biodegradation_Capabilities_of_Paraquat_Degrading_Bacteria_Immobilized_on_Nanoce.pdf,html_placeholder
Glyphosate,Biodegradation_of_Iprodione_and_Chlorpyrifos_Using_an_Immobilized_Bacterial_Cons.pdf,html_placeholder
Glyphosate,Biodegradation_of_chlorpyrifos_by_enterobacter_strain_B_14_and_its_use_in_biorem.pdf,html_placeholder
Glyphosate,Biodegradation_of_diuron_by_an_endophytic_fungus_Neurospora_intermedia_DP8_1_iso.pdf,html_placeholder
Glyphosate,Biogenic_Hydroxyapatite_Obtained_from_Bone_Wastes_Using_CO_sub_2__sub__Assisted_.pdf,html_placeholder
Glyphosate,Bioremediation_potential_of_glyphosate_degrading_microorganisms_in_eutrophicated.pdf,html_placeholder
Glyphosate,Bumblebees_can_be_Exposed_to_the_Herbicide_Glyphosate_when_Foraging_.pdf,html_placeholder
Glyphosate,Challenges_and_opportunities_in_the_selective_degradation_of_organophosphorus_he.pdf,html_placeholder
Glyphosate,Changes_in_fatty_acid_composition_as_a_response_to_glyphosate_toxicity_in__i_Pse.pdf,html_placeholder
Glyphosate,Characterisation_of_the_simultaneous_molybdenum_reduction_and_glyphosate_degrada.pdf,html_placeholder
Glyphosate,Characterization_of_Glyphosate_Resistance_and_Degradation_Profile_of__lt_i_gt_Ca.pdf,html_placeholder
Glyphosate,Characterization_of_a_New__i_Pseudomonas_Putida__i__Strain_Ch2__a_Degrader_of_To.pdf,html_placeholder
Glyphosate,Chitosan_Based_Nanocomposites_for_Glyphosate_Detection_Using_Surface_Plasmon_Res.pdf,html_placeholder
Glyphosate,Chromatographic_Methods_for_the_Determination_of_Glyphosate_in_Cereals_Together_.pdf,html_placeholder
Glyphosate,Chronic_Toxicity_of_Primary_Metabolites_of_Chloroacetamide_and_Glyphosate_to_Ear.pdf,html_placeholder
Glyphosate,Chronic_dietary_exposure_to_a_glyphosate_based_herbicide_results_in_total_or_par.pdf,html_placeholder
Glyphosate,Clostridium_Bacteria_and_Autism_Spectrum_Conditions__A_Systematic_Review_and_Hyp.pdf,html_placeholder
Glyphosate,Co_Activating_Lattice_Oxygen_of_TiO_sub_2__sub__NT_and_SnO_sub_2__sub__Nanoparti.pdf,html_placeholder
Glyphosate,Co_expression_of__i_GR79_EPSPS__i__and__i_GAT__i__generates_high_glyphosate_resi.pdf,html_placeholder
Glyphosate,Combined_Toxic_Effects_of_Lead_and_Glyphosate_on__i_Apis_cerana_cerana__i__.pdf,html_placeholder
Glyphosate,Combined_effects_of_micropollutants_and_their_degradation_on_prokaryotic_communi.pdf,html_placeholder
Glyphosate,Comparative_Assessment_of_the_Inhibitory_Potential_of_the_Herbicide_Glyphosate_a.pdf,html_placeholder
Glyphosate,Comparative_proteomic_analysis_of_horseweed__Conyza_canadensis__biotypes_identif.pdf,html_placeholder
Glyphosate,Comparison_of_Glyphosate_Degradation_Ability_of_Aldo_Keto_Reductase__AKR4__Prote.pdf,html_placeholder
Glyphosate,Comparison_of_the_in_vivo_and_in_vitro_genotoxicity_of_glyphosate_isopropylamine.pdf,html_placeholder
Glyphosate,Comparison_of_transcriptome_responses_to_glyphosate__isoxaflutole__quizalofop_p_.pdf,html_placeholder
Glyphosate,Complex_gene_response_of_herbicide_resistant__i_Enterobacter__i__strain__i_NRS_1.pdf,html_placeholder
Glyphosate,Computational_modelling_provides_insight_into_the_effects_of_glyphosate_on_the_s.pdf,html_placeholder
Glyphosate,Conditions_Optimizing_and_Application_of_Laccase_mediator_System__LMS__for_the_L.pdf,html_placeholder
Glyphosate,Connectivity_mediates_the_spatial_ecological_impacts_of_a_glyphosate_based_herbi.pdf,html_placeholder
Glyphosate,Conservation_implications_of_herbicides_on_seagrasses__sublethal_glyphosate_expo.pdf,html_placeholder
Glyphosate,Contribution_of_insect_gut_microbiota_and_their_associated_enzymes_in_insect_phy.pdf,html_placeholder
Glyphosate,Could_Exposure_to_Glyphosate_Pose_a_Risk_to_the_Survival_of_Wild_Animals__A_Case.pdf,html_placeholder
Glyphosate,Culturable_bacteria_from_an_Alpine_coniferous_forest_site__biodegradation_potent.pdf,html_placeholder
Glyphosate,Degradation_dynamics_of_glyphosate_in_different_types_of_citrus_orchard_soils_in.pdf,html_placeholder
Glyphosate,Degradation_insight_of_organophosphate_pesticide_chlorpyrifos_through_novel_inte.pdf,html_placeholder
Glyphosate,Degradation_kinetics_and_physiological_studies_of_organophosphates_degrading_mic.pdf,html_placeholder
Glyphosate,Degradation_of_Glyphosate_to_Benign_N_Formyl_Glycine_Using_MOF_808_Nanocrystals_.pdf,html_placeholder
Glyphosate,Degradation_of_Herbicides_in_the_Tropical_Marine_Environment__Influence_of_Light.pdf,html_placeholder
Glyphosate,Degradation_of_Pesticides_Using_Semiconducting_and_Tetrapyrrolic_Macrocyclic_Pho.pdf,html_placeholder
Glyphosate,Degradation_of_Swainsonine_by_the_NADP_Dependent_Alcohol_Dehydrogenase_A1R6C3_in.pdf,html_placeholder
Glyphosate,Degradation_of_four_pesticides_in_five_urban_landscape_soils__human_and_environm.pdf,html_placeholder
Glyphosate,Degradation_of_glyphosate_in_soil_photocatalyzed_by_Fe3O4_SiO2_TiO2_under_solar_.pdf,html_placeholder
Glyphosate,Degradation_of_the_herbicide_paraquat_by_macromycetes_isolated_from_southeastern.pdf,html_placeholder
Glyphosate,Degradation_of_the_neonicotinoid_pesticide_imidacloprid_by_electrocoagulation_an.pdf,html_placeholder
Glyphosate,Degradation_strategies_of_pesticide_residue__From_chemicals_to_synthetic_biology.pdf,html_placeholder
Glyphosate,Determination_of_Glyphosate_and_AMPA_in_Food_Samples_Using_Membrane_Extraction_T.pdf,html_placeholder
Glyphosate,Determination_of_Glyphosate_in_Dried_Wheat_by__sup_1__sup_H_NMR_Spectroscopy_.pdf,html_placeholder
Glyphosate,Determination_of_Glyphosate_in_White_and_Brown_Rice_with_HPLC_ICP_MS_MS_.pdf,html_placeholder
Glyphosate,Determination_of_glyphosate_and_AMPA_in_freshwater_and_soil_from_agroecosystems_.pdf,html_placeholder
Glyphosate,Determination_of_glyphosate_and_aminomethylphosphonic_acid_residues_in_Finnish_s.pdf,html_placeholder
Glyphosate,Development_of_a_sensitive_direct_injection_LC_MS_MS_method_for_the_detection_of.pdf,html_placeholder
Glyphosate,Different_levels_of_glyphosate_resistant_Lolium_rigidum_L__among_major_crops_in_.pdf,html_placeholder
Glyphosate,Differential_Resistance_Mechanisms_to_Glyphosate_Result_in_Fitness_Cost_for__i_L.pdf,html_placeholder
Glyphosate,Differential_microRNA_expression_in_the_prefrontal_cortex_of_mouse_offspring_ind.pdf,html_placeholder
Glyphosate,Direct_Determination_of_Glyphosate_and_Its_Metabolites_in_Foods_of_Animal_Origin.pdf,html_placeholder
Glyphosate,Direct_Effects_of_Glyphosate_on__i_In_Vitro__i__T_Helper_Cell_Differentiation_an.pdf,html_placeholder
Glyphosate,Discovery_of_a_glyphosate_oxidase_in_nature_.pdf,html_placeholder
Glyphosate,Disentangling_the_Regulatory_Response_of__i_Agrobacterium_tumefaciens__i__CHLDO_.pdf,html_placeholder
Glyphosate,Diuron_degradation_by_bacteria_from_soil_of_sugarcane_crops_.pdf,html_placeholder
Glyphosate,Do_Isopropylammonium_Glyphosate_and_LiCl_Impact_the_Spore_Diversity_and_Function.pdf,html_placeholder
Glyphosate,Domain_Fusion_of_Two_Oxygenases_Affords_Organophosphonate_Degradation_in_Pathoge.pdf,html_placeholder
Glyphosate,Draft_Genome_Sequence_of_Glyphosate_Degrading_Achromobacter_insolitus_Strain_Kg_.pdf,html_placeholder
Glyphosate,Draft_genome_sequence_of_glyphosate_degrading__i_Ochrobactrum__i__sp__strain_GPK.pdf,html_placeholder
Glyphosate,Dual_Activated_Tamarix_Gallica_Derived_Carbons_for_Enhanced_Glyphosate_Adsorptio.pdf,html_placeholder
Glyphosate,Ecotoxicological_Studies_on_the_Effect_of_Roundup_sup____sup___Glyphosate_Formul.pdf,html_placeholder
Glyphosate,Effect_of_Biochar_Amendment_and_Ageing_on_Adsorption_and_Degradation_of_Two_Herb.pdf,html_placeholder
Glyphosate,Effect_of_UV_A__UV_B_and_UV_C_irradiation_of_glyphosate_on_photolysis_and_mitiga.pdf,html_placeholder
Glyphosate,Effect_of_propanil__linuron__and_dicamba_on_the_degradation_kinetics_of_2_4_dich.pdf,html_placeholder
Glyphosate,Effective_Removal_of_Glyphosate_from_Aqueous_Systems_Using_Synthesized_PEG_Coate.pdf,html_placeholder
Glyphosate,Effects_of_Different_Formulations_of_Glyphosate_on_Rumen_Microbial_Metabolism_an.pdf,html_placeholder
Glyphosate,Effects_of_a_glyphosate_based_herbicide_on_soil_animal_trophic_groups_and_associ.pdf,html_placeholder
Glyphosate,Effects_of_glyphosate_on_antibiotic_resistance_in_soil_bacteria_and_its_potentia.pdf,html_placeholder
Glyphosate,Effects_of_glyphosate_on_soybean_metabolism_in_strains_bred_for_glyphosate_resis.pdf,html_placeholder
Glyphosate,Effects_of_glyphosate_residues_and_different_concentrate_feed_proportions_in_dai.pdf,html_placeholder
Glyphosate,Effects_of_the_Herbicide_Glyphosate_on_Honey_Bee_Sensory_and_Cognitive_Abilities.pdf,html_placeholder
Glyphosate,Electrochemical_analysis_of_glyphosate_using_porous_biochar_surface_corrosive_nZ.pdf,html_placeholder
Glyphosate,Electrochemical_degradation_of_surfactants_in_domestic_wastewater_using_a_DiaCle.pdf,html_placeholder
Glyphosate,Elevated_Urinary_Glyphosate_and_Clostridia_Metabolites_With_Altered_Dopamine_Met.pdf,html_placeholder
Glyphosate,Enzymatic_Laser_Induced_Graphene_Biosensor_for_Electrochemical_Sensing_of_the_He.pdf,html_placeholder
Glyphosate,Evaluating_water_deficit_and_glyphosate_treatment_on_the_accumulation_of_phenoli.pdf,html_placeholder
Glyphosate,Evaluation_of_Adsorptive_Characteristics_of_Cow_Dung_and_Rice_Husk_Ash_for_Remov.pdf,html_placeholder
Glyphosate,Evaluation_of_Behavioral_Changes_and_Tissue_Damages_in_Common_Carp___i_Cyprinus_.pdf,html_placeholder
Glyphosate,Evidence__Mechanism_and_Alternative_Chemical_Seedbank_Level_Control_of_Glyphosat.pdf,html_placeholder
Glyphosate,Exposure_Levels_of_Pyrethroids__Chlorpyrifos_and_Glyphosate_in_EU_An_Overview_of.pdf,html_placeholder
Glyphosate,Fabrication_of_interlayer_β_CD_g_C_sub_3__sub_N_sub_4__sub__MoS_sub_2__sub__for_.pdf,html_placeholder
Glyphosate,Farmers__Intended_Weed_Management_after_a_Potential_Glyphosate_Ban_in_Austria_.pdf,html_placeholder
Glyphosate,Feasibility_of_a_Heterogeneous_Nanoscale_Zero_Valent_Iron_Fenton_like_Process_fo.pdf,html_placeholder
Glyphosate,Field_and_biochemical_evaluation_of_glyphosate_tolerant_chickpea__Cicer_arietinu.pdf,html_placeholder
Glyphosate,Fine_scale_spatial_variability_of_microbial_pesticide_degradation_in_soil__scale.pdf,html_placeholder
Glyphosate,First_Resistance_Mechanisms_Characterization_in_Glyphosate_Resistant__i_Leptochl.pdf,html_placeholder
Glyphosate,Foliar_Application_of_Sodium_Nitroprusside_Boosts__i_Solanum_lycopersicum__i__L_.pdf,html_placeholder
Glyphosate,Gastrointestinal_Microbial_Ecology_of_Weaned_Piglets_Fed_Diets_with_Different_Le.pdf,html_placeholder
Glyphosate,Genetic_variation_in_Dip5__an_amino_acid_permease__and_Pdr5__a_multiple_drug_tra.pdf,html_placeholder
Glyphosate,Global_transcriptomic_profiling_demonstrates_induction_of_oxidative_stress_and_o.pdf,html_placeholder
Glyphosate,Glyphosate_10.2323_jgam.58.263.pdf,pdf_header
Glyphosate,Glyphosate_Dependent_Inhibition_of_Photosynthesis_in_Willow_.pdf,html_placeholder
Glyphosate,Glyphosate_Efficacy_in__i_Chloris_virgata__i__Sw__in_Response_to_Temperature_and.pdf,html_placeholder
Glyphosate,Glyphosate_Induced_Phosphonatase_Operons_in_Soil_Bacteria_of_the_Genus_Achromoba.pdf,html_placeholder
Glyphosate,Glyphosate_Is_Converted_into_Energy_in_a_Microfluidic_Fuel_Cell_Equipped_with_a_.pdf,html_placeholder
Glyphosate,Glyphosate_Pollution_Treatment_and_Microbial_Degradation_Alternatives__a_Review_.pdf,html_placeholder
Glyphosate,Glyphosate_Residues_in_Groundwater__Drinking_Water_and_Urine_of_Subsistence_Farm.pdf,html_placeholder
Glyphosate,Glyphosate_Resistant__i_Parthenium_hysterophorus__i__in_the_Caribbean_Islands__N.pdf,html_placeholder
Glyphosate,Glyphosate_Shapes_a_Dinoflagellate_Associated_Bacterial_Community_While_Supporti.pdf,html_placeholder
Glyphosate,Glyphosate__Hepatotoxicity__Nephrotoxicity__Hemotoxicity__Carcinogenicity__and_C.pdf,html_placeholder
Glyphosate,Glyphosate__Roundup_and_the_Failures_of_Regulatory_Assessment_.pdf,html_placeholder
Glyphosate,Glyphosate__but_not_its_metabolite_AMPA__alters_the_honeybee_gut_microbiota_.pdf,html_placeholder
Glyphosate,Glyphosate__pathways_to_modern_diseases_III__Manganese__neurological_diseases__a.pdf,html_placeholder
Glyphosate,Glyphosate__pathways_to_modern_diseases_II__Celiac_sprue_and_gluten_intolerance_.pdf,html_placeholder
Glyphosate,Glyphosate_and_AMPA_in_Human_Urine_of_HBM4EU_Aligned_Studies__Part_A_Children_.pdf,html_placeholder
Glyphosate,Glyphosate_and_AMPA_in_Human_Urine_of_HBM4EU_Aligned_Studies__Part_B_Adults_.pdf,html_placeholder
Glyphosate,Glyphosate_and_AMPA_inhibit_cancer_cell_growth_through_inhibiting_intracellular_.pdf,html_placeholder
Glyphosate,Glyphosate_and_AMPA_levels_in_human_urine_samples_and_their_correlation_with_foo.pdf,html_placeholder
Glyphosate,Glyphosate_and_Glufosinate_Residues_in_Honey_and_Other_Hive_Products_.pdf,html_placeholder
Glyphosate,Glyphosate_as_a_Food_Contaminant__Main_Sources__Detection_Levels__and_Implicatio.pdf,html_placeholder
Glyphosate,Glyphosate_based_herbicide_metabolic_profiles_in_human_urine_samples_through_pro.pdf,html_placeholder
Glyphosate,Glyphosate_based_herbicides_and_cancer_risk__a_post_IARC_decision_review_of_pote.pdf,html_placeholder
Glyphosate,Glyphosate_degrading_microorganisms_from_industrial_activated_sludge_.pdf,html_placeholder
Glyphosate,Glyphosate_effects_on_plant_mineral_nutrition__crop_rhizosphere_microbiota__and_.pdf,html_placeholder
Glyphosate,Glyphosate_exposure_and_preterm_birth__A_nested_case_control_pilot_study_.pdf,html_placeholder
Glyphosate,Glyphosate_exposure_deteriorates_oocyte_meiotic_maturation_via_induction_of_orga.pdf,html_placeholder
Glyphosate,Glyphosate_in_Runoff_Waters_and_in_the_Root_Zone__A_Review_.pdf,html_placeholder
Glyphosate,Glyphosate_in_house_dust_and_risk_of_childhood_acute_lymphoblastic_leukemia_in_C.pdf,html_placeholder
Glyphosate,Growth__respiratory_activity_and_chlorpyrifos_biodegradation_in_cultures_of_Azot.pdf,html_placeholder
Glyphosate,Haematological_parameters_and_biochemical_indices_of_African_catfish___i_Clarias.pdf,html_placeholder
Glyphosate,Hepatic_portal_venous_gas_after_ingesting_glyphosate__A_case_report_and_literatu.pdf,html_placeholder
Glyphosate,Heterostructured_S_Scheme_BiOBr_Cu_sub_2__sub_O_Nanocomposite_for_Photocatalytic.pdf,html_placeholder
Glyphosate,High_Performance_Liquid_Chromatography_Quantification_of_Glyphosate__Aminomethyl.pdf,html_placeholder
Glyphosate,Highly_Diluted_Glyphosate_Mitigates_Its_Effects_on__i_Artemia_salina__i___Physic.pdf,html_placeholder
Glyphosate,Highly_Selective_Polypyrrole_MIP_Based_Gravimetric_and_Electrochemical_Sensors_f.pdf,html_placeholder
Glyphosate,How_glyphosate_and_its_associated_acidity_affect_early_development_in_zebrafish_.pdf,html_placeholder
Glyphosate,Human_Biomonitoring_of_Glyphosate_Exposures__State_of_the_Art_and_Future_Researc.pdf,html_placeholder
Glyphosate,Hydroxylation_and_biodegradation_of_6_methylquinoline_by_pseudomonads_in_aqueous.pdf,html_placeholder
Glyphosate,Identification_and_characterization_of_molecular_entities_differentially_express.pdf,html_placeholder
Glyphosate,Impact_of_field_realistic_doses_of_glyphosate_and_nutritional_stress_on_mosquito.pdf,html_placeholder
Glyphosate,Impact_of_glyphosate_and_glyphosate_based_herbicides_on_phyllospheric_Methylobac.pdf,html_placeholder
Glyphosate,Improved_Analysis_of_Glyphosate__Aminomethylphosphonic_Acid__and_Other_Highly_Po.pdf,html_placeholder
Glyphosate,Improving_glyphosate_oxidation_activity_of_glycine_oxidase_from_Bacillus_cereus_.pdf,html_placeholder
Glyphosate,In_Capillary_Photodeposition_of_Glyphosate_Containing_Polyacrylamide_Nanometer_T.pdf,html_placeholder
Glyphosate,In_Vitro_Effects_of_Cypermethrin_and_Glyphosate_on_LPS_Induced_Immune_Cell_Activ.pdf,html_placeholder
Glyphosate,In_maize__co_expression_of_GAT_and_GR79_EPSPS_provides_high_glyphosate_resistanc.pdf,html_placeholder
Glyphosate,Initial_steps_in_the_degradation_of_phosphinothricin__glufosinate__by_soil_bacte.pdf,html_placeholder
Glyphosate,Insights_into_glyphosate_removal_efficiency_using_a_new_2D_nanomaterial_.pdf,html_placeholder
Glyphosate,Is_the_Use_of_Glyphosate_in_Modern_Agriculture_Resulting_in_Increased_Neuropsych.pdf,html_placeholder
Glyphosate,Isolation__Biochemical_and_Genomic_Characterization_of_Glyphosate_Tolerant_Bacte.pdf,html_placeholder
Glyphosate,Isolation_of_a_Pseudomonas_sp__Which_Utilizes_the_Phosphonate_Herbicide_Glyphosa.pdf,html_placeholder
Glyphosate,Kinetics_of_glyphosate_and_aminomethylphosphonic_acid_sorption_onto_montmorillon.pdf,html_placeholder
Glyphosate,Leaching_and_degradation_of__sup_13__sup_C_sub_2__sub___sup_15__sup_N_glyphosate.pdf,html_placeholder
Glyphosate,Looking_beyond_Cancer__Glyphosate_and_Liver__Metabolic_Diseases_in_Youth_.pdf,html_placeholder
Glyphosate,Low_dose_glyphosate_exposure_alters_gut_microbiota_composition_and_modulates_gut.pdf,html_placeholder
Glyphosate,Making_Pb_Adsorption_Saturated_Attapulgite_with_Excellent_Photocatalysis_Propert.pdf,html_placeholder
Glyphosate,Maternal_glyphosate_exposure_causes_autism_like_behaviors_in_offspring_through_i.pdf,html_placeholder
Glyphosate,Mechanism_of_methylphosphonic_acid_photo_degradation_based_on_phosphate_oxygen_i.pdf,html_placeholder
Glyphosate,Metabolomic_and_Transcript_Analysis_Revealed_a_Sex_Specific_Effect_of_Glyphosate.pdf,html_placeholder
Glyphosate,Microbial_degradation_of_contaminants_of_emerging_concern__metabolic__genetic_an.pdf,html_placeholder
Glyphosate,Molecular_basis_of_glyphosate_resistance_different_approaches_through_protein_en.pdf,html_placeholder
Glyphosate,Multiple_evolutionary_origins_of_glyphosate_resistance_in__i_Lolium_multiflorum_.pdf,html_placeholder
Glyphosate,New_Standardized_Procedure_to_Extract_Glyphosate_and_Aminomethylphosphonic_Acid_.pdf,html_placeholder
Glyphosate,No_hints_at_glyphosate_induced_ruminal_dysbiosis_in_cows_.pdf,html_placeholder
Glyphosate,Novel_Candidate_Genes_Differentially_Expressed_in_Glyphosate_Treated_Horseweed__.pdf,html_placeholder
Glyphosate,Oilseed_Rape__Wheat__and_Barley_Grain_Contamination_as_Affected_by_Different_Gly.pdf,html_placeholder
Glyphosate,Optimisation_of_culture_composition_for_glyphosate_degradation_by__i_Burkholderi.pdf,html_placeholder
Glyphosate,Ovarian_mitochondrial_and_oxidative_stress_proteins_are_altered_by_glyphosate_ex.pdf,html_placeholder
Glyphosate,Overview_of_human_health_effects_related_to_glyphosate_exposure_.pdf,html_placeholder
Glyphosate,Parameter_optimization_and_degradation_mechanism_for_electrocatalytic_degradatio.pdf,html_placeholder
Glyphosate,Peer_review_of_the_pesticide_risk_assessment_of_the_active_substance_glyphosate_.pdf,html_placeholder
Glyphosate,Pendimethalin_Nitroreductase_Is_Responsible_for_the_Initial_Pendimethalin_Degrad.pdf,html_placeholder
Glyphosate,Pesticide_Residues__Glyphosate_Adsorption_and_Degradation_Characteristics_in_Eth.pdf,html_placeholder
Glyphosate,Pesticide_Use_and_Degradation_Strategies__Food_Safety__Challenges_and_Perspectiv.pdf,html_placeholder
Glyphosate,Phosphonate_Utilization_by_the_Glyphosate_Degrading_Pseudomonas_sp__Strain_PG298.pdf,html_placeholder
Glyphosate,Photocatalytic_degradation_activity_of_goji_berry_extract_synthesized_silver_loa.pdf,html_placeholder
Glyphosate,Photocatalytic_degradation_of_aquatic_organic_pollutants_with_Zn__and_Zr_based_m.pdf,html_placeholder
Glyphosate,Photosynthesis_Responses_of_Tibetan_Freshwater_Algae__i_Chlorella_vulgaris__i__t.pdf,html_placeholder
Glyphosate,Plant_circadian_rhythms_regulate_the_effectiveness_of_a_glyphosate_based_herbici.pdf,html_placeholder
Glyphosate,Poisoning_Regulation__Research__Health__and_the_Environment__The_Glyphosate_Base.pdf,html_placeholder
Glyphosate,Potential_Protective_Effect_of_Hesperidin__Vitamin_P__against_Glyphosate_Induced.pdf,html_placeholder
Glyphosate,Power_Production_and_Degradation_of_Pesticide_Wastewater_Through_Microbial_Fuel_.pdf,html_placeholder
Glyphosate,Proteomic_Profile_of_Glyphosate_Resistant_Soybean_under_Combined_Herbicide_and_D.pdf,html_placeholder
Glyphosate,Rational_Design_of_Molecularly_Imprinted_Polymers_Using_Quaternary_Ammonium_Cati.pdf,html_placeholder
Glyphosate,Relationship_of_urinary_glyphosate_concentrations_with_glycosylated_hemoglobin_a.pdf,html_placeholder
Glyphosate,Removal_of_2_4_D__glyphosate__trifluralin__and_butachlor_herbicides_from_water_b.pdf,html_placeholder
Glyphosate,Response_of_glyphosate_resistant_and_susceptible_biotypes_of_Echinochloa_colona_.pdf,html_placeholder
Glyphosate,Rethinking_the_Intrinsic_Sensitivity_of_Fungi_to_Glyphosate_.pdf,html_placeholder
Glyphosate,Review__Mechanisms_of_Glyphosate_and_Glyphosate_Based_Herbicides_Action_in_Femal.pdf,html_placeholder
Glyphosate,Review_of_the_existing_maximum_residue_levels_for_glyphosate_according_to_Articl.pdf,html_placeholder
Glyphosate,Rice_husk_based_pyrogenic_carbonaceous_material_efficiently_promoted_peroxymonos.pdf,html_placeholder
Glyphosate,Root_zone_glyphosate_exposure_adversely_affects_two_ditch_species_.pdf,html_placeholder
Glyphosate,Screening_for__i_Lactobacillus_plantarum__i__Strains_That_Possess_Organophosphor.pdf,html_placeholder
Glyphosate,Seasonal_variations_in_the_levels_of_glyphosate_in_soil__water_and_crops_from_th.pdf,html_placeholder
Glyphosate,Setting_of_an_import_tolerance_for_glyphosate_in_soyabeans_.pdf,html_placeholder
Glyphosate,Simultaneous_determination_of_glyphosate__glufosinate_and_their_metabolites_in_s.pdf,html_placeholder
Glyphosate,Soil_degradation_and_herbicide_pollution_by_repeated_cassava_monoculture_within_.pdf,html_placeholder
Glyphosate,Spectroscopic_Detection_of_Glyphosate_in_Water_Assisted_by_Laser_Ablated_Silver_.pdf,html_placeholder
Glyphosate,Substrate_regulation_on_co_metabolic_degradation_of_β_cypermethrin_by_Bacillus_l.pdf,html_placeholder
Glyphosate,Sugarcane_cultivar_response_to_glyphosate_and_trinexapac_ethyl_ripeners_in_Louis.pdf,html_placeholder
Glyphosate,Surface_Functionalization_by_Hydrophobin_EPSPS_Fusion_Protein_Allows_for_the_Fas.pdf,html_placeholder
Glyphosate,Surface_Plasmon_Resonance_Imaging_Sensor_for_Detection_of_Photolytically_and_Pho.pdf,html_placeholder
Glyphosate,Survival_on_railway_tracks_of_Geranium_robertianum_a_glyphosate_tolerant_plant_.pdf,html_placeholder
Glyphosate,Synergistic_effect_of_Lysinibacillus_sphaericus_and_glyphosate_on_temephos_resis.pdf,html_placeholder
Glyphosate,Synthesis_of_clay_biochar_composite_for_glyphosate_removal_from_aqueous_solution.pdf,html_placeholder
Glyphosate,Systemic_Analysis_of_Glyphosate_Impact_on_Environment_and_Human_Health_.pdf,html_placeholder
Glyphosate,Temperature_and_Aging_Affect_Glyphosate_Toxicity_and_Fatty_Acid_Composition_in__.pdf,html_placeholder
Glyphosate,The_Fate_of_Glyphosate_and_AMPA_in_a_Freshwater_Endorheic_Basin__An_Ecotoxicolog.pdf,html_placeholder
Glyphosate,The_First_Case_of_Glyphosate_Resistance_in_Johnsongrass___i_Sorghum_halepense__i.pdf,html_placeholder
Glyphosate,The_Naturally_Evolved__i_EPSPS__i__From_Goosegrass_Confers_High_Glyphosate_Resis.pdf,html_placeholder
Glyphosate,The_effect_of_combinations_of_a_glyphosate_based_herbicide_with_various_clinical.pdf,html_placeholder
Glyphosate,The_effect_of_pH_and_ionic_strength_on_the_adsorption_of_glyphosate_onto_ferrihy.pdf,html_placeholder
Glyphosate,The_effects_of_low_toxic_herbicide_Roundup_and_glyphosate_on_mitochondria_.pdf,html_placeholder
Glyphosate,Toxicity_of_the_Pesticides_Imidacloprid__Difenoconazole_and_Glyphosate_Alone_and.pdf,html_placeholder
Glyphosate,Unlocking_the_potential_of_glyphosate_resistant_bacterial_strains_in_biodegradat.pdf,html_placeholder
Glyphosate,Uptake_of_Glyphosate_by_an_Arthrobacter_sp_.pdf,html_placeholder
Glyphosate,Urinary_glyphosate_and_AMPA_levels_in_a_cross_sectional_study_of_postmenopausal_.pdf,html_placeholder
Glyphosate,Urinary_glyphosate_concentration_in_pregnant_women_in_relation_to_length_of_gest.pdf,html_placeholder
Glyphosate,Utilization_of_glyphosate_as_phosphate_source__biochemistry_and_genetics_of_bact.pdf,html_placeholder
Glyphosate,Validation_of_Reference_Genes_for_Quantitative_PCR_in_Johnsongrass___i_Sorghum_h.pdf,html_placeholder
Glyphosate,Water_Stable_Nanoscale_Zirconium_Based_Metal_Organic_Frameworks_for_the_Effectiv.pdf,html_placeholder
Glyphosate,Yeast_of_Eden__microbial_resistance_to_glyphosate_from_a_yeast_perspective_.pdf,html_placeholder
Glyphosate,_i_Bacilli___i_Mediated_Degradation_of_Xenobiotic_Compounds_and_Heavy_Metals_.pdf,html_placeholder
Glyphosate,_i_Bacillus_aryabhattai__i__FACU__A_promising_bacterial_strain_capable_of_manipu.pdf,html_placeholder
Glyphosate,_i_Stenotrophomonas_pavanii__i__MY01_induces_phosphate_precipitation_of_Cu_II__a.pdf,html_placeholder
Haloxyfop,Chiral_method_validation_and_stereoselective_degradation_of_profoxydim_isomers_i.pdf,html_placeholder
Haloxyfop,Dynamics_of_the_Degradation_of_Acetyl_CoA_Carboxylase_Herbicides_in_Vegetables_.pdf,html_placeholder
Haloxyfop,Impact_of_biochar_on_the_degradation_rates_of_three_pesticides_by_vegetables_and.pdf,html_placeholder
Haloxyfop,Molecular_basis_for_enantioselective_herbicide_degradation_imparted_by_aryloxyal.pdf,html_placeholder
Haloxyfop,Purification_and_properties_of_a_novel_quizalofop_p_ethyl_hydrolyzing_esterase_i.pdf,html_placeholder
Haloxyfop,Stereoselective_degradation_behaviour_of_carfentrazone_ethyl_and_its_metabolite_.pdf,html_placeholder
Haloxyfop,The_Genome_Analysis_of__i_Methylobacterium_populi__i__YC_XJ1_with_Diverse_Xenobi.pdf,html_placeholder
Haloxyfop,Toxicity_of_the_herbicides_diuron__propazine__tebuthiuron__and_haloxyfop_to_the_.pdf,html_placeholder
Heptachlor,Anaerobic_biodegradation_of_chlorophenols_in_fresh_and_acclimated_sludge_.pdf,html_placeholder
Heptachlor,Bacterial_degradation_of_aromatic_compounds_.pdf,html_placeholder
Heptachlor,Biochar_in_co_contaminated_soil_manipulates_arsenic_solubility_and_microbiologic.pdf,html_placeholder
Heptachlor,Biodegradability_and_biodegradation_pathways_of_chlorinated_cyclodiene_insectici.pdf,html_placeholder
Heptachlor,Biodegradation_of_pesticide_in_agricultural_soil_employing_entomopathogenic_fung.pdf,html_placeholder
Heptachlor,Comparative_biodegradation_of_alkyl_halide_insecticides_by_the_white_rot_fungus_.pdf,html_placeholder
Heptachlor,Contribution_of_insect_gut_microbiota_and_their_associated_enzymes_in_insect_phy.pdf,html_placeholder
Heptachlor,Conversion_mechanism_of_heptachlor_by_a_novel_bacterial_strain_.pdf,html_placeholder
Heptachlor,Determination_of_Median_Lethal_Concentration__LC_sub_50__sub___for_Endosulfan__H.pdf,html_placeholder
Heptachlor,Development_of_a_UPLC_MS_MS_method_for_pesticide_analysis_in_paddy_water_and_eva.pdf,html_placeholder
Heptachlor,Fenton_Mediated_Biodegradation_of_Chlorendic_Acid___A_Highly_Chlorinated_Organic.pdf,html_placeholder
Heptachlor,Maternal_pregnancy_serum_level_of_heptachlor_epoxide__hexachlorobenzene__and_bet.pdf,html_placeholder
Heptachlor,Microbial_Degradation_of_Pesticide_Residues_and_an_Emphasis_on_the_Degradation_o.pdf,html_placeholder
Heptachlor,Microbial_Degradation_of_a_Recalcitrant_Pesticide__Chlordecone_.pdf,html_placeholder
Heptachlor,Photochemical_and_microbial_degradation_of_2_4_5_trichloroaniline_in_a_freshwate.pdf,html_placeholder
Heptachlor,Plant_associated_bacterial_degradation_of_toxic_organic_compounds_in_soil_.pdf,html_placeholder
Heptachlor,Root_uptake_and_translocation_of__sup_14__sup_C_heptachlor_and_its_degradation_p.pdf,html_placeholder
Heptachlor,Study_of_the_Photocatalytic_Degradation_of_Highly_Abundant_Pesticides_in_Agricul.pdf,html_placeholder
Heptachlor,Study_on_the_biodegradation_of_persistent_organic_pollutants__POPs__.pdf,html_placeholder
Heptachlor,Theoretical_Study_on_the_Metabolic_Mechanism_of_Heptachlor_in_Human_Cytochrome_P.pdf,html_placeholder
Hexythiazox,Direct Enantiomeric Separation and Determination of Hexythiazox Enantiomers in Environment and Vegetable by Reverse-Phase High-Performance Liquid Chromatography..pdf,pdf_header
Hexythiazox,Lethal and sublethal effects of pesticides on Chrysoperla carnea larvae (Neuroptera Chrysopidae) and the influence of rainfastness in their degradation pattern over time..pdf,pdf_header
Hexythiazox,"Photodegradation of hexythiazox in different solvent systems under the influence of ultraviolet light and sunlight in the presence of TiO2, H2O2, and KNO3 and identification of the photometabolites..pdf",pdf_header
Hexythiazox,"Residue dissipation, evaluation of processing factor and safety assessment of hexythiazox and bifenazate residues during drying of grape to raisin..pdf",pdf_header
Hexythiazox,Review of the existing maximum residue levels for hexythiazox according to Article 12 of Regulation (EC) NoÂ 3962005..pdf,pdf_header
Hexythiazox,Setting of import tolerances for hexythiazox in blackberries and raspberries..pdf,pdf_header
Hexythiazox,Stereoselective bioaccumulation and degradation of chiral pesticide hexythiazox in earthworm-soil microcosm..pdf,pdf_header
Hexythiazox,Systemic evaluation of novel acaricide hexythiazox for bioactivity improvement and risk reduction at the enantiomer level..pdf,pdf_header
Hydrogen Phosphide,Aggregation and Degradation of White Phosphorus Mediated by N-Heterocyclic Carbene Nickel(0) Complexes..pdf,pdf_header
Hydrogen Phosphide,Challenges and Perspectives on Photocatalytic Membrane Reactors for Volatile Organic Compounds Degradation and Nitrogen Oxides Treatment..pdf,pdf_header
Hydrogen Phosphide,Direct Z-scheme P–TiO2g-C3N4 heterojunction for the photocatalytic degradation of sulfa antibiotics†.pdf,pdf_header
Hydrogen Phosphide,Efficient pH-universal degradation of antibiotic tetracycline via Cosub2subP decorated Neosinocalamus affinis biochar..pdf,pdf_header
Hydrogen Phosphide,How to Build a Microplastics-Free Environment Strategies for Microplastics Degradation and Plastics Recycling..pdf,pdf_header
Hydrogen Phosphide,Metal oxide-based photocatalysts for the efficient degradation of organic pollutants for a sustainable environment a review..pdf,pdf_header
Hydrogen Phosphide,Peptide-directed Pd-decorated Au and PdAu nanocatalysts for degradation of nitrite in water..pdf,pdf_header
Hydrogen Phosphide,The Hydrolytic Stability and Degradation Mechanism of a Hierarchically Porous Metal Alkylphosphonate Framework..pdf,pdf_header
Hydrogen Phosphide,"The Role of the Reactive Species Involved in the Photocatalytic Degradation of HDPE Microplastics Using C,N-TiOsub2sub Powders..pdf",pdf_header
Imazamox,Adsorption and degradation of imazapic in soils under different environmental conditions..pdf,pdf_header
Imazamox,"Analysis of the Photodegradation of the Imidazolinone Herbicides Imazamox, Imazapic, Imazaquin, and Imazamethabenz-methyl in Aqueous Solution..pdf",pdf_header
Imazamox,Application of an Enzymatic Hydrolysed L-α-Amino Acid Based Biostimulant to Improve Sunflower Tolerance to Imazamox.pdf,pdf_header
Imazamox,Behavior of imidazolinone herbicide enantiomers in earthworm-soil microcosms Degradation and bioaccumulation..pdf,pdf_header
Imazamox,Behavior of the Chiral Herbicide Imazamox in Soils Enantiomer Composition Differentiates between Biodegradation and Photodegradation..pdf,pdf_header
Imazamox,"Behavior of the Chiral Herbicide Imazamox in Soils pH-Dependent, Enantioselective Degradation, Formation and Degradation of Several Chiral Metabolites..pdf",pdf_header
Imazamox,Characterization of Acetamiprid Biodegradation by the Microbial Consortium ACE-3 Enriched From Contaminated Soil..pdf,pdf_header
Imazamox,Characterization of imazamox degradation by-products by using liquid chromatography mass spectrometry and high-resolution Fourier transform ion cyclotron resonance mass spectrometry..pdf,pdf_header
Imazamox,Development of a new test design to investigate the degradation of pesticides in soil under sunlight conditions.pdf,pdf_header
Imazamox,Effect of Imazamox Soil Persistence on Dryland Rotational Crops1.pdf,pdf_header
Imazamox,"Isolation, characterization of a strain capable of degrading imazethapyr and its use in degradation of the herbicide in soil..pdf",pdf_header
Imazamox,Multiple mechanisms are involved in new imazamox-resistant varieties of durum and soft wheat..pdf,pdf_header
Imazamox,Photochemical degradation of imazamox in aqueous solution influence of metal ions and anionic species on the ultraviolet photolysis..pdf,pdf_header
Imazamox,Photosynthetic Performance of the Imidazolinone Resistant Sunflower Exposed to Single and Combined Treatment by the Herbicide Imazamox and an Amino Acid Extract..pdf,pdf_header
Imazamox,Relationship between changes of soil microbial biomass content and imazamox and benfluralin degradation.pdf,pdf_header
Imazamox,Survey of ACCase and ALS resistance in winter annual grasses identifies target-site and nontarget-site imazamox resistance in Secale cereale..pdf,pdf_header
Imazamox,Target site as the main mechanism of resistance to imazamox in a Euphorbia heterophylla biotype..pdf,pdf_header
Imazamox,"The effect of microplastics on behaviors of chiral imidazolinone herbicides in the aquatic environment Residue, degradation and distribution..pdf",pdf_header
Imazapic,Adsorption and degradation of imazapic in soils under different environmental conditions..pdf,pdf_header
Imazapic,"Analysis of the Photodegradation of the Imidazolinone Herbicides Imazamox, Imazapic, Imazaquin, and Imazamethabenz-methyl in Aqueous Solution..pdf",pdf_header
Imazapic,Behavior of imidazolinone herbicide enantiomers in earthworm-soil microcosms Degradation and bioaccumulation..pdf,pdf_header
Imazapic,Catalytic ozonation for imazapic degradation over kelp-derived biochar Promotional role of N- and S-based active sites..pdf,pdf_header
Imazapic,Degradation of imazapic and imazapyr herbicides in the presence of optimized oil palm empty fruit bunch and rice husk biochars in soil..pdf,pdf_header
Imazapic,Ethylene Biosynthesis Inhibition Combined with Cyanide Degradation Confer Resistance to Quinclorac in Echinochloa crus-galli var. mitis.pdf,pdf_header
Imazapic,"Isolation, characterization of a strain capable of degrading imazethapyr and its use in degradation of the herbicide in soil..pdf",pdf_header
Imazapic,Sulfur precursor and citric acid effect on SnS2 nanoparticles and their influence on the photodegradation activity of selected organic compounds.pdf,pdf_header
Imazapic,"The effect of microplastics on behaviors of chiral imidazolinone herbicides in the aquatic environment Residue, degradation and distribution..pdf",pdf_header
Imazapyr,A_review_on_plasmonic_based_heterojunction_photocatalysts_for_degradation_of_org.pdf,html_placeholder
Imazapyr,Adsorption_and_degradation_of_imazapic_in_soils_under_different_environmental_co.pdf,html_placeholder
Imazapyr,Deciphering_the_genetic_determinants_for_aerobic_nicotinic_acid_degradation__the.pdf,html_placeholder
Imazapyr,Enhanced_Photocatalytic_Degradation_of_the_Imidazolinone_Herbicide_Imazapyr_upon.pdf,html_placeholder
Imazapyr,Nanoparticles_Based_on_Chitosan_as_Carriers_for_the_Combined_Herbicides_Imazapic.pdf,html_placeholder
Imazapyr,Physiological_and_transcriptomic_analysis_of_Spartina_alterniflora_in_response_t.pdf,html_placeholder
Imazapyr,Residues_and_Dissipation_of_the_Herbicide_Imazapyr_after_Operational_Use_in_Irri.pdf,html_placeholder
Imazethapyr,Adsorption_and_degradation_of_imazapic_in_soils_under_different_environmental_co.pdf,html_placeholder
Imazethapyr,Enantioselective_phytotoxicity_of_the_herbicide_imazethapyr_on_the_response_of_t.pdf,html_placeholder
Imazethapyr,Ethylene_Biosynthesis_Inhibition_Combined_with_Cyanide_Degradation_Confer_Resist.pdf,html_placeholder
Imazethapyr,Herbicidal_Ionic_Liquids__A_Promising_Future_for_Old_Herbicides__Review_on_Synth.pdf,html_placeholder
Imazethapyr,Phenotypic_Characteristics_and_Occurrence_Basis_of_Leaf_Necrotic_Spots_in_Respon.pdf,html_placeholder
Imazethapyr,Responses_of_soil_microbial_biomass_and_enzyme_activity_to_herbicides_imazethapy.pdf,html_placeholder
Imidacloprid,A_review_on_WO_sub_3__sub__photocatalysis_used_for_wastewater_treatment_and_pest.pdf,html_placeholder
Imidacloprid,Ability_of__i_Lactobacillus_brevis__i__47f_to_Alleviate_the_Toxic_Effects_of_Imi.pdf,html_placeholder
Imidacloprid,Absorption_and_Distribution_of_Imidacloprid_and_Its_Metabolites_in_Goldfish___i_.pdf,html_placeholder
Imidacloprid,Aerobic_Degradation_of_Clothianidin_to_2_Chloro_methyl_Thiazole_and_Methyl_3__Th.pdf,html_placeholder
Imidacloprid,Aminated_reduced_graphene_oxide_CuFe_sub_2__sub_O_sub_4__sub__nanohybride_adsorb.pdf,html_placeholder
Imidacloprid,An_overview_report_on_the_application_of_heteropoly_acids_on_supporting_material.pdf,html_placeholder
Imidacloprid,Bifenthrin_s_Environmental_Fate__An_Insight_Into_Its_Soil_Sorption_and_Degradati.pdf,html_placeholder
Imidacloprid,Biodegradation_of_nitenpyram__neonicotinoid_insecticide__by_endophytic_bacterium.pdf,html_placeholder
Imidacloprid,Bioremediation_of_Neonicotinoid_Pesticide__Imidacloprid__Mediated_by__i_Bacillus.pdf,html_placeholder
Imidacloprid,Buprofezin_Is_Metabolized_by_CYP353D1v2__a_Cytochrome_P450_Associated_with_Imida.pdf,html_placeholder
Imidacloprid,Characterization_of_Complexes_between_Imidacloprid_and_β_Cyclodextrin__Evaluatio.pdf,html_placeholder
Imidacloprid,Chronic_exposure_to_imidacloprid_or_thiamethoxam_neonicotinoid_causes_oxidative_.pdf,html_placeholder
Imidacloprid,Co_exposure_of_dimethomorph_and_imidacloprid__effects_on_soil_bacterial_communit.pdf,html_placeholder
Imidacloprid,Comparative_role_of_neem_seed_extract__moringa_leaf_extract_and_imidacloprid_in_.pdf,html_placeholder
Imidacloprid,Comparative_toxicity_of_imidacloprid_and_thiacloprid_to_different_species_of_soi.pdf,html_placeholder
Imidacloprid,Comprehensive_two_dimensional_ion_chromatography__2D_IC__coupled_to_a_post_colum.pdf,html_placeholder
Imidacloprid,Degradation_of_Acephate_and_Its_Intermediate_Methamidophos__Mechanisms_and_Bioch.pdf,html_placeholder
Imidacloprid,Degradation_of_the_neonicotinoid_pesticide_imidacloprid_by_electrocoagulation_an.pdf,html_placeholder
Imidacloprid,Degradation_strategies_of_pesticide_residue__From_chemicals_to_synthetic_biology.pdf,html_placeholder
Imidacloprid,Determination_of_biochemical_and_histopathological_changes_on_testicular_and_epi.pdf,html_placeholder
Imidacloprid,Determination_of_imidacloprid_in_brinjal_and_okra_fruits__decontamination_and_it.pdf,html_placeholder
Imidacloprid,Development_of_Green_and_Facile_Sample_Preparation_Method_for_Determination_of_S.pdf,html_placeholder
Imidacloprid,Dietary_grape_seed_extract_mitigated_growth_retardation__hormonal_delay__and_gas.pdf,html_placeholder
Imidacloprid,Dissipation_and_Residues_of_Imidacloprid_and_Its_Efficacy_against_Whitefly___i_B.pdf,html_placeholder
Imidacloprid,Dissolved_Black_Carbon_Facilitates_the_Photodegradation_of_Microplastics_via_Mol.pdf,html_placeholder
Imidacloprid,Eco_friendly_and_sustainable_approaches_against_aphids_management___i_Myzus_pers.pdf,html_placeholder
Imidacloprid,Effect_of_Insecticides_Imidacloprid_and_Alpha_Cypermethrin_on_the_Development_of.pdf,html_placeholder
Imidacloprid,Effect_of_storage__washing__and_cooking_on_the_stability_of_five_pesticides_in_e.pdf,html_placeholder
Imidacloprid,Effects_of_Difenoconazole_and_Imidacloprid_Seed_Coatings_on_Soil_Microbial_Commu.pdf,html_placeholder
Imidacloprid,Effects_of_mixed_application_of_avermectin__imidacloprid_and_carbendazim_on_soil.pdf,html_placeholder
Imidacloprid,Effects_of_the_termination_of_LC_sub_30__sub__imidacloprid_stress_on_the_multige.pdf,html_placeholder
Imidacloprid,Evaluating_the_Safety_of_Imidacloprid_FS_Seed_Treatment_Use_in_Potato_Production.pdf,html_placeholder
Imidacloprid,Exposure_of_Apis_mellifera__Hymenoptera__Apidae__colonies_to_imidacloprid_impair.pdf,html_placeholder
Imidacloprid,Feeding_toxicity_and_impact_of_imidacloprid_formulation_and_mixtures_with_six_re.pdf,html_placeholder
Imidacloprid,Field_evidence_of_bird_poisonings_by_imidacloprid_treated_seeds__a_review_of_inc.pdf,html_placeholder
Imidacloprid,Gene_expression_in_bumble_bee_larvae_differs_qualitatively_between_high_and_low_.pdf,html_placeholder
Imidacloprid,High_performance_electrochemical_sensor_based_on_Pt_Ag_Cu_BDC_MOF_composite_modi.pdf,html_placeholder
Imidacloprid,Hydrophilic_magnetic_COFs__The_Answer_to_photocatalytic_degradation_and_removal_.pdf,html_placeholder
Imidacloprid,Imidacloprid_10.1186_s13568-019-0942-y.pdf,pdf_header
Imidacloprid,Imidacloprid_Induces_Lysosomal_Dysfunction_and_Cell_Death_in_Human_Astrocytes_an.pdf,html_placeholder
Imidacloprid,Imidacloprid_Uptake_and_Accumulation_in_Lettuce_Plant___i_Lactuca_sativa__i__L__.pdf,html_placeholder
Imidacloprid,Imidacloprid_and_chlorpyrifos_insecticides_impair_migratory_ability_in_a_seed_ea.pdf,html_placeholder
Imidacloprid,Imidacloprid_soil_movement_under_micro_sprinkler_irrigation_and_soil_drench_appl.pdf,html_placeholder
Imidacloprid,Imidacloprid_transport_and_sorption_nonequilibrium_in_single_and_multilayered_co.pdf,html_placeholder
Imidacloprid,Immobilized_Soybean_Peroxidase_Hybrid_Biocatalysts_for_Efficient_Degradation_of_.pdf,html_placeholder
Imidacloprid,In_Vitro_Biofilm_Mediated_Biodegradation_of_Pesticides_and_Dye_Contaminated_Effl.pdf,html_placeholder
Imidacloprid,Lipid_peroxidation_triggered_by_the_degradation_of_xCT_contributes_to_gasdermin_.pdf,html_placeholder
Imidacloprid,Methiocarb_Degradation_by_Electro_Fenton__Ecotoxicological_Evaluation_.pdf,html_placeholder
Imidacloprid,Microbial_degradation_of_contaminants_of_emerging_concern__metabolic__genetic_an.pdf,html_placeholder
Imidacloprid,Multigeneration_toxicity_of_imidacloprid_and_thiacloprid_to_Folsomia_candida_.pdf,html_placeholder
Imidacloprid,Myasthenia_Like_Presentation_of_Imidacloprid_Toxicity_.pdf,html_placeholder
Imidacloprid,Photo_Induced_Super_Hydrophilicity_of_Nano_Calcite___Polyester_Fabric__Enhanced_.pdf,html_placeholder
Imidacloprid,Photocatalytic_degradation_of_imidacloprid_using_Ag_sub_2__sub_O_CuO_composites_.pdf,html_placeholder
Imidacloprid,Photocatalytic_removal_of_imidacloprid_pesticide_from_wastewater_using_CdS_QDs_p.pdf,html_placeholder
Imidacloprid,RNA_Interference_Reveals_the_Impacts_of__i_CYP6CY7__i__on_Imidacloprid_Resistanc.pdf,html_placeholder
Imidacloprid,Rational_Design_of_W_Doped_Ag_sub_3__sub_PO_sub_4__sub__as_an_Efficient_Antibact.pdf,html_placeholder
Imidacloprid,Recent_Developments_of_TiO_sub_2__sub__Based_Photocatalysis_in_the_Hydrogen_Evol.pdf,html_placeholder
Imidacloprid,Reduction_of_nicotine_content_in_tobacco_through_microbial_degradation__research.pdf,html_placeholder
Imidacloprid,Selective_Label_Free_Detection_of_Imidacloprid_by_a_Graphene_Quantum_Dot_Fluores.pdf,html_placeholder
Imidacloprid,Silver_nanostar_films_for_surface_enhanced_Raman_spectroscopy__SERS__of_the_pest.pdf,html_placeholder
Imidacloprid,Sorption_and_degradation_processes_of_imidacloprid_in_Florida_soils_.pdf,html_placeholder
Imidacloprid,Sublethal_effects_of_imidacloprid_on_targeting_muscle_and_ribosomal_protein_rela.pdf,html_placeholder
Imidacloprid,Substrate_regulation_on_co_metabolic_degradation_of_β_cypermethrin_by_Bacillus_l.pdf,html_placeholder
Imidacloprid,Synergistic_toxicity_and_physiological_impact_of_imidacloprid_alone_and_binary_m.pdf,html_placeholder
Imidacloprid,Synthesis_of_monolith_silica_anchored_graphene_oxide_composite_with_enhanced_ads.pdf,html_placeholder
Imidacloprid,Temporal_Distribution_of_Imidacloprid_and_Its_Metabolites_in_Laying_Hens__An_Eva.pdf,html_placeholder
Imidacloprid,The_Application_of_Multifunctional_Metal_Organic_Frameworks_for_the_Detection__A.pdf,html_placeholder
Imidacloprid,The_Effect_of_Imidacloprid_on_the_Volatile_Organic_Compound_Profile_of_Strawberr.pdf,html_placeholder
Imidacloprid,The_Insecticide_Imidacloprid_Decreases__i_Nannotrigona__i__Stingless_Bee_Surviva.pdf,html_placeholder
Imidacloprid,The_gut_symbiont_Sphingomonas_mediates_imidacloprid_resistance_in_the_important_.pdf,html_placeholder
Imidacloprid,The_impact_of_inorganic_salts_on_the_ultrasonic_degradation_of_contaminants__A_r.pdf,html_placeholder
Imidacloprid,The_impact_of_novel_bacterial_strains_and_their_consortium_on_diflufenican_degra.pdf,html_placeholder
Imidacloprid,Theoretical_Studies_in_Molecular_Dynamics_and_DFT_of_the_Interaction_between_Imi.pdf,html_placeholder
Imidacloprid,Toxicokinetics_of_the_neonicotinoid_insecticide_imidacloprid_in_rainbow_trout__O.pdf,html_placeholder
Imidacloprid,Transcriptional_Changes_in_nAChRs__Interactive_Proteins_and_P450s_in_Locusta_mig.pdf,html_placeholder
Imidacloprid,Zn_sup_2___sup__and_Cd_sup_2___sup__assisted_photo_catalytic_degradation_of_chlo.pdf,html_placeholder
Indoxacarb,A_systemic_study_of_indoxacarb_resistance_in_Spodoptera_litura_revealed_complex_.pdf,html_placeholder
Indoxacarb,Behavioral_and_Transcriptomic_Analyses_in_the_Indoxacarb_Response_of_a_Non_Targe.pdf,html_placeholder
Indoxacarb,Characterization_of_Indoxacarb_Resistance_in_the_Fall_Armyworm__Selection__Inher.pdf,html_placeholder
Indoxacarb,Characterization_of_Spodoptera_littoralis__Lepidoptera__Noctuidae__resistance_to.pdf,html_placeholder
Indoxacarb,Comprehensive_Detoxification_Mechanism_Assessment_of_Red_Imported_Fire_Ant___i_S.pdf,html_placeholder
Indoxacarb,Contribution_of_insect_gut_microbiota_and_their_associated_enzymes_in_insect_phy.pdf,html_placeholder
Indoxacarb,Detection_of_carboxylesterase_and_esterase_activity_in_culturable_gut_bacterial_.pdf,html_placeholder
Indoxacarb,Dissipation_and_Residue_Pattern_of_Dinotefuran__Fluazinam__Indoxacarb__and_Thiac.pdf,html_placeholder
Indoxacarb,Impact_of_biochar_on_the_degradation_rates_of_three_pesticides_by_vegetables_and.pdf,html_placeholder
Indoxacarb,Indoxacarb_Loaded_Anionic_Polyurethane_Blend_with_Sodium_Alginate_Improves_pH_Se.pdf,html_placeholder
Indoxacarb,Insight_Into_Microbial_Applications_for_the_Biodegradation_of_Pyrethroid_Insecti.pdf,html_placeholder
Indoxacarb,Mechanisms_of_Increased_Indoxacarb_Toxicity_in_Methoxyfenozide_Resistant_Cotton_.pdf,html_placeholder
Indoxacarb,Nanoencapsulated_deltamethrin_combined_with_indoxacarb__An_effective_synergistic.pdf,html_placeholder
Indoxacarb,Peer_review_of_the_pesticide_risk_assessment_of_the_active_substance_indoxacarb_.pdf,html_placeholder
Indoxacarb,Presence_of_esterase_and_laccase_in_Bacillus_subtilis_facilitates_biodegradation.pdf,html_placeholder
Indoxacarb,Residues_and_Safety_Assessment_of_Cyantraniliprole_and_Indoxacarb_in_Wild_Garlic.pdf,html_placeholder
Indoxacarb,Role_of_Insect_Gut_Microbiota_in_Pesticide_Degradation__A_Review_.pdf,html_placeholder
Indoxacarb,Stereoselective_degradation_behaviour_of_carfentrazone_ethyl_and_its_metabolite_.pdf,html_placeholder
Indoxacarb,Studies_on_Dissipations_and_Residues_of_Indoxacarb_under_Different_Field_and_Env.pdf,html_placeholder
Iprodione,An_Amidase_Gene___i_ipaH__i___Is_Responsible_for_the_Initial_Step_in_the_Iprodio.pdf,html_placeholder
Iprodione,Biodegradation_of_Iprodione_and_Chlorpyrifos_Using_an_Immobilized_Bacterial_Cons.pdf,html_placeholder
Iprodione,Biodegradation_of_pesticide_in_agricultural_soil_employing_entomopathogenic_fung.pdf,html_placeholder
Iprodione,Carbamate_C_N_Hydrolase_Gene__i_ameH__i__Responsible_for_the_Detoxification_Step.pdf,html_placeholder
Iprodione,Cytological_and_Gene_Profile_Expression_Analysis_Reveals_Modification_in_Metabol.pdf,html_placeholder
Iprodione,Degradation_of_iprodione_by_a_novel_strain__i_Azospirillum__i__sp__A1_3_isolated.pdf,html_placeholder
Iprodione,Degradation_of_iprodione_by_a_soil_Arthrobacter_like_strain_.pdf,html_placeholder
Iprodione,Dissipation_kinetics_and_biological_degradation_by_yeast_and_dietary_risk_assess.pdf,html_placeholder
Iprodione,Effect_of_plasma_activated_water_and_buffer_solution_combined_with_ultrasound_on.pdf,html_placeholder
Iprodione,Ethylene_Response_Factor_MaERF012_Modulates_Fruit_Ripening_by_Regulating_Chlorop.pdf,html_placeholder
Iprodione,Metabolic_Profiling_and_Comparative_Proteomic_Insight_in_Respect_of_Amidases_dur.pdf,html_placeholder
Iprodione,Ocular_irritation_from_product_of_pesticide_degradation_among_workers_in_a_seed_.pdf,html_placeholder
Iprodione,Pesticide_Use_and_Degradation_Strategies__Food_Safety__Challenges_and_Perspectiv.pdf,html_placeholder
Iprodione,Proteome_Changes_Induced_by_Iprodione_Exposure_in_the_Pesticide_Tolerant__i_Pseu.pdf,html_placeholder
Iprodione,The_Involvement_of_the_Banana_F_Box_Protein_MaEBF1_in_Regulating_Chilling_Inhibi.pdf,html_placeholder
Iprodione,The_Novel_Amidase_PcnH_Initiates_the_Degradation_of_Phenazine_1_Carboxamide_in_S.pdf,html_placeholder
Iprodione,The_influence_of_effective_microorganisms__EM__and_yeast_on_the_degradation_of_s.pdf,html_placeholder
Iprodione,The_interaction_of_CpEBF1_with_CpMADSs_is_involved_in_cell_wall_degradation_duri.pdf,html_placeholder
Isofetamid,Modification of the existing maximum residue levels for isofetamid in certain salad plants..pdf,pdf_header
Isofetamid,"Modification of the existing maximum residue levels for isofetamid in raspberries, blackberries and dewberries..pdf",pdf_header
Isofetamid,"Modification of the existing maximum residue levels for isofetamid in tomatoes, peppers, aubergines, okra and cucurbits with edible peel..pdf",pdf_header
Isoflucypram,"Isoflucypram, the first representative of a new succinate dehydrogenase inhibitor fungicide subclass Its chemical discovery and unusual binding mode..pdf",pdf_header
Isoflucypram,Peer review of the pesticide risk assessment of the active substance isoflucypram..pdf,pdf_header
Isoprothiolane,Development of a UPLC-MSMS method for pesticide analysis in paddy water and evaluation of anodic TiO&lt;sub&gt;2&lt;sub&gt; nanostructured films for pesticide photodegradation and antimicrobial applications..pdf,pdf_header
Isoprothiolane,"Experimental Study on Photodegradation and Leaching of Typical Pesticides in Greenhouse Soil from Shouguang, Shandong Province, Northern China.pdf",pdf_header
Isoprothiolane,In vitro pesticide degradation in turfgrass soil incubated under open and sealed conditions..pdf,pdf_header
Isoprothiolane,Oxidation of isoprothiolane by ozone and chlorine Reaction kinetics and mechanism..pdf,pdf_header
Isoprothiolane,Typical pesticides diffuse loading and degradation pattern differences under the impacts of climate and land-use variations..pdf,pdf_header
Isopyrazam,Fungicide isopyrazam degradative response toward extrinsically added fungal and bacterial strains..pdf,pdf_header
Isopyrazam,Review of the existing maximum residue levels for isopyrazam according to Article 12 of Regulation (EC) No 3962005..pdf,pdf_header
Isopyrazam,Simultaneous Determination of the Residues of Isopyrazam Isomers and Their Metabolites in Soil and Tomatoes by Ultraperformance Liquid Chromatography-Tandem Mass Spectrometry..pdf,pdf_header
Isopyrazam,Surface water mineralization of isopyrazam according to OECD 309 observations on implementation of the new data requirement within agrochemical regulation..pdf,pdf_header
Isopyrazam,The behavior of isopyrazam in aquatic ecosystems implementation of a tiered investigation..pdf,pdf_header
Isoxaflutole,Changed_degradation_behavior_of_pesticides_when_present_in_mixtures_.pdf,html_placeholder
Isoxaflutole,Comparison_of_transcriptome_responses_to_glyphosate__isoxaflutole__quizalofop_p_.pdf,html_placeholder
Isoxaflutole,Ecotoxicological_Evaluation_of_Safener_and_Antimicrobial_Additives_in_Isoxafluto.pdf,html_placeholder
Kresoxim-Methyl,Abiotic transformation of kresoxim-methyl in aquatic environments Structure elucidation of transformation products by LC-HRMS and toxicity assessment..pdf,pdf_header
Kresoxim-Methyl,An Overview of Strobilurin Fungicide DegradationCurrent Status and Future Perspective..pdf,pdf_header
Kresoxim-Methyl,Degradation and metabolic profiling for benzene kresoxim-methyl using carbon-14 tracing..pdf,pdf_header
Kresoxim-Methyl,"Degradation of Kresoxim-Methyl in Water Impact of Varying pH, Temperature, Light and Atmospheric CO2 Level..pdf",pdf_header
Kresoxim-Methyl,Degradation of Pesticides Using Semiconducting and Tetrapyrrolic Macrocyclic Photocatalysts-A Concise Review..pdf,pdf_header
Kresoxim-Methyl,"Degradation of kresoxim-methyl in soil impact of varying moisture, organic matter, soil sterilization, soil type, light and atmospheric CO2 level..pdf",pdf_header
Kresoxim-Methyl,Determination of kresoxim-methyl and its thermolabile metabolites in pear utilizing pepper leaf matrix as a protectant using gas chromatography..pdf,pdf_header
Kresoxim-Methyl,Detoxification Esterase StrH Initiates Strobilurin Fungicide Degradation in iHyphomicrobiumi sp. Strain DY-1..pdf,pdf_header
Kresoxim-Methyl,Dissipation Dynamics and Dietary Risk Assessment of Kresoxim-Methyl Residue in Rice..pdf,pdf_header
Kresoxim-Methyl,Effect of two anti-fungal treatments (metrafenone and boscalid plus kresoxim-methyl) applied to vines on the color and phenol profile of different red wines..pdf,pdf_header
Kresoxim-Methyl,Fate Characterization of Benzene Kresoxim-Methyl (a Strobilurin Fungicide) in Different Aerobic Soils..pdf,pdf_header
Kresoxim-Methyl,Kinetics and New Mechanism of Azoxystrobin Biodegradation by an Ochrobactrum anthropi Strain SH14.pdf,pdf_header
Kresoxim-Methyl,Kresoxim-methyl primes Medicago truncatula plants against abiotic stress factors via altered reactive oxygen and nitrogen species signalling leading to downstream transcriptional and metabolic readjustment..pdf,pdf_header
Kresoxim-Methyl,Photocatalytic degradation of eight pesticides in leaching water by use of ZnO under natural sunlight..pdf,pdf_header
Kresoxim-Methyl,Photodegradation of multiclass fungicides in the aquatic environment and determination by liquid chromatography-tandem mass spectrometry..pdf,pdf_header
Kresoxim-Methyl,Simultaneous detection and degradation patterns of kresoxim-methyl and trifloxystrobin residues in citrus fruits by HPLC combined with QuEChERS..pdf,pdf_header
Lindane,A_Review_of_Microalgae__and_Cyanobacteria_Based_Biodegradation_of_Organic_Pollut.pdf,html_placeholder
Lindane,A_review_on_WO_sub_3__sub__photocatalysis_used_for_wastewater_treatment_and_pest.pdf,html_placeholder
Lindane,Adsorption_of_lindane__γ_hexachlorocyclohexane__on_nickel_modified_graphitic_car.pdf,html_placeholder
Lindane,Advanced_photocatalytic_materials_based_degradation_of_micropollutants_and_their.pdf,html_placeholder
Lindane,Biodegradation_of_TNT__2_4_6_trinitrotoluene__by_Phanerochaete_chrysosporium_.pdf,html_placeholder
Lindane,Biodegradation_of_pentachlorophenol_by_the_white_rot_fungus_Phanerochaete_chryso.pdf,html_placeholder
Lindane,Biodegradation_of_pesticide_in_agricultural_soil_employing_entomopathogenic_fung.pdf,html_placeholder
Lindane,Biodegradation_of_phenol_contaminated_soil_and_plant_growth_promotion_by__i_Myro.pdf,html_placeholder
Lindane,Burning_question__Rethinking_organohalide_degradation_strategy_for_bioremediatio.pdf,html_placeholder
Lindane,Cloning_and_sequencing_of_a_2_5_dichloro_2_5_cyclohexadiene_1_4_diol_dehydrogena.pdf,html_placeholder
Lindane,Cloning_and_sequencing_of_a_dehalogenase_gene_encoding_an_enzyme_with_hydrolase_.pdf,html_placeholder
Lindane,Degradation_of_1_2_4_trichloro__and_1_2_4_5_tetrachlorobenzene_by_pseudomonas_st.pdf,html_placeholder
Lindane,Degradation_of_Pesticide_Residues_in_Water__Soil__and_Food_Products_via_Cold_Pla.pdf,html_placeholder
Lindane,Degradation_of_Pesticides_Using_Semiconducting_and_Tetrapyrrolic_Macrocyclic_Pho.pdf,html_placeholder
Lindane,Degradation_of_endrin__aldrin__and_DDT_by_soil_microorganisms_.pdf,html_placeholder
Lindane,Degradation_of_the_fluoroquinolone_enrofloxacin_by_the_brown_rot_fungus_Gloeophy.pdf,html_placeholder
Lindane,Determination_of_lindane_in_surface_water_samples_and_its_degradation_by_hydroge.pdf,html_placeholder
Lindane,Draft_Genome_Sequences_of_Two__i_Sphingobium__i__Species_Associated_with_Hexachl.pdf,html_placeholder
Lindane,Effects_of_sub_lethal_concentrations_of_lindane_on_histo_morphometric_and_physio.pdf,html_placeholder
Lindane,Electrochemical_reduction_and_anaerobic_degradation_of_lindane_.pdf,html_placeholder
Lindane,Exploration_of_Quantum_Chemistry_Methods_to_Explain_Mechanism_of_Mechanochemical.pdf,html_placeholder
Lindane,Genetic_Analysis_of__i_Citrobacter__i__sp_86_Reveals_Involvement_of_Corrinoids_i.pdf,html_placeholder
Lindane,Genetic_and_species_rearrangements_in_microbial_consortia_impact_biodegradation_.pdf,html_placeholder
Lindane,Gentle_remediation_options_for_soil_with_mixed_chromium__VI__and_lindane_polluti.pdf,html_placeholder
Lindane,Insights_Into_the_Biodegradation_of_Lindane__γ_Hexachlorocyclohexane__Using_a_Mi.pdf,html_placeholder
Lindane,Microbial_Degradation_of_Aldrin_and_Dieldrin__Mechanisms_and_Biochemical_Pathway.pdf,html_placeholder
Lindane,Microbiological_degradation_of_pesticides_in_yard_waste_composting_.pdf,html_placeholder
Lindane,Photocatalytic_Activity_of_Ti_SBA_15_C3N4_for_Degradation_of_2_4_Dichlorophenoxy.pdf,html_placeholder
Lindane,Rapid_and_Sensitive_Quantification_of_the_Pesticide_Lindane_by_Polymer_Modified_.pdf,html_placeholder
Lindane,Removal_of_Lindane_from_Aqueous_Solution_Using_Aluminum_Hydroxide_Nanoparticles_.pdf,html_placeholder
Lindane,Responses_of_Anabaena_sp__PCC7120_to_lindane__Physiological_effects_and_differen.pdf,html_placeholder
Lindane,Review_on_Performance_of__i_Aspergillus__i__and__i_Penicillium__i__Species_in_Bi.pdf,html_placeholder
Lindane,Sensitivity_to_and_Degradation_of_Pentachlorophenol_by_Phanerochaete_spp_.pdf,html_placeholder
Lindane,Synthesis_of_titania_activated_carbon_composites_for_the_synergistic_adsorption_.pdf,html_placeholder
Lindane,The_impact_of_novel_bacterial_strains_and_their_consortium_on_diflufenican_degra.pdf,html_placeholder
Lufenuron,Adsorption of Lufenuron 50-EC Pesticide from Aqueous Solution Using Oil Palm Shell-Derived Activated Carbon..pdf,pdf_header
Lufenuron,Aerobic Degradation of Clothianidin to 2-Chloro-methyl Thiazole and Methyl 3-(Thiazole-yl) Methyl Guanidine Produced by Pseudomonas stutzerii smk..pdf,pdf_header
Lufenuron,Chitin Synthesis and Degradation in Crustaceans A Genomic View and Application..pdf,pdf_header
Lufenuron,Comparative transcriptome analysis of lufenuron-resistant and susceptible strains of Spodoptera frugiperda (Lepidoptera Noctuidae)..pdf,pdf_header
Lufenuron,Contribution of insect gut microbiota and their associated enzymes in insect physiology and biodegradation of pesticides..pdf,pdf_header
Lufenuron,"Dissecting the manipulation of lufenuron on chitin metabolism, and the sublethal effects on Helicoverpa armigera development.pdf",pdf_header
Lufenuron,Dissecting the manipulation of lufenuron on chitin synthesis in Helicoverpa armigera..pdf,pdf_header
Lufenuron,Enhanced systemic translocation and photolysis resistance of emamectin-lufenuron composite nano-formulations achieved by utilizing urea-formaldehyde resin as a carrier.pdf,pdf_header
Lufenuron,Impact of soil drying-rewetting stress on microbial communities and activities and on degradation of two crop protection products..pdf,pdf_header
Lufenuron,Knockdown of UDP-N-acetylglucosamine pyrophosphorylase and chitin synthase A increases the insecticidal efficiency of Lufenuron to Spodoptera exigua..pdf,pdf_header
Lufenuron,Non-UV light influences the degradation rate of crop protection products..pdf,pdf_header
Lufenuron,Photo-degradation behavior of seven benzoylurea pesticides with C3N4 nanofilm and its aquatic impacts on Scendesmus obliquus.pdf,pdf_header
Lufenuron,Residue Behaviors and Degradation Dynamics of Insecticides Commonly Applied to iAgrocybe aegeritai Mushrooms from Field to Product Processing and Corresponding Risk Assessments..pdf,pdf_header
Lufenuron,"Residue behaviors, degradation, processing factors, and risk assessment of pesticides in citrus from field to product processing..pdf",pdf_header
Lufenuron,Review of the existing maximum residue levels for lufenuron according to Article 12 of Regulation (EC) NoÂ 3962005..pdf,pdf_header
Lufenuron,Robust linuron degradation in on-farm biopurification systems exposed to sequential environmental changes..pdf,pdf_header
Lufenuron,Role of Insect Gut Microbiota in Pesticide Degradation A Review..pdf,pdf_header
Lufenuron,Setting of import tolerances for lufenuron in various commodities of plant and animal origin..pdf,pdf_header
Malathion,A_Comprehensive_Review_of_Multifunctional_Nanozymes_for_Degradation_and_Detectio.pdf,html_placeholder
Malathion,A_Novel_Organophosphorus_Acid_Anhydrolase_from_Deep_Sea_Sediment_with_High_Degra.pdf,html_placeholder
Malathion,Adsorption_and_Photocatalytic_Degradation_of_Pesticides_into_Nanocomposites__A_R.pdf,html_placeholder
Malathion,Alleviation_of_Malathion_Toxicity_Effect_by__i_Coffea_arabica__i__L__Oil_and__i_.pdf,html_placeholder
Malathion,Analysis_of_EAWAG_BBD_pathway_prediction_system_for_the_identification_of_malath.pdf,html_placeholder
Malathion,Application_of_Fe_MOFs_in_Photodegradation_and_Removal_of_Air_and_Water_Pollutan.pdf,html_placeholder
Malathion,Application_of_Viscose_Based_Porous_Carbon_Fibers_in_Food_Processing_Malathion_a.pdf,html_placeholder
Malathion,Assessing_malathion_residue_impact_on_poultry_health__human_safety__and_producti.pdf,html_placeholder
Malathion,Assessment_of_malathion_toxicity_on_cytophysiological_activity__DNA_damage_and_a.pdf,html_placeholder
Malathion,Biodegradation_and_Subsequent_Toxicity_Reduction_of_Co_contaminants_Tribenuron_M.pdf,html_placeholder
Malathion,Biodegradation_of_Iprodione_and_Chlorpyrifos_Using_an_Immobilized_Bacterial_Cons.pdf,html_placeholder
Malathion,Biodegradation_of_monocrotophos__cypermethrin___fipronil_by__i_Proteus_myxofacie.pdf,html_placeholder
Malathion,Biodegradation_of_pesticide_in_agricultural_soil_employing_entomopathogenic_fung.pdf,html_placeholder
Malathion,Computational_and_biochemical_characterization_of_the_immobilized_esterase_of_Sa.pdf,html_placeholder
Malathion,Curcumin_Mitigates_Malathion_Induced_Renal_Injury__Suppression_of_Apoptosis_and_.pdf,html_placeholder
Malathion,Degradation_insight_of_organophosphate_pesticide_chlorpyrifos_through_novel_inte.pdf,html_placeholder
Malathion,Degradation_of_Organophosphorus_and_Pyrethroid_Insecticides_in_Beverages__Implic.pdf,html_placeholder
Malathion,Degradation_of_Pesticide_Residues_in_Water__Soil__and_Food_Products_via_Cold_Pla.pdf,html_placeholder
Malathion,Degradation_of_Pesticides_Using_Semiconducting_and_Tetrapyrrolic_Macrocyclic_Pho.pdf,html_placeholder
Malathion,Developing_a_highly_sensitive_electrochemical_sensor_for_malathion_detection_bas.pdf,html_placeholder
Malathion,Development_of_a_UPLC_MS_MS_method_for_pesticide_analysis_in_paddy_water_and_eva.pdf,html_placeholder
Malathion,Effect_of_additional_Fe_sup_2___sup__salt_on_electrocoagulation_process_for_the_.pdf,html_placeholder
Malathion,Effect_of_storage__washing__and_cooking_on_the_stability_of_five_pesticides_in_e.pdf,html_placeholder
Malathion,Effects_of_human_serum_albumin_on_post_mortem_changes_of_malathion_.pdf,html_placeholder
Malathion,Environmental_Adaptability_and_Organic_Pollutant_Degradation_Capacity_of_a_Novel.pdf,html_placeholder
Malathion,Evaluation_of_Malathion__DIMP__and_Strawberry_Furanone_as_CWA_Simulants_for_Cons.pdf,html_placeholder
Malathion,Exposure_to_Acute_Concentration_of_Malathion_Induced_Behavioral__Hematological__.pdf,html_placeholder
Malathion,Feasibility_Study_on_the_Use_of_Recycled_Polymers_for_Malathion_Adsorption__Isot.pdf,html_placeholder
Malathion,Formulation_of_water_pollutant_discharge_limits_for_malathion_based_on_nonsensit.pdf,html_placeholder
Malathion,Isolation_and_Identification_of_Efficient_Malathion_Degrading_Bacteria_from_Deep.pdf,html_placeholder
Malathion,Laccase_mimicking_Mn_Cu_hybrid_nanoflowers_for_paper_based_visual_detection_of_p.pdf,html_placeholder
Malathion,Low_dose_exposure_to_malathion_and_radiation_results_in_the_dysregulation_of_mul.pdf,html_placeholder
Malathion,Magnetically_treated_water_for_removal_of_surface_contamination_by_Malathion_on_.pdf,html_placeholder
Malathion,Malathion_10.1007_s10529-013-1195-5.pdf,pdf_header
Malathion,Malathion_10.1371_journal.pone.0094177.pdf,pdf_header
Malathion,Malathion_Induced_Hematoxicity_and_Its_Recovery_Pattern_in__i_Barbonymus_goniono.pdf,html_placeholder
Malathion,Mechanisms_of_oxidative_response_during_biodegradation_of_malathion_by_S__oneide.pdf,html_placeholder
Malathion,Peptide_Nanotube_Encapsulated_Enzyme_Biosensor_for_Vapor_Phase_Detection_of_Mala.pdf,html_placeholder
Malathion,Pesticide_Residues__Glyphosate_Adsorption_and_Degradation_Characteristics_in_Eth.pdf,html_placeholder
Malathion,Photocatalytic_degradation_of_aquatic_organic_pollutants_with_Zn__and_Zr_based_m.pdf,html_placeholder
Malathion,Rejection_of_malathion_by_nanofiltration_and_reverse_osmosis_membranes_exposed_t.pdf,html_placeholder
Malathion,Removal_assessment_of_malathion_and_dichlorodiphenyltrichloroethane_pesticides_f.pdf,html_placeholder
Malathion,Review_on_Performance_of__i_Aspergillus__i__and__i_Penicillium__i__Species_in_Bi.pdf,html_placeholder
Malathion,Study_of_the_Photocatalytic_Degradation_of_Highly_Abundant_Pesticides_in_Agricul.pdf,html_placeholder
Malathion,Synthesis_and_Characterization_of_Environmentally_Friendly_β_Cyclodextrin_Cross_.pdf,html_placeholder
Malathion,The_Application_of_Multifunctional_Metal_Organic_Frameworks_for_the_Detection__A.pdf,html_placeholder
Malathion,The_ChpR_transcriptional_regulator_of__i_Sinorhizobium_meliloti__i__senses_3_5_6.pdf,html_placeholder
Malathion,The_Migration_Rules_of_Malathion_during_Indoor_Simulated_Lake_Freezing_.pdf,html_placeholder
Malathion,The_investigation_of_the_protective_effect_of__i_cinnamon__i__water_extract_and_.pdf,html_placeholder
Malathion,The_organophosphate_pesticide__OP__malathion_inducing_thyroidal_disruptions_and_.pdf,html_placeholder
Malathion,Ultrasensitive_Electrochemical_Aptasensing_of_Malathion_Based_on_Hydroxylated_Bl.pdf,html_placeholder
Maleic Hydrazide,An_organic_proton_cage_that_is_ultra_resistant_to_hydroxide_promoted_degradation.pdf,html_placeholder
Maleic Hydrazide,Molecular_mechanism_underlying_the_effect_of_maleic_hydrazide_treatment_on_starc.pdf,html_placeholder
Maleic Hydrazide,Peer_review_of_the_pesticide_risk_assessment_of_the_active_substance_maleic_hydr.pdf,html_placeholder
Maleic Hydrazide,Studies_in_the_biochemistry_of_micro_organisms__LXXXVIII_Palitantin__II__Further.pdf,html_placeholder
Maleic Hydrazide,The_Fate_of_maleic_hydrazide_on_tobacco_during_smoking_.pdf,html_placeholder
Mandestrobin,An Overview of Strobilurin Fungicide DegradationCurrent Status and Future Perspective..pdf,pdf_header
Mandestrobin,Degradation of the strobilurin fungicide mandestrobin in illuminated water-sediment systems..pdf,pdf_header
Mandestrobin,"Modification of the existing maximum residue levels for mandestrobin in apricots, cherries, peachesnectarines and plums..pdf",pdf_header
Mandestrobin,Physiological effects of mandestrobin..pdf,pdf_header
Mandestrobin,Setting of import tolerances for mandestrobin in strawberries and table and wine grapes..pdf,pdf_header
Mandipropamid,Effects of Household Processing on Residues of the Chiral Fungicide Mandipropamid in Four Common Vegetables..pdf,pdf_header
Mandipropamid,Indigenous functional microbial degradation of the chiral fungicide mandipropamid in repeatedly treated soils Preferential changes in the R-enantiomer..pdf,pdf_header
Mandipropamid,"Insights on the isolation, identification, and degradation characteristics of three bacterial strains against mandipropamid and their application potential for polluted soil remediation..pdf",pdf_header
Mandipropamid,Mandipropamid as a chemical inducer of proximity for in vivo applications..pdf,pdf_header
Mandipropamid,Modification of the existing maximum residue level for mandipropamid in radish leaves..pdf,pdf_header
Mandipropamid,Modification of the existing maximum residue levels for mandipropamid in various crops..pdf,pdf_header
Mandipropamid,"Residue dissipation, degradation dynamics, and dietary risk assessment of mandipropamid in ginseng under field application.pdf",pdf_header
Mandipropamid,Review of the existing maximum residue levels for mandipropamid according to Article 12 of Regulation (EC) NoÂ 3962005..pdf,pdf_header
Mandipropamid,Setting of an import tolerance for mandipropamid in cocoa beans..pdf,pdf_header
Mandipropamid,Setting of import tolerances for mandipropamid in papayas..pdf,pdf_header
Mandipropamid,"The enantioselective environmental fate of mandipropamid in water-sediment microcosms Distribution, degradation, degradation pathways and toxicity assessment..pdf",pdf_header
Mefentrifluconazole,"Absolute Configuration, Enantioselective Bioactivity, and Degradation of the Novel Chiral Triazole Fungicide Mefentrifluconazole..pdf",pdf_header
Mefentrifluconazole,Modification and setting of maximum residue levels for mefentrifluconazole in various crops..pdf,pdf_header
Mefentrifluconazole,Modification of the existing maximum residue levels for mefentrifluconazole in various commodities..pdf,pdf_header
Mefentrifluconazole,Peer review of the pesticide risk assessment of the active substance BAS 750 F (mefentrifluconazole)..pdf,pdf_header
Mepiquat Chloride,Carbon remobilization in the stems of upland cotton as affected by mepiquat chloride and plant density.pdf,pdf_header
Mepiquat Chloride,Mechanism of Mepiquat Chloride Regulating Soybean Response to Drought Stress Revealed by Proteomics..pdf,pdf_header
Mepiquat Chloride,Mepiquat chloride inhibits soybean growth but improves drought resistance..pdf,pdf_header
Mepiquat Chloride,Mepiquat chloride promotes cotton lateral root formation by modulating plant hormone homeostasis..pdf,pdf_header
Mepiquat Chloride,"Nitrogen and Mepiquat Chloride Effects on the Production of Nonrank, Irrigated, Short-Season Cotton.pdf",pdf_header
Mepiquat Chloride,Peer review of the pesticide risk assessment of the active substance mepiquat (evaluated variant mepiquat chloride)..pdf,pdf_header
Mepiquat Chloride,Regulation of soybean drought response by mepiquat chloride pretreatment..pdf,pdf_header
Mepiquat Chloride,Transcriptome Profiling Provides New Insights into the Molecular Mechanism Underlying the Sensitivity of Cotton Varieties to Mepiquat Chloride..pdf,pdf_header
Mepiquat Chloride,Transcriptome Profiling of the Elongating Internode of Cotton (iGossypium hirsutumi L.) Seedlings in Response to Mepiquat Chloride..pdf,pdf_header
Mepiquat Chloride,"Widely targeted metabolite profiling of mango stem apex during floral induction by compond of mepiquat chloride, prohexadione-calcium and uniconazole..pdf",pdf_header
Meptyldinocap,"Analytical method for the determination of meptyldinocap as the 2,4-dinitro-octylphenol metabolite in cucumber and soil using LC-MSMS and a study of the residues in a Chinese cucumber field ecosystem..pdf",pdf_header
Meptyldinocap,Degradation strategies of pesticide residue From chemicals to synthetic biology..pdf,pdf_header
Meptyldinocap,Evaluation of the confirmatory data following the Article 12 MRL review for meptyldinocap (DE-126) and modification of the existing maximum residue levels in table and wine grapes..pdf,pdf_header
Meptyldinocap,Meptyldinocap and azoxystrobin residue behaviors in different ecosystems under open field conditions and distribution on processed cucumber.pdf,pdf_header
Meptyldinocap,Review of the existing maximum residue levels for meptyldinocap (DE-126) according to Article 12 of Regulation (EC) No 3962005..pdf,pdf_header
Mesotrione,Adsorption_and_degradation_of_imazapic_in_soils_under_different_environmental_co.pdf,html_placeholder
Mesotrione,Aquatic_Macrophytes_in_the_Remediation_of_Atrazine_in_Water__A_Study_on_Herbicid.pdf,html_placeholder
Mesotrione,Atrazine__triketone_herbicides__and_their_degradation_products_in_sediment__soil.pdf,html_placeholder
Mesotrione,Bacillus_megaterium_strains_derived_from_water_and_soil_exhibit_differential_res.pdf,html_placeholder
Mesotrione,Benzothiazole_heterogeneous_photodegradation_in_nano_α_Fe_sub_2__sub_O_sub_3__su.pdf,html_placeholder
Mesotrione,Biodegradation_of_monocrotophos__cypermethrin___fipronil_by__i_Proteus_myxofacie.pdf,html_placeholder
Mesotrione,Changed_degradation_behavior_of_pesticides_when_present_in_mixtures_.pdf,html_placeholder
Mesotrione,Combined_effects_of_micropollutants_and_their_degradation_on_prokaryotic_communi.pdf,html_placeholder
Mesotrione,Comparison_of_transcriptome_responses_to_glyphosate__isoxaflutole__quizalofop_p_.pdf,html_placeholder
Mesotrione,Construction_of_Immobilized_Laccase_System_Based_on_ZnO_and_Degradation_of_Mesot.pdf,html_placeholder
Mesotrione,Degradation_of_Pesticide_Residues_in_Water__Soil__and_Food_Products_via_Cold_Pla.pdf,html_placeholder
Mesotrione,Detoxification_and_catabolism_of_mesotrione_and_fomesafen_facilitated_by_a_Phase.pdf,html_placeholder
Mesotrione,Ectopic_expression_of_a_rice_triketone_dioxygenase_gene_confers_mesotrione_toler.pdf,html_placeholder
Mesotrione,Extraction_procedures_for_the_study_of_phytotoxicity_and_degradation_processes_o.pdf,html_placeholder
Mesotrione,GST_activity_and_membrane_lipid_saturation_prevents_mesotrione_induced_cellular_.pdf,html_placeholder
Mesotrione,Inheritance_of_Mesotrione_Resistance_in_an__i_Amaranthus_tuberculatus__i___var__.pdf,html_placeholder
Mesotrione,Mechanisms_of_tolerance_and_high_degradation_capacity_of_the_herbicide_mesotrion.pdf,html_placeholder
Mesotrione,Mesotrione_herbicide_promotes_biochemical_changes_and_DNA_damage_in_two_fish_spe.pdf,html_placeholder
Mesotrione,Metabolic_Profiling_and_Comparative_Proteomic_Insight_in_Respect_of_Amidases_dur.pdf,html_placeholder
Mesotrione,Metabolism_of_the_4_Hydroxyphenylpyruvate_Dioxygenase_Inhibitor__Mesotrione__in_.pdf,html_placeholder
Mesotrione,Potential_of_TiO_sub_2__sub__with_Various_Au_Nanoparticles_for_Catalyzing_Mesotr.pdf,html_placeholder
Mesotrione,Preparation_and_characterization_of_cornstalk_microspheric_hydrochar_and_adsorpt.pdf,html_placeholder
Mesotrione,Response_of_microorganisms_and_enzymes_to_soil_contamination_with_a_mixture_of_t.pdf,html_placeholder
Mesotrione,Role_of__lt_i_gt_Bacillus_lt__i_gt__sp__TF_1_in_the_Degradation_and_Detoxificati.pdf,html_placeholder
Mesotrione,Suppression_of_protein_degradation_by_leucine_requires_its_conversion_to_β_hydro.pdf,html_placeholder
Metaflumizone,"Degradation of metaflumizone in rice, water and soil under field conditions..pdf",pdf_header
Metaflumizone,"Degradation of metaflumizone in soil impact of varying moisture, light, temperature, atmospheric CO2 level, soil type and soil sterilization..pdf",pdf_header
Metaflumizone,"Degradation of sex pheromone and plant volatile components by an antennal glutathione S-transferase in the oriental fruit moth,Grapholita molesta Busck (Lepidoptera Tortricidae)..pdf",pdf_header
Metaflumizone,Method validation and residue analysis of methoxyfenozide and metaflumizone in Chinese broccoli under field conditions by liquid chromatography with tandem mass spectrometry..pdf,pdf_header
Metaflumizone,"Persistence of metaflumizone on cabbage (Brassica oleracea Linne) and soil, and its risk assessment.pdf",pdf_header
Metalaxyl,A_review_on_WO_sub_3__sub__photocatalysis_used_for_wastewater_treatment_and_pest.pdf,html_placeholder
Metalaxyl,Applying_the_Crystalline_Sponge_Method_to_Agrochemicals__Obtaining_X_ray_Structu.pdf,html_placeholder
Metalaxyl,Characterizing_the_Mechanisms_of_Metalaxyl__Bronopol_and_Copper_Sulfate_against_.pdf,html_placeholder
Metalaxyl,Conclusion_on_the_peer_review_of_the_pesticide_risk_assessment_of_the_active_sub.pdf,html_placeholder
Metalaxyl,Conserved_Metabolic_and_Evolutionary_Themes_in_Microbial_Degradation_of_Carbamat.pdf,html_placeholder
Metalaxyl,Degradation_of_Pesticides_Using_Semiconducting_and_Tetrapyrrolic_Macrocyclic_Pho.pdf,html_placeholder
Metalaxyl,Degradation_of_metalaxyl_and_mefenoxam_and_effects_on_the_microbiological_proper.pdf,html_placeholder
Metalaxyl,Differential_Potential_of__i_Phytophthora_capsici__i__Resistance_Mechanisms_to_t.pdf,html_placeholder
Metalaxyl,Dissipation_and_Residue_of_Metalaxyl_M_and_Azoxystrobin_in_Scallions_and_Cumulat.pdf,html_placeholder
Metalaxyl,Effect_of_Acinetobacter_sp_on_metalaxyl_degradation_and_metabolite_profile_of_po.pdf,html_placeholder
Metalaxyl,Effect_of_plasma_activated_water_and_buffer_solution_combined_with_ultrasound_on.pdf,html_placeholder
Metalaxyl,Effects_of_systemic_pesticides_imidacloprid_and_metalaxyl_on_the_phyllosphere_of.pdf,html_placeholder
Metalaxyl,Impact_of_soil_drying_rewetting_stress_on_microbial_communities_and_activities_a.pdf,html_placeholder
Metalaxyl,In_vitro_metabolism_of_tebuconazole__flurtamone__fenhexamid__metalaxyl_M_and_spi.pdf,html_placeholder
Metalaxyl,Insights_into_the_Function_and_Horizontal_Transfer_of_Isoproturon_Degradation_Ge.pdf,html_placeholder
Metalaxyl,Metalaxyl_Degradation_by_Mucorales_Strains_Gongronella_sp__and_Rhizopus_oryzae_.pdf,html_placeholder
Metalaxyl,Metalaxyl_Effects_on_Antioxidant_Defenses_in_Leaves_and_Roots_of__i_Solanum_nigr.pdf,html_placeholder
Metalaxyl,Microbial_Degradation_of_Pesticide_Residues_and_an_Emphasis_on_the_Degradation_o.pdf,html_placeholder
Metalaxyl,Modification_of_the_existing_maximum_residue_level_for_metalaxyl_M_in_honey_.pdf,html_placeholder
Metalaxyl,Optimization_of_diazinon_biodegradation_from_aqueous_solutions_by_Saccharomyces_.pdf,html_placeholder
Metalaxyl,Peer_review_of_the_pesticide_risk_assessment_of_the_active_substance_metalaxyl_M.pdf,html_placeholder
Metalaxyl,Photodegradation_of_Ciprofloxacin__Clarithromycin_and_Trimethoprim__Influence_of.pdf,html_placeholder
Metalaxyl,Photodegradation_of_pesticides_using_compound_specific_isotope_analysis__CSIA___.pdf,html_placeholder
Metalaxyl,Stereoselective_degradation_behaviour_of_carfentrazone_ethyl_and_its_metabolite_.pdf,html_placeholder
Metalaxyl,The_Study_of_the_Kinetics_of_Metalaxyl_Accumulation_and_Dissipation_in_Durian___.pdf,html_placeholder
Metalaxyl-M,A_review_on_WO_sub_3__sub__photocatalysis_used_for_wastewater_treatment_and_pest.pdf,html_placeholder
Metalaxyl-M,Applying_the_Crystalline_Sponge_Method_to_Agrochemicals__Obtaining_X_ray_Structu.pdf,html_placeholder
Metalaxyl-M,Conclusion_on_the_peer_review_of_the_pesticide_risk_assessment_of_the_active_sub.pdf,html_placeholder
Metalaxyl-M,Conserved_Metabolic_and_Evolutionary_Themes_in_Microbial_Degradation_of_Carbamat.pdf,html_placeholder
Metalaxyl-M,Degradation_of_Pesticides_Using_Semiconducting_and_Tetrapyrrolic_Macrocyclic_Pho.pdf,html_placeholder
Metalaxyl-M,Degradation_of_metalaxyl_and_mefenoxam_and_effects_on_the_microbiological_proper.pdf,html_placeholder
Metalaxyl-M,Dissipation_and_Residue_of_Metalaxyl_M_and_Azoxystrobin_in_Scallions_and_Cumulat.pdf,html_placeholder
Metalaxyl-M,Effect_of_Acinetobacter_sp_on_metalaxyl_degradation_and_metabolite_profile_of_po.pdf,html_placeholder
Metalaxyl-M,Effect_of_plasma_activated_water_and_buffer_solution_combined_with_ultrasound_on.pdf,html_placeholder
Metalaxyl-M,Impact_of_soil_drying_rewetting_stress_on_microbial_communities_and_activities_a.pdf,html_placeholder
Metalaxyl-M,In_vitro_metabolism_of_tebuconazole__flurtamone__fenhexamid__metalaxyl_M_and_spi.pdf,html_placeholder
Metalaxyl-M,Insights_into_the_Function_and_Horizontal_Transfer_of_Isoproturon_Degradation_Ge.pdf,html_placeholder
Metalaxyl-M,Metalaxyl_Degradation_by_Mucorales_Strains_Gongronella_sp__and_Rhizopus_oryzae_.pdf,html_placeholder
Metalaxyl-M,Microbial_Degradation_of_Pesticide_Residues_and_an_Emphasis_on_the_Degradation_o.pdf,html_placeholder
Metalaxyl-M,Modification_of_the_existing_maximum_residue_level_for_metalaxyl_M_in_honey_.pdf,html_placeholder
Metalaxyl-M,Peer_review_of_the_pesticide_risk_assessment_of_the_active_substance_metalaxyl_M.pdf,html_placeholder
Metalaxyl-M,Photodegradation_of_Ciprofloxacin__Clarithromycin_and_Trimethoprim__Influence_of.pdf,html_placeholder
Metalaxyl-M,Robust_linuron_degradation_in_on_farm_biopurification_systems_exposed_to_sequent.pdf,html_placeholder
Metalaxyl-M,Stereoselective_degradation_behaviour_of_carfentrazone_ethyl_and_its_metabolite_.pdf,html_placeholder
Metconazole,Crystal structure and Hirshfeld surface analysis of the fungicide metconazole..pdf,pdf_header
Metconazole,"Dissipation Kinetics and Risk Assessment of Diniconazole, Dinotefuran, Metconazole, and Tebuconazole in iRaphanus sativusi L..pdf",pdf_header
Metconazole,Enantioselective determination of metconazole in multi matrices by high-performance liquid chromatography..pdf,pdf_header
Metconazole,Peer review of the pesticide risk assessment of the active substance metconazole..pdf,pdf_header
Metconazole,"Stereoselective study on chiral fungicide metconazole in four kinds of fruits Absolute configuration, SFC-MSMS enantioseparation, degradation and risk assessment..pdf",pdf_header
Metconazole,The stereoselectivity of metconazole on wheat grain filling and harvested seeds germination Implication for the application of triazole chiral pesticides..pdf,pdf_header
Methamidophos,A_Comprehensive_Review_of_Multifunctional_Nanozymes_for_Degradation_and_Detectio.pdf,html_placeholder
Methamidophos,Aflatoxin_B₁_degradation_by_a_Pseudomonas_strain_.pdf,html_placeholder
Methamidophos,Biodegradation_of_Uric_Acid_by__i_Bacillus_paramycoides__i__YC02_.pdf,html_placeholder
Methamidophos,Biodegradation_of_pesticide_in_agricultural_soil_employing_entomopathogenic_fung.pdf,html_placeholder
Methamidophos,Comparative_assessment_of_growth_and_biodegradation_potential_of_soil_isolate_in.pdf,html_placeholder
Methamidophos,Degradation_of_Acephate_and_Its_Intermediate_Methamidophos__Mechanisms_and_Bioch.pdf,html_placeholder
Methamidophos,Degradation_of_Pesticides_Using_Semiconducting_and_Tetrapyrrolic_Macrocyclic_Pho.pdf,html_placeholder
Methamidophos,Detoxification_Esterase_StrH_Initiates_Strobilurin_Fungicide_Degradation_in__i_H.pdf,html_placeholder
Methamidophos,Efficient_biodegradation_of_acephate_by__i_Pseudomonas_pseudoalcaligenes__i__PS_.pdf,html_placeholder
Methamidophos,Exploring_the_potent_hydrolytic_activity_of_chitosan_cerium_complex_microspheres.pdf,html_placeholder
Methamidophos,Identification_and_degradation_characteristics_of_Bacillus_cereus_strain_WD_2_is.pdf,html_placeholder
Methamidophos,Kinetic_Study_of_the_Biodegradation_of_Acephate_by_Indigenous_Soil_Bacterial_Iso.pdf,html_placeholder
Methamidophos,Methamidophos_exposure_during_the_early_postnatal_period_of_mice__immediate_and_.pdf,html_placeholder
Methamidophos,Methamidophos_poisoning__A_paediatric_case_report_.pdf,html_placeholder
Methamidophos,Microbial_Degradation_of_Pesticide_Residues_and_an_Emphasis_on_the_Degradation_o.pdf,html_placeholder
Methamidophos,Photocatalytic_Degradation_of_Atrazine_under_Visible_Light_Using_Novel_Ag_Mg_sub.pdf,html_placeholder
Methamidophos,Review_on_Performance_of__i_Aspergillus__i__and__i_Penicillium__i__Species_in_Bi.pdf,html_placeholder
Methamidophos,Role_of_Insect_Gut_Microbiota_in_Pesticide_Degradation__A_Review_.pdf,html_placeholder
Methamidophos,The_mechanisms_and_process_of_acephate_degradation_by_hydroxyl_radical_and_hydra.pdf,html_placeholder
Methiocarb,Conserved Metabolic and Evolutionary Themes in Microbial Degradation of Carbamate Pesticides..pdf,pdf_header
Methiocarb,Current Approaches to and Future Perspectives on Methomyl Degradation in Contaminated SoilWater Environments..pdf,pdf_header
Methiocarb,"Degradation of Pesticide Residues in Water, Soil, and Food Products via Cold Plasma Technology..pdf",pdf_header
Methiocarb,Degradation of methiocarb by monochloramine in water treatment kinetics and pathways..pdf,pdf_header
Methiocarb,"Determination of methiocarb and its degradation products, methiocarb sulfoxide and methiocarb sulfone, in bananas using QuEChERS extraction..pdf",pdf_header
Methiocarb,Development of a UPLC-MSMS method for pesticide analysis in paddy water and evaluation of anodic TiO&lt;sub&gt;2&lt;sub&gt; nanostructured films for pesticide photodegradation and antimicrobial applications..pdf,pdf_header
Methiocarb,Evaluation of pesticide residue in grape juices and the effect of natural antioxidants on their degradation rate..pdf,pdf_header
Methiocarb,Exploring ozonation as treatment alternative for methiocarb and formed transformation products abatement..pdf,pdf_header
Methiocarb,Kinetics and mechanism for methiocarb degradation by chlorine dioxide in aqueous solution..pdf,pdf_header
Methiocarb,Metabolomic and proteomic insights into carbaryl catabolism by Burkholderia sp. C3 and degradation of ten N-methylcarbamates..pdf,pdf_header
Methiocarb,Methiocarb Degradation by Electro-Fenton Ecotoxicological Evaluation..pdf,pdf_header
Methiocarb,Peer review of the pesticide risk assessment of the active substance methiocarb..pdf,pdf_header
Methiocarb,"Simultaneous quantification of methiocarb and its metabolites, methiocarb sulfoxide and methiocarb sulfone, in five food products of animal origin using tandem mass spectrometry..pdf",pdf_header
Methiocarb,"Use of SPE-GCEIMS for residue analysis in wine elaborated from musts spiked with formulations of chlorpyriphos-methyl, methiocarb, dicofol, and cyproconazol..pdf",pdf_header
Methomyl,A_Critical_Review_on_Metal_Organic_Frameworks_and_Their_Composites_as_Advanced_M.pdf,html_placeholder
Methomyl,An_outbreak_of_food_borne_illness_due_to_methomyl_pesticide_intoxication_in_Kore.pdf,html_placeholder
Methomyl,Applying_molecular_oxygen_for_organic_pollutant_degradation__Strategies__mechani.pdf,html_placeholder
Methomyl,Beneficial_effects_of_folic_acid_on_the_kidneys_and_testes_of_adult_albino_rats_.pdf,html_placeholder
Methomyl,Biodegradation_of_Conventional_and_Emerging_Pollutants_.pdf,html_placeholder
Methomyl,Biodegradation_of_monocrotophos__cypermethrin___fipronil_by__i_Proteus_myxofacie.pdf,html_placeholder
Methomyl,Biodegradation_of_propiconazole_by_newly_isolated_Burkholderia_sp__strain_BBK_9_.pdf,html_placeholder
Methomyl,Carbamate_C_N_Hydrolase_Gene__i_ameH__i__Responsible_for_the_Detoxification_Step.pdf,html_placeholder
Methomyl,Conserved_Metabolic_and_Evolutionary_Themes_in_Microbial_Degradation_of_Carbamat.pdf,html_placeholder
Methomyl,Current_Approaches_to_and_Future_Perspectives_on_Methomyl_Degradation_in_Contami.pdf,html_placeholder
Methomyl,Degradation_of_Acephate_and_Its_Intermediate_Methamidophos__Mechanisms_and_Bioch.pdf,html_placeholder
Methomyl,Degradation_of_benzene_present_in_wastewater_using_hydrodynamic_cavitation_in_co.pdf,html_placeholder
Methomyl,Degradation_strategies_of_pesticide_residue__From_chemicals_to_synthetic_biology.pdf,html_placeholder
Methomyl,Determination_of_Methomyl_Residues_in_Bohe_by_Ultrahigh_Performance_Liquid_Chrom.pdf,html_placeholder
Methomyl,Dietary_Parsley_Seed_Mitigates_Methomyl_Induced_Impaired_Growth_Performance__Hem.pdf,html_placeholder
Methomyl,Effect_of_Methomyl_on_Growth__Antioxidant_System_of_GIFT___i_Oreochromis_nilotic.pdf,html_placeholder
Methomyl,Effect_of_intensifying_additives_on_the_degradation_of_thiamethoxam_using_ultras.pdf,html_placeholder
Methomyl,Effect_of_methomyl_on_water_quality__growth_performance_and_antioxidant_system_i.pdf,html_placeholder
Methomyl,Effect_of_storage__washing__and_cooking_on_the_stability_of_five_pesticides_in_e.pdf,html_placeholder
Methomyl,Enhanced_Biodegradation_of_Phenylurea_Herbicides_by__i_Ochrobactrum_anthrophi__i.pdf,html_placeholder
Methomyl,Enhancing_soil_health__microbial_count__and_hydrophilic_methomyl_and_hydrophobic.pdf,html_placeholder
Methomyl,Factors_affecting_degradation_of_aldicarb_and_ethoprop_.pdf,html_placeholder
Methomyl,From_Anatase_TiO_sub_2__sub__Nano_Cuboids_to_Nano_Bipyramids__Influence_of_Parti.pdf,html_placeholder
Methomyl,Hydrolysis_Mechanism_of_Carbamate_Methomyl_by_a_Novel_Esterase_PestE__A_QM_MM_Ap.pdf,html_placeholder
Methomyl,Influence_of_Methomyl__Copter_90___on_certain_biochemical_activities_and_histolo.pdf,html_placeholder
Methomyl,Methomyl_induced_nephrotoxicity_and_protective_effect_of_curcumin_in_male_rats_.pdf,html_placeholder
Methomyl,Photodegradation_of_pesticides_using_compound_specific_isotope_analysis__CSIA___.pdf,html_placeholder
Methomyl,Sonochemical_degradation_of_pesticides_in_aqueous_solution__investigation_on_the.pdf,html_placeholder
Methomyl,Study_of_the_Photocatalytic_Degradation_of_Highly_Abundant_Pesticides_in_Agricul.pdf,html_placeholder
Methomyl,The_Novel_Amidase_PcnH_Initiates_the_Degradation_of_Phenazine_1_Carboxamide_in_S.pdf,html_placeholder
Methomyl,Zn_sup_2___sup__and_Cd_sup_2___sup__assisted_photo_catalytic_degradation_of_chlo.pdf,html_placeholder
Methoprene,Assessing_Insect_Growth_Regulator_Resistance_Using_Bioassays__A_Systematic_Revie.pdf,html_placeholder
Methoprene,Combination_of_Methoprene_and_Controlled_Aeration_to_Manage_Insects_in_Stored_Wh.pdf,html_placeholder
Methoprene,Crucial_Role_of_Juvenile_Hormone_Receptor_Components_Methoprene_Tolerant_and_Tai.pdf,html_placeholder
Methoprene,Development_of_a_HPLC_tandem_MS_method_for_the_analysis_of_the_larvicides_methop.pdf,html_placeholder
Methoprene,Drosophila_melanogaster_Methoprene_tolerant__Met__gene_homologs_from_three_mosqu.pdf,html_placeholder
Methoprene,Enhanced_Degradation_of_Juvenile_Hormone_Promotes_Reproductive_Diapause_in_the_P.pdf,html_placeholder
Methoprene,Evaluation_of_Residual_Efficacy_of_Pyrethrin___Methoprene_Aerosol_on_Two_Dermest.pdf,html_placeholder
Methoprene,Juvenile_hormone__JH__esterase_of_the_mosquito_Culex_quinquefasciatus_is_not_a_t.pdf,html_placeholder
Methoprene,Juvenile_hormone_and_its_receptor__methoprene_tolerant__control_the_dynamics_of_.pdf,html_placeholder
Methoprene,Laboratory_and_Semi_Field_Evaluation_on_S_Methoprene_Formulations_Against__i_Ano.pdf,html_placeholder
Methoprene,Lethal_and_Sublethal_Effects_of_Ingested_Hydroprene_and_Methoprene_on_Developmen.pdf,html_placeholder
Methoprene,Methoprene_Tolerant__Met__Acts_as_Methyl_Farnesoate_Receptor_to_Regulate_Larva_M.pdf,html_placeholder
Methoprene,Molecular_action_of_pyriproxyfen__Role_of_the_Methoprene_tolerant_protein_in_the.pdf,html_placeholder
Methoprene,RNA_m_sup_6__sup__A_Methylation_Suppresses_Insect_Juvenile_Hormone_Degradation_t.pdf,html_placeholder
Methoprene,Role_of_Insect_Gut_Microbiota_in_Pesticide_Degradation__A_Review_.pdf,html_placeholder
Methoprene,The_FOXO_transcription_factor_controls_insect_growth_and_development_by_regulati.pdf,html_placeholder
Methoxyfenozide,Characterization of the fate and distribution of methoxyfenozide in a water-plant-fish-sediment microcosm using a multimedia fugacity model..pdf,pdf_header
Methoxyfenozide,Degradation of seven pesticides and two metabolites before and during aquifer storage transfer and recovery operation..pdf,pdf_header
Methoxyfenozide,Determination of Methoxyfenozide Residues in Water and Soil by Liquid Chromatography Evaluation of its Environmental Fate Under Laboratory Conditions..pdf,pdf_header
Methoxyfenozide,Environmental fate and safety analysis of methoxyfenozide application to control litchi and longan pests..pdf,pdf_header
Methoxyfenozide,Field applications of zein as a precise nanoscale delivery system for methoxyfenozide..pdf,pdf_header
Methoxyfenozide,Foliar persistence and residual activity of methoxyfenozide against beet armyworm (Lepidoptera Noctuidae)..pdf,pdf_header
Methoxyfenozide,Mechanisms of Increased Indoxacarb Toxicity in Methoxyfenozide-Resistant Cotton Bollworm iHelicoverpa armigerai (Lepidoptera Noctuidae)..pdf,pdf_header
Methoxyfenozide,Method validation and residue analysis of methoxyfenozide and metaflumizone in Chinese broccoli under field conditions by liquid chromatography with tandem mass spectrometry..pdf,pdf_header
Methoxyfenozide,Microbial Degradation of Pesticide Residues and an Emphasis on the Degradation of Cypermethrin and 3-phenoxy Benzoic Acid A Review..pdf,pdf_header
Methoxyfenozide,Modification of the existing maximum residue level for methoxyfenozide in aubergines..pdf,pdf_header
Methoxyfenozide,Peer review of the pesticide risk assessment of the active substance methoxyfenozide..pdf,pdf_header
Methoxyfenozide,Residue Behavior of Methoxyfenozide and Pymetrozine in Chinese Cabbage and Their Health Risk Assessment..pdf,pdf_header
Methoxyfenozide,Role of Insect Gut Microbiota in Pesticide Degradation A Review..pdf,pdf_header
Methoxyfenozide,Toxicity and biochemical impact of methoxyfenozidespinetoram mixture on susceptible and methoxyfenozide-selected strains of Spodoptera littoralis (Lepidoptera Noctuidae)..pdf,pdf_header
Metrafenone,Aqueous photodegradation of the benzophenone fungicide metrafenone Carbon-bromine bond cleavage mechanism..pdf,pdf_header
Metrafenone,Effect of two anti-fungal treatments (metrafenone and boscalid plus kresoxim-methyl) applied to vines on the color and phenol profile of different red wines..pdf,pdf_header
Metrafenone,Modelling the isothermal degradation kinetics of metrafenone and mepanipyrim in a grape juice analog..pdf,pdf_header
Metrafenone,Peer review of the pesticide risk assessment of the active substance metrafenone..pdf,pdf_header
Myclobutanil,Dissipation__Processing_Factors_and_Dietary_Exposure_Assessment_of_Myclobutanil_.pdf,html_placeholder
Myclobutanil,Review_of_the_existing_maximum_residue_levels_for_myclobutanil_according_to_Arti.pdf,html_placeholder
Myclobutanil,TiO_lt_sub_gt_2_lt__sub_gt__LaFeO_lt_sub_gt_3_lt__sub_gt__Composites_for_the_Eff.pdf,html_placeholder
Natamycin,Application_of_a_chitosan_coating_as_a_carrier_for_natamycin_to_maintain_the_sto.pdf,html_placeholder
Natamycin,Biodegradation_of_Pine_Processionary_Caterpillar_Silk_Is_Mediated_by_Elastase__a.pdf,html_placeholder
Natamycin,Determination_of_Natamycin_in_Turkish_Yoghurt_.pdf,html_placeholder
Natamycin,Enhanced_Natamycin_production_by_Streptomyces_natalensis_in_shake_flasks_and_sti.pdf,html_placeholder
Natamycin,Enhanced_Natamycin_production_in_Streptomyces_gilvosporeus_through_phosphate_tol.pdf,html_placeholder
Natamycin,Fabrication_and_Characterization_of_Chitosan_Poly_Lactic_Co_glycolic_Acid__Core_.pdf,html_placeholder
Natamycin,Improved_Natamycin_Production_in__i_Streptomyces_gilvosporeus__i__Through_Mutage.pdf,html_placeholder
Natamycin,Improved_Topical_Ophthalmic_Natamycin_Suspension_for_the_Treatment_of_Fungal_Ker.pdf,html_placeholder
Natamycin,Improving_the_production_of_natamycin_in__lt_i_gt_Streptomyces_natalensis_lt__i_.pdf,html_placeholder
Natamycin,Inhibition_of_base_excision_repair_by_natamycin_suppresses_prostate_cancer_cell_.pdf,html_placeholder
Natamycin,Metagenomic_Analysis_of_Bacterial__Archaeal_and_Fungal_Diversity_in_Two_Stage_An.pdf,html_placeholder
Natamycin,Natamycin_Ocular_Delivery__Challenges_and_Advancements_in_Ocular_Therapeutics_.pdf,html_placeholder
Natamycin,Natamycin__a_natural_preservative_for_food_applications_a_review_.pdf,html_placeholder
Natamycin,Natamycin_as_a_fungicide_in_agar_media_.pdf,html_placeholder
Natamycin,Natamycin_solid_lipid_nanoparticles___sustained_ocular_delivery_system_of_higher.pdf,html_placeholder
Natamycin,Novel_mechanism_of_hydrogen_peroxide_for_promoting_efficient_natamycin_synthesis.pdf,html_placeholder
Natamycin,Physiochemical_Characterization_of_Lipidic_Nanoformulations_Encapsulating_the_An.pdf,html_placeholder
Natamycin,Potential_of_Polyamide_Nanofibers_With_Natamycin__Rosemary_Extract__and_Green_Te.pdf,html_placeholder
Natamycin,Preparation_and_Application_of_Edible_Chitosan_Coating_Incorporating_Natamycin_.pdf,html_placeholder
Natamycin,The_effect_of_natamycin_on_the_transcriptome_of_conidia_of_Aspergillus_niger_.pdf,html_placeholder
Natamycin,UV_ARTP_DES_compound_mutagenesis_breeding_improves_natamycin_production_of__i_St.pdf,html_placeholder
Norflurazon,Autophagy__An_Intracellular_Degradation_Pathway_Regulating_Plant_Survival_and_St.pdf,html_placeholder
Norflurazon,Establishment_of_an_Arabidopsis_callus_system_to_study_the_interrelations_of_bio.pdf,html_placeholder
Norflurazon,The_COP9_Signalosome_regulates_seed_germination_by_facilitating_protein_degradat.pdf,html_placeholder
Norflurazon,The_e3_ubiquitin_ligase_gene_family_in_plants__regulation_by_degradation_.pdf,html_placeholder
Novaluron,Area-Wide Elimination of Subterranean Termite Colonies Using a Novaluron Bait..pdf,pdf_header
Novaluron,"Development-Disrupting Chitin Synthesis Inhibitor, Novaluron, Reprogramming the Chitin Degradation Mechanism of Red Palm Weevils..pdf",pdf_header
Novaluron,"Effects of the insect growth regulator, novaluron on immature alfalfa leafcutting bees, Megachile rotundata..pdf",pdf_header
Novaluron,"Field-based evaluation of novaluron EC10 insect growth regulator, a chitin synthesis inhibitor against dengue vector breeding in leaf axils of pineapple plantations in Gampaha District, Sri Lanka..pdf",pdf_header
Novaluron,Physiological and morphological aspects of Aedes aegypti developing larvae effects of the chitin synthesis inhibitor novaluron..pdf,pdf_header
Novaluron,"Residual Efficacy of Novaluron Applied on Concrete, Metal, and Wood for the Control of Stored Product Coleopteran Pests..pdf",pdf_header
Novaluron,Review of the existing maximum residue levels for novaluron according to Article 12 of Regulation (EC) No 3962005..pdf,pdf_header
Novaluron,Spent Coffee Grounds and Novaluron Are Toxic to iAedes aegyptii (Diptera Culicidae) Larvae..pdf,pdf_header
Novaluron,Transovarial Effect of Novaluron on Tribolium castaneum (Coleoptera Tenebrionidae) After Termination of Direct Contact..pdf,pdf_header
Omethoate,A_Comprehensive_Review_of_Multifunctional_Nanozymes_for_Degradation_and_Detectio.pdf,html_placeholder
Omethoate,Characterization_of_a_novel_amidohydrolase_with_promiscuous_esterase_activity_fr.pdf,html_placeholder
Omethoate,Degradation_of_Acephate_and_Its_Intermediate_Methamidophos__Mechanisms_and_Bioch.pdf,html_placeholder
Omethoate,Degradation_of_Pesticide_Residues_in_Water__Soil__and_Food_Products_via_Cold_Pla.pdf,html_placeholder
Omethoate,Dissipation_Pattern__Processing_Factors__and_Safety_Evaluation_for_Dimethoate_an.pdf,html_placeholder
Omethoate,Exploring_the_potent_hydrolytic_activity_of_chitosan_cerium_complex_microspheres.pdf,html_placeholder
Omethoate,Fate_of_chlorpyrifos__omethoate__cypermethrin__and_deltamethrin_during_wheat_mil.pdf,html_placeholder
Omethoate,Functional_profiling_of_the_rhizospheric_Exiguobacterium_sp__for_dimethoate_degr.pdf,html_placeholder
Omethoate,Interaction_between_polymorphisms_in_cell_cycle_genes_and_environmental_factors_.pdf,html_placeholder
Omethoate,Microbiology_and_Biochemistry_of_Pesticides_Biodegradation_.pdf,html_placeholder
Omethoate,Pesticide_Use_and_Degradation_Strategies__Food_Safety__Challenges_and_Perspectiv.pdf,html_placeholder
Omethoate,Photocatalytic_degradation_of_dimethoate_in_Bok_choy_using_cerium_doped_nano_tit.pdf,html_placeholder
Omethoate,Plasmid_mediated_dimethoate_degradation_by_Bacillus_licheniformis_isolated_from_.pdf,html_placeholder
Omethoate,Screening_for__i_Lactobacillus_plantarum__i__Strains_That_Possess_Organophosphor.pdf,html_placeholder
Oxamyl,Accelerated_degradation_of_fenamiphos_and_its_metabolites_in_soil_previously_tre.pdf,html_placeholder
Oxamyl,Carbamate_C_N_Hydrolase_Gene__i_ameH__i__Responsible_for_the_Detoxification_Step.pdf,html_placeholder
Oxamyl,Coating_Soybean_Seed_with_Oxamyl_for_Control_of_Heterodera_glycines_.pdf,html_placeholder
Oxamyl,Conserved_Metabolic_and_Evolutionary_Themes_in_Microbial_Degradation_of_Carbamat.pdf,html_placeholder
Oxamyl,Control_of_Pratylenchus_penetrans_and_Meloidogyne_hapla_and_Yield_Response_of_Al.pdf,html_placeholder
Oxamyl,Current_Approaches_to_and_Future_Perspectives_on_Methomyl_Degradation_in_Contami.pdf,html_placeholder
Oxamyl,Degradation_of_fenamiphos_in_agricultural_production_soil_.pdf,html_placeholder
Oxamyl,Degradation_strategies_of_pesticide_residue__From_chemicals_to_synthetic_biology.pdf,html_placeholder
Oxamyl,Effect_of_Application_Timing_of_Oxamyl_in_Nonbearing_Raspberry_for__i_Pratylench.pdf,html_placeholder
Oxamyl,Effects_of_oxamyl_on_the_citrus_nematode__Tylenchulus_semipenetrans__and_on_infe.pdf,html_placeholder
Oxamyl,Efficacy_of_Ethoprop_on_Meloidogyne_hapla_and_M__chitwoodi_and_Enhanced_Biodegra.pdf,html_placeholder
Oxamyl,Efficacy_of_oxamyl_coated_on_alfalfa_seed_with_a_polymer_sticker_in_pratylenchus.pdf,html_placeholder
Oxamyl,Factors_affecting_degradation_of_aldicarb_and_ethoprop_.pdf,html_placeholder
Oxamyl,Inhibition_of_Rotylenchulus_reniformis_Penetration_of_Tomato_and_Cotton_Roots_wi.pdf,html_placeholder
Oxamyl,Insights_into_the_Function_and_Horizontal_Transfer_of_Isoproturon_Degradation_Ge.pdf,html_placeholder
Oxamyl,Isolation_of_Oxamyl_degrading_Bacteria_and_Identification_of_cehA_as_a_Novel_Oxa.pdf,html_placeholder
Oxamyl,Microarray_and_Functional_Pathway_Analyses_Revealed_Significantly_Elevated_Gene_.pdf,html_placeholder
Oxamyl,Peer_review_of_the_pesticide_risk_assessment_of_the_active_substance_oxamyl_.pdf,html_placeholder
Oxamyl,Photocatalytic_degradation_of_aquatic_organic_pollutants_with_Zn__and_Zr_based_m.pdf,html_placeholder
Oxamyl,Potential_and_limitations_for_monitoring_of_pesticide_biodegradation_at_trace_co.pdf,html_placeholder
Oxamyl,Unveiling_six_novel_bacterial_strains_for_fipronil_and_thiobencarb_biodegradatio.pdf,html_placeholder
Oxathiapiprolin,A new strategy for durable control of late blight in potato by a single soil application of an oxathiapiprolin mixture in early season..pdf,pdf_header
Oxathiapiprolin,Attenuation and soil biodegradation of fungicides by using vegetated buffer strips in vineyards during a simulated rainfall-runoff event..pdf,pdf_header
Oxathiapiprolin,"Effects of Oxathiapiprolin on the Structure, Diversity and Function of Soil Fungal Community..pdf",pdf_header
Oxathiapiprolin,"Enantioselective Detection, Bioactivity, and Degradation of the Novel Chiral Fungicide Oxathiapiprolin..pdf",pdf_header
Oxathiapiprolin,Enantioselective aquatic toxicity and degradation in soil of the chiral fungicide oxathiapiprolin..pdf,pdf_header
Oxathiapiprolin,Modification of the existing maximum residue level for oxathiapiprolin in kalesradish leaves..pdf,pdf_header
Oxathiapiprolin,Modification of the existing maximum residue levels and setting of import tolerances for oxathiapiprolin in various commodities..pdf,pdf_header
Oxathiapiprolin,Modification of the existing maximum residue levels for oxathiapiprolin in various crops.pdf,pdf_header
Oxathiapiprolin,Setting of an import tolerance for oxathiapiprolin in blueberries..pdf,pdf_header
Oxathiapiprolin,Setting of import tolerances for oxathiapiprolin in various crops..pdf,pdf_header
Oxathiapiprolin,The Novel Oomycide Oxathiapiprolin Inhibits All Stages in the Asexual Life Cycle of Pseudoperonospora cubensis - Causal Agent of Cucurbit Downy Mildew..pdf,pdf_header
Oxydemeton-Methyl,Combined photo-Fenton and biological oxidation for pesticide degradation effect of photo-treated intermediates on biodegradation kinetics..pdf,pdf_header
Oxydemeton-Methyl,Degradation of a four-pesticide mixture by combined photo-Fenton and biological oxidation..pdf,pdf_header
Paraquat,AMP_activated_protein_kinase_deficiency_rescues_paraquat_induced_cardiac_contrac.pdf,html_placeholder
Paraquat,A_BaTiO_sub_3__sub__WS_sub_2__sub__composite_for_piezo_photocatalytic_persulfate.pdf,html_placeholder
Paraquat,A_Newly_Discovered_Humic_Reducing_Bacterium___i_Pseudomonas_geniculata__i__PQ01_.pdf,html_placeholder
Paraquat,A_case_of_severe_paraquat_poisoning_treated_by_continuous_hemodiafiltration_with.pdf,html_placeholder
Paraquat,A_drastic_superoxide_dependent_oxidative_stress_is_prerequisite_for_the_down_reg.pdf,html_placeholder
Paraquat,A_positive_feedback_loop_promotes_HIF_1α_stability_through_miR_210_mediated_supp.pdf,html_placeholder
Paraquat,Absorption_and_excretion_of_diquat_and_paraquat_in_rats_.pdf,html_placeholder
Paraquat,Acquired_resistance_of_Stenotrophomonas_maltophilia_to_antimicrobials_induced_by.pdf,html_placeholder
Paraquat,Adhesion_Molecule_L1_Agonist_Mimetics_Protect_Against_the_Pesticide_Paraquat_Ind.pdf,html_placeholder
Paraquat,Adiponectin_attenuates_lung_fibroblasts_activation_and_pulmonary_fibrosis_induce.pdf,html_placeholder
Paraquat,Agriculture_without_paraquat_is_feasible_without_loss_of_productivity_lessons_le.pdf,html_placeholder
Paraquat,Alpha_synuclein_overexpression_protects_against_paraquat_induced_neurodegenerati.pdf,html_placeholder
Paraquat,Amelioration_of_paraquat_induced_pulmonary_fibrosis_in_mice_by_regulating_miR_14.pdf,html_placeholder
Paraquat,An_ecological_study_regarding_the_association_between_paraquat_exposure_and_end_.pdf,html_placeholder
Paraquat,Anacardium_microcarpum_extract_and_fractions_protect_against_paraquat_induced_to.pdf,html_placeholder
Paraquat,Analysis_of_the_mitochondria_associated_degradation_pathway__MAD__in_yeast_cells.pdf,html_placeholder
Paraquat,Andrographolide_alleviates_paraquat_induced_acute_lung_injury_by_activating_the_.pdf,html_placeholder
Paraquat,Apoptotic_signals_induce_specific_degradation_of_ribosomal_RNA_in_yeast_.pdf,html_placeholder
Paraquat,Bacillus_subtilis_paraquat_resistance_is_directed_by_sigmaM__an_extracytoplasmic.pdf,html_placeholder
Paraquat,Biodegradation_Capabilities_of_Paraquat_Degrading_Bacteria_Immobilized_on_Nanoce.pdf,html_placeholder
Paraquat,CB2_receptor_activation_ameliorates_the_proinflammatory_activity_in_acute_lung_i.pdf,html_placeholder
Paraquat,Calycosin_Alleviates_Paraquat_Induced_Neurodegeneration_by_Improving_Mitochondri.pdf,html_placeholder
Paraquat,Catabolism_of_2_Hydroxypyridine_by_Burkholderia_sp__Strain_MAK1__a_2_Hydroxypyri.pdf,html_placeholder
Paraquat,Cellular_and_Molecular_Events_Leading_to_Paraquat_Induced_Apoptosis__Mechanistic.pdf,html_placeholder
Paraquat,Chaperone_mediated_autophagy_regulates_T_cell_responses_through_targeted_degrada.pdf,html_placeholder
Paraquat,Characterization_of_cytoprotective_and_toxic_properties_of_iron_chelator_SIH__pr.pdf,html_placeholder
Paraquat,Combined_Ubisol_Q_sub_10__sub__and_Ashwagandha_Root_Extract_Target_Multiple_Bioc.pdf,html_placeholder
Paraquat,Commitment_of_1_methyl_4_phenylpyrinidinium_ion_induced_neuronal_cell_death_by_p.pdf,html_placeholder
Paraquat,Comparison_of_Glyphosate_Degradation_Ability_of_Aldo_Keto_Reductase__AKR4__Prote.pdf,html_placeholder
Paraquat,Concentration__biosynthesis_and_degradation_of_collagen_in_idiopathic_pulmonary_.pdf,html_placeholder
Paraquat,Conditional_Haploinsufficiency_of_β_Catenin_Aggravates_Neuronal_Damage_in_a_Para.pdf,html_placeholder
Paraquat,Continuous_hypoxia_attenuates_paraquat_induced_cytotoxicity_in_the_human_A549_lu.pdf,html_placeholder
Paraquat,Cotton_Cord_Coated_with_Cyclodextrin_Polymers_for_Paraquat_Removal_from_Water_.pdf,html_placeholder
Paraquat,Coupling_endoplasmic_reticulum_stress_to_the_cell_death_program_in_dopaminergic_.pdf,html_placeholder
Paraquat,Curcumin_enhances_paraquat_induced_apoptosis_of_N27_mesencephalic_cells_via_the_.pdf,html_placeholder
Paraquat,Degradation_of_Carbendazim_by_Molecular_Hydrogen_on_Leaf_Models_.pdf,html_placeholder
Paraquat,Development_and_validation_of_a_prognostic_nomogram_for_predicting_in_hospital_m.pdf,html_placeholder
Paraquat,Dimethyl_fumarate_effects_on_paraquat_induced_hepatotoxicity_in_mice_via_anti_ox.pdf,html_placeholder
Paraquat,Dose_Dependent_Effects_of__i_Breynia_cernua__i__Against_the_Paraquat_Induced_Par.pdf,html_placeholder
Paraquat,Downregulation_of_the_tyrosine_degradation_pathway_extends__i_Drosophila__i__lif.pdf,html_placeholder
Paraquat,Doxycycline_attenuates_paraquat_induced_pulmonary_fibrosis_by_downregulating_the.pdf,html_placeholder
Paraquat,Early_diagnosis_and_staging_of_paraquat_induced_pulmonary_fibrosis_using___sup_1.pdf,html_placeholder
Paraquat,Effect_of_Fluorofenidone_Against_Paraquat_Induced_Pulmonary_Fibrosis_Based_on_Me.pdf,html_placeholder
Paraquat,Effect_of_SP_A_B_in_lipoic_acid_on_acute_paraquat_poisoning_.pdf,html_placeholder
Paraquat,Effect_of_glutathione_administration_on_serum_levels_of_reactive_oxygen_metaboli.pdf,html_placeholder
Paraquat,Effect_of_paraquat_induced_oxidative_stress_on_gene_expression_and_aging_of_the_.pdf,html_placeholder
Paraquat,Effects_of_Antioxidant_N_acetylcysteine_Against_Paraquat_Induced_Oxidative_Stres.pdf,html_placeholder
Paraquat,Effects_of_decreased_dopamine_transporter_levels_on_nigrostriatal_neurons_and_pa.pdf,html_placeholder
Paraquat,Effects_of_paraquat_induced_oxidative_stress_on_the_neuronal_plasma_membrane_Ca_.pdf,html_placeholder
Paraquat,Effects_of_sorption_on_biological_degradation_rates_of__2_4_dichlorophenoxy__ace.pdf,html_placeholder
Paraquat,Effects_of_tacrolimus_on_the_TGF_β1_SMAD_signaling_pathway_in_paraquat_exposed_r.pdf,html_placeholder
Paraquat,Effects_of_the_herbicide_paraquat_on_the_ultrastructure_of_mouse_kidney_.pdf,html_placeholder
Paraquat,Endonuclease_IV_of_Escherichia_coli_is_induced_by_paraquat_.pdf,html_placeholder
Paraquat,Facilitated_Tau_Degradation_by_USP14_Aptamers_via_Enhanced_Proteasome_Activity_.pdf,html_placeholder
Paraquat,FinR_Regulates_Expression_of__i_nicC__i__and__i_nicX__i__Operons__Involved_in_Ni.pdf,html_placeholder
Paraquat,Fluorofenidone_attenuates_paraquat_induced_pulmonary_fibrosis_by_regulating_the_.pdf,html_placeholder
Paraquat,Formation_and_Implications_of_Alpha_Synuclein_Radical_in_Maneb__and_Paraquat_Ind.pdf,html_placeholder
Paraquat,Functionalized_hybrid_magnetic_catalytic_systems_on_micro__and_nanoscale_utilize.pdf,html_placeholder
Paraquat,Genome_Wide_Analysis_of_Transcriptional_Changes_and_Genes_That_Contribute_to_Fit.pdf,html_placeholder
Paraquat,Glutathione_and_ascorbic_acid_in_spinach__Spinacia_oleracea__chloroplasts__The_e.pdf,html_placeholder
Paraquat,HGF_Modified_Dental_Pulp_Stem_Cells_Mitigate_the_Inflammatory_and_Fibrotic_Respo.pdf,html_placeholder
Paraquat,Harnessing_potassium_peroxymonosulfate_activation_of_WO_sub_3__sub__diatomite_co.pdf,html_placeholder
Paraquat,Herbicidal_Ionic_Liquids__A_Promising_Future_for_Old_Herbicides__Review_on_Synth.pdf,html_placeholder
Paraquat,High_Dose_Paraquat_Induces_Human_Bronchial_16HBE_Cell_Death_and_Aggravates_Acute.pdf,html_placeholder
Paraquat,Histopathological_changes_induced_by_paraquat_on_some_tissues_of_gourami_fish__T.pdf,html_placeholder
Paraquat,Hydrogen_Sulfide_Protects_against_Paraquat_Induced_Acute_Liver_Injury_in_Rats_by.pdf,html_placeholder
Paraquat,Hydrogen_peroxide_responsive_miR153_targets_Nrf2_ARE_cytoprotection_in_paraquat_.pdf,html_placeholder
Paraquat,Hypoxia_protects_human_corneal_endothelium_from_tertiary_butyl_hydroperoxide_and.pdf,html_placeholder
Paraquat,INCREASED_HSP25_DRIVES_THE_TRANSITION_FROM_PROTEASOME_TO_AUTOPHAGY_MEDIATED_DEGR.pdf,html_placeholder
Paraquat,Impact_of_sonolytic_ozonation__O_sub_3___sub_US__on_degradation_of_pesticide_res.pdf,html_placeholder
Paraquat,Impairment_of_Atg5_dependent_autophagic_flux_promotes_paraquat__and_MPP__induced.pdf,html_placeholder
Paraquat,Impairment_of_chaperone_mediated_autophagy_leads_to_selective_lysosomal_degradat.pdf,html_placeholder
Paraquat,Induction_of_Autophagy_by_Vasicinone_Protects_Neural_Cells_from_Mitochondrial_Dy.pdf,html_placeholder
Paraquat,Inhibition_of_Protein_Ubiquitination_by_Paraquat_and_1_Methyl_4_Phenylpyridinium.pdf,html_placeholder
Paraquat,Inhibitory_effect_of_pirfenidone_on_pulmonary_fibrosis_in_patients_with_acute_pa.pdf,html_placeholder
Paraquat,Inhibitory_effects_of_rosiglitazone_on_paraquat_induced_acute_lung_injury_in_rat.pdf,html_placeholder
Paraquat,Insulin_Signaling_Disruption_and_INF_γ_Upregulation_Induce_Aβ_sub_1_42__sub__and.pdf,html_placeholder
Paraquat,Intraluminal_fibrosis_and_elastic_fiber_degradation_lead_to_lung_remodeling_in_p.pdf,html_placeholder
Paraquat,Kenny_mediates_selective_autophagic_degradation_of_the_IKK_complex_to_control_in.pdf,html_placeholder
Paraquat,Kinetics__equilibrium__statistical_surface_modeling_and_cost_analysis_of_paraqua.pdf,html_placeholder
Paraquat,Lifespan_extension_and_paraquat_resistance_in_a_ubiquinone_deficient_Escherichia.pdf,html_placeholder
Paraquat,Lipoic_acid_antagonizes_paraquat_induced_vascular_endothelial_dysfunction_by_sup.pdf,html_placeholder
Paraquat,Lipoxin_A4_protects_against_paraquat_induced_acute_lung_injury_by_inhibiting_the.pdf,html_placeholder
Paraquat,Lithium_protects_against_paraquat_neurotoxicity_by_NRF2_activation_and_miR_34a_i.pdf,html_placeholder
Paraquat,Liver_X_Receptor_Agonist_TO901317_Attenuates_Paraquat_Induced_Acute_Lung_Injury_.pdf,html_placeholder
Paraquat,Local_coordination_of_mRNA_storage_and_degradation_near_mitochondria_modulates_C.pdf,html_placeholder
Paraquat,Lysosomal_degradation_of_alpha_synuclein_in_vivo_.pdf,html_placeholder
Paraquat,Magnetic_Hybrid_Nanosorbents_for_the_Uptake_of_Paraquat_from_Water_.pdf,html_placeholder
Paraquat,Mechanism_of_action_of_miR_15a_5p_and_miR_152_3p_in_paraquat_induced_pulmonary_f.pdf,html_placeholder
Paraquat,Mechanism_of_biodegradation_of_paraquat_by_Lipomyces_starkeyi_.pdf,html_placeholder
Paraquat,Mechanism_of_cytotoxicity_of_paraquat_.pdf,html_placeholder
Paraquat,Mechanisms_underlying_early_rapid_increases_in_creatinine_in_paraquat_poisoning_.pdf,html_placeholder
Paraquat,Meiotic_resetting_of_the_cellular_Sod1_pool_is_driven_by_protein_aggregation__de.pdf,html_placeholder
Paraquat,Melatonin_Application_to__i_Pisum_sativum__i__L__Seeds_Positively_Influences_the.pdf,html_placeholder
Paraquat,Melatonin_Improves_the_Photosynthetic_Apparatus_in_Pea_Leaves_Stressed_by_Paraqu.pdf,html_placeholder
Paraquat,Mesenchymal_stem_cell_based_therapy_for_paraquat_induced_lung_injury_.pdf,html_placeholder
Paraquat,Metabolic_Regulation_Effect_and_Potential_Metabolic_Biomarkers_of_Pre_Treated_De.pdf,html_placeholder
Paraquat,Metabolite_Profiling_of_Paraquat_Tolerant__i_Arabidopsis_thaliana_Radical_induce.pdf,html_placeholder
Paraquat,Methiocarb_Degradation_by_Electro_Fenton__Ecotoxicological_Evaluation_.pdf,html_placeholder
Paraquat,Mfn2_protects_dopaminergic_neurons_exposed_to_paraquat_both_in_vitro_and_in_vivo.pdf,html_placeholder
Paraquat,MicroRNA_124_3p_Modulates_Alpha_Synuclein_Expression_Levels_in_a_Paraquat_Induce.pdf,html_placeholder
Paraquat,Microbial_degradation_of_4_carboxy_1_methyl_pyridinium_chloride__a_photolytic_pr.pdf,html_placeholder
Paraquat,Microbial_metabolism_of_pyridinium_compounds__Metabolism_of_4_carboxy_1_methylpy.pdf,html_placeholder
Paraquat,Mitochondria_Associated_Degradation_Pathway__MAD__Function_beyond_the_Outer_Memb.pdf,html_placeholder
Paraquat,Mitochondria_targeted_paraquat_and_metformin_mediate_ROS_production_to_induce_mu.pdf,html_placeholder
Paraquat,Mitochondrial_aconitase_knockdown_attenuates_paraquat_induced_dopaminergic_cell_.pdf,html_placeholder
Paraquat,Molecular_mechanism_of_paraquat_induced_ferroptosis_leading_to_pulmonary_fibrosi.pdf,html_placeholder
Paraquat,Nanocrocin_Protective_Effects_on_Paraquat_Induced_Oxidative_Stress_in_the_MRC_5_.pdf,html_placeholder
Paraquat,Nanoporous_Carbon_from_Oil_Palm_Leaves_via_Hydrothermal_Carbonization_Combined_K.pdf,html_placeholder
Paraquat,Neuroprotective_effects_of_crocin_and_crocin_loaded_niosomes_against_the_paraqua.pdf,html_placeholder
Paraquat,Novel_phosphorylation_and_ubiquitination_sites_regulate_reactive_oxygen_species_.pdf,html_placeholder
Paraquat,Nrf2_regulated_miR_380_3p_Blocks_the_Translation_of_Sp3_Protein_and_Its_Mediatio.pdf,html_placeholder
Paraquat,Occupational_exposure_of_Sri_Lankan_tea_plantation_workers_to_paraquat_.pdf,html_placeholder
Paraquat,Overexpression_of_EiKCS_confers_paraquat_resistance_in_rice__Oryza_sativa_L___by.pdf,html_placeholder
Paraquat,Overexpression_of_TOLLIP_Protects_against_Acute_Kidney_Injury_after_Paraquat_Int.pdf,html_placeholder
Paraquat,Overexpression_of_alpha_synuclein_at_non_toxic_levels_increases_dopaminergic_cel.pdf,html_placeholder
Paraquat,Overexpression_of_p58ipk_protects_neuroblastoma_against_paraquat_induced_toxicit.pdf,html_placeholder
Paraquat,Oxidative_modifications__mitochondrial_dysfunction__and_impaired_protein_degrada.pdf,html_placeholder
Paraquat,PACAP_deficiency_sensitizes_nigrostriatal_dopaminergic_neurons_to_paraquat_induc.pdf,html_placeholder
Paraquat,Paraquat_10.3389_fmicb.2020.02003.pdf,pdf_header
Paraquat,Paraquat_Degradation_From_Contaminated_Environments__Current_Achievements_and_Pe.pdf,html_placeholder
Paraquat,Paraquat_Degradation_by_Biological_Manganese_Oxide__BioMnO__sub__i_x__i___sub___.pdf,html_placeholder
Paraquat,Paraquat_Exposure_of_Pregnant_Women_and_Neonates_in_Agricultural_Areas_in_Thaila.pdf,html_placeholder
Paraquat,Paraquat_Induces_Lung_Injury__i_via__i__miR_199_Mediated_SET_in_a_Mouse_Model_.pdf,html_placeholder
Paraquat,Paraquat_Inhalation__a_Translationally_Relevant_Route_of_Exposure__Disposition_t.pdf,html_placeholder
Paraquat,Paraquat__but_not_maneb__induces_synucleinopathy_and_tauopathy_in_striata_of_mic.pdf,html_placeholder
Paraquat,Paraquat_and_Parkinson_s_Disease__The_Molecular_Crosstalk_of_Upstream_Signal_Tra.pdf,html_placeholder
Paraquat,Paraquat_induced_oxidative_stress__DNA_damage__and_cytotoxicity_in_lymphocytes_.pdf,html_placeholder
Paraquat,Paraquat_induced_reactive_oxygen_species_inhibit_neutrophil_apoptosis_via_a_p38_.pdf,html_placeholder
Paraquat,Paraquat_induces_epithelial_mesenchymal_transition_like_cellular_response_result.pdf,html_placeholder
Paraquat,Paraquat_poisoning_induces_TNF_α_dependent_iNOS_NO_mediated_hyporesponsiveness_o.pdf,html_placeholder
Paraquat,Paraquat_toxicity_is_increased_in_Escherichia_coli_defective_in_the_synthesis_of.pdf,html_placeholder
Paraquat,Patterns_of_pulmonary_structural_remodeling_after_experimental_paraquat_toxicity.pdf,html_placeholder
Paraquat,Peiminine_Reduces_ARTS_Mediated_Degradation_of_XIAP_by_Modulating_the_PINK1_Park.pdf,html_placeholder
Paraquat,Pharmacological_manipulations_of_autophagy_modulate_paraquat_induced_cytotoxicit.pdf,html_placeholder
Paraquat,PhdA_Catalyzes_the_First_Step_of_Phenazine_1_Carboxylic_Acid_Degradation_in_Myco.pdf,html_placeholder
Paraquat,Photocatalytic_Degradation_of_Naproxen__Intermediates_and_Total_Reaction_Mechani.pdf,html_placeholder
Paraquat,Photodegradation_of_Flucetosulfuron__a_Sulfonylurea_Based_Herbicide_in_the_Aqueo.pdf,html_placeholder
Paraquat,Photoelectrocatalytic_Degradation_of_Paraquat_by_Pt_Loaded_TiO₂_Nanotubes_on_Ti_.pdf,html_placeholder
Paraquat,Plant_Growth_and_Drought_Tolerance_Promoting_Bacterium_for_Bioremediation_of_Par.pdf,html_placeholder
Paraquat,Polydatin_relieves_paraquat_induced_human_MRC_5_fibroblast_injury_through_inhibi.pdf,html_placeholder
Paraquat,Possible_involvement_of_an_extracellular_superoxide_dismutase__SodA__as_a_radica.pdf,html_placeholder
Paraquat,Preparation_and_characterization_of_loaded_paraquat__polymeric_chitosan_xantan_t.pdf,html_placeholder
Paraquat,Preparation_of_κ_carrageenan_oligosaccharides_by_photocatalytic_degradation__Str.pdf,html_placeholder
Paraquat,Primary_Metabolite_Responses_to_Oxidative_Stress_in_Early_Senescing_and_Paraquat.pdf,html_placeholder
Paraquat,Proteasome_and_p97_mediate_mitophagy_and_degradation_of_mitofusins_induced_by_Pa.pdf,html_placeholder
Paraquat,Protection_against_Paraquat_Induced_Oxidative_Stress_by__i_Curcuma_longa__i__Ext.pdf,html_placeholder
Paraquat,Protective_Effects_of_Liposomal_N_Acetylcysteine_against_Paraquat_Induced_Cytoto.pdf,html_placeholder
Paraquat,Protein_degradation_pathways_in_Parkinson_s_disease__curse_or_blessing_.pdf,html_placeholder
Paraquat,Proteomic_characterization_of_molecular_mechanisms_of_paraquat_induced_lung_inju.pdf,html_placeholder
Paraquat,Proteomics_of_severe_SARS_COV_2_infection_and_paraquat_poisoning_in_human_lung_t.pdf,html_placeholder
Paraquat,Pyrolysis_Temperature_vs__Application_Rate_of_Biochar_Amendments__Impacts_on_Soi.pdf,html_placeholder
Paraquat,Quantification_of_Paraquat__MPTP__and_MPP__in_brain_tissue_using_microwave_assis.pdf,html_placeholder
Paraquat,Radix_puerariae_extracts_ameliorate_paraquat_induced_pulmonary_fibrosis_by_atten.pdf,html_placeholder
Paraquat,Recent_developments_in_hydrogels_containing_copper_and_palladium_for_the_catalyt.pdf,html_placeholder
Paraquat,Redox_control_of_protein_degradation_.pdf,html_placeholder
Paraquat,Regulation_of_NCOA4_mediated_iron_recycling_ameliorates_paraquat_induced_lung_in.pdf,html_placeholder
Paraquat,Regulatory_roles_of_eugenol_in_paraquat_altered_SNCA_LZTS3_MAPT_in_the_cerebellu.pdf,html_placeholder
Paraquat,Removal_and_extraction_efficiency_of_Quaternary_ammonium_herbicides_paraquat__PQ.pdf,html_placeholder
Paraquat,Resveratrol_inhibits_paraquat_induced_oxidative_stress_and_fibrogenic_response_b.pdf,html_placeholder
Paraquat,Rotenone_upregulates_alpha_synuclein_and_myocyte_enhancer_factor_2D_independentl.pdf,html_placeholder
Paraquat,SOD2_deficiency_in_hematopoietic_cells_in_mice_results_in_reduced_red_blood_cell.pdf,html_placeholder
Paraquat,SRT1720_as_an_SIRT1_activator_for_alleviating_paraquat_induced_models_of_Parkins.pdf,html_placeholder
Paraquat,Selective_8_oxo_rG_stalling_occurs_in_the_catalytic_core_of_polynucleotide_phosp.pdf,html_placeholder
Paraquat,Soil_degradation_and_herbicide_pollution_by_repeated_cassava_monoculture_within_.pdf,html_placeholder
Paraquat,Special_Issue__Application_of_Photoactive_Nanomaterials_in_Degradation_of_Pollut.pdf,html_placeholder
Paraquat,Spen_modulates_lipid_droplet_content_in_adult_Drosophila_glial_cells_and_protect.pdf,html_placeholder
Paraquat,Stress_regulated_translational_attenuation_adapts_mitochondrial_protein_import_t.pdf,html_placeholder
Paraquat,Suberoylanilide_hydroxamic_acid_attenuates_paraquat_induced_pulmonary_fibrosis_b.pdf,html_placeholder
Paraquat,Targeted_degradation_of___synuclein_aggregates_in_Parkinson_s_disease_using_the_.pdf,html_placeholder
Paraquat,The_Parkinson_Associated_Toxin_Paraquat_Shifts_Physiological_α_Synuclein_Tetrame.pdf,html_placeholder
Paraquat,The__i_PARK2__i__Mutation_Associated_with_Parkinson_s_Disease_Enhances_the_Vulne.pdf,html_placeholder
Paraquat,The_effects_of_glyphosate__glufosinate__paraquat_and_paraquat_diquat_on_soil_mic.pdf,html_placeholder
Paraquat,The_influence_of_preconditioning_with_low_dose_of_LPS_on_paraquat_induced_neurot.pdf,html_placeholder
Paraquat,The_neurotoxicity_of_Paraquat_and_its_degradation_products_on_drosophila_melanog.pdf,html_placeholder
Paraquat,The_predator_becomes_the_prey__regulating_the_ubiquitin_system_by_ubiquitylation.pdf,html_placeholder
Paraquat,The_protein_degradation_system_encoded_by__lt_i_gt_hslUV_lt__i_gt____lt_i_gt_Clp.pdf,html_placeholder
Paraquat,The_selective_degradation_of_sirtuins_via_macroautophagy_in_the_MPP_sup____sup__.pdf,html_placeholder
Paraquat,The_ubiquitin_ligase_CHIP_prevents_SirT6_degradation_through_noncanonical_ubiqui.pdf,html_placeholder
Paraquat,Tissue_plasminogen_activator_and_plasminogen_activator_inhibitor_1_levels_in_pat.pdf,html_placeholder
Paraquat,Toxicity_of_paraquat_to_microorganisms_.pdf,html_placeholder
Paraquat,Toxicokinetics_and_toxicodynamics_of_paraquat_accumulation_in_mouse_brain_.pdf,html_placeholder
Paraquat,Toxicology_of_paraquat_and_pharmacology_of_the_protective_effect_of_5_hydroxy_1_.pdf,html_placeholder
Paraquat,Transcriptional_analysis_reveals_the_metabolic_state_of__i_Burkholderia_zhejiang.pdf,html_placeholder
Paraquat,Transcriptome_metabolome_wide_association_study__TMWAS__of_maneb_and_paraquat_ne.pdf,html_placeholder
Paraquat,Two_functions_of_the_C_terminal_domain_of_Escherichia_coli_Rob__mediating__seque.pdf,html_placeholder
Paraquat,US_assisted_catalytic_degradation_of_paraquat_using_ZnO_Fe_sub_3__sub_O_sub_4__s.pdf,html_placeholder
Paraquat,Ulinastatin_suppresses_endoplasmic_reticulum_stress_and_apoptosis_in_the_hippoca.pdf,html_placeholder
Paraquat,Understanding_paraquat_resistance_mechanisms_in_Arabidopsis_thaliana_to_facilita.pdf,html_placeholder
Paraquat,Unprecedented_Approach_for_Using_Misoprostol_Alongside_Low_Dose_Gamma_Radiation_.pdf,html_placeholder
Paraquat,Unraveling_the_function_of_Arabidopsis_thaliana_OS9_in_the_endoplasmic_reticulum.pdf,html_placeholder
Paraquat,Using_bosentan_to_treat_paraquat_poisoning_induced_acute_lung_injury_in_rats_.pdf,html_placeholder
Paraquat,Vacuolar_Sequestration_of_Paraquat_Is_Involved_in_the_Resistance_Mechanism_in__i.pdf,html_placeholder
Paraquat,Wld_S__reduces_paraquat_induced_cytotoxicity_via_SIRT1_in_non_neuronal_cells_by_.pdf,html_placeholder
Paraquat,_i_Bacilli___i_Mediated_Degradation_of_Xenobiotic_Compounds_and_Heavy_Metals_.pdf,html_placeholder
Paraquat,_i_Ginkgo_biloba__i__L__Leaf_Extract_Protects_HepG2_Cells_Against_Paraquat_Induc.pdf,html_placeholder
Paraquat,_lt_i_gt_Francisella_tularensis_lt__i_gt__universal_stress_protein_contributes_t.pdf,html_placeholder
Parathion,A_Colorimetric_Sensor_Enabled_with_Heterogeneous_Nanozymes_with_Phosphatase_like.pdf,html_placeholder
Parathion,A_Comprehensive_Review_of_Multifunctional_Nanozymes_for_Degradation_and_Detectio.pdf,html_placeholder
Parathion,A_Critical_Review_on_Metal_Organic_Frameworks_and_Their_Composites_as_Advanced_M.pdf,html_placeholder
Parathion,A_one_step_hydrothermal_route_to_fabricate_a_ZnO_nanorod_3D_graphene_aerogel_sen.pdf,html_placeholder
Parathion,Accelerated_degradation_of_fenamiphos_and_its_metabolites_in_soil_previously_tre.pdf,html_placeholder
Parathion,An_overview_report_on_the_application_of_heteropoly_acids_on_supporting_material.pdf,html_placeholder
Parathion,Analysis_of_environmental_and_biologic_methyl_parathion_data_to_improve_future_d.pdf,html_placeholder
Parathion,Application_of_cold_adapted_microbial_agents_in_soil_contaminate_remediation__bi.pdf,html_placeholder
Parathion,Bacterial_degradation_of_m_nitrobenzoic_acid_.pdf,html_placeholder
Parathion,Biodegradation_and_metabolic_pathway_of_fenvalerate_by_Citrobacter_freundii_CD_9.pdf,html_placeholder
Parathion,Biodegradation_of_2_4_5_trichlorophenoxyacetic_acid_in_soil_by_a_pure_culture_of.pdf,html_placeholder
Parathion,Biodegradation_of_Ochratoxin_A_by_Bacterial_Strains_Isolated_from_Vineyard_Soils.pdf,html_placeholder
Parathion,Biodegradation_of_aromatic_compounds_by_Escherichia_coli_.pdf,html_placeholder
Parathion,Biodegradation_of_aromatic_pollutants_meets_synthetic_biology_.pdf,html_placeholder
Parathion,Biodegradation_of_caffeine_by_whole_cells_of_tea_derived_fungi_Aspergillus_sydow.pdf,html_placeholder
Parathion,Biodegradation_of_chlorpyrifos_by_enterobacter_strain_B_14_and_its_use_in_biorem.pdf,html_placeholder
Parathion,Biodegradation_of_p_nitrophenol_by_a_member_of_the_genus__i_Brachybacterium__i__.pdf,html_placeholder
Parathion,Biodegradation_of_p_nitrophenol_by_engineered_strain_.pdf,html_placeholder
Parathion,Biodegradation_of_p_nitrophenol_in_an_aqueous_waste_stream_by_immobilized_bacter.pdf,html_placeholder
Parathion,Biodegradation_of_pesticide_in_agricultural_soil_employing_entomopathogenic_fung.pdf,html_placeholder
Parathion,Biodegradation_of_phenmedipham_by_novel__i_Ochrobactrum_anthropi__i__NC_1_.pdf,html_placeholder
Parathion,Biodegradation_of_waste_lubricants_by_a_newly_isolated_Ochrobactrum_sp__C1_.pdf,html_placeholder
Parathion,Cerium_Bismuth_Oxides_Oxynitrates_with_Low_Toxicity_for_the_Removal_and_Degradat.pdf,html_placeholder
Parathion,Characterization_of_Glyphosate_Resistance_and_Degradation_Profile_of__lt_i_gt_Ca.pdf,html_placeholder
Parathion,Chemodynamics_of_methyl_parathion_and_ethyl_parathion__adsorption_models_for_sus.pdf,html_placeholder
Parathion,Chemotaxis_and_degradation_of_organophosphate_compound_by_a_novel_moderately_the.pdf,html_placeholder
Parathion,Chicago_area_methyl_parathion_response_.pdf,html_placeholder
Parathion,Comparative_Genomics_of_a_Paddy_Field_Bacterial_Isolate__i_Ochrobactrum__i__sp__.pdf,html_placeholder
Parathion,Comparative_effects_of_parathion_and_chlorpyrifos_on_endocannabinoid_and_endocan.pdf,html_placeholder
Parathion,Comparison_of_p_Nitrophenol_Biodegradation_in_Field_and_Laboratory_Test_Systems_.pdf,html_placeholder
Parathion,Conserved_Metabolic_and_Evolutionary_Themes_in_Microbial_Degradation_of_Carbamat.pdf,html_placeholder
Parathion,Constructing_Direct_Z_Scheme_Y2TmSbO7_GdYBiNbO7_Heterojunction_Photocatalyst_wit.pdf,html_placeholder
Parathion,Contribution_of_insect_gut_microbiota_and_their_associated_enzymes_in_insect_phy.pdf,html_placeholder
Parathion,Cotranslocation_of_methyl_parathion_hydrolase_to_the_periplasm_and_of_organophos.pdf,html_placeholder
Parathion,Cross_Feeding_between_Members_of__i_Thauera__i__spp__and__i_Rhodococcus__i__spp_.pdf,html_placeholder
Parathion,Cross_specificity_in_some_vertebrate_and_insect_glutathione_transferases_with_me.pdf,html_placeholder
Parathion,Crystal_structure_of_the_γ_hydroxymuconic_semialdehyde_dehydrogenase_from_Pseudo.pdf,html_placeholder
Parathion,Cu_sub_2__sub_O_nanoparticles_for_the_degradation_of_methyl_parathion_.pdf,html_placeholder
Parathion,Cytochrome_P450_specific_human_PBPK_PD_models_for_the_organophosphorus_pesticide.pdf,html_placeholder
Parathion,Degradation_and_byproduct_formation_of_parathion_in_aqueous_solutions_by_UV_and_.pdf,html_placeholder
Parathion,Degradation_and_induction_specificity_in_actinomycetes_that_degrade_p_nitropheno.pdf,html_placeholder
Parathion,Degradation_insight_of_organophosphate_pesticide_chlorpyrifos_through_novel_inte.pdf,html_placeholder
Parathion,Degradation_of_Pesticide_Residues_in_Water__Soil__and_Food_Products_via_Cold_Pla.pdf,html_placeholder
Parathion,Degradation_of_Pesticides_Using_Semiconducting_and_Tetrapyrrolic_Macrocyclic_Pho.pdf,html_placeholder
Parathion,Degradation_of_Xenobiotic_Pollutants__An_Environmentally_Sustainable_Approach_.pdf,html_placeholder
Parathion,Degradation_of_a_Novel_Pesticide_Antiviral_Agent_Vanisulfane_in_Aqueous_Solution.pdf,html_placeholder
Parathion,Degradation_of_bromacil_by_a_Pseudomonas_sp_.pdf,html_placeholder
Parathion,Degradation_of_malathion_by_salt_marsh_microorganisms_.pdf,html_placeholder
Parathion,Degradation_of_parathion_by_bacteria_isolated_from_flooded_soil_.pdf,html_placeholder
Parathion,Degradation_of_substituted_phenylurea_herbicides_by_Arthrobacter_globiformis_str.pdf,html_placeholder
Parathion,Degradation_of_the_herbicide_mecoprop__2__2_methyl_4_chlorophenoxy_propionic_Aci.pdf,html_placeholder
Parathion,Degradation_strategies_of_pesticide_residue__From_chemicals_to_synthetic_biology.pdf,html_placeholder
Parathion,Detection_of_carboxylesterase_and_esterase_activity_in_culturable_gut_bacterial_.pdf,html_placeholder
Parathion,Detection_of_genes_involved_in_biodegradation_and_biotransformation_in_microbial.pdf,html_placeholder
Parathion,Determination_of_Parathion_and_Carbaryl_Pesticides_in_Water_and_Food_Samples_Usi.pdf,html_placeholder
Parathion,Deterministic_three_half_order_kinetic_model_for_microbial_degradation_of_added_.pdf,html_placeholder
Parathion,Development_of_a_UPLC_MS_MS_method_for_pesticide_analysis_in_paddy_water_and_eva.pdf,html_placeholder
Parathion,Diversity_of__benzenetriol_dioxygenase__involved_in_p_nitrophenol_degradation_in.pdf,html_placeholder
Parathion,Draft_Genome_Sequence_of_Burkholderia_sp__Strain_MP_1__a_Methyl_Parathion__MP__D.pdf,html_placeholder
Parathion,Draft_Genome_Sequence_of_the_Methyl_Parathion__Pesticide__Degrading_Bacterium_Ps.pdf,html_placeholder
Parathion,Easy_to_use_and_reliable_absorbance_based_MPH_GST_biosensor_for_the_detection_of.pdf,html_placeholder
Parathion,Effect_of_Acinetobacter_sp_on_metalaxyl_degradation_and_metabolite_profile_of_po.pdf,html_placeholder
Parathion,Effect_of_inoculant_strain_and_organic_matter_content_on_kinetics_of_2_4_dichlor.pdf,html_placeholder
Parathion,Effect_of_inoculation_of_Burkholderia_sp__strain_SJ98_on_bacterial_community_dyn.pdf,html_placeholder
Parathion,Effects_of_Interfaces_of_Goethite_and_Humic_Acid_Goethite_Complex_on_Microbial_D.pdf,html_placeholder
Parathion,Effects_of_adaptation_on_biodegradation_rates_in_sediment_water_cores_from_estua.pdf,html_placeholder
Parathion,Effects_of_soil_pH_on_the_biodegradation_of_chlorpyrifos_and_isolation_of_a_chlo.pdf,html_placeholder
Parathion,Efficiency_of_the_intestinal_bacteria_in_the_degradation_of_the_toxic_pesticide_.pdf,html_placeholder
Parathion,Efficient_Biodegradation_of_the_Neonicotinoid_Insecticide_Flonicamid_by_Pseudami.pdf,html_placeholder
Parathion,Efficient_Catalytic_Degradation_of_Selected_Toxic_Dyes_by_Green_Biosynthesized_S.pdf,html_placeholder
Parathion,Efficient_Knocking_Out_of_the_Organophosphorus_Insecticides_Degradation_Gene__i_.pdf,html_placeholder
Parathion,Efficient_Nucleophilic_Degradation_of_an_Organophosphorus_Pesticide__Diazinon__M.pdf,html_placeholder
Parathion,Efficient_biodegradation_of_acephate_by__i_Pseudomonas_pseudoalcaligenes__i__PS_.pdf,html_placeholder
Parathion,Emerging_Technologies_for_Degradation_of_Dichlorvos__A_Review_.pdf,html_placeholder
Parathion,Engineering_Pseudomonas_putida_KT2440_for_simultaneous_degradation_of_carbofuran.pdf,html_placeholder
Parathion,Enhanced_electrochemical_sensing_of_methyl_parathion_using_AgNPs_IL_GO_nanocompo.pdf,html_placeholder
Parathion,Enhancing_methyl_parathion_degradation_by_the_immobilization_of_Burkholderia_sp_.pdf,html_placeholder
Parathion,Enhancing_the_promiscuous_phosphotriesterase_activity_of_a_thermostable_lactonas.pdf,html_placeholder
Parathion,Environmental_Occurrence__Toxicity_Concerns__and_Degradation_of_Diazinon_Using_a.pdf,html_placeholder
Parathion,Enzymatic_degradation_of_organophosphorus_insecticides_decreases_toxicity_in_pla.pdf,html_placeholder
Parathion,Exploring_the_potent_hydrolytic_activity_of_chitosan_cerium_complex_microspheres.pdf,html_placeholder
Parathion,Fabrication_of_FeVO_sub_4__sub__RGO_Nanocomposite__An_Amperometric_Probe_for_Sen.pdf,html_placeholder
Parathion,Gene_and_protein_expressions_induced_by_17beta_estradiol_and_parathion_in_cultur.pdf,html_placeholder
Parathion,Genes_involved_in_degradation_of_para_nitrophenol_are_differentially_arranged_in.pdf,html_placeholder
Parathion,Genome_Sequencing_and_Comparative_Transcriptomics_Provide_a_Holistic_View_of_4_N.pdf,html_placeholder
Parathion,Genome_Wide_Analysis_of_Transcriptional_Changes_and_Genes_That_Contribute_to_Fit.pdf,html_placeholder
Parathion,High_level_expression_and_secretion_of_methyl_parathion_hydrolase_in_Bacillus_su.pdf,html_placeholder
Parathion,Hydrolase_CehA_and_Monooxygenase_CfdC_Are_Responsible_for_Carbofuran_Degradation.pdf,html_placeholder
Parathion,Hydrolysis_and_Photolysis_Kinetics__and_Identification_of_Degradation_Products_o.pdf,html_placeholder
Parathion,Hydrolytic_decontamination_of_methyl_parathion_in_the_presence_of_2_aminoethanol.pdf,html_placeholder
Parathion,Identification_and_degradation_characteristics_of_Bacillus_cereus_strain_WD_2_is.pdf,html_placeholder
Parathion,Identification_of_a_marine_Bacillus_strain_C5_and_parathion_methyl_degradation_c.pdf,html_placeholder
Parathion,Identification_of_an_opd__organophosphate_degradation__gene_in_an_Agrobacterium_.pdf,html_placeholder
Parathion,Impact_of_sonolytic_ozonation__O_sub_3___sub_US__on_degradation_of_pesticide_res.pdf,html_placeholder
Parathion,Influence_of_a_Commercial_Biological_Fungicide_containing__i_Trichoderma_harzian.pdf,html_placeholder
Parathion,Inoculum_size_as_a_factor_limiting_success_of_inoculation_for_biodegradation_.pdf,html_placeholder
Parathion,Intensification_of_Red_G_dye_degradation_used_in_the_dyeing_of_alpaca_wool_by_ad.pdf,html_placeholder
Parathion,Introduction__the_methyl_parathion_story__a_chronicle_of_misuse_and_preventable_.pdf,html_placeholder
Parathion,Involvement_of_oxidative_stress_in_methyl_parathion_and_parathion_induced_toxici.pdf,html_placeholder
Parathion,Involvement_of_two_plasmids_in_fenitrothion_degradation_by_Burkholderia_sp__stra.pdf,html_placeholder
Parathion,Isolation_of_a_methyl_parathion_degrading_Pseudomonas_sp__that_possesses_DNA_hom.pdf,html_placeholder
Parathion,Kinetic_Study_of_the_Biodegradation_of_Acephate_by_Indigenous_Soil_Bacterial_Iso.pdf,html_placeholder
Parathion,Kinetics_and_efficacy_of_an_organophosphorus_hydrolase_in_a_rodent_model_of_meth.pdf,html_placeholder
Parathion,Light_dependent_degradation_of_nitrophenols_by_the_phototrophic_bacterium_Rhodob.pdf,html_placeholder
Parathion,Magnetic_acoustic_actuated_spinous_microrobot_for_enhanced_degradation_of_organi.pdf,html_placeholder
Parathion,Measurement_of_p_nitrophenol_in_the_urine_of_residents_whose_homes_were_contamin.pdf,html_placeholder
Parathion,Mechanical_Bond_Approach_to_Introducing_Self_Adaptive_Active_Sites_in_Covalent_O.pdf,html_placeholder
Parathion,Mechanism_and_toxicity_assessment_of_carbofuran_degradation_by_persulfate_based_.pdf,html_placeholder
Parathion,Mesoporous_cerium_oxide_for_fast_degradation_of_aryl_organophosphate_flame_retar.pdf,html_placeholder
Parathion,Metabolic_Engineering_of__i_Escherichia_coli__i__for_Methyl_Parathion_Degradatio.pdf,html_placeholder
Parathion,Metabolic_engineering_of_Escherichia_coli_for_efficient_degradation_of_4_fluorop.pdf,html_placeholder
Parathion,Methyl_Parathion_Exposure_Induces_Development_Toxicity_and_Cardiotoxicity_in_Zeb.pdf,html_placeholder
Parathion,Methyl_parathion_comes_inside_ (1).pdf,html_placeholder
Parathion,Methyl_parathion_comes_inside_.pdf,html_placeholder
Parathion,Methyl_parathion_in_residential_properties__relocation_and_decontamination_metho.pdf,html_placeholder
Parathion,Microbial_Degradation_of_Pesticide_Residues_and_an_Emphasis_on_the_Degradation_o.pdf,html_placeholder
Parathion,Microbial_decontamination_of_parathion_and_p_nitrophenol_in_aqueous_media_.pdf,html_placeholder
Parathion,Microbial_degradation_of_contaminants_of_emerging_concern__metabolic__genetic_an.pdf,html_placeholder
Parathion,Microbial_degradation_of_halogenated_aromatics__molecular_mechanisms_and_enzymat.pdf,html_placeholder
Parathion,Microbial_degradation_of_hydrocarbons_in_the_environment_.pdf,html_placeholder
Parathion,Microbial_metabolism_of_a_parathion_xylene_pesticide_formulation_.pdf,html_placeholder
Parathion,Microbiology_and_Biochemistry_of_Pesticides_Biodegradation_.pdf,html_placeholder
Parathion,Mineralization_of_parathion_in_the_rice_rhizosphere_.pdf,html_placeholder
Parathion,Multi_shelled_ZnO_decorated_with_nitrogen_and_phosphorus_co_doped_carbon_quantum.pdf,html_placeholder
Parathion,Multiple_mechanisms_contribute_to_lateral_transfer_of_an_organophosphate_degrada.pdf,html_placeholder
Parathion,Nanostructured_Diatom_ZrO_sub_2__sub__composite_as_a_selective_and_highly_sensit.pdf,html_placeholder
Parathion,Nb_V__containing_saponite__A_versatile_clay_for_the_catalytic_degradation_of_the.pdf,html_placeholder
Parathion,Neonatal_parathion_exposure_disrupts_serotonin_and_dopamine_synaptic_function_in.pdf,html_placeholder
Parathion,Nitenpyram_biodegradation_by_a_novel_nitenpyram_degrading_bacterium___i_Ochrobac.pdf,html_placeholder
Parathion,Nitroaromatic_compounds__from_synthesis_to_biodegradation_.pdf,html_placeholder
Parathion,Non_photochemical_catalytic_hydrolysis_of_methyl_parathion_using_core_shell_Ag_T.pdf,html_placeholder
Parathion,Novel_approaches_to_mitigating_parathion_toxicity__targeting_cytochrome_P450_med.pdf,html_placeholder
Parathion,Novel_pathway_of_cypermethrin_biodegradation_in_a_Bacillus_sp__strain_SG2_isolat.pdf,html_placeholder
Parathion,Optimization_study_of_2_hydroxyquinoxaline__2_HQ__biodegradation_by_Ochrobactrum.pdf,html_placeholder
Parathion,Parathion_utilization_by_bacterial_symbionts_in_a_chemostat_.pdf,html_placeholder
Parathion,Patchwork_assembly_of_nag_like_nitroarene_dioxygenase_genes_and_the_3_chlorocate.pdf,html_placeholder
Parathion,Pathway_for_Biodegradation_of_p_Nitrophenol_in_a_Moraxella_sp_.pdf,html_placeholder
Parathion,Pathways_of_microbial_metabolism_of_parathion_.pdf,html_placeholder
Parathion,Performance_evaluation_of_Zr_CUR__NiCo_sub_2__sub_S_sub_4__sub__CuCo_sub_2__sub_.pdf,html_placeholder
Parathion,Pesticide_Use_and_Degradation_Strategies__Food_Safety__Challenges_and_Perspectiv.pdf,html_placeholder
Parathion,Phosphate_and_soil_binding__factors_limiting_bacterial_degradation_of_ionic_phos.pdf,html_placeholder
Parathion,Photodegradation_of_pesticides_using_compound_specific_isotope_analysis__CSIA___.pdf,html_placeholder
Parathion,Physiological_responses_and_antibiotic_degradation_capacity_of_duckweed___i_Lemn.pdf,html_placeholder
Parathion,Plasmid_Involvement_in_Parathion_Hydrolysis_by_Pseudomonas_diminuta_.pdf,html_placeholder
Parathion,Plasmid_mediated_dimethoate_degradation_by_Bacillus_licheniformis_isolated_from_.pdf,html_placeholder
Parathion,PnpM__a_LysR_Type_Transcriptional_Regulator_Activates_the_Hydroquinone_Pathway_i.pdf,html_placeholder
Parathion,Potential_and_limitations_for_monitoring_of_pesticide_biodegradation_at_trace_co.pdf,html_placeholder
Parathion,Preparation_and_Property_Characterization_of_Sm_sub_2__sub_EuSbO_sub_7__sub__ZnB.pdf,html_placeholder
Parathion,Protein_engineering_of_the_4_methyl_5_nitrocatechol_monooxygenase_from_Burkholde.pdf,html_placeholder
Parathion,Purification_and_characterization_of_three_parathion_hydrolases_from_gram_negati.pdf,html_placeholder
Parathion,Rapid_Biodegradation_of_the_Organophosphorus_Insecticide_Chlorpyrifos_by__i_Cupr.pdf,html_placeholder
Parathion,Rapid_degradation_of_malachite_green_by_CoFe_sub_2__sub_O_sub_4__sub__SiC_foam_u.pdf,html_placeholder
Parathion,Rates_of_transformation_of_methyl_parathion_and_diethyl_phthalate_by_aufwuchs_mi.pdf,html_placeholder
Parathion,Recent_Theoretical_Insights_into_the_Oxidative_Degradation_of_Biopolymers_and_Pl.pdf,html_placeholder
Parathion,Review_on_Performance_of__i_Aspergillus__i__and__i_Penicillium__i__Species_in_Bi.pdf,html_placeholder
Parathion,Role_of_Insect_Gut_Microbiota_in_Pesticide_Degradation__A_Review_.pdf,html_placeholder
Parathion,Room_temperature_synthesis_of_nanoceria_for_degradation_of_organophosphate_pesti.pdf,html_placeholder
Parathion,Simulation_Study_for_the_Degradation_of_Some_Insecticides_during_Different_Black.pdf,html_placeholder
Parathion,Sonochemical_degradation_of_pesticides_in_aqueous_solution__investigation_on_the.pdf,html_placeholder
Parathion,Special_Issue__Microbial_Biodegradation_and_Biotransformation__.pdf,html_placeholder
Parathion,Stabilization_of_nanosized_titanium_dioxide_by_cyclodextrin_polymers_and_its_pho.pdf,html_placeholder
Parathion,Structure_efficiency_relationships_of_cyclodextrin_scavengers_in_the_hydrolytic_.pdf,html_placeholder
Parathion,Structures_of_Reaction_Products_and_Degradation_Pathways_of_Aflatoxin_B_sub_1__s.pdf,html_placeholder
Parathion,Studies_of_the_enzymic_mechanism_of_the_metabolism_of_diethyl_4_nitrophenyl_phos.pdf,html_placeholder
Parathion,Synergistic_rhizosphere_degradation_of_γ_hexachlorocyclohexane__lindane__through.pdf,html_placeholder
Parathion,The_ChpR_transcriptional_regulator_of__i_Sinorhizobium_meliloti__i__senses_3_5_6.pdf,html_placeholder
Parathion,The_Organophosphate_Degradation__opd__Island_borne_Esterase_induced_Metabolic_Di.pdf,html_placeholder
Parathion,The_behavior_of_bacteria_designed_for_biodegradation_.pdf,html_placeholder
Parathion,The_impact_of_novel_bacterial_strains_and_their_consortium_on_diflufenican_degra.pdf,html_placeholder
Parathion,Thionate_versus_Oxon__comparison_of_stability__uptake__and_cell_toxicity_of___14.pdf,html_placeholder
Parathion,Transcriptional_activation_of_multiple_operons_involved_in_para_nitrophenol_degr.pdf,html_placeholder
Parathion,Transcriptional_analysis_reveals_the_metabolic_state_of__i_Burkholderia_zhejiang.pdf,html_placeholder
Parathion,Transposon_like_organization_of_the_plasmid_borne_organophosphate_degradation__o.pdf,html_placeholder
Parathion,Twofold_role_of_calcined_hydrotalcites_in_the_degradation_of_methyl_parathion_pe.pdf,html_placeholder
Parathion,US_assisted_catalytic_degradation_of_paraquat_using_ZnO_Fe_sub_3__sub_O_sub_4__s.pdf,html_placeholder
Parathion,Ultrasensitive_electrochemical_detection_of_methyl_parathion_pesticide_based_on_.pdf,html_placeholder
Parathion,Ultrasound_assisted_fabrication_of_InVO_sub_4__sub__In_sub_2__sub_S_sub_3__sub__.pdf,html_placeholder
Parathion,Urinary_p_nitrophenol_as_a_biomarker_of_household_exposure_to_methyl_parathion_.pdf,html_placeholder
Parathion,Using_BiVO_sub_4__sub__CuO_Based_Photoelectrocatalyzer_for_4_Nitrophenol_Degrada.pdf,html_placeholder
Parathion,VXC_72R_ZrO_sub_2__sub__GCE_Based_Electrochemical_Sensor_for_the_High_Sensitivit.pdf,html_placeholder
Parathion,_i_Bacilli___i_Mediated_Degradation_of_Xenobiotic_Compounds_and_Heavy_Metals_.pdf,html_placeholder
Parathion-Methyl,A_Comprehensive_Review_of_Multifunctional_Nanozymes_for_Degradation_and_Detectio.pdf,html_placeholder
Parathion-Methyl,A_Critical_Review_on_Metal_Organic_Frameworks_and_Their_Composites_as_Advanced_M.pdf,html_placeholder
Parathion-Methyl,A_Novel_Organophosphorus_Acid_Anhydrolase_from_Deep_Sea_Sediment_with_High_Degra.pdf,html_placeholder
Parathion-Methyl,Accelerated_degradation_of_fenamiphos_and_its_metabolites_in_soil_previously_tre.pdf,html_placeholder
Parathion-Methyl,Adsorption_and_Photocatalytic_Degradation_of_Pesticides_into_Nanocomposites__A_R.pdf,html_placeholder
Parathion-Methyl,An_overview_report_on_the_application_of_heteropoly_acids_on_supporting_material.pdf,html_placeholder
Parathion-Methyl,Bacterial_degradation_of_m_nitrobenzoic_acid_.pdf,html_placeholder
Parathion-Methyl,Biodegradation_and_Subsequent_Toxicity_Reduction_of_Co_contaminants_Tribenuron_M.pdf,html_placeholder
Parathion-Methyl,Biodegradation_and_metabolic_pathway_of_fenvalerate_by_Citrobacter_freundii_CD_9.pdf,html_placeholder
Parathion-Methyl,Biodegradation_of_Methyl_Tertiary_Butyl_Ether__MTBE__by_a_Microbial_Consortium_i.pdf,html_placeholder
Parathion-Methyl,Biodegradation_of_Ochratoxin_A_by_Bacterial_Strains_Isolated_from_Vineyard_Soils.pdf,html_placeholder
Parathion-Methyl,Biodegradation_of_aromatic_compounds_by_Escherichia_coli_.pdf,html_placeholder
Parathion-Methyl,Biodegradation_of_aromatic_pollutants_meets_synthetic_biology_.pdf,html_placeholder
Parathion-Methyl,Biodegradation_of_caffeine_by_whole_cells_of_tea_derived_fungi_Aspergillus_sydow.pdf,html_placeholder
Parathion-Methyl,Biodegradation_of_chlorpyrifos_by_enterobacter_strain_B_14_and_its_use_in_biorem.pdf,html_placeholder
Parathion-Methyl,Biodegradation_of_p_nitrophenol_by_a_member_of_the_genus__i_Brachybacterium__i__.pdf,html_placeholder
Parathion-Methyl,Biodegradation_of_phenmedipham_by_novel__i_Ochrobactrum_anthropi__i__NC_1_.pdf,html_placeholder
Parathion-Methyl,Biodegradation_of_waste_lubricants_by_a_newly_isolated_Ochrobactrum_sp__C1_.pdf,html_placeholder
Parathion-Methyl,Cerium_Bismuth_Oxides_Oxynitrates_with_Low_Toxicity_for_the_Removal_and_Degradat.pdf,html_placeholder
Parathion-Methyl,Changed_degradation_behavior_of_pesticides_when_present_in_mixtures_.pdf,html_placeholder
Parathion-Methyl,Characterization_of_Glyphosate_Resistance_and_Degradation_Profile_of__lt_i_gt_Ca.pdf,html_placeholder
Parathion-Methyl,Chemotaxis_and_degradation_of_organophosphate_compound_by_a_novel_moderately_the.pdf,html_placeholder
Parathion-Methyl,Constructing_Direct_Z_Scheme_Y2TmSbO7_GdYBiNbO7_Heterojunction_Photocatalyst_wit.pdf,html_placeholder
Parathion-Methyl,Contribution_of_insect_gut_microbiota_and_their_associated_enzymes_in_insect_phy.pdf,html_placeholder
Parathion-Methyl,Cu_sub_2__sub_O_nanoparticles_for_the_degradation_of_methyl_parathion_.pdf,html_placeholder
Parathion-Methyl,Degradation_and_byproduct_formation_of_parathion_in_aqueous_solutions_by_UV_and_.pdf,html_placeholder
Parathion-Methyl,Degradation_and_induction_specificity_in_actinomycetes_that_degrade_p_nitropheno.pdf,html_placeholder
Parathion-Methyl,Degradation_insight_of_organophosphate_pesticide_chlorpyrifos_through_novel_inte.pdf,html_placeholder
Parathion-Methyl,Degradation_of_2_methylbenzoic_acid_by_Pseudomonas_cepacia_MB2_.pdf,html_placeholder
Parathion-Methyl,Degradation_of_Acephate_and_Its_Intermediate_Methamidophos__Mechanisms_and_Bioch.pdf,html_placeholder
Parathion-Methyl,Degradation_of_Pesticides_Using_Semiconducting_and_Tetrapyrrolic_Macrocyclic_Pho.pdf,html_placeholder
Parathion-Methyl,Degradation_of_Xenobiotic_Pollutants__An_Environmentally_Sustainable_Approach_.pdf,html_placeholder
Parathion-Methyl,Degradation_of_a_Novel_Pesticide_Antiviral_Agent_Vanisulfane_in_Aqueous_Solution.pdf,html_placeholder
Parathion-Methyl,Degradation_of_bromacil_by_a_Pseudomonas_sp_ (1).pdf,html_placeholder
Parathion-Methyl,Degradation_of_bromacil_by_a_Pseudomonas_sp_.pdf,html_placeholder
Parathion-Methyl,Degradation_of_malathion_by_salt_marsh_microorganisms_.pdf,html_placeholder
Parathion-Methyl,Degradation_of_the_herbicide_mecoprop__2__2_methyl_4_chlorophenoxy_propionic_Aci.pdf,html_placeholder
Parathion-Methyl,Detection_of_carboxylesterase_and_esterase_activity_in_culturable_gut_bacterial_.pdf,html_placeholder
Parathion-Methyl,Detection_of_genes_involved_in_biodegradation_and_biotransformation_in_microbial.pdf,html_placeholder
Parathion-Methyl,Detoxification_Esterase_StrH_Initiates_Strobilurin_Fungicide_Degradation_in__i_H.pdf,html_placeholder
Parathion-Methyl,Development_of_a_UPLC_MS_MS_method_for_pesticide_analysis_in_paddy_water_and_eva.pdf,html_placeholder
Parathion-Methyl,Diversity_of__benzenetriol_dioxygenase__involved_in_p_nitrophenol_degradation_in.pdf,html_placeholder
Parathion-Methyl,Effect_of_inoculation_of_Burkholderia_sp__strain_SJ98_on_bacterial_community_dyn.pdf,html_placeholder
Parathion-Methyl,Effect_of_intensifying_additives_on_the_degradation_of_thiamethoxam_using_ultras.pdf,html_placeholder
Parathion-Methyl,Effectiveness_of_ultrasound_and_ultraviolet_irradiation_on_degradation_of_carbar.pdf,html_placeholder
Parathion-Methyl,Effects_of_adaptation_on_biodegradation_rates_in_sediment_water_cores_from_estua.pdf,html_placeholder
Parathion-Methyl,Efficiency_of_the_intestinal_bacteria_in_the_degradation_of_the_toxic_pesticide_.pdf,html_placeholder
Parathion-Methyl,Efficient_Biodegradation_of_the_Neonicotinoid_Insecticide_Flonicamid_by_Pseudami.pdf,html_placeholder
Parathion-Methyl,Efficient_Catalytic_Degradation_of_Selected_Toxic_Dyes_by_Green_Biosynthesized_S.pdf,html_placeholder
Parathion-Methyl,Efficient_Knocking_Out_of_the_Organophosphorus_Insecticides_Degradation_Gene__i_.pdf,html_placeholder
Parathion-Methyl,Efficient_biodegradation_of_acephate_by__i_Pseudomonas_pseudoalcaligenes__i__PS_.pdf,html_placeholder
Parathion-Methyl,Emerging_Technologies_for_Degradation_of_Dichlorvos__A_Review_.pdf,html_placeholder
Parathion-Methyl,Enhancing_methyl_parathion_degradation_by_the_immobilization_of_Burkholderia_sp_.pdf,html_placeholder
Parathion-Methyl,Enhancing_the_promiscuous_phosphotriesterase_activity_of_a_thermostable_lactonas.pdf,html_placeholder
Parathion-Methyl,Exploring_the_potent_hydrolytic_activity_of_chitosan_cerium_complex_microspheres.pdf,html_placeholder
Parathion-Methyl,Fabrication_of_FeVO_sub_4__sub__RGO_Nanocomposite__An_Amperometric_Probe_for_Sen.pdf,html_placeholder
Parathion-Methyl,Fungal_Enzymes_Involved_in_Plastics_Biodegradation_.pdf,html_placeholder
Parathion-Methyl,Genes_involved_in_degradation_of_para_nitrophenol_are_differentially_arranged_in.pdf,html_placeholder
Parathion-Methyl,Genome_Sequencing_and_Comparative_Transcriptomics_Provide_a_Holistic_View_of_4_N.pdf,html_placeholder
Parathion-Methyl,Hydrolase_CehA_and_Monooxygenase_CfdC_Are_Responsible_for_Carbofuran_Degradation.pdf,html_placeholder
Parathion-Methyl,Identification_and_degradation_characteristics_of_Bacillus_cereus_strain_WD_2_is.pdf,html_placeholder
Parathion-Methyl,Identification_of_a_marine_Bacillus_strain_C5_and_parathion_methyl_degradation_c.pdf,html_placeholder
Parathion-Methyl,Identification_of_an_opd__organophosphate_degradation__gene_in_an_Agrobacterium_.pdf,html_placeholder
Parathion-Methyl,Impact_of_sonolytic_ozonation__O_sub_3___sub_US__on_degradation_of_pesticide_res.pdf,html_placeholder
Parathion-Methyl,Influence_of__i_Bacillus_subtilis__i__and__i_Trichoderma_harzianum__i__on_Penthi.pdf,html_placeholder
Parathion-Methyl,Influence_of_a_Commercial_Biological_Fungicide_containing__i_Trichoderma_harzian.pdf,html_placeholder
Parathion-Methyl,Intensification_of_Red_G_dye_degradation_used_in_the_dyeing_of_alpaca_wool_by_ad.pdf,html_placeholder
Parathion-Methyl,Involvement_of_two_plasmids_in_the_degradation_of_carbaryl_by_Arthrobacter_sp__s.pdf,html_placeholder
Parathion-Methyl,Kinetic_Study_of_the_Biodegradation_of_Acephate_by_Indigenous_Soil_Bacterial_Iso.pdf,html_placeholder
Parathion-Methyl,Magnetic_acoustic_actuated_spinous_microrobot_for_enhanced_degradation_of_organi.pdf,html_placeholder
Parathion-Methyl,Mechanical_Bond_Approach_to_Introducing_Self_Adaptive_Active_Sites_in_Covalent_O.pdf,html_placeholder
Parathion-Methyl,Mechanism_and_toxicity_assessment_of_carbofuran_degradation_by_persulfate_based_.pdf,html_placeholder
Parathion-Methyl,Mesoporous_TiO_sub_2__sub__Carbon_Beads__One_Pot_Preparation_and_Their_Applicati.pdf,html_placeholder
Parathion-Methyl,Mesoporous_cerium_oxide_for_fast_degradation_of_aryl_organophosphate_flame_retar.pdf,html_placeholder
Parathion-Methyl,Metabolic_Engineering_of__i_Escherichia_coli__i__for_Methyl_Parathion_Degradatio.pdf,html_placeholder
Parathion-Methyl,Metabolic_engineering_of_Escherichia_coli_for_efficient_degradation_of_4_fluorop.pdf,html_placeholder
Parathion-Methyl,Microbial_Degradation_of_Pesticide_Residues_and_an_Emphasis_on_the_Degradation_o.pdf,html_placeholder
Parathion-Methyl,Microbial_degradation_of_acetamiprid_by_Ochrobactrum_sp__D_12_isolated_from_cont.pdf,html_placeholder
Parathion-Methyl,Microbial_degradation_of_contaminants_of_emerging_concern__metabolic__genetic_an.pdf,html_placeholder
Parathion-Methyl,Microbial_degradation_of_halogenated_aromatics__molecular_mechanisms_and_enzymat.pdf,html_placeholder
Parathion-Methyl,Microbial_degradation_of_trichloroethylene_in_the_rhizosphere__potential_applica.pdf,html_placeholder
Parathion-Methyl,Microbiology_and_Biochemistry_of_Pesticides_Biodegradation_.pdf,html_placeholder
Parathion-Methyl,Multiple_mechanisms_contribute_to_lateral_transfer_of_an_organophosphate_degrada.pdf,html_placeholder
Parathion-Methyl,Nitenpyram_biodegradation_by_a_novel_nitenpyram_degrading_bacterium___i_Ochrobac.pdf,html_placeholder
Parathion-Methyl,Nitroaromatic_compounds__from_synthesis_to_biodegradation_.pdf,html_placeholder
Parathion-Methyl,Novel_pathway_of_cypermethrin_biodegradation_in_a_Bacillus_sp__strain_SG2_isolat.pdf,html_placeholder
Parathion-Methyl,Optimization_study_of_2_hydroxyquinoxaline__2_HQ__biodegradation_by_Ochrobactrum.pdf,html_placeholder
Parathion-Methyl,Performance_evaluation_of_Zr_CUR__NiCo_sub_2__sub_S_sub_4__sub__CuCo_sub_2__sub_.pdf,html_placeholder
Parathion-Methyl,Pesticide_Use_and_Degradation_Strategies__Food_Safety__Challenges_and_Perspectiv.pdf,html_placeholder
Parathion-Methyl,Phosphate_and_soil_binding__factors_limiting_bacterial_degradation_of_ionic_phos.pdf,html_placeholder
Parathion-Methyl,Photocatalytic_Degradation_of_Naproxen__Intermediates_and_Total_Reaction_Mechani.pdf,html_placeholder
Parathion-Methyl,Photodegradation_of_pesticides_using_compound_specific_isotope_analysis__CSIA___.pdf,html_placeholder
Parathion-Methyl,Physiological_responses_and_antibiotic_degradation_capacity_of_duckweed___i_Lemn.pdf,html_placeholder
Parathion-Methyl,Plasmid_mediated_dimethoate_degradation_by_Bacillus_licheniformis_isolated_from_.pdf,html_placeholder
Parathion-Methyl,PnpM__a_LysR_Type_Transcriptional_Regulator_Activates_the_Hydroquinone_Pathway_i.pdf,html_placeholder
Parathion-Methyl,Preparation_and_Property_Characterization_of_Sm_sub_2__sub_EuSbO_sub_7__sub__ZnB.pdf,html_placeholder
Parathion-Methyl,Quantitative_assessment_of_the_effects_of_metals_on_microbial_degradation_of_org.pdf,html_placeholder
Parathion-Methyl,Recent_Theoretical_Insights_into_the_Oxidative_Degradation_of_Biopolymers_and_Pl.pdf,html_placeholder
Parathion-Methyl,Review_on_Performance_of__i_Aspergillus__i__and__i_Penicillium__i__Species_in_Bi.pdf,html_placeholder
Parathion-Methyl,Room_temperature_synthesis_of_nanoceria_for_degradation_of_organophosphate_pesti.pdf,html_placeholder
Parathion-Methyl,Simulation_Study_for_the_Degradation_of_Some_Insecticides_during_Different_Black.pdf,html_placeholder
Parathion-Methyl,Sonochemical_degradation_of_pesticides_in_aqueous_solution__investigation_on_the.pdf,html_placeholder
Parathion-Methyl,Special_Issue__Microbial_Biodegradation_and_Biotransformation__.pdf,html_placeholder
Parathion-Methyl,Structure_efficiency_relationships_of_cyclodextrin_scavengers_in_the_hydrolytic_.pdf,html_placeholder
Parathion-Methyl,Structures_of_Reaction_Products_and_Degradation_Pathways_of_Aflatoxin_B_sub_1__s.pdf,html_placeholder
Parathion-Methyl,Study_of_the_Photocatalytic_Degradation_of_Highly_Abundant_Pesticides_in_Agricul.pdf,html_placeholder
Parathion-Methyl,The_ChpR_transcriptional_regulator_of__i_Sinorhizobium_meliloti__i__senses_3_5_6.pdf,html_placeholder
Parathion-Methyl,The_behavior_of_bacteria_designed_for_biodegradation_.pdf,html_placeholder
Parathion-Methyl,The_impact_of_novel_bacterial_strains_and_their_consortium_on_diflufenican_degra.pdf,html_placeholder
Parathion-Methyl,Transcriptional_activation_of_multiple_operons_involved_in_para_nitrophenol_degr.pdf,html_placeholder
Parathion-Methyl,Transcriptional_analysis_reveals_the_metabolic_state_of__i_Burkholderia_zhejiang.pdf,html_placeholder
Parathion-Methyl,Twofold_role_of_calcined_hydrotalcites_in_the_degradation_of_methyl_parathion_pe.pdf,html_placeholder
Parathion-Methyl,US_assisted_catalytic_degradation_of_paraquat_using_ZnO_Fe_sub_3__sub_O_sub_4__s.pdf,html_placeholder
Parathion-Methyl,Ultrasound_assisted_fabrication_of_InVO_sub_4__sub__In_sub_2__sub_S_sub_3__sub__.pdf,html_placeholder
Parathion-Methyl,Use_of_Ca_alginate_immobilized_Pseudomonas_aeruginosa_for_repeated_batch_and_con.pdf,html_placeholder
Parathion-Methyl,_i_Bacilli___i_Mediated_Degradation_of_Xenobiotic_Compounds_and_Heavy_Metals_.pdf,html_placeholder
Penconazole,Biodegradation of propiconazole by newly isolated Burkholderia sp. strain BBK_9. (2).pdf,pdf_header
Penconazole,"Chiral fungicide penconazole Absolute configuration, bioactivity, toxicity, and stereoselective degradation in apples..pdf",pdf_header
Penconazole,Complexation and stability of the fungicide penconazole in the presence of zinc and copper ions..pdf,pdf_header
Penconazole,Development of a Biomarker for Penconazole A Human Oral Dosing Study and a Survey of UK Residents' Exposure..pdf,pdf_header
Penconazole,Effect of biocompost-amendment on degradation of triazoles fungicides in soil..pdf,pdf_header
Penconazole,Effect of spent mushroom substrate amendment of vineyard soils on the behavior of fungicides 2. Mobility of penconazole and metalaxyl in undisturbed soil cores..pdf,pdf_header
Penconazole,Enantioselective analysis and dissipation of triazole fungicide penconazole in vegetables by liquid chromatography-tandem mass spectrometry..pdf,pdf_header
Penconazole,Enantioseparation and Determination of Penconazole in Rat Plasma by Chiral LC-MSMS Application to a Stereoselective Toxicokinetic Study.pdf,pdf_header
Penconazole,Fungicides and photochemistry photodegradation of the azole fungicide penconazole..pdf,pdf_header
Penconazole,Modification of the existing maximum residue level for penconazole in grapes..pdf,pdf_header
Penconazole,Neuroprotective effect of Withania somnifera leaves extract nanoemulsion against penconazole-induced neurotoxicity in albino rats via modulating TGF-Î²1Smad2 signaling pathway..pdf,pdf_header
Penconazole,Nitraria retusa fruit prevents penconazole-induced kidney injury in adult rats through modulation of oxidative stress and histopathological changes..pdf,pdf_header
Penconazole,"Penconazole induced changes in photosynthesis, ion acquisition and protein profile of Mentha pulegium L. under drought stress..pdf",pdf_header
Penconazole,Protective effects of N-acetyl-l-cysteine against penconazole-triggered hepatorenal toxicity in adult rats..pdf,pdf_header
Penconazole,Triazole fungicide degradation in peaches in the field and in model systems..pdf,pdf_header
Pendimethalin,A_review_on_WO_sub_3__sub__photocatalysis_used_for_wastewater_treatment_and_pest.pdf,html_placeholder
Pendimethalin,Assessment_of_the_ameliorative_effect_of_curcumin_on_pendimethalin_induced_genet.pdf,html_placeholder
Pendimethalin,Azolla_pinnata_mitigates_pendimethalin_induced_immunotoxicity__oxidative_stress_.pdf,html_placeholder
Pendimethalin,Causation_Analysis_and_Improvement_Strategy_for_Reduced_Pendimethalin_Herbicidal.pdf,html_placeholder
Pendimethalin,Changed_degradation_behavior_of_pesticides_when_present_in_mixtures_.pdf,html_placeholder
Pendimethalin,Comparison_of_linuron_degradation_in_the_presence_of_pesticide_mixtures_in_soil_.pdf,html_placeholder
Pendimethalin,Comparison_of_transcriptome_alterations_induced_by_pendimethalin_or_its_commerci.pdf,html_placeholder
Pendimethalin,Conserved_Metabolic_and_Evolutionary_Themes_in_Microbial_Degradation_of_Carbamat.pdf,html_placeholder
Pendimethalin,Contribution_of_insect_gut_microbiota_and_their_associated_enzymes_in_insect_phy.pdf,html_placeholder
Pendimethalin,Degradation_of_Three_Herbicides_and_Effect_on_Bacterial_Communities_under_Combin.pdf,html_placeholder
Pendimethalin,Degradation_of_pendimethalin_by_the_yeast_YC2_and_determination_of_its_two_main_.pdf,html_placeholder
Pendimethalin,Dynamics_of_the_Degradation_of_Acetyl_CoA_Carboxylase_Herbicides_in_Vegetables_.pdf,html_placeholder
Pendimethalin,Effects_of_mixed_application_of_avermectin__imidacloprid_and_carbendazim_on_soil.pdf,html_placeholder
Pendimethalin,Elimination_of_Pendimethalin_in_Integrated_Rice_and__i_Procambarus_clarkii__i__B.pdf,html_placeholder
Pendimethalin,Growth__respiratory_activity_and_chlorpyrifos_biodegradation_in_cultures_of_Azot.pdf,html_placeholder
Pendimethalin,Herbicidal_Ionic_Liquids__A_Promising_Future_for_Old_Herbicides__Review_on_Synth.pdf,html_placeholder
Pendimethalin,Influence_of_a_Commercial_Biological_Fungicide_containing__i_Trichoderma_harzian.pdf,html_placeholder
Pendimethalin,Leaching_behaviour_of_pendimethalin_causes_toxicity_towards_different_cultivars_.pdf,html_placeholder
Pendimethalin,Mass_Spectrometry_Based_Peptide_Profiling_of_Haemolymph_from__i_Pterostichus_mel.pdf,html_placeholder
Pendimethalin,Microbial_Degradation_of_Pesticide_Residues_and_an_Emphasis_on_the_Degradation_o.pdf,html_placeholder
Pendimethalin,Microbiological_degradation_of_pesticides_in_yard_waste_composting_.pdf,html_placeholder
Pendimethalin,Modification_of_the_existing_maximum_residue_levels_for_pendimethalin_in_peas__w.pdf,html_placeholder
Pendimethalin,Pendimethalin_Nitroreductase_Is_Responsible_for_the_Initial_Pendimethalin_Degrad.pdf,html_placeholder
Pendimethalin,Photodegradation_of_Flucetosulfuron__a_Sulfonylurea_Based_Herbicide_in_the_Aqueo.pdf,html_placeholder
Pendimethalin,Potential_and_limitations_for_monitoring_of_pesticide_biodegradation_at_trace_co.pdf,html_placeholder
Pendimethalin,Preparation_and_Characterization_of_Pendimethalin_Microcapsules_Based_on_Microfl.pdf,html_placeholder
Pendimethalin,Quantification_of_pendimethalin_residue_in_green_fodder_and_silage_of_winter_cer.pdf,html_placeholder
Pendimethalin,Recent_Progress_in_Bismuth_Vanadate_Based_Photocatalysts_for_Photodegradation_Ap.pdf,html_placeholder
Pendimethalin,Review_on_Performance_of__i_Aspergillus__i__and__i_Penicillium__i__Species_in_Bi.pdf,html_placeholder
Pendimethalin,Role_of__lt_i_gt_Bacillus_lt__i_gt__sp__TF_1_in_the_Degradation_and_Detoxificati.pdf,html_placeholder
Pendimethalin,The_Apoptotic_and_Anti_apoptotic_Effects_of_Pendimethalin_and_Trifluralin_on_A54.pdf,html_placeholder
Pendimethalin,The_effects_of_pesticide_mixtures_on_degradation_of_pendimethalin_in_soils_.pdf,html_placeholder
Penthiopyrad,Comparative Biological Half-Life of Penthiopyrad and Tebufenpyrad in Angelica Leaves and Establishment of Pre-Harvest Residue Limits (PHRLs)..pdf,pdf_header
Penthiopyrad,"Dissipation, Residue and Dietary Intake Risk Assessment of Penthiopyrad in Eggplants and Its Removal Using Various Household Processing Techniques..pdf",pdf_header
Penthiopyrad,"Dissipation, residue, stereoselectivity and dietary risk assessment of penthiopyrad and metabolite PAM on cucumber and tomato in greenhouse and field..pdf",pdf_header
Penthiopyrad,Effect of microorganisms on degradation of fluopyram and tebuconazole in laboratory and field studies..pdf,pdf_header
Penthiopyrad,Influence of Bacillus subtilis and Trichoderma harzianum on Penthiopyrad Degradation under Laboratory and Field Studies.pdf,pdf_header
Penthiopyrad,Modification of the existing maximum residue levels for penthiopyrad in Florence fennels and celeries..pdf,pdf_header
Penthiopyrad,Nano selenium repairs the fruit growth and flavor quality of tomato under the stress of penthiopyrad..pdf,pdf_header
Penthiopyrad,Peer review of the pesticide risk assessment for the active substance penthiopyrad in light of confirmatory data submitted..pdf,pdf_header
Penthiopyrad,Review of the existing maximum residue levels for penthiopyrad according to Article 12 of Regulation (EC) No 3962005..pdf,pdf_header
Penthiopyrad,"Simultaneous determination of penthiopyrad enantiomers and its metabolite in vegetables, fruits, and cereals using ultra-high performance liquid chromatography-tandem mass spectrometry..pdf",pdf_header
Penthiopyrad,Stereoselective degradation behavior of the novel chiral antifungal agrochemical penthiopyrad in soil..pdf,pdf_header
Penthiopyrad,"Systemic enantioselectivity study of penthiopyrad enantioselective bioactivity, acute toxicity, degradation and influence on tomato..pdf",pdf_header
Permethrin,Acute_Exposure_to_Permethrin_Modulates_Behavioral_Functions__Redox__and_Bioenerg.pdf,html_placeholder
Permethrin,Adult_Mosquito_and_Butterfly_Exposure_to_Permethrin_and_Relative_Risk_Following_.pdf,html_placeholder
Permethrin,Bio_efficacy_of_aluminum_phosphide_and_cypermethrin_against_some_physiological_a.pdf,html_placeholder
Permethrin,Changes_in_pest_infestation_levels__self_reported_pesticide_use__and_permethrin_.pdf,html_placeholder
Permethrin,Characterization_of_a_Pyrethroid_Degrading__i_Pseudomonas_fulva__i__Strain_P31_a.pdf,html_placeholder
Permethrin,Characterizations_of_novel_pesticide_degrading_bacterial_strains_from_industrial.pdf,html_placeholder
Permethrin,Comparative_Study_on_the_Resistance_of_Beta_Cypermethrin_Nanoemulsion_and_Conven.pdf,html_placeholder
Permethrin,Contribution_of_insect_gut_microbiota_and_their_associated_enzymes_in_insect_phy.pdf,html_placeholder
Permethrin,Cypermethrin__An_Emerging_Pollutant_and_Its_Adverse_Effect_on_Fish_Health_and_so.pdf,html_placeholder
Permethrin,Degradation__metabolism_and_toxicity_of_synthetic_pyrethroids_.pdf,html_placeholder
Permethrin,Degradation_of_Organophosphorus_and_Pyrethroid_Insecticides_in_Beverages__Implic.pdf,html_placeholder
Permethrin,Degradation_of_Pesticides_Using_Semiconducting_and_Tetrapyrrolic_Macrocyclic_Pho.pdf,html_placeholder
Permethrin,Degradation_of_pesticides_using_amine_functionalized_cellulose_nanocrystals_.pdf,html_placeholder
Permethrin,Detect_Cytochrome_C_Oxidase__and_Glutathione_S_Transferase_Mediated_Detoxificati.pdf,html_placeholder
Permethrin,Effect_of_propanil__linuron__and_dicamba_on_the_degradation_kinetics_of_2_4_dich.pdf,html_placeholder
Permethrin,Effect_of_storage__washing__and_cooking_on_the_stability_of_five_pesticides_in_e.pdf,html_placeholder
Permethrin,Effects_of_Mitragynine_and_a_Crude_Alkaloid_Extract_Derived_from_Mitragyna_speci.pdf,html_placeholder
Permethrin,Elucidating_the_kinetics_and_mechanisms_of_tetramethrin_biodegradation_by_the_fu.pdf,html_placeholder
Permethrin,Evaluate_the_Toxicity_of_Pyrethroid_Insecticide_Cypermethrin_before_and_after_Bi.pdf,html_placeholder
Permethrin,Evaluation_of_surface_versus_total_permethrin_content_in_permethrin_treated_clot.pdf,html_placeholder
Permethrin,Exploration_of_Klebsiella_pneumoniae_M6_for_paclobutrazol_degradation__plant_gro.pdf,html_placeholder
Permethrin,Expression__Characterization__Fermentation__Immobilization__and_Application_of_a.pdf,html_placeholder
Permethrin,Fast_and_universal_HPLC_method_for_determination_of_permethrin_in_formulations_u.pdf,html_placeholder
Permethrin,Field_caught_permethrin_resistant_Anopheles_gambiae_overexpress_CYP6P3__a_P450_t.pdf,html_placeholder
Permethrin,Hazard_Assessment_of_the_Effects_of_Acute_and_Chronic_Exposure_to_Permethrin__Co.pdf,html_placeholder
Permethrin,Heterobifunctional_Ligase_Recruiters_Enable_pan_Degradation_of_Inhibitor_of_Apop.pdf,html_placeholder
Permethrin,Highly_efficient_degradation_of_cypermethrin_by_a_co_culture_of__i_Rhodococcus__.pdf,html_placeholder
Permethrin,Identification_and_biochemical_characterization_of_a_carboxylesterase_gene_assoc.pdf,html_placeholder
Permethrin,In_vivo_and_in_silico_studies_to_identify_toxicity_mechanisms_of_permethrin_with.pdf,html_placeholder
Permethrin,Insight_Into_Microbial_Applications_for_the_Biodegradation_of_Pyrethroid_Insecti.pdf,html_placeholder
Permethrin,Kinetics_and_Novel_Degradation_Pathway_of_Permethrin_in__i_Acinetobacter_baumann.pdf,html_placeholder
Permethrin,Maternal_and_fetal_tissue_distribution_of_α_cypermethrin_and_permethrin_in_pregn.pdf,html_placeholder
Permethrin,Metabolic_Resistance_in_Permethrin_Resistant_Florida__i_Aedes_aegypti__i___Dipte.pdf,html_placeholder
Permethrin,Microbial_Degradation_of_Pesticide_Residues_and_an_Emphasis_on_the_Degradation_o.pdf,html_placeholder
Permethrin,Microbial_Diversity_and_Enzyme_Activity_as_Indicators_of_Permethrin_Exposed_Soil.pdf,html_placeholder
Permethrin,Microbial_transformation_of_the_pyrethroid_insecticides__permethrin__deltamethri.pdf,html_placeholder
Permethrin,Microbiology_and_Biochemistry_of_Pesticides_Biodegradation_.pdf,html_placeholder
Permethrin,Monooxygenase__a_novel_beta_cypermethrin_degrading_enzyme_from_Streptomyces_sp_.pdf,html_placeholder
Permethrin,Mycotransformation_of_Commercial_Grade_Cypermethrin_Dispersion_by__i_Aspergillus.pdf,html_placeholder
Permethrin,New_Insights_into_the_Microbial_Degradation_of__i_D__i__Cyphenothrin_in_Contamin.pdf,html_placeholder
Permethrin,Novel_Mechanism_and_Kinetics_of_Tetramethrin_Degradation_Using_an_Indigenous__i_.pdf,html_placeholder
Permethrin,Ozone_as_degradation_agent_of_pesticide_residues_in_stored_rice_grains_.pdf,html_placeholder
Permethrin,Passive_prophylaxis_with_permethrin_treated_tents_reduces_mosquito_bites_among_N.pdf,html_placeholder
Permethrin,Permethrin_Residual_Activity_Against_Ambrosia_Beetle__Coleoptera__Curculionidae_.pdf,html_placeholder
Permethrin,Permethrin_alters_glucose_metabolism_in_conjunction_with_high_fat_diet_by_potent.pdf,html_placeholder
Permethrin,Permethrin_for_scabies_in_children_.pdf,html_placeholder
Permethrin,Pesticide_Use_and_Degradation_Strategies__Food_Safety__Challenges_and_Perspectiv.pdf,html_placeholder
Permethrin,Purification_and_preliminary_characterization_of_permethrinase_from_a_pyrethroid.pdf,html_placeholder
Permethrin,Quantitative_proteomics_analysis_of_permethrin_and_temephos_resistant_Ae__aegypt.pdf,html_placeholder
Permethrin,Quantitative_trait_loci_mapping_of_genome_regions_controlling_permethrin_resista.pdf,html_placeholder
Permethrin,Reaction_of_2_6_dichloroquinone_4_chloroimide__Gibbs_reagent__with_permethrin___.pdf,html_placeholder
Permethrin,Resistance_to_permethrin_alters_the_gut_microbiota_of_Aedes_aegypti_.pdf,html_placeholder
Permethrin,Simulation_Study_for_the_Degradation_of_Some_Insecticides_during_Different_Black.pdf,html_placeholder
Permethrin,Simultaneous_biodegradation_of_λ_cyhalothrin_pesticide_and_Vicia_faba_growth_pro.pdf,html_placeholder
Permethrin,Soya_oil_based_shampoo_superior_to_0_5__permethrin_lotion_for_head_louse_infesta.pdf,html_placeholder
Permethrin,Study_of_the_Photocatalytic_Degradation_of_Highly_Abundant_Pesticides_in_Agricul.pdf,html_placeholder
Permethrin,Survey_of_the_anaerobic_biodegradation_potential_of_organic_chemicals_in_digesti.pdf,html_placeholder
Permethrin,Susceptibility_Status_and_Resistance_Mechanisms_in_Permethrin_Selected__Laborato.pdf,html_placeholder
Permethrin,Suspected_Permethrin_Containing_Powder_Bath_Poisoning_in_a_Flock_of_Mountain_Qua.pdf,html_placeholder
Permethrin,Synergy_in_efficacy_of_fungal_entomopathogens_and_permethrin_against_West_Africa.pdf,html_placeholder
Permethrin,The_Central_Role_of_Multiple_P450_Genes_and_Their_Co_factor_CPR_in_the_Developme.pdf,html_placeholder
Permethrin,The_Impact_of_Permethrin_and_Cypermethrin_on_Plants__Soil_Enzyme_Activity__and_M.pdf,html_placeholder
Permethrin,The_ability_of_Anopheles_gambiae_mosquitoes_to_bite_through_a_permethrin_treated.pdf,html_placeholder
Permethrin,The_function_of_two_P450s__CYP9M10_and_CYP6AA7__in_the_permethrin_resistance_of_.pdf,html_placeholder
Permethrin,The_impact_of_novel_bacterial_strains_and_their_consortium_on_diflufenican_degra.pdf,html_placeholder
Permethrin,The_transcriptome_profile_of_the_mosquito_Culex_quinquefasciatus_following_perme.pdf,html_placeholder
Permethrin,Time_series_analysis_of_transcriptomic_changes_due_to_permethrin_exposure_reveal.pdf,html_placeholder
Permethrin,Transcriptional_response_of_rat_frontal_cortex_following_acute_in_vivo_exposure_.pdf,html_placeholder
Permethrin,Validation_of_a_multi_residue_method_to_determine_deltamethrin_and_alpha_cyperme.pdf,html_placeholder
Permethrin,Western_Kenyan_Anopheles_gambiae_showing_intense_permethrin_resistance_harbour_d.pdf,html_placeholder
Phenthoate,"Degradation of O, O-dimethyl S-[alpha-(carboethoxy)-benzyl] phosphorodithioate (phenthoate) in soil..pdf",pdf_header
Phenthoate,Degradation of malathion and phenthoate by glutathione reductase in wheat germ..pdf,pdf_header
Phenthoate,Enantioselective degradation and chiral stability of phenthoate in soil..pdf,pdf_header
Phenthoate,Enantioselective determination of phenthoate enantiomers in plant-origin matrices using reversed-phase high-performance liquid chromatography-tandem mass spectrometry..pdf,pdf_header
Phenthoate,Fast and precise determination of phenthoate and its enantiomeric ratio in soil by the matrix solid-phase dispersion method and liquid chromatography..pdf,pdf_header
Phenthoate,Microbial Degradation of Pesticide Residues and an Emphasis on the Degradation of Cypermethrin and 3-phenoxy Benzoic Acid A Review..pdf,pdf_header
Phorate,A_Comprehensive_Review_of_Multifunctional_Nanozymes_for_Degradation_and_Detectio.pdf,html_placeholder
Phorate,Biodegradation_of_two_organophosphorus_pesticides_in_whole_corn_silage_as_affect.pdf,html_placeholder
Phorate,Degradation_kinetics_and_physiological_studies_of_organophosphates_degrading_mic.pdf,html_placeholder
Phorate,Degradation_of_Pesticides_Using_Semiconducting_and_Tetrapyrrolic_Macrocyclic_Pho.pdf,html_placeholder
Phorate,Efficiency_of_the_intestinal_bacteria_in_the_degradation_of_the_toxic_pesticide_.pdf,html_placeholder
Phorate,Growth__respiratory_activity_and_chlorpyrifos_biodegradation_in_cultures_of_Azot.pdf,html_placeholder
Phorate,Isolation_and_Degradation_Characteristics_of_PBAT_Film_Degrading_Bacteria_.pdf,html_placeholder
Phorate,Microbial_Degradation_of_Pesticide_Residues_and_an_Emphasis_on_the_Degradation_o.pdf,html_placeholder
Phorate,Nb_V__containing_saponite__A_versatile_clay_for_the_catalytic_degradation_of_the.pdf,html_placeholder
Phorate,Phorate_triggers_oxidative_stress_and_mitochondrial_dysfunction_to_enhance_micro.pdf,html_placeholder
Phorate,Screening_for__i_Lactobacillus_plantarum__i__Strains_That_Possess_Organophosphor.pdf,html_placeholder
Phorate,Soil_bacteria_showing_a_potential_of_chlorpyrifos_degradation_and_plant_growth_e.pdf,html_placeholder
Phosalone,Computational enzymology for degradation of chemical warfare agents promising technologies for remediation processes..pdf,pdf_header
Phosalone,Degradation of phosalone by silver ion catalytic hydrolysis..pdf,pdf_header
Phosalone,Effect of phosalone on testicular tissue and in vitro fertilizing potential..pdf,pdf_header
Phosalone,Effects of phosalone plant pesticide on sperm parameters and sexual hormone levels in Wistar rats An experimental study..pdf,pdf_header
Phosalone,"Effects of the benzoxazoid DIMBOA, selected degradation products, and structure-related pesticides on soil organisms..pdf",pdf_header
Phosalone,"Effects of the benzoxazolinone BOA, selected degradation products and structure related pesticides on soil organisms..pdf",pdf_header
Phosalone,Microbial Degradation of Organophosphate Pesticides A Review.pdf,pdf_header
Phosalone,Organophosphorus pesticide degradation product in vitro metabolic stability and time-course uptake and elimination in rats following oral and intravenous dosing..pdf,pdf_header
Phosalone,Photocatalytic degradation of an organophosphorus pesticide phosalone in aqueous suspensions of titanium dioxide..pdf,pdf_header
Phosalone,Rapid kinetic spectrophotometric determination of phosalone (Zolone) in a commercial formulation..pdf,pdf_header
Phosalone,Study of the probable genotoxic effects of Zolone (Phosalone) exposure in mice bone marrow derived cells..pdf,pdf_header
Phosalone,"Subacute poisoning with phosalone, an organophosphate insecticide..pdf",pdf_header
Phosalone,Toxicity evaluation and degradation of cypermethrin-contaminated soil using biochar and Bacillus cereus amendments..pdf,pdf_header
Phosmet,An efficient catalytic degradation of trichloroethene in a percarbonate system catalyzed by ultra-fine heterogeneous zeolite supported zero valent iron-nickel bimetallic composite..pdf,pdf_header
Phosmet,Elucidating the kinetics and mechanisms of tetramethrin biodegradation by the fungal strain Neocosmospora sp. AF3.pdf,pdf_header
Phosmet,Evaluation of chemical and photochemical oxidation processes for degradation of phosmet on lowbush blueberries (Vaccinium angustifolium)..pdf,pdf_header
Phosmet,Heterogeneous reaction of suspended phosmet particles with NO3 radicals..pdf,pdf_header
Phosmet,Identification of an opd (organophosphate degradation) gene in an Agrobacterium isolate..pdf,pdf_header
Phosmet,Isolation of an isocarbophos-degrading strain of Arthrobacter sp. scl-2 and identification of the degradation pathway..pdf,pdf_header
Phosmet,Microbial Degradation of Pesticide Residues and an Emphasis on the Degradation of Cypermethrin and 3-phenoxy Benzoic Acid A Review..pdf,pdf_header
Phosmet,Microbial degradation of phosmet on blueberry fruit and in aqueous systems by indigenous bacterial flora on lowbush blueberries (Vaccinium angustifolium)..pdf,pdf_header
Phosmet,Peer review of the pesticide risk assessment of the active substance phosmet..pdf,pdf_header
Phosmet,Photodegradation of phosmet in wool wax models and on sheep wool determination of wool wax bound phosmet by means of isotope ratio mass spectrometry..pdf,pdf_header
Phosmet,"Photolysis experiments on phosmet, an organophosphorus insecticide..pdf",pdf_header
Phosmet,Residual degradation and toxicity of insecticides against Bactrocera oleae..pdf,pdf_header
Phosmet,Review of the existing maximum residue levels for phosmet according to Article 12 of Regulation (EC) No 3962005..pdf,pdf_header
Phosmet,Screening for Lactobacillus plantarum Strains That Possess Organophosphorus Pesticide-Degrading Activity and Metabolomic Analysis of Phorate Degradation..pdf,pdf_header
Phosmet,Sorption and degradation characteristics of phosmet in two contrasting Australian soils..pdf,pdf_header
Phosmet,Spectroscopic and molecular modelling study of binding mechanism of bovine serum albumin with phosmet..pdf,pdf_header
Phosmet,Toxicity and biochemical responses induced by phosmet in rainbow trout (iOncorhynchus mykissi)..pdf,pdf_header
Phosphonic acid,1__Acylamino_alkylphosphonic_Acids_Alkaline_Deacylation_.pdf,html_placeholder
Phosphonic acid,A_Miniaturized_Method_for_Evaluating_the_Dynamic_Gas_Phase_Adsorption_and_Degrad.pdf,html_placeholder
Phosphonic acid,A_phosphonate_induced_gene_which_promotes_Penicillium_mediated_bioconversion_of_.pdf,html_placeholder
Phosphonic acid,Accumulation_of_intermediates_of_the_carbon_phosphorus_lyase_pathway_for_phospho.pdf,html_placeholder
Phosphonic acid,Allosteric_regulation_of_phosphonoacetaldehyde_hydrolase_by_n_butylphosphonic_ac.pdf,html_placeholder
Phosphonic acid,Analysis_of_degradation_products_of_Novichok_agents_in_human_urine_by_hydrophili.pdf,html_placeholder
Phosphonic acid,Analysis_of_glyphosate__aminomethylphosphonic_acid__and_glufosinate_from_human_u.pdf,html_placeholder
Phosphonic acid,Analytical_insight_into_degradation_processes_of_aminopolyphosphonates_as_potent.pdf,html_placeholder
Phosphonic acid,Antimicrobial_Activity_and_Degradation_Ability_Study_on_Nanoparticle_Enriched_Fo.pdf,html_placeholder
Phosphonic acid,Bacterial_growth_on_aminoalkylphosphonic_acids_.pdf,html_placeholder
Phosphonic acid,Benzyl_trichloroacetimidates_as_derivatizing_agents_for_phosphonic_acids_related.pdf,html_placeholder
Phosphonic acid,Biocatalytic_resolution_of_enantiomeric_mixtures_of_1_aminoethanephosphonic_acid.pdf,html_placeholder
Phosphonic acid,Biodegradation_of_Organophosphorus_Compounds_Predicted_by_Enzymatic_Process_Usin.pdf,html_placeholder
Phosphonic acid,Biodegradation_of_pesticide_in_agricultural_soil_employing_entomopathogenic_fung.pdf,html_placeholder
Phosphonic acid,Biodegradation_of_the_Antiretroviral_Tenofovir_Disoproxil_by_a_Cyanobacteria_Bac.pdf,html_placeholder
Phosphonic acid,Biomimetic_Photodegradation_of_Glyphosate_in_Carborane_Functionalized_Nanoconfin.pdf,html_placeholder
Phosphonic acid,Challenges_and_opportunities_in_the_selective_degradation_of_organophosphorus_he.pdf,html_placeholder
Phosphonic acid,Chiral_phosphinate_degradation_by_the_fusarium_species__scope_and_limitation_of_.pdf,html_placeholder
Phosphonic acid,Chromatographic_Methods_for_the_Determination_of_Glyphosate_in_Cereals_Together_.pdf,html_placeholder
Phosphonic acid,CoAl_LDHs_Fe_sub_3__sub_O_sub_4__sub__decorated_with_cobalt_nanowires_and_cobalt.pdf,html_placeholder
Phosphonic acid,Comparison_of_Glyphosate_Degradation_Ability_of_Aldo_Keto_Reductase__AKR4__Prote.pdf,html_placeholder
Phosphonic acid,Computational_enzymology_for_degradation_of_chemical_warfare_agents__promising_t.pdf,html_placeholder
Phosphonic acid,Convergent_and_divergent_biosynthetic_strategies_towards_phosphonic_acid_natural.pdf,html_placeholder
Phosphonic acid,Cutinase_Catalyzed_Polyester_Polyurethane_Degradation__Elucidation_of_the_Hydrol.pdf,html_placeholder
Phosphonic acid,Degradation_of_Glyphosate_to_Benign_N_Formyl_Glycine_Using_MOF_808_Nanocrystals_.pdf,html_placeholder
Phosphonic acid,Degradation_of_the_Herbicide_Glyphosate_by_Members_of_the_Family_Rhizobiaceae_.pdf,html_placeholder
Phosphonic acid,Degradation_of_the_Phosphonate_Herbicide_Glyphosate_by_Arthrobacter_atrocyaneus_.pdf,html_placeholder
Phosphonic acid,Degradation_strategies_of_pesticide_residue__From_chemicals_to_synthetic_biology.pdf,html_placeholder
Phosphonic acid,Design_and_characterization_of_phosphonic_acid_functionalized_grafted_sepiolite_.pdf,html_placeholder
Phosphonic acid,Design_of_Crosslinked_Hydrogels_Comprising_Poly_Vinylphosphonic_Acid__and_Bis_2_.pdf,html_placeholder
Phosphonic acid,Design_of_Hybrid_PAH_Nanoadsorbents_by_Surface_Functionalization_of_ZrO_sub_2__s.pdf,html_placeholder
Phosphonic acid,Development_of_Recyclable_Polystyrene_Supported_Phosphonic_Acid_Resins_for_Carbo.pdf,html_placeholder
Phosphonic acid,Development_of_a_molecularly_imprinted_polymer_based_electrochemical_sensor_for_.pdf,html_placeholder
Phosphonic acid,Discovery_of_phosphonic_acid_natural_products_by_mining_the_genomes_of_10_000_ac.pdf,html_placeholder
Phosphonic acid,Effect_of_Mg_Addition_and_PMMA_Coating_on_the_Biodegradation_Behaviour_of_Extrud.pdf,html_placeholder
Phosphonic acid,Effect_on_osseointegration_of_dental_implants_treated_with_carboxyethylphosphoni.pdf,html_placeholder
Phosphonic acid,Effectiveness_of_Biofunctionalization_of_Titanium_Surfaces_with_Phosphonic_Acid_.pdf,html_placeholder
Phosphonic acid,Elucidation_of_the_role_of_metals_in_the_adsorption_and_photodegradation_of_herb.pdf,html_placeholder
Phosphonic acid,Emerging_Technologies_for_Degradation_of_Dichlorvos__A_Review_.pdf,html_placeholder
Phosphonic acid,Engineering_a_Mesoporous_Silicon_Nanoparticle_Cage_to_Enhance_Performance_of_a_P.pdf,html_placeholder
Phosphonic acid,Enhanced_Photodegradation_Stability_in_Poly_butylene_adipate__i_co__i__terephtha.pdf,html_placeholder
Phosphonic acid,Enriching_Cysteine_Containing_Peptides_Using_a_Sulfhydryl_Reactive_Alkylating_Re.pdf,html_placeholder
Phosphonic acid,Ethephon_Induced_Ethylene_Enhances_Protein_Degradation_in_Source_Leaves__but_Its.pdf,html_placeholder
Phosphonic acid,Evaluation_of_degradation_kinetics_and_physicochemical_stability_of_tenofovir_.pdf,html_placeholder
Phosphonic acid,Evaluation_of_the_Potential_of_High_Performance_Liquid_Chromatography_Inductivel.pdf,html_placeholder
Phosphonic acid,Evaluation_of_the_Strain__i_Bacillus_amyloliquefaciens__i__YP6_in_Phoxim_Degrada.pdf,html_placeholder
Phosphonic acid,Exogenous_Ethylene_Promotes_Peel_Color_Transformation_by_Regulating_the_Degradat.pdf,html_placeholder
Phosphonic acid,Expanding_the_Monolayer_Scope_for_Nucleic_Acid_Based_Electrochemical_Sensors_Bey.pdf,html_placeholder
Phosphonic acid,From__S__to__O___experimental_and_theoretical_insights_into_the_atmospheric_degr.pdf,html_placeholder
Phosphonic acid,Functional_Versatility_of_the_Human_2_Oxoadipate_Dehydrogenase_in_the_L_Lysine_D.pdf,html_placeholder
Phosphonic acid,Genetic_and_biochemical_characterization_of_a_pathway_for_the_degradation_of_2_a.pdf,html_placeholder
Phosphonic acid,Glyphosate_Pollution_Treatment_and_Microbial_Degradation_Alternatives__a_Review_.pdf,html_placeholder
Phosphonic acid,Herbicide_Glyphosate__Toxicity_and_Microbial_Degradation_.pdf,html_placeholder
Phosphonic acid,High_Performance_Liquid_Chromatography_Quantification_of_Glyphosate__Aminomethyl.pdf,html_placeholder
Phosphonic acid,Highly_Efficient_Removal_of_Uranium_from_an_Aqueous_Solution_by_a_Novel_Phosphon.pdf,html_placeholder
Phosphonic acid,Hydrothermal_treatment_and_butylphosphonic_acid_derived_self_assembled_monolayer.pdf,html_placeholder
Phosphonic acid,Improved_Analysis_of_Glyphosate__Aminomethylphosphonic_Acid__and_Other_Highly_Po.pdf,html_placeholder
Phosphonic acid,Investigation_on_the_Photodegradation_Stability_of_Acrylic_Acid_Grafted_Poly_but.pdf,html_placeholder
Phosphonic acid,Key_degradation_mechanisms_of_perovskite_solar_cells_and_strategies_for_enhanced.pdf,html_placeholder
Phosphonic acid,MdWRKY71_promotes_the_susceptibility_of_apple_to_Glomerella_leaf_spot_by_control.pdf,html_placeholder
Phosphonic acid,Microwave_Accelerated_McKenna_Synthesis_of_Phosphonic_Acids__An_Investigation_.pdf,html_placeholder
Phosphonic acid,Modification_of_the_existing_maximum_residue_level_for_fosetyl_phosphonic_acid_f.pdf,html_placeholder
Phosphonic acid,Modification_of_the_existing_maximum_residue_levels_for_fosetyl_phosphonic_acid_.pdf,html_placeholder
Phosphonic acid,Nanoscale_Evaluation_of_the_Degradation_Stability_of_Black_Phosphorus_Nanosheets.pdf,html_placeholder
Phosphonic acid,New_Standardized_Procedure_to_Extract_Glyphosate_and_Aminomethylphosphonic_Acid_.pdf,html_placeholder
Phosphonic acid,Nitrobenzene_as_Additive_to_Improve_Reproducibility_and_Degradation_Resistance_o.pdf,html_placeholder
Phosphonic acid,On_the_Reaction_of_Carbonyl_Diphosphonic_Acid_with_Hydroxylamine_and_O_alkylhydr.pdf,html_placeholder
Phosphonic acid,Optimisation_of_culture_composition_for_glyphosate_degradation_by__i_Burkholderi.pdf,html_placeholder
Phosphonic acid,Peptides_and_Peptidomimetics_as_Inhibitors_of_Enzymes_Involved_in_Fibrillar_Coll.pdf,html_placeholder
Phosphonic acid,Phosphonic_Acid_Coupling_Agent_Modification_of_HAP_Nanoparticles__Interfacial_Ef.pdf,html_placeholder
Phosphonic acid,Phosphonic_Acids_as_Corrosion_Inhibitors_and_Adhesion_Promoters_for_Organic_Coat.pdf,html_placeholder
Phosphonic acid,Phosphonic_acid__preparation_and_applications_.pdf,html_placeholder
Phosphonic acid,Phosphoric_acid_esters_cannot_replace_polyvinylphosphonic_acid_as_phosphoprotein.pdf,html_placeholder
Phosphonic acid,Preparation_and_biological_evaluation_of__64_Cu_labeled_Tyr_3__octreotate_using_.pdf,html_placeholder
Phosphonic acid,Preparation_of_a_Novel_Organic_Phosphonic_Acid_Intercalated_Phosphate_Tailings_B.pdf,html_placeholder
Phosphonic acid,Recent_developments_in_hydrogels_containing_copper_and_palladium_for_the_catalyt.pdf,html_placeholder
Phosphonic acid,Reducing_Thermal_Degradation_of_Perovskite_Solar_Cells_during_Vacuum_Lamination_.pdf,html_placeholder
Phosphonic acid,Remarkably_Durable_High_Temperature_Polymer_Electrolyte_Fuel_Cell_Based_on_Poly_.pdf,html_placeholder
Phosphonic acid,Research_Progress_in_the_Degradation_of_Chemical_Warfare_Agent_Simulants_Using_M.pdf,html_placeholder
Phosphonic acid,Reverse_Osmosis_with_Intermediate_Chemical_Demineralization__Scale_Inhibitor_Sel.pdf,html_placeholder
Phosphonic acid,Role_of_inorganic_nanoparticle_degradation_in_cancer_therapy_.pdf,html_placeholder
Phosphonic acid,Self_Assembled_Monolayers_of_a_Fluorinated_Phosphonic_Acid_as_a_Protective_Coati.pdf,html_placeholder
Phosphonic acid,Single__and_Multiple_Laboratory_Validation_of_LC_MS_MS_Method_for_Simultaneous_D.pdf,html_placeholder
Phosphonic acid,Solid_Liquid_Europium_Ion_Extraction_via_Phosphonic_Acid_Functionalized_Polyviny.pdf,html_placeholder
Phosphonic acid,Structural_Transformation_and_Degradation_of_Cu_Oxide_Nanocatalysts_during_Elect.pdf,html_placeholder
Phosphonic acid,Surface_Adsorption_and_Photoinduced_Degradation__A_Study_of_Spinel_Ferrite_Nanom.pdf,html_placeholder
Phosphonic acid,Synthesis__Physical_Properties_and_Enzymatic_Degradation_of_Biodegradable_Nanoco.pdf,html_placeholder
Phosphonic acid,Synthesis_and_characterization_of_dual_stimuli_responsive_macromers_based_on_pol.pdf,html_placeholder
Phosphonic acid,Tailoring_Interface_Energies_via_Phosphonic_Acids_to_Grow_and_Stabilize_Cubic_FA.pdf,html_placeholder
Phosphonic acid,The_Hydrolytic_Stability_and_Degradation_Mechanism_of_a_Hierarchically_Porous_Me.pdf,html_placeholder
Phosphonic acid,The_Microbial_Degradation_of_Natural_and_Anthropogenic_Phosphonates_.pdf,html_placeholder
Phosphonic acid,The_association_between_urinary_glyphosate_and_aminomethyl_phosphonic_acid_with_.pdf,html_placeholder
Phosphonic acid,The_sources__fate__and_toxicity_of_chemical_warfare_agent_degradation_products_.pdf,html_placeholder
Phosphonic acid,Thermal_degradation_and_flame_retardancy_of_nylon_6_aluminum_methylmethoxy_phosp.pdf,html_placeholder
Phosphonic acid,Zoledronate_and_ion_releasing_resins_impair_dentin_collagen_degradation_.pdf,html_placeholder
Phosphonic acid,_2_Aminobenzothiazole__Methyl_1_1_Bisphosphonic_Acids__Targeting_Matrix_Metallop.pdf,html_placeholder
Picoxystrobin,An Overview of Strobilurin Fungicide DegradationCurrent Status and Future Perspective..pdf,pdf_header
Picoxystrobin,Detoxification Esterase StrH Initiates Strobilurin Fungicide Degradation in iHyphomicrobiumi sp. Strain DY-1..pdf,pdf_header
Picoxystrobin,Effects of picoxystrobin and 4-n-nonylphenol on soil microbial community structure and respiration activity..pdf,pdf_header
Picoxystrobin,Kinetics and New Mechanism of Azoxystrobin Biodegradation by an Ochrobactrum anthropi Strain SH14.pdf,pdf_header
Picoxystrobin,Magnitude of picoxystrobin residues in strawberry under Egyptian conditions dissipation pattern and consumer risk assessment..pdf,pdf_header
Picoxystrobin,Peer review of the pesticide risk assessment of the active substance picoxystrobin..pdf,pdf_header
Pinoxaden,"Aryldiones incorporating a [1,4,5]oxadiazepane ring. Part 2 chemistry and biology of the cereal herbicide pinoxaden..pdf",pdf_header
Pinoxaden,Degradation Characteristics of Pinoxaden by Acinetobacter and Prediction of Related Genes.pdf,pdf_header
Pinoxaden,Growth Stage of Alopecurus myosuroides Huds. Determines the Efficacy of Pinoxaden.pdf,pdf_header
Pinoxaden,Mechanism for the inhibition of the carboxyltransferase domain of acetyl-coenzyme A carboxylase by pinoxaden..pdf,pdf_header
Pinoxaden,Review of the existing maximum residue levels for pinoxaden according to Article 12 of Regulation (EC) No 3962005..pdf,pdf_header
Pinoxaden,"Target-site mutations Ile1781Leu and Ile2041Asn in the iACCase2i gene confer resistance to fluazifop-p-butyl and pinoxaden herbicides in a johnsongrass accession from Arkansas, USA..pdf",pdf_header
Piperonyl Butoxide,A_novel_P450_initiated_biphasic_process_for_sustainable_biodegradation_of_benzo_.pdf,html_placeholder
Piperonyl Butoxide,Biodegradation_of_Benzo_a_pyrene_by_a_White_Rot_Fungus__i_Phlebia_acerina__i___S.pdf,html_placeholder
Piperonyl Butoxide,Biomarker_development_for_neonicotinoid_exposure_in_soil_under_interaction_with_.pdf,html_placeholder
Piperonyl Butoxide,Degradation_of_2_4_dichlorophenoxyacetic_acid__2_4_D__and_2_4_5_trichlorophenoxy.pdf,html_placeholder
Piperonyl Butoxide,Degradation_of_diuron_by_Phanerochaete_chrysosporium__role_of_ligninolytic_enzym.pdf,html_placeholder
Piperonyl Butoxide,Effectiveness_of_piperonyl_butoxide_and_pyrethroid_treated_long_lasting_insectic.pdf,html_placeholder
Piperonyl Butoxide,Evaluation_of_Deltamethrin_in_Combination_of_Piperonyl_Butoxide__PBO__against_Py.pdf,html_placeholder
Piperonyl Butoxide,Genomic__Transcriptomic_and_Suspect_Non_Target_Screening_Analyses_Reveal_the_Rol (1).pdf,html_placeholder
Piperonyl Butoxide,Identification_of_fungal_enzymes_involving_3_phenoxybenzoic_acid_degradation_by_.pdf,html_placeholder
Piperonyl Butoxide,Insight_Into_Microbial_Applications_for_the_Biodegradation_of_Pyrethroid_Insecti.pdf,html_placeholder
Piperonyl Butoxide,Insights_Into_the_Microbial_Degradation_and_Biochemical_Mechanisms_of_Neonicotin.pdf,html_placeholder
Piperonyl Butoxide,Involvement_of_the_ligninolytic_system_of_white_rot_and_litter_decomposing_fungi.pdf,html_placeholder
Piperonyl Butoxide,LLIN_Evaluation_in_Uganda_Project__LLINEUP2____Effect_of_long_lasting_insecticid.pdf,html_placeholder
Piperonyl Butoxide,Metabolic_pathways_utilized_by_Phanerochaete_chrysosporium_for_degradation_of_th.pdf,html_placeholder
Piperonyl Butoxide,Microbial_degradation_mechanisms_of_the_neonicotinoids_acetamiprid_and_flonicami.pdf,html_placeholder
Piperonyl Butoxide,New_Insights_into_the_Degradation_Path_of_Deltamethrin_.pdf,html_placeholder
Piperonyl Butoxide,Role_of_P450_monooxygenases_in_the_degradation_of_the_endocrine_disrupting_chemi.pdf,html_placeholder
Piperonyl Butoxide,Simultaneous_Determination_of_Pyrethrins__Pyrethroids__and_Piperonyl_Butoxide_in.pdf,html_placeholder
Piperonyl Butoxide,Synergistic_and_antagonistic_effects_of_piperonyl_butoxide_in_fipronil_susceptib.pdf,html_placeholder
Piperonyl Butoxide,Transcriptome_analysis_and_cytochrome_P450_monooxygenase_reveal_the_molecular_me.pdf,html_placeholder
Piperonyl Butoxide,_i_DhDIT2__i__Encodes_a__i_Debaryomyces_hansenii__i__Cytochrome_P450_Involved_in.pdf,html_placeholder
Pirimicarb,A_review_on_WO_sub_3__sub__photocatalysis_used_for_wastewater_treatment_and_pest.pdf,html_placeholder
Pirimicarb,Assessment_of_Sublethal_and_Transgenerational_Effects_of_Pirimicarb_on_the_Wheat.pdf,html_placeholder
Pirimicarb,Conserved_Metabolic_and_Evolutionary_Themes_in_Microbial_Degradation_of_Carbamat.pdf,html_placeholder
Pirimicarb,Metabolomic_and_proteomic_insights_into_carbaryl_catabolism_by_Burkholderia_sp__.pdf,html_placeholder
Pirimicarb,PEDOT__PSS_AuNPs_Based_Composite_as_Voltammetric_Sensor_for_the_Detection_of_Pir.pdf,html_placeholder
Pirimicarb,Peer_review_of_the_pesticide_risk_assessment_of_the_active_substance_pirimicarb_.pdf,html_placeholder
Pirimicarb,Pirimicarb_Induction_of_Behavioral_Disorders_and_of_Neurological_and_Reproductiv.pdf,html_placeholder
Pirimicarb,Role_of_Insect_Gut_Microbiota_in_Pesticide_Degradation__A_Review_.pdf,html_placeholder
Pirimiphos-Methyl,A_Comprehensive_Review_of_Multifunctional_Nanozymes_for_Degradation_and_Detectio.pdf,html_placeholder
Pirimiphos-Methyl,Characteristics_of_Aflatoxin_B_sub_1__sub__Degradation_by__i_Stenotrophomonas_ac.pdf,html_placeholder
Pirimiphos-Methyl,Contribution_of_insect_gut_microbiota_and_their_associated_enzymes_in_insect_phy.pdf,html_placeholder
Pirimiphos-Methyl,Decrease_of_pirimiphos_methyl_and_deltamethrin_residues_in_stored_rice_with_post.pdf,html_placeholder
Pirimiphos-Methyl,Degradation_of_insecticides_used_for_indoor_spraying_in_malaria_control_and_poss.pdf,html_placeholder
Pirimiphos-Methyl,Effect_of_α_cypermethrin_and_pirimiphos_methyl_on_wing_morphology_of_Tribolium_c.pdf,html_placeholder
Pirimiphos-Methyl,Effects_of_Pirimiphos_Methyl_on_Non_Target_Invertebrates_.pdf,html_placeholder
Pirimiphos-Methyl,Ozone_as_degradation_agent_of_pesticide_residues_in_stored_rice_grains_.pdf,html_placeholder
Pirimiphos-Methyl,Pesticide_Use_and_Degradation_Strategies__Food_Safety__Challenges_and_Perspectiv.pdf,html_placeholder
Pirimiphos-Methyl,Reduced_exposure_to_malaria_vectors_following_indoor_residual_spraying_of_pirimi.pdf,html_placeholder
Pirimiphos-Methyl,Screening_for__i_Lactobacillus_plantarum__i__Strains_That_Possess_Organophosphor.pdf,html_placeholder
Pirimiphos-Methyl,Sub_Lethal_Effects_of_Pirimiphos_Methyl_Are_Expressed_to_Different_Levels_in_Win.pdf,html_placeholder
Pirimiphos-Methyl,_Quasi__Binomial_vs__Gaussian_Models_to_Evaluate_Thiamethoxam__Pirimiphos_Methyl.pdf,html_placeholder
Prochloraz,Degradation_dynamics_and_dissipation_kinetics_of_an_imidazole_fungicide__Prochlo.pdf,html_placeholder
Prochloraz,Dissipation_and_Dietary_Risk_Assessment_of_Prochloraz_in_Strawberries_under_Gree.pdf,html_placeholder
Prochloraz,Dissipation_and_Distribution_of_Prochloraz_in_Bananas_and_a_Risk_Assessment_of_I.pdf,html_placeholder
Prochloraz,Enhancing_Photostability_of_Prochloraz_via_Designing_Natural_Acid_Derived_Prochl.pdf,html_placeholder
Prochloraz,Ethylene_Response_Factor_MaERF012_Modulates_Fruit_Ripening_by_Regulating_Chlorop.pdf,html_placeholder
Prochloraz,Evaluating_Two_Fungicides__Prochloraz_Manganese_Chloride_Complex_and_Seboctylami.pdf,html_placeholder
Prochloraz,Evaluation_of_Highly_Detectable_Pesticides_Sprayed_in__i_Brassica_napus__i__L___.pdf,html_placeholder
Prochloraz,Exploring_the_Molecular_Mechanisms_of_Resistance_to_Prochloraz_by__i_Lasiodiplod.pdf,html_placeholder
Prochloraz,Genetic_and_biochemical_characterization_of_a_2_4_6_trichlorophenol_degradation_.pdf,html_placeholder
Prochloraz,Graphitic_carbon_nitride_nanosheet_supported_silica_nanochannel_film_for_enhance.pdf,html_placeholder
Prochloraz,Identification_and_degradation_characteristics_of_Bacillus_cereus_strain_WD_2_is.pdf,html_placeholder
Prochloraz,Modification_of_the_existing_maximum_residue_levels_for_prochloraz_in_various_co.pdf,html_placeholder
Prochloraz,Mycotoxins_in_Feed_and_Food_and_the_Role_of_Ozone_in_Their_Detoxification_and_De.pdf,html_placeholder
Prochloraz,Nanochannel_array_modified_three_dimensional_graphene_electrode_for_sensitive_el.pdf,html_placeholder
Prochloraz,Natural_green_peel_orange_essential_oil_enhanced_the_deposition__absorption_and_.pdf,html_placeholder
Prochloraz,Ozone__a_promising_alternative_to_prochloraz_for_cold_storage_of_pomegranate_.pdf,html_placeholder
Prochloraz,Residue_Dynamics_and_Risk_Assessment_of_Prochloraz_and_Its_Metabolite_2_4_6_Tric.pdf,html_placeholder
Prochloraz,Review_of_the_existing_maximum_residue_levels_for_prochloraz_according_to_Articl.pdf,html_placeholder
Prochloraz,Synergistic_Activity_of_Ketoconazole_and_Miconazole_with_Prochloraz_in_Inducing_.pdf,html_placeholder
Prochloraz,The_Involvement_of_the_Banana_F_Box_Protein_MaEBF1_in_Regulating_Chilling_Inhibi.pdf,html_placeholder
Prochloraz,The_interaction_of_CpEBF1_with_CpMADSs_is_involved_in_cell_wall_degradation_duri.pdf,html_placeholder
Prochloraz,The_preparation_of_prochloraz_pH_responsive_nanocapsules_by_the_Pickering_emulsi.pdf,html_placeholder
Prochloraz,Transcriptome_Analysis_of__i_mfs2__i__Defective__i_Penicillium_digitatum__i__Mut.pdf,html_placeholder
Prochloraz,Whole_transcriptome_analysis_of_Penicillium_digitatum_strains_treatmented_with_p.pdf,html_placeholder
Prochloraz,_i_Bacilli___i_Mediated_Degradation_of_Xenobiotic_Compounds_and_Heavy_Metals_.pdf,html_placeholder
Profenofos,A_Comprehensive_Review_of_Multifunctional_Nanozymes_for_Degradation_and_Detectio.pdf,html_placeholder
Profenofos,Abiotic_Degradation_of_the_Toxin_Simplexin_by_Soil_Collected_from_a__lt_i_gt_Pim.pdf,html_placeholder
Profenofos,Aerobic_dichlorvos_degradation_by__i_Pseudomonas_stutzeri__i__smk__complete_path.pdf,html_placeholder
Profenofos,Application_of_cold_adapted_microbial_agents_in_soil_contaminate_remediation__bi.pdf,html_placeholder
Profenofos,Biodegradation_of_pesticide_in_agricultural_soil_employing_entomopathogenic_fung.pdf,html_placeholder
Profenofos,Degradation_of_SDS_by_psychrotolerant_Staphylococcus_saprophyticus_and_Bacillus_.pdf,html_placeholder
Profenofos,Detection_of_carboxylesterase_and_esterase_activity_in_culturable_gut_bacterial_.pdf,html_placeholder
Profenofos,Efficient_Knocking_Out_of_the_Organophosphorus_Insecticides_Degradation_Gene__i_.pdf,html_placeholder
Profenofos,Functional_profiling_of_the_rhizospheric_Exiguobacterium_sp__for_dimethoate_degr.pdf,html_placeholder
Profenofos,Identification_and_degradation_characteristics_of_Bacillus_cereus_strain_WD_2_is.pdf,html_placeholder
Profenofos,Insight_Into_Microbial_Applications_for_the_Biodegradation_of_Pyrethroid_Insecti.pdf,html_placeholder
Profenofos,Isolation_and_identification_of_Profenofos_degrading_bacteria_.pdf,html_placeholder
Profenofos,Methiocarb_Degradation_by_Electro_Fenton__Ecotoxicological_Evaluation_.pdf,html_placeholder
Profenofos,Microbial_Degradation_of_Pesticide_Residues_and_an_Emphasis_on_the_Degradation_o.pdf,html_placeholder
Profenofos,Microbial_degradation_of_halogenated_aromatics__molecular_mechanisms_and_enzymat.pdf,html_placeholder
Profenofos,Pesticide_Use_and_Degradation_Strategies__Food_Safety__Challenges_and_Perspectiv.pdf,html_placeholder
Profenofos,Photodegradation_of_pesticides_using_compound_specific_isotope_analysis__CSIA___.pdf,html_placeholder
Profenofos,Photoresponsive_Surface_Molecularly_Imprinted_Polymers_for_the_Detection_of_Prof.pdf,html_placeholder
Profenofos,Rapid_Biodegradation_of_the_Organophosphorus_Insecticide_Chlorpyrifos_by__i_Cupr.pdf,html_placeholder
Profenofos,Revealing_the_mechanistic_interactions_of_profenofos_and_captan_pesticides_with_.pdf,html_placeholder
Profenofos,Review_on_Performance_of__i_Aspergillus__i__and__i_Penicillium__i__Species_in_Bi.pdf,html_placeholder
Profenofos,Role_of_Insect_Gut_Microbiota_in_Pesticide_Degradation__A_Review_.pdf,html_placeholder
Profenofos,Toxicity_bioassay_and_sub_lethal_effects_of_profenofos_based_insecticide_on_beha.pdf,html_placeholder
Profenofos,_i_Bacilli___i_Mediated_Degradation_of_Xenobiotic_Compounds_and_Heavy_Metals_.pdf,html_placeholder
Propamocarb,Analysis of genes and metabolites associated with propamocarb hydrochloride response in tobacco.pdf,pdf_header
Propamocarb,Biodegradation of soil-applied pesticides by selected strains of plant growth-promoting rhizobacteria (PGPR) and their effects on bacterial growth..pdf,pdf_header
Propamocarb,"Degradation of propamocarb-hydrochloride in tomatoes, potatoes and cucumber using HPLC-DAD and QuEChERS methodology..pdf",pdf_header
Propamocarb,Expression and Functional Analysis of the Propamocarb-Related Gene CsMCF in Cucumber.pdf,pdf_header
Propamocarb,Expression and functional analysis of the Propamocarb-related gene CsDIR16 in cucumbers..pdf,pdf_header
Propamocarb,Expression and functional analysis of the propamocarb-related gene CsMAPEG in cucumber..pdf,pdf_header
Propamocarb,"Microbial degradation of the carbamate pesticides desmedipham, phenmedipham, promecarb, and propamocarb..pdf",pdf_header
Propamocarb,Modification of the existing maximum residue level for propamocarb in chardsbeet leaves..pdf,pdf_header
Propamocarb,Modification of the existing maximum residue level for propamocarb in honey..pdf,pdf_header
Propamocarb,Modification of the existing maximum residue levels for propamocarb in radishes (roots and small leaves)..pdf,pdf_header
Propamocarb,Overexpression of CsHMGB Alleviates Phytotoxicity and Propamocarb Residues in Cucumber.pdf,pdf_header
Propargite,"Biodegradation of propargite by Pseudomonas putida, isolated from tea rhizosphere..pdf",pdf_header
Propargite,Calculation of pesticide degradation in decaying cotton gin trash..pdf,pdf_header
Propargite,"Effect of storage, washing, and cooking on the stability of five pesticides in edible fungi of Agaricus bisporus A degradation kinetic stud.pdf",pdf_header
Propargite,Setting of maximum residue limits for propargite in citrus fruits and tea..pdf,pdf_header
Propiconazole,A_Non_redundant_Function_of_MNS5__A_Class_I_α_1__2_Mannosidase__in_the_Regulatio.pdf,html_placeholder
Propiconazole,Biodegradation_mechanism_of_1H_1_2_4_triazole_by_a_newly_isolated_strain_Shinell.pdf,html_placeholder
Propiconazole,Biodegradation_of_propiconazole_by_newly_isolated_Burkholderia_sp__strain_BBK_9_.pdf,html_placeholder
Propiconazole,Degradation_Dynamics_and_Residue_Analysis_of_Four_Propiconazole_Stereoisomers_in.pdf,html_placeholder
Propiconazole,Degradation_of_Triazole_Fungicides_by_Plant_Growth_Promoting_Bacteria_from_Conta.pdf,html_placeholder
Propiconazole,Degradation_pathway_of_triazole_fungicides_and_synchronous_removal_of_transforma.pdf,html_placeholder
Propiconazole,Deposition_amount_and_dissipation_kinetics_of_difenoconazole_and_propiconazole_a.pdf,html_placeholder
Propiconazole,EBF1_Negatively_Regulates_Brassinosteroid_Induced_Apical_Hook_Development_and_Ce.pdf,html_placeholder
Propiconazole,Embryotoxicity_of_the_alkylphenol_degradation_product_4_nonylphenol_to_the_crust.pdf,html_placeholder
Propiconazole,Herbicidal_Ionic_Liquids__A_Promising_Future_for_Old_Herbicides__Review_on_Synth.pdf,html_placeholder
Propiconazole,Inclusion_complex_of_a_new_propiconazole_derivative_with_β_cyclodextrin__NMR__ES.pdf,html_placeholder
Propiconazole,Loss_of_propiconazole_and_its_four_stereoisomers_from_the_water_phase_of_two_soi.pdf,html_placeholder
Propiconazole,Peer_review_of_the_pesticide_risk_assessment_of_the_active_substance_propiconazo.pdf,html_placeholder
Propiconazole,Pesticide_Residues__Glyphosate_Adsorption_and_Degradation_Characteristics_in_Eth.pdf,html_placeholder
Propiconazole,Propiconazole_is_a_specific_and_accessible_brassinosteroid__BR__biosynthesis_inh.pdf,html_placeholder
Propiconazole,The_F_box_Protein_KIB1_Mediates_Brassinosteroid_Induced_Inactivation_and_Degrada.pdf,html_placeholder
Propiconazole,The_Role_of_SBI2_ALG12_EBS4_in_the_Regulation_of_Endoplasmic_Reticulum_Associate.pdf,html_placeholder
Propiconazole,Wheat_phyllosphere_yeasts_degrade_propiconazole_.pdf,html_placeholder
Propylene oxide,ALKBH5_Inhibits_YTHDF2_m6A_Mediated_Degradation_of_RCN1_mRNA_to_Promote_Keloid_F.pdf,html_placeholder
Propylene oxide,A_New_Dinuclear_Cobalt_Complex_for_Copolymerization_of_CO_sub_2__sub__and_Propyl.pdf,html_placeholder
Propylene oxide,A_Novel_One_Pot_Synthesis_of_Poly_Propylene_Carbonate__Containing_Cross_Linked_N.pdf,html_placeholder
Propylene oxide,A_Review_on_Current_Strategies_for_the_Modulation_of_Thermomechanical__Barrier__.pdf,html_placeholder
Propylene oxide,A_multiple_Kirkendall_strategy_for_converting_nanosized_zero_valent_iron_to_high.pdf,html_placeholder
Propylene oxide,A_novel_thermosensitive_polymer_with_pH_dependent_degradation_for_drug_delivery_.pdf,html_placeholder
Propylene oxide,Accelerated_Age_Related_Degradation_of_the_Tectorial_Membrane_in_the__i_Ceacam16.pdf,html_placeholder
Propylene oxide,Acid_Labile_Surfactants_Based_on_Poly_ethylene_glycol___Carbon_Dioxide_and_Propy.pdf,html_placeholder
Propylene oxide,Age_related_myelin_degradation_burdens_the_clearance_function_of_microglia_durin.pdf,html_placeholder
Propylene oxide,An_Approach_to_Flavor_Chemical_Thermal_Degradation_Analysis_.pdf,html_placeholder
Propylene oxide,Antileukemic_potential_of_methylated_indolequinone_MAC681_through_immunogenic_ne.pdf,html_placeholder
Propylene oxide,Application_and_Properties_of_Polyglycolic_Acid_as_a_Degradation_Agent_in_MPU_HN.pdf,html_placeholder
Propylene oxide,Autophagosomal_IkappaB_alpha_degradation_plays_a_role_in_the_long_term_control_o.pdf,html_placeholder
Propylene oxide,Biodegradable_Antimicrobial_Films_for_Food_Packaging__Effect_of_Antimicrobials_o.pdf,html_placeholder
Propylene oxide,Biodegradation__biotransformation__and_biocatalysis__b3__.pdf,html_placeholder
Propylene oxide,Biodegradation_of_Biodegradable_Polymers_in_Mesophilic_Aerobic_Environments_.pdf,html_placeholder
Propylene oxide,Biodegradation_of_Dinoseb__2_sec_Butyl_4_6_Dinitrophenol__in_Several_Idaho_Soils.pdf,html_placeholder
Propylene oxide,Biodegradation_of_methyl_tert_butyl_ether_and_other_fuel_oxygenates_by_a_new_str.pdf,html_placeholder
Propylene oxide,Biological_and_Oxidative_Degradation_of_Ultrathin_Fibrous_Nonwovens_Based_on_Pol.pdf,html_placeholder
Propylene oxide,Carbon_dioxide_fixation_in_the_metabolism_of_propylene_and_propylene_oxide_by_Xa.pdf,html_placeholder
Propylene oxide,Catalytic_Chain_Transfer_Copolymerization_of_Propylene_Oxide_and_CO_sub_2__sub__.pdf,html_placeholder
Propylene oxide,Cathepsin_k_is_a_critical_protease_in_synovial_fibroblast_mediated_collagen_degr.pdf,html_placeholder
Propylene oxide,Characterization_of_a_new_pathway_for_epichlorohydrin_degradation_by_whole_cells.pdf,html_placeholder
Propylene oxide,Characterization_of_the_Mechanical__Biodegradation__and_Morphological_Properties.pdf,html_placeholder
Propylene oxide,Characterization_of_the_degradation_mechanisms_of_lysine_derived_aliphatic_poly_.pdf,html_placeholder
Propylene oxide,Chemical_nature_and_immunotoxicological_properties_of_arachidonic_acid_degradati.pdf,html_placeholder
Propylene oxide,Chiral_Separation_of_rac_Propylene_Oxide_on_Penicillamine_Coated_Gold_NPs_.pdf,html_placeholder
Propylene oxide,Chitosan_Based_Materials_for_Peripheral_Nerve_Repair_New_Pre_Clinical_Data_on_De.pdf,html_placeholder
Propylene oxide,Chlorine_Dioxide_Degradation_Issues_on_Metal_and_Plastic_Water_Pipes_Tested_in_P.pdf,html_placeholder
Propylene oxide,Cilium_axoneme_internalization_and_degradation_in_chytrid_fungi_.pdf,html_placeholder
Propylene oxide,Clathrin_in__i_Chara_australis__i___Molecular_Analysis_and_Involvement_in_Charas.pdf,html_placeholder
Propylene oxide,Co_Polymers_based_on_Poly_1_4_butylene_2_5_furandicarboxylate__and_Poly_propylen.pdf,html_placeholder
Propylene oxide,Cometabolic_degradation_of_chlorinated_alkenes_by_alkene_monooxygenase_in_a_prop.pdf,html_placeholder
Propylene oxide,Contact_electro_catalysis_for_the_degradation_of_organic_pollutants_using_pristi.pdf,html_placeholder
Propylene oxide,Controllable_degradation_kinetics_of_POSS_nanoparticle_integrated_poly_ε_caprola.pdf,html_placeholder
Propylene oxide,Coordinate_regulation_of_mutant_NPC1_degradation_by_selective_ER_autophagy_and_M.pdf,html_placeholder
Propylene oxide,Correlated_studies_of_photoluminescence__vibrational_spectroscopy_and_mass_spect.pdf,html_placeholder
Propylene oxide,Cross_Linked_Composite_Gel_Polymer_Electrolyte_Based_on_an_H_Shaped_Poly_ethylen.pdf,html_placeholder
Propylene oxide,Cross_Linked_Networks_in_Poly_propylene_carbonate__by_Incorporating__Maleic_Anhy.pdf,html_placeholder
Propylene oxide,Decreased_ER_associated_degradation_of_alpha_TCR_induced_by_Grp78_depletion_with.pdf,html_placeholder
Propylene oxide,Degradation_kinetics_and_mechanism_of_RH1__a_new_anti_tumor_agent__a_technical_n.pdf,html_placeholder
Propylene oxide,Degradation_of_GaAs_AlGaAs_Quantized_Hall_Resistors_With_Alloyed_AuGe_Ni_Contact.pdf,html_placeholder
Propylene oxide,Degradation_of_Polylactic_Acid_Polypropylene_Carbonate_Films_in_Soil_and_Phospha.pdf,html_placeholder
Propylene oxide,Degradation_of_chlorinated_aliphatic_hydrocarbons_by_Methylosinus_trichosporium_.pdf,html_placeholder
Propylene oxide,Degradation_of_connective_tissue_matrices_by_macrophages__III__Morphological_and.pdf,html_placeholder
Propylene oxide,Degradation_of_halogenated_aliphatic_compounds_by_the_ammonia__oxidizing_bacteri.pdf,html_placeholder
Propylene oxide,Degradation_or_excretion_of_quantum_dots_in_mouse_embryonic_stem_cells_.pdf,html_placeholder
Propylene oxide,Delayed_degradation_of_chlorophylls_and_photosynthetic_proteins_in_Arabidopsis_a.pdf,html_placeholder
Propylene oxide,Development_of_a_Dispersive_Liquid_Liquid_Microextraction_Procedure_for_Biodegra.pdf,html_placeholder
Propylene oxide,Effect_of_Cellulase_Enzyme_Treatment_on_Cyst_Wall_Degradation_of__i_Acanthamoeba.pdf,html_placeholder
Propylene oxide,Effect_of_Postmortem_Degradation_on_the_Preservation_of_Viral_Particles_and_Rabi.pdf,html_placeholder
Propylene oxide,Effect_of_enzymatic_degradation_on_the_mechanical_properties_of_biological_scaff.pdf,html_placeholder
Propylene oxide,Effect_of_relative_humidity_on_the_bactericidal_activity_of_propylene_oxide_vapo.pdf,html_placeholder
Propylene oxide,Efficient_Photocatalytic_Degradation_of_Congo_Red_Dye_Using_Facilely_Synthesized.pdf,html_placeholder
Propylene oxide,Eliminating_degradation_and_uncovering_ion_trapping_dynamics_in_electrochromic_W.pdf,html_placeholder
Propylene oxide,Enhanced_Poly_Propylene_Carbonate__with_Thermoplastic_Networks__A_One_Pot_Synthe.pdf,html_placeholder
Propylene oxide,Enhanced_photocatalytic_activity_of_TiO₂_C_hybrid_aerogels_for_methylene_blue_de.pdf,html_placeholder
Propylene oxide,Enhanced_photocatalytic_performance_of_polyaniline_nanoparticles_for_efficient_d.pdf,html_placeholder
Propylene oxide,Enzymatic_Degradation_of_the_Most_Common_Aliphatic_Bio_Polyesters_and_Evaluation.pdf,html_placeholder
Propylene oxide,Epsin_mediated_degradation_of_IP3R1_fuels_atherosclerosis_.pdf,html_placeholder
Propylene oxide,Ethanol_wet_bonding_challenges_current_anti_degradation_strategy_.pdf,html_placeholder
Propylene oxide,Evaluating_changes_in_structure_and_cytotoxicity_during_in_vitro_degradation_of_.pdf,html_placeholder
Propylene oxide,Evidence_of_a_Myenteric_Plexus_Barrier_and_Its_Macrophage_Dependent_Degradation_.pdf,html_placeholder
Propylene oxide,Facile_Synthesis_of_Mesoporous_Ag_sub_2__sub_O_ZnO_Heterojunctions_for_Efficient.pdf,html_placeholder
Propylene oxide,Facile_Synthesis_of_SnO₂_Aerogel_Reduced_Graphene_Oxide_Nanocomposites_via_in_Si.pdf,html_placeholder
Propylene oxide,Fermentative_degradation_of_nonionic_surfactants_and_polyethylene_glycol_by_enri.pdf,html_placeholder
Propylene oxide,Functional_Characterization_of_the_Pheophytinase_Gene___i_ZjPPH__i___From__i_Zoy.pdf,html_placeholder
Propylene oxide,Functional_and_RNA_Sequencing_Analysis_Revealed_Expression_of_a_Novel_Stay_Green.pdf,html_placeholder
Propylene oxide,Functionalized_hybrid_magnetic_catalytic_systems_on_micro__and_nanoscale_utilize.pdf,html_placeholder
Propylene oxide,Graph_Theory_Algorithm_for_Prediction_of_Electrolyte_Degradation_Reactions_in_Li.pdf,html_placeholder
Propylene oxide,Heat_Generation_and_Degradation_Mechanism_of_Lithium_Ion_Batteries_during_High_T.pdf,html_placeholder
Propylene oxide,Hepatitis_B_virus_X_protein_inhibits_autophagic_degradation_by_impairing_lysosom.pdf,html_placeholder
Propylene oxide,High_expression_of_nuclear_factor_90__NF90__leads_to_mitochondrial_degradation_i.pdf,html_placeholder
Propylene oxide,Hollow_Hafnium_Oxide__HfO_sub_2__sub___Fibers__Using_an_Effective_Combination_of.pdf,html_placeholder
Propylene oxide,How_to_Build_a_Microplastics_Free_Environment__Strategies_for_Microplastics_Degr.pdf,html_placeholder
Propylene oxide,Hydrolytically_degradable_Poly__β_amino_ester__resins_with_tunable_degradation_f.pdf,html_placeholder
Propylene oxide,Hydrothermally_Grown_Globosa_like_TiO_sub_2__sub__Nanostructures_for_Effective_P.pdf,html_placeholder
Propylene oxide,IKKα_controls_ATG16L1_degradation_to_prevent_ER_stress_during_inflammation_.pdf,html_placeholder
Propylene oxide,Identification_and_Ultrastructural_Characterization_of_a_Novel_Nuclear_Degradati.pdf,html_placeholder
Propylene oxide,Impact_of_the_NGF_maturation_and_degradation_pathway_on_the_cortical_cholinergic.pdf,html_placeholder
Propylene oxide,Impaired_Expression_of_Prostaglandin_E2__PGE2__Synthesis_and_Degradation_Enzymes.pdf,html_placeholder
Propylene oxide,In_vitro_model_for_the_analysis_of_synovial_fibroblast_mediated_degradation_of_i.pdf,html_placeholder
Propylene oxide,In_vivo_model_of_cartilage_degradation__effects_of_a_matrix_metalloproteinase_in.pdf,html_placeholder
Propylene oxide,Inhibition_of_asialoglycoprotein_endocytosis_and_degradation_in_rat_hepatocytes_.pdf,html_placeholder
Propylene oxide,Insights_into_the_Mechanism_of_Carbon_Dioxide_and_Propylene_Oxide_Ring_Opening_C.pdf,html_placeholder
Propylene oxide,Involvement_of_linear_plasmids_in_aerobic_biodegradation_of_vinyl_chloride_.pdf,html_placeholder
Propylene oxide,Kinetic_Study_of_the_Thermal_and_Thermo_Oxidative_Degradations_of_Polystyrene_Re.pdf,html_placeholder
Propylene oxide,Kinetics_of_phenol_biodegradation_by_an_immobilized_methanogenic_consortium_.pdf,html_placeholder
Propylene oxide,Ligand_Specific_Factors_Influencing_GLP_1_Receptor_Post_Endocytic_Trafficking_an.pdf,html_placeholder
Propylene oxide,Local_degradation_pathways_in_lithium_rich_manganese_nickel_cobalt_oxide_epitaxi.pdf,html_placeholder
Propylene oxide,Low_temperature____200__C__degradation_of_electronic_nicotine_delivery_system_li.pdf,html_placeholder
Propylene oxide,Matrix_Metalloproteinase_1_and_Acid_Phosphatase_in_the_Degradation_of_the_Lamina.pdf,html_placeholder
Propylene oxide,Mesoporous_TiO_sub_2__sub__and_Fe_containing_TiO_sub_2__sub__prepared_by_solutio.pdf,html_placeholder
Propylene oxide,Multicomponent_Nanomaterials_with_Complex_Networked_Architectures_from_Orthogona.pdf,html_placeholder
Propylene oxide,Nanoparticles_for__two_color___sup_19__sup_F_magnetic_resonance_imaging__Towards.pdf,html_placeholder
Propylene oxide,Neuronal_activity_induces_glucosylceramide_that_is_secreted_via_exosomes_for_lys.pdf,html_placeholder
Propylene oxide,Neutrophils_use_selective_autophagy_receptor_Sqstm1_p62_to_target__i_Staphylococ.pdf,html_placeholder
Propylene oxide,New_methodologies_for_the_detection__identification__and_quantification_of_micro.pdf,html_placeholder
Propylene oxide,Nilotinib_reverses_loss_of_dopamine_neurons_and_improves_motor_behavior_via_auto.pdf,html_placeholder
Propylene oxide,Novel_magnetic_bimetallic_AuCu_catalyst_for_reduction_of_nitroarenes_and_degrada.pdf,html_placeholder
Propylene oxide,Nucleophagy_in_Aspergillus_oryzae_is_Mediated_by_Autophagosome_Formation_and_Vac.pdf,html_placeholder
Propylene oxide,On_the_Mechanism_of_the_Ionizing_Radiation_Induced_Degradation_and_Recycling_of_.pdf,html_placeholder
Propylene oxide,Optically_Transparent_Polydimethylsiloxane_Ethylene_Oxide_Propylene_Oxide_Multib.pdf,html_placeholder
Propylene oxide,Oxidative_stress_induces_caveolin_1_degradation_and_impairs_caveolae_functions_i.pdf,html_placeholder
Propylene oxide,PQBP3_prevents_senescence_by_suppressing_PSME3_mediated_proteasomal_Lamin_B1_deg.pdf,html_placeholder
Propylene oxide,PROTAC_Delivery_Strategies_for_Overcoming_Physicochemical_Properties_and_Physiol.pdf,html_placeholder
Propylene oxide,Partial_deletion_of_membrane_bound_domain_of_3_hydroxy_3_methylglutaryl_coenzyme.pdf,html_placeholder
Propylene oxide,Pathway_of_degradation_of_nitrilotriacetate_by_a_Pseudomonas_species_.pdf,html_placeholder
Propylene oxide,Peroxisome_degradation_by_microautophagy_in_Pichia_pastoris__identification_of_s.pdf,html_placeholder
Propylene oxide,Phosphatidylethanolamine_Protects_Nucleus_Pulposus_Cells_From_Oxidative_Stress_I.pdf,html_placeholder
Propylene oxide,Photocatalytic_Activities_of_FeNbO_sub_4__sub__NH_sub_2__sub__MIL_125_Ti__Compos.pdf,html_placeholder
Propylene oxide,Photocatalytic_Performance_and_Degradation_Pathway_of_Rhodamine_B_with_TS_1_C_su.pdf,html_placeholder
Propylene oxide,Photocatalytic_degradation_of_industrial_acrylonitrile_wastewater_by_F_S_Bi_TiO_.pdf,html_placeholder
Propylene oxide,Photodegradation_and_stabilization_of_betamethasone_17_valerate_in_aqueous_organ.pdf,html_placeholder
Propylene oxide,Photodegradation_assessment_of_ciprofloxacin__moxifloxacin__norfloxacin_and_oflo.pdf,html_placeholder
Propylene oxide,Photodegradation_of_Bexarotene_and_Its_Implication_for_Cytotoxicity_.pdf,html_placeholder
Propylene oxide,Photodegradation_of_Flucetosulfuron__a_Sulfonylurea_Based_Herbicide_in_the_Aqueo.pdf,html_placeholder
Propylene oxide,Physical__Chemical_and_Proteomic_Evidence_of_Potato_Suberin_Degradation_by_the_P.pdf,html_placeholder
Propylene oxide,Physiologically_relevant_oxidative_degradation_of_oligo_proline__cross_linked_po.pdf,html_placeholder
Propylene oxide,Phytoplasma_Infection_Blocks_Starch_Breakdown_and_Triggers_Chloroplast_Degradati.pdf,html_placeholder
Propylene oxide,Poly_3_hydroxybutyrate__Modified_with_Thermoplastic_Polyurethane_and_Microfibril.pdf,html_placeholder
Propylene oxide,Preparation_and_properties_of_propylene_oxide_and_octenylsuccinic_anhydride_modi.pdf,html_placeholder
Propylene oxide,Principles_for_Controlling_the_Shape_Recovery_and_Degradation_Behavior_of_Biodeg.pdf,html_placeholder
Propylene oxide,RIP3_impedes_transcription_factor_EB_to_suppress_autophagic_degradation_in_septi.pdf,html_placeholder
Propylene oxide,Recent_Advances_in_Black_Phosphorous_Based_Photocatalysts_for_Degradation_of_Eme.pdf,html_placeholder
Propylene oxide,Recent_advances_and_trends_of_trichloroethylene_biodegradation__A_critical_revie.pdf,html_placeholder
Propylene oxide,Recent_advances_in_bismuth_oxyhalide_photocatalysts_for_degradation_of_organic_p.pdf,html_placeholder
Propylene oxide,Recent_progress_in_additive_inorganic_flame_retardants_polymer_composites__Degra.pdf,html_placeholder
Propylene oxide,Regulated_degradation_of_an_endoplasmic_reticulum_membrane_protein_in_a_tubular_.pdf,html_placeholder
Propylene oxide,Review_on_the_Biological_Degradation_of_Polymers_in_Various_Environments_.pdf,html_placeholder
Propylene oxide,Rice_Senescence_Induced_Receptor_Like_Kinase___i_OsSRLK__i___Is_Involved_in_Phyt.pdf,html_placeholder
Propylene oxide,Rivalry_at_the_Interface__Ion_Desolvation_and_Electrolyte_Degradation_in_Model_E.pdf,html_placeholder
Propylene oxide,Rumen_bacterial_and_fungal_degradation_of_Digitaria_pentzii_grown_with_or_withou.pdf,html_placeholder
Propylene oxide,Rumen_bacterial_interrelationships_with_plant_tissue_during_degradation_revealed.pdf,html_placeholder
Propylene oxide,Scanning_Electrochemical_Microscopy_Reveals_That_Model_Silicon_Anodes_Demonstrat.pdf,html_placeholder
Propylene oxide,Schwann_cells_ER_associated_degradation_contributes_to_myelin_maintenance_in_adu.pdf,html_placeholder
Propylene oxide,Selective_autophagic_degradation_of_ACLY__ATP_citrate_lyase__maintains_citrate_h.pdf,html_placeholder
Propylene oxide,Solvent_Induced_Degradation_of_Electrochemically_Exfoliated_Vanadium_Selenide_Vi.pdf,html_placeholder
Propylene oxide,Sperm_degradation_after_vasectomy_follows_a_sperm_chromatin_fragmentation_depend.pdf,html_placeholder
Propylene oxide,Spermine_increases_acetylation_of_tubulins_and_facilitates_autophagic_degradatio.pdf,html_placeholder
Propylene oxide,Spin_Trapping_Analysis_of_Radical_Intermediates_on_the_Thermo_Oxidative_Degradat.pdf,html_placeholder
Propylene oxide,Study_on_Thermal_Decomposition_Behaviors_of_Terpolymers_of_Carbon_Dioxide__Propy.pdf,html_placeholder
Propylene oxide,Surfactant_tuned_vanadium_pentoxide_for_enhanced_photocatalytic_degradation_of_o.pdf,html_placeholder
Propylene oxide,Synergistic_Effects_of_Multiple_Environmental_Factors_on_Degradation_of_Silicone.pdf,html_placeholder
Propylene oxide,Synthesis_of_Poly_propylene_oxide__Poly__i_N_N___i__dimethylacrylamide__Diblock_.pdf,html_placeholder
Propylene oxide,TFEB_deficiency_attenuates_mitochondrial_degradation_upon_brown_adipose_tissue_w.pdf,html_placeholder
Propylene oxide,TRPA1_Activation_Induced_Myelin_Degradation_Plays_a_Key_Role_in_Motor_Dysfunctio.pdf,html_placeholder
Propylene oxide,The_Influence_of_UV_Radiation_Aging_on_Degradation_of_Shear_Thickening_Fluids_.pdf,html_placeholder
Propylene oxide,The_Role_of_Ligand_Exchange_in_Salen_Cobalt_Complexes_in_the_Alternating_Copolym.pdf,html_placeholder
Propylene oxide,The_Thermo_Oxidative_Degradation_of_Polyurethane_Open_Cell_Soft_Foam_Investigate.pdf,html_placeholder
Propylene oxide,The_photodegradation_of_quercetin__relation_to_oxidation_.pdf,html_placeholder
Propylene oxide,The_presence_and_degradation_of_nerve_fibers_in_articular_cartilage_of_neonatal_.pdf,html_placeholder
Propylene oxide,The_propanediol_utilization__pdu__operon_of_Salmonella_enterica_serovar_Typhimur.pdf,html_placeholder
Propylene oxide,The_sources__fate__and_toxicity_of_chemical_warfare_agent_degradation_products_.pdf,html_placeholder
Propylene oxide,Thermal_Degradation_Characteristic_and_Flame_Retardancy_of_Polylactide_Based_Nan.pdf,html_placeholder
Propylene oxide,Thermal_Degradation_Kinetics_of_ZnO_polyester_Nanocomposites_.pdf,html_placeholder
Propylene oxide,Triboelectric_Nanogenerators_for_Self_Powered_Degradation_of_Chemical_Pollutants.pdf,html_placeholder
Propylene oxide,Ube2v1_mediated_ubiquitination_and_degradation_of_Sirt1_promotes_metastasis_of_c.pdf,html_placeholder
Propylene oxide,Ubiquitin_binding_site_2_of_ataxin_3_prevents_its_proteasomal_degradation_by_int.pdf,html_placeholder
Propylene oxide,Ultrastructure_of_the_degradation_of_erythrocytes_by_thyroid_epithelial_cells_in.pdf,html_placeholder
Propylene oxide,Understanding_Degradation_at_the_Lithium_Ion_Battery_Cathode_Electrolyte_Interfa.pdf,html_placeholder
Propylene oxide,Understanding_the_Chemical_Degradation_of_Ti_lt_sub_gt_3_lt__sub_gt_C_lt_sub_gt_.pdf,html_placeholder
Propylene oxide,Unexpected_intracellular_biodegradation_and_recrystallization_of_gold_nanopartic.pdf,html_placeholder
Propylene oxide,VAMP_associated_proteins_are_required_for_autophagic_and_lysosomal_degradation_b.pdf,html_placeholder
Propylene oxide,Visible_Light_Induced_Photocatalytic_Degradation_of_Naproxen_Using_5__Cu_TiO_sub.pdf,html_placeholder
Propylene oxide,Visible_light_photoelectrocatalysis_H_sub_2__sub_O_sub_2__sub__synergistic_degra.pdf,html_placeholder
Propylene oxide,Voluntary_wheel_running_prevents_formation_of_membrane_attack_complexes_and_myel.pdf,html_placeholder
Propylene oxide,Water_Soluble__Biocompatible_Polyphosphazenes_with_Controllable_and_pH_Promoted_.pdf,html_placeholder
Propylene oxide,Zn_sup_2___sup__Dependent_Nuclease_Is_Involved_in_Nuclear_Degradation_during_the.pdf,html_placeholder
Propylene oxide,_Core_Shell__Nanocomposites_as_Photocatalysts_for_the_Degradation_of_the_Water_P.pdf,html_placeholder
Propylene oxide,_i_Bacilli___i_Mediated_Degradation_of_Xenobiotic_Compounds_and_Heavy_Metals_.pdf,html_placeholder
Propylene oxide,_i_Garcinia_cambogia__i__attenuates_adipogenesis_by_affecting_CEBPB_and_SQSTM1_p.pdf,html_placeholder
Prothioconazole,Changed_degradation_behavior_of_pesticides_when_present_in_mixtures_.pdf,html_placeholder
Prothioconazole,Degradation_pathway_of_triazole_fungicides_and_synchronous_removal_of_transforma.pdf,html_placeholder
Prothioconazole,Effect_of_novel_botanical_synergist_on_the_effectiveness_and_residue_behavior_of.pdf,html_placeholder
Prothioconazole,Effective_and_Sustained_Control_of_Soil_Borne_Plant_Diseases_by_Biodegradable_Po.pdf,html_placeholder
Prothioconazole,Enantioselective_Toxic_Effects_of_Prothioconazole_toward__i_Scenedesmus_obliquus.pdf,html_placeholder
Prothioconazole,Evaluation_of_confirmatory_data_following_the_Article_12_MRL_review_and_modifica.pdf,html_placeholder
Prothioconazole,Modification_of_the_existing_maximum_residue_levels_for_prothioconazole_in_garli.pdf,html_placeholder
Prothioconazole,Modification_of_the_existing_maximum_residue_levels_for_prothioconazole_in_sugar.pdf,html_placeholder
Prothioconazole,Plasma_Technology_Increases_the_Efficacy_of_Prothioconazole_against__i_Fusarium_.pdf,html_placeholder
Pydiflumetofen,Assessment of the Hydrolysis of Pydiflumetofen and Its Degradation Characteristics in Agricultural Soils..pdf,pdf_header
Pydiflumetofen,Dissipation and Dietary Risk Assessment of Pydiflumetofen Residues in Soybean..pdf,pdf_header
Pydiflumetofen,Evaluation of exploitive potential for higher bioactivity and lower residue risk enantiomer of chiral fungicide pydiflumetofen..pdf,pdf_header
Pydiflumetofen,Peer review of the pesticide risk assessment of the active substance pydiflumetofen..pdf,pdf_header
Pydiflumetofen,Updated peer review of the pesticide risk assessment of the active substance pydiflumetofen..pdf,pdf_header
Pymetrozine,A novel hydrolase PyzH catalyses the cleavage of C=N double bond for pymetrozine degradation in Pseudomonas sp. BYT-1..pdf,pdf_header
Pymetrozine,Acute Toxicity of an Emerging Insecticide Pymetrozine to Procambarus clarkii Associated with Rice-Crayfish Culture (RCIS)..pdf,pdf_header
Pymetrozine,"Degradation of cyprodinil, fludioxonil, cyfluthrin and pymetrozine on lettuce after different application methods..pdf",pdf_header
Pymetrozine,Development and evaluation of pymetrozine controlled-release formulation to control paddy planthopper..pdf,pdf_header
Pymetrozine,"Dissipation kinetics and exposure of spirotetramat and pymetrozine in open fields, a prelude to risk assessment of green bean consumption..pdf",pdf_header
Pymetrozine,Electrochemical behavior of the insecticide pymetrozine at an electrochemically pretreated glassy carbon electrode and its analytical application..pdf,pdf_header
Pymetrozine,Isolation and Characterization of the Pymetrozine-Degrading Strain Pseudomonas sp. BYT-1..pdf,pdf_header
Pymetrozine,Kinetic study of the degradation of the insecticide pymetrozine in a vegetable-field ecosystem..pdf,pdf_header
Pymetrozine,Monitoring residue levels and dietary risk assessment of pymetrozine for Chinese consumption of cauliflower..pdf,pdf_header
Pymetrozine,Optimization of pretreatment in pymetrozine production wastewater via reactive distillation and side-stream distillation methods with response surface methodology..pdf,pdf_header
Pymetrozine,Residue Behavior of Methoxyfenozide and Pymetrozine in Chinese Cabbage and Their Health Risk Assessment..pdf,pdf_header
Pymetrozine,Residues and dynamics of pymetrozine in rice field ecosystem..pdf,pdf_header
Pymetrozine,Resin bound gold nanocomposites assisted SEATR-FTIR spectroscopy for detection of pymetrozine insecticide in vegetable samples..pdf,pdf_header
Pymetrozine,Role of Insect Gut Microbiota in Pesticide Degradation A Review..pdf,pdf_header
Pymetrozine,Self-Cleaning-Mediated SERS Chip Coupled Chemometric Algorithms for Detection and Photocatalytic Degradation of Pesticides in Food..pdf,pdf_header
Pymetrozine,Synergistic effects of layered Ti3C2TX MXeneMIL-101(Cr) heterostructure as a sonocatalyst for efficient degradation of sulfadiazine and acetaminophen in water.pdf,pdf_header
Pyraclostrobin,An_Overview_of_Strobilurin_Fungicide_Degradation_Current_Status_and_Future_Persp.pdf,html_placeholder
Pyraclostrobin,Contribution_of_insect_gut_microbiota_and_their_associated_enzymes_in_insect_phy.pdf,html_placeholder
Pyraclostrobin,Detoxification_Esterase_StrH_Initiates_Strobilurin_Fungicide_Degradation_in__i_H.pdf,html_placeholder
Pyraclostrobin,Dissipation_Behavior_and_Dietary_Risk_Assessment_of_Thiamethoxam__Pyraclostrobin.pdf,html_placeholder
Pyraclostrobin,Dissipation_Residue_Behaviors_and_Dietary_Risk_Assessment_of_Boscalid_and_Pyracl.pdf,html_placeholder
Pyraclostrobin,Dissipation__Residue_and_Human_Dietary_Risk_Assessment_of_Pyraclostrobin_and_Cya.pdf,html_placeholder
Pyraclostrobin,Dissipation_and_Dietary_Risk_Assessment_of_the_Fungicide_Pyraclostrobin_in_Apple.pdf,html_placeholder
Pyraclostrobin,Dissipation_and_Residues_of_Pyraclostrobin_in__i_Rosa_roxburghii__i__and_Soil_un.pdf,html_placeholder
Pyraclostrobin,Field_relevant_doses_of_the_systemic_insecticide_fipronil_and_fungicide_pyraclos.pdf,html_placeholder
Pyraclostrobin,Isolation__Characterization_of_Pyraclostrobin_Derived_from_Soil_Actinomycete__i_.pdf,html_placeholder
Pyraclostrobin,Kinetics_and_New_Mechanism_of_Azoxystrobin_Biodegradation_by_an__i_Ochrobactrum_.pdf,html_placeholder
Pyraclostrobin,Modification_of_the_existing_maximum_residue_level_for_pyraclostrobin_in_sweet_c.pdf,html_placeholder
Pyraclostrobin,Modification_of_the_existing_maximum_residue_levels_and_setting_of_import_tolera.pdf,html_placeholder
Pyraclostrobin,Modification_of_the_existing_maximum_residue_levels_for_pyraclostrobin_in_soyabe.pdf,html_placeholder
Pyraclostrobin,Nanopesticide_Formulation_from_Pyraclostrobin_and_Graphene_Oxide_as_a_Nanocarrie.pdf,html_placeholder
Pyraclostrobin,Peer_review_of_the_pesticide_risk_assessment_of_the_active_substance_pyraclostro.pdf,html_placeholder
Pyraclostrobin,Pesticide_Use_and_Degradation_Strategies__Food_Safety__Challenges_and_Perspectiv.pdf,html_placeholder
Pyraclostrobin,Setting_of_an_import_tolerance_for_pyraclostrobin_in_rice_.pdf,html_placeholder
Pyraclostrobin,Setting_of_import_tolerance_for_pyraclostrobin_in_papayas_.pdf,html_placeholder
Pyraclostrobin,Synergistic_Effects_of_Oligochitosan_and_Pyraclostrobin_in_Controlling_Leaf_Spot.pdf,html_placeholder
Pyraclostrobin,Synthesis_and_Characterization_of_Stimuli_Responsive_Poly_2_dimethylamino_ethylm.pdf,html_placeholder
Pyraclostrobin,Temperature_Responsive_Pyraclostrobin_Loaded_Octadecane_Submicrocapsules_with_Lo.pdf,html_placeholder
Pyraclostrobin,Ternary_Mixture_of_Azoxystrobin__Boscalid_and_Pyraclostrobin_Disrupts_the_Gut_Mi.pdf,html_placeholder
Pyraclostrobin,The_combined_formulation_of_brassinolide_and_pyraclostrobin_increases_biomass_an.pdf,html_placeholder
Pyraclostrobin,The_fungicide_pyraclostrobin_affects_gene_expression_by_altering_the_DNA_methyla.pdf,html_placeholder
Pyraclostrobin,Transcriptomic_Profiling_of__i_Fusarium_pseudograminearum__i__in_Response_to_Car.pdf,html_placeholder
Pyrasulfotole,"Assessment of fall-back MRLs for revoked CXLs previously implemented in the EU legislation and review of the JMPR evaluation of the toxicological data related to pyrasulfotole, pyraziflumid, spiropidion and tetraniliprole..pdf",pdf_header
Pyraziflumid,"Assessment of fall-back MRLs for revoked CXLs previously implemented in the EU legislation and review of the JMPR evaluation of the toxicological data related to pyrasulfotole, pyraziflumid, spiropidion and tetraniliprole..pdf",pdf_header
Pyrethrins,Augmentation_of_pyrethrins_content_in_callus_of__i_Chrysanthemum_cinerariaefoliu.pdf,html_placeholder
Pyrethrins,Biodegradation_of_cypermethrin_by_immobilized_cells_of_Micrococcus_sp__strain_CP.pdf,html_placeholder
Pyrethrins,Characterization_of_a_Pyrethroid_Degrading__i_Pseudomonas_fulva__i__Strain_P31_a.pdf,html_placeholder
Pyrethrins,Co_Metabolic_Degradation_of_β_Cypermethrin_and_3_Phenoxybenzoic_Acid_by_Co_Cultu.pdf,html_placeholder
Pyrethrins,Co_Toxicity_Factor_Analysis_Reveals_Numerous_Plant_Essential_Oils_Are_Synergists.pdf,html_placeholder
Pyrethrins,Degradation__metabolism_and_toxicity_of_synthetic_pyrethroids_.pdf,html_placeholder
Pyrethrins,Degradation_of_Organophosphorus_and_Pyrethroid_Insecticides_in_Beverages__Implic.pdf,html_placeholder
Pyrethrins,Dissipation_and_Residues_of_Pyrethrins_in_Leaf_Lettuce_under_Greenhouse_and_Open.pdf,html_placeholder
Pyrethrins,Effects_of_sub_lethal_concentrations_of_copper_ammonium_acetate__pyrethrins_and_.pdf,html_placeholder
Pyrethrins,Expression__Characterization__Fermentation__Immobilization__and_Application_of_a.pdf,html_placeholder
Pyrethrins,Field_Assessment_of_Naled_and_Its_Primary_Degradation_Product__Dichlorvos__in_Aq.pdf,html_placeholder
Pyrethrins,Green_photosensitisers_for_the_degradation_of_selected_pesticides_of_high_risk_i.pdf,html_placeholder
Pyrethrins,Kinetics_and_Novel_Degradation_Pathway_of_Permethrin_in__i_Acinetobacter_baumann.pdf,html_placeholder
Pyrethrins,Microbial_Degradation_of_Pesticide_Residues_and_an_Emphasis_on_the_Degradation_o.pdf,html_placeholder
Pyrethrins,Natural_and_Synthetic_Pyrethrins_Act_as_Feeding_Deterrents_against_the_Black_Blo.pdf,html_placeholder
Pyrethrins,Neustonic_versus_epiphytic_bacteria_of_eutrophic_lake_and_their_biodegradation_a.pdf,html_placeholder
Pyrethrins,Novel_Mechanism_and_Kinetics_of_Tetramethrin_Degradation_Using_an_Indigenous__i_.pdf,html_placeholder
Pyrethrins,Pathway_and_kinetics_of_cyhalothrin_biodegradation_by_Bacillus_thuringiensis_str.pdf,html_placeholder
Pyrethrins,Potential_of_Gas_Propelled_Aerosol_Containing_Synergized_Pyrethrins_for_Localize.pdf,html_placeholder
Pyrethrins,Presence_of_esterase_and_laccase_in_Bacillus_subtilis_facilitates_biodegradation.pdf,html_placeholder
Pyrethrins,Pyrethrins_and_Pyrethroids__A_Comprehensive_Review_of_Natural_Occurring_Compound.pdf,html_placeholder
Pyrethrins,Residue_Behaviors_and_Degradation_Dynamics_of_Insecticides_Commonly_Applied_to__.pdf,html_placeholder
Pyrethrins,Simultaneous_Determination_of_Pyrethrins__Pyrethroids__and_Piperonyl_Butoxide_in.pdf,html_placeholder
Pyrethrins,Simultaneous_biodegradation_of_λ_cyhalothrin_pesticide_and_Vicia_faba_growth_pro.pdf,html_placeholder
Pyrethrins,Study_of_the_Photocatalytic_Degradation_of_Highly_Abundant_Pesticides_in_Agricul.pdf,html_placeholder
Pyrethrins,Sustainable_nano_pesticide_platform_based_on_Pyrethrins_II_for_prevention_and_co.pdf,html_placeholder
Pyrethrins,The_Rapid_Degradation_of_Lambda_Cyhalothrin_Makes_Treated_Vegetables_Relatively_.pdf,html_placeholder
Pyrethrins,The_low_lethal_concentrations_of_rotenone_and_pyrethrins_suppress_the_population.pdf,html_placeholder
Pyrethrins,Toxicity_evaluation_and_degradation_of_cypermethrin_contaminated_soil_using_bioc.pdf,html_placeholder
Pyrethrins,Trypsin_catalyzed_deltamethrin_degradation_.pdf,html_placeholder
Pyrethrins,_i_Bacilli___i_Mediated_Degradation_of_Xenobiotic_Compounds_and_Heavy_Metals_.pdf,html_placeholder
Pyridate,Dynamics of the Degradation of Acetyl-CoA Carboxylase Herbicides in Vegetables..pdf,pdf_header
Pyridate,Modification of the existing maximum residue level for pyridate in chives..pdf,pdf_header
Pyridate,"Simultaneous Determination of Pyridate, Quizalofop-ethyl, and Cyhalofop-butyl Residues in Agricultural Products Using Liquid Chromatography-Tandem Mass Spectrometry..pdf",pdf_header
Pyrifluquinazon,In Utero Exposure to a Mixture of the Perfluoroalkyl-Isopropyl Pesticide Pyrifluquinazon With Dibutyl Phthalate Cumulatively Disrupts Male Rat Reproductive Development via Different Mechanisms of Action..pdf,pdf_header
Pyrimethanil,Adsorption_and_Photocatalytic_Degradation_of_Pesticides_into_Nanocomposites__A_R.pdf,html_placeholder
Pyrimethanil,Biomarkers_of_Exposure_to_Pyrimethanil_After_Controlled_Human_Experiments_.pdf,html_placeholder
Pyrimethanil,Changes_to_Soil_Microbiome_Resulting_from_Synergetic_Effects_of_Fungistatic_Comp.pdf,html_placeholder
Pyrimethanil,Conditions_Optimizing_and_Application_of_Laccase_mediator_System__LMS__for_the_L.pdf,html_placeholder
Pyrimethanil,Degradation_of_2_4_dichlorophenoxyacetic_acid__2_4_D__and_2_4_5_trichlorophenoxy.pdf,html_placeholder
Pyrimethanil,Degradation_of_Pesticides_Using_Semiconducting_and_Tetrapyrrolic_Macrocyclic_Pho.pdf,html_placeholder
Pyrimethanil,Electrospun_Nanofibers_Incorporated_with_HPγCD_Inclusion_Complex_for_Improved_Wa.pdf,html_placeholder
Pyrimethanil,Evaluation_of_Highly_Detectable_Pesticides_Sprayed_in__i_Brassica_napus__i__L___.pdf,html_placeholder
Pyrimethanil,Improving_the_efficiency_of_Fenton_reactions_and_their_application_in_the_degrad.pdf,html_placeholder
Pyrimethanil,Laccases__Production__Expression_Regulation__and_Applications_in_Pharmaceutical_.pdf,html_placeholder
Pyrimethanil,Linking_Enzymatic_Oxidative_Degradation_of_Lignin_to_Organics_Detoxification_.pdf,html_placeholder
Pyrimethanil,MITAS__A_model_for_assessing_the_time_dependent_risk_of_sequential_applications_.pdf,html_placeholder
Pyrimethanil,Modification_of_the_existing_maximum_residue_levels_for_pyrimethanil_in_table_gr.pdf,html_placeholder
Pyrimethanil,Peer_review_of_the_pesticide_risk_assessment_of_the_active_substance_pyrimethani.pdf,html_placeholder
Pyrimethanil,Possible_Genotoxic_Effects_of_Post_Harvest_Fungicides_Applied_on_Citrus_Peels__I.pdf,html_placeholder
Pyrimethanil,Simulated_climate_change_conditions_unveil_the_toxic_potential_of_the_fungicide_.pdf,html_placeholder
Pyriofenone,Review of the existing maximum residue levels for pyriofenone according to Article 12 of Regulation (EC) NoÂ 3962005..pdf,pdf_header
Pyriproxyfen,A_high_throughput_HPLC_method_for_simultaneous_quantification_of_pyrethroid_and_.pdf,html_placeholder
Pyriproxyfen,Assessing_Insect_Growth_Regulator_Resistance_Using_Bioassays__A_Systematic_Revie.pdf,html_placeholder
Pyriproxyfen,Contribution_of_insect_gut_microbiota_and_their_associated_enzymes_in_insect_phy.pdf,html_placeholder
Pyriproxyfen,Current_and_future_opportunities_of_autodissemination_of_pyriproxyfen_approach_f.pdf,html_placeholder
Pyriproxyfen,Degradation_of_Pesticide_Residues_in_Water__Soil__and_Food_Products_via_Cold_Pla.pdf,html_placeholder
Pyriproxyfen,Effects_of_Pyriproxyfen_Exposure_on_Reproduction_and_Gene_Expressions_in_Silkwor.pdf,html_placeholder
Pyriproxyfen,Effects_of_Pyriproxyfen_on_Female_Reproduction_in_the_Common_Cutworm__Spodoptera.pdf,html_placeholder
Pyriproxyfen,Efficacy_Assessment_of_Autodissemination_Using_Pyriproxyfen_Treated_Ovitraps_in_.pdf,html_placeholder
Pyriproxyfen,Enhanced_Degradation_of_Juvenile_Hormone_Promotes_Reproductive_Diapause_in_the_P.pdf,html_placeholder
Pyriproxyfen,Evaluation_of_the_safe_use_and_dietary_risk_of_beta_cypermethrin__pyriproxyfen__.pdf,html_placeholder
Pyriproxyfen,Fate_of_Pyriproxyfen_in_Soils_and_Plants_.pdf,html_placeholder
Pyriproxyfen,Field_Efficacy_of_Larvivorous_Fish_and_Pyriproxyfen_Combined_with_Community_Enga.pdf,html_placeholder
Pyriproxyfen,Histopathological_and_Behavioral_Impairments_in_Zebrafish___i_Danio_rerio__i___C.pdf,html_placeholder
Pyriproxyfen,In_Silico_Prediction_of_the_Mechanism_of_Action_of_Pyriproxyfen_and_4__OH_Pyripr.pdf,html_placeholder
Pyriproxyfen,LLIN_Evaluation_in_Uganda_Project__LLINEUP2____Effect_of_long_lasting_insecticid.pdf,html_placeholder
Pyriproxyfen,Larval_Exposure_to_the_Juvenile_Hormone_Analog_Pyriproxyfen_Disrupts_Acceptance_.pdf,html_placeholder
Pyriproxyfen,Lethal_and_Sublethal_Effects_of_Pyriproxyfen_on__i_Apis__i__and_Non__i_Apis__i__.pdf,html_placeholder
Pyriproxyfen,Microbial_Degradation_of_Pesticide_Residues_and_an_Emphasis_on_the_Degradation_o.pdf,html_placeholder
Pyriproxyfen,Modification_of_the_existing_maximum_residue_levels_for_pyriproxyfen_in_apricots.pdf,html_placeholder
Pyriproxyfen,Molecular_action_of_pyriproxyfen__Role_of_the_Methoprene_tolerant_protein_in_the.pdf,html_placeholder
Pyriproxyfen,Ovicidal_and_Insecticidal_Activities_of_Pyriproxyfen_Derivatives_with_an_Oxime_E.pdf,html_placeholder
Pyriproxyfen,Peer_review_of_the_pesticide_risk_assessment_of_the_active_substance_pyriproxyfe.pdf,html_placeholder
Pyriproxyfen,Residue_Behaviors_and_Degradation_Dynamics_of_Insecticides_Commonly_Applied_to__.pdf,html_placeholder
Pyriproxyfen,Review_of_the_existing_maximum_residue_levels_for_pyriproxyfen_according_to_Arti.pdf,html_placeholder
Pyriproxyfen,Simultaneous_biodegradation_of_λ_cyhalothrin_pesticide_and_Vicia_faba_growth_pro.pdf,html_placeholder
Pyriproxyfen,Toxicological_Analysis_of_Acetamiprid_Degradation_by_the_Dominant_Strain_Md2_and.pdf,html_placeholder
Quinclorac,Biodegradation_of_diuron_by_an_endophytic_fungus_Neurospora_intermedia_DP8_1_iso.pdf,html_placeholder
Quinclorac,Combined_effects_of_micropollutants_and_their_degradation_on_prokaryotic_communi.pdf,html_placeholder
Quinclorac,Complementary_RNA_Sequencing_Based_Transcriptomics_and_iTRAQ_Proteomics_Reveal_t.pdf,html_placeholder
Quinclorac,Ethylene_Biosynthesis_Inhibition_Combined_with_Cyanide_Degradation_Confer_Resist.pdf,html_placeholder
Quinclorac,High_Resistance_to_Quinclorac_in_Multiple_Resistant__i_Echinochloa_colona__i__As.pdf,html_placeholder
Quinclorac,Identification_and_degradation_characteristics_of_Bacillus_cereus_strain_WD_2_is.pdf,html_placeholder
Quinclorac,Identifying_and_sequencing_a_Mycobacterium_sp__strain_F4_as_a_potential_bioremed.pdf,html_placeholder
Quinclorac,Isolation__Screening__and_Degradation_Characteristics_of_a_Quinclorac_Degrading_.pdf,html_placeholder
Quinclorac,Isolation__identification_and_characteristics_of_an_endophytic_quinclorac_degrad.pdf,html_placeholder
Quinclorac,Low_Temperature_Reduction_Synthesis_of_γ_Fe_sub_2__sub_O_sub_3_x__sub__biochar_C.pdf,html_placeholder
Quinclorac,Proteomic_Analysis_Comparison_on_the_Ecological_Adaptability_of_Quinclorac_Resis.pdf,html_placeholder
Quinclorac,The_Application_of_Multifunctional_Metal_Organic_Frameworks_for_the_Detection__A.pdf,html_placeholder
Quinclorac,_i_Bacilli___i_Mediated_Degradation_of_Xenobiotic_Compounds_and_Heavy_Metals_.pdf,html_placeholder
Quinoxyfen,Assessment of quinoxyfen phototransformation pathways by liquid chromatography coupled to accurate mass spectrometry..pdf,pdf_header
Quinoxyfen,"Fate of quinoxyfen residues in grapes, wine, and their processing products..pdf",pdf_header
Quinoxyfen,Peer review of the targeted hazard assessment of the pesticide active substance quinoxyfen..pdf,pdf_header
Quinoxyfen,Review of the existing maximum residue levels for quinoxyfen according to Article 12 of Regulation (EC) No 3962005..pdf,pdf_header
Quintozene,Abiotic degradation of pentachloronitrobenzene by Fe(III) reactions on goethite and iron oxide nanoparticles..pdf,pdf_header
Quintozene,Application of gamma irradiation in ginseng for both photodegradation of pesticide pentachloronitrobenzene and microbial decontamination..pdf,pdf_header
Quintozene,Bioaccumulation and degradation of pentachloronitrobenzene in Medicago sativa..pdf,pdf_header
Quintozene,Biodegradation of pentachloronitrobenzene by Arthrobacter nicotianae DH19..pdf,pdf_header
Quintozene,Biodegradation of pentachloronitrobenzene by Cupriavidus sp. YNS-85 and its potential for remediation of contaminated soils..pdf,pdf_header
Quintozene,Effective biodegradation of pentachloronitrobenzene by a novel strain Peudomonas putida QTH3 isolated from contaminated soil..pdf,pdf_header
Saflufenacil,"Aquatic Macrophytes in the Remediation of Atrazine in Water A Study on Herbicide Tolerance and Degradation Using Eichhornia crassipes , Pistia stratiotes , and Salvinia minima.pdf",pdf_header
Saflufenacil,"Bacterial adaptation to rhizosphere soil is independent of the selective pressure exerted by the herbicide saflufenacil, through the modulation of catalase and glutathione S-transferase..pdf",pdf_header
Saflufenacil,Low sorption and fast dissipation of the herbicide saflufenacil in surface soils and subsoils of an eroded prairie landscape..pdf,pdf_header
Saflufenacil,Soil residue analysis and degradation of saflufenacil as affected by moisture content and soil characteristics..pdf,pdf_header
Saflufenacil,"The Environmental Degradation and Distribution of Saflufenacil, a Fluorinated Protoporphyrinogen IX Oxidase-Inhibiting Herbicide, on a Canadian Winter Wheat Field..pdf",pdf_header
Saflufenacil,The Influence of Carrier Water pH and Hardness on Saflufenacil Efficacy and Solubility.pdf,pdf_header
Sedaxane,Biostimulant Effects of Seed-Applied Sedaxane Fungicide Morphological and Physiological Changes in Maize Seedlings..pdf,pdf_header
Sedaxane,Modification of the existing maximum residue level for sedaxane in potatoes..pdf,pdf_header
Sedaxane,Review of the existing maximum residue levels for sedaxane according to Article 12 of Regulation (EC) NoÂ 3962005..pdf,pdf_header
Sedaxane,"Stereoselective bioactivity, toxicity and degradation of novel fungicide sedaxane with four enantiomers under rice-wheat rotation mode..pdf",pdf_header
Spinetoram,Combinations of Beauveria bassiana and spinetoram for the management of four important stored-product pests laboratory and field trials..pdf,pdf_header
Spinetoram,Control Efficiency and Mechanism of Spinetoram Seed-Pelleting Against the Striped Flea Beetle Phyllotreta Striolata.pdf,pdf_header
Spinetoram,Degradation kinetics of the insecticide spinetoram in a rice field ecosystem..pdf,pdf_header
Spinetoram,Development of a Modified QuEChERS Method Coupled with LC-MSMS for Determination of Spinetoram Residue in Soybean (Glycine max) and Cotton (Gossypium hirsutum).pdf,pdf_header
Spinetoram,"Impacts of Sublethal Doses of Spinetoram on the Biological Traits and Detoxifying Enzymes of the Tomato Leaf Miner, iTuta absolutai (Lepidoptera Gelechiidae)..pdf",pdf_header
Spinetoram,Modification of the existing maximum residue levels for spinetoram in various crops..pdf,pdf_header
Spinetoram,Molecular Impact of Sublethal Spinetoram Exposure on Honeybee (iApis melliferai) Larval and Adult Transcriptomes..pdf,pdf_header
Spinetoram,Persistence and efficacy of spinetoram against three major stored grain beetle on wheat.pdf,pdf_header
Spinetoram,Role of Insect Gut Microbiota in Pesticide Degradation A Review..pdf,pdf_header
Spinetoram,Spinetoram confers its cytotoxic effects by inducing AMPKmTOR-mediated autophagy and oxidative DNA damage..pdf,pdf_header
Spinetoram,Spinetoram-Induced Potential Neurotoxicity through Autophagy Mediated by Mitochondrial Damage..pdf,pdf_header
Spinetoram,Toxicity and biochemical impact of methoxyfenozidespinetoram mixture on susceptible and methoxyfenozide-selected strains of Spodoptera littoralis (Lepidoptera Noctuidae)..pdf,pdf_header
Spinetoram,Transcriptome and Metabolome Analysis Reveals the Importance of Amino-Acid Metabolism in iSpodoptera Frugiperdai Exposed to Spinetoram..pdf,pdf_header
Spinosad,ARTP_NTG_Compound_Mutagenesis_Improved_the_Spinosad_Production_and_the_Insectici.pdf,html_placeholder
Spinosad,Biodegradation_of_Pine_Processionary_Caterpillar_Silk_Is_Mediated_by_Elastase__a.pdf,html_placeholder
Spinosad,Comparative_Proteomic_Analysis_of_saccharopolyspora_spinosa_SP06081_and_PR2_stra.pdf,html_placeholder
Spinosad,Comparative_transcriptomic_analysis_of_two_Saccharopolyspora_spinosa_strains_rev.pdf,html_placeholder
Spinosad,Differential_proteomic_profiling_reveals_regulatory_proteins_and_novel_links_bet.pdf,html_placeholder
Spinosad,Efficacy_and_non_target_impact_of_spinosad__Bti_and_temephos_larvicides_for_cont.pdf,html_placeholder
Spinosad,Engineering_the_TetR_family_transcriptional_regulator_XNR_0706_to_enhance_hetero.pdf,html_placeholder
Spinosad,Enhanced_triacylglycerol_metabolism_contributes_to_the_efficient_biosynthesis_of.pdf,html_placeholder
Spinosad,Evaluating_the_Compatibility_of_Spinosad_and_Alpha_Cypermethrin_for_Controlling_.pdf,html_placeholder
Spinosad,Evaluation_of_a_Spinosad_Controlled_Release_Formulation_Based_on_Chitosan_Carrie.pdf,html_placeholder
Spinosad,Evaluation_of_released_malathion_and_spinosad_from_chitosan_alginate_gelatin_cap.pdf,html_placeholder
Spinosad,Expression_of_xenobiotic_metabolizing_cytochrome_P450_genes_in_a_spinosad_resist.pdf,html_placeholder
Spinosad,Field_and_greenhouse_application_of_an_attract_and_kill_formulation_based_on_the.pdf,html_placeholder
Spinosad,Field_evaluation_of_the_biolarvicide__spinosad_20_per_cent_emulsifiable_concentr.pdf,html_placeholder
Spinosad,Immunodetection_of_Truncated_Forms_of_the_α6_Subunit_of_the_nAChR_in_the_Brain_o.pdf,html_placeholder
Spinosad,Influence_of_insecticides_flubendiamide_and_spinosad_on_biological_activities_in.pdf,html_placeholder
Spinosad,Low_doses_of_the_organic_insecticide_spinosad_trigger_lysosomal_defects__elevate.pdf,html_placeholder
Spinosad,Microbial_Degradation_of_Pesticide_Residues_and_an_Emphasis_on_the_Degradation_o.pdf,html_placeholder
Spinosad,Multiplying_the_heterologous_production_of_spinosad_through_tandem_amplification.pdf,html_placeholder
Spinosad,Nicotinic_acetylcholine_receptor_α6_subunit_mutation__G275V__found_in_a_spinosad.pdf,html_placeholder
Spinosad,Olive_fly_transcriptomics_analysis_implicates_energy_metabolism_genes_in_spinosa.pdf,html_placeholder
Spinosad,Peer_review_of_the_pesticide_risk_assessment_of_the_active_substance_spinosad_.pdf,html_placeholder
Spinosad,Quantitative_NMR_for_detection_of_spinosad_residues_in_agricultural_soils_.pdf,html_placeholder
Spinosad,Release_and_Degradation_of_Microencapsulated_Spinosad_and_Emamectin_Benzoate_.pdf,html_placeholder
Spinosad,Role_of_CYP9E2_and_a_long_non_coding_RNA_gene_in_resistance_to_a_spinosad_insect.pdf,html_placeholder
Spinosad,Role_of_Insect_Gut_Microbiota_in_Pesticide_Degradation__A_Review_.pdf,html_placeholder
Spinosad,Transcriptome_analysis_of_Drosophila_suzukii_reveals_molecular_mechanisms_confer.pdf,html_placeholder
Spinosad,Updated_peer_review_of_the_pesticide_risk_assessment_of_the_active_substance_spi.pdf,html_placeholder
Spinosad,_i_Chironomus_riparius__i__Proteome_Responses_to_Spinosad_Exposure_.pdf,html_placeholder
Spirodiclofen,Dissipation Kinetics and Risk Assessment of Spirodiclofen and Tebufenpyrad in iAster scaberi Thunb..pdf,pdf_header
Spirodiclofen,Enhanced degradation of spiro-insecticides and their leacher enol derivatives in soil by solarization and biosolarization techniques..pdf,pdf_header
Spirodiclofen,"In vitro metabolism of tebuconazole, flurtamone, fenhexamid, metalaxyl-M and spirodiclofen in Cannabis sativa L. (hemp) callus cultures..pdf",pdf_header
Spirodiclofen,Pesticide degradation capacity of a novel strain belonging toiSerratia sarumaniii(GBS19) with its genomic profile.pdf,pdf_header
Spirodiclofen,Review of the existing maximum residue levels for spirodiclofen according to Article 12 of Regulation (EC) No 3962005..pdf,pdf_header
Spirodiclofen,Terminal Residues and Risk Assessment of Spiromesifen and Spirodiclofen in Tomato Fruits..pdf,pdf_header
Spirodiclofen,Transcriptome profiling of a spirodiclofen susceptible and resistant strain of the European red mite Panonychus ulmi using strand-specific RNA-seq..pdf,pdf_header
Spiromesifen,Contribution of insect gut microbiota and their associated enzymes in insect physiology and biodegradation of pesticides..pdf,pdf_header
Spiromesifen,Dissipation kinetics of spiromesifen on tea (Camellia sinensis) under tropical conditions..pdf,pdf_header
Spiromesifen,"Dissipation of spiromesifen and spiromesifen-enol on tomato fruit, tomato leaf, and soil under field and controlled environmental conditions..pdf",pdf_header
Spiromesifen,Enhanced degradation of spiro-insecticides and their leacher enol derivatives in soil by solarization and biosolarization techniques.pdf,pdf_header
Spiromesifen,Persistence and dissipation kinetics of spiromesifen in chili and cotton..pdf,pdf_header
Spiromesifen,"Persistence of spiromesifen in soil influence of moisture, light, pH and organic amendment.pdf",pdf_header
Spiromesifen,"Repurposing Insecticides for Mosquito Control Evaluating Spiromesifen, a Lipid Synthesis Inhibitor against iAedes aegyptii (L.)..pdf",pdf_header
Spiromesifen,Residual characteristics and safety assessment of the insecticides spiromesifen and chromafenozide in lettuce and perilla..pdf,pdf_header
Spiromesifen,Review of the existing maximum residue levels for spiromesifen according to Article 12 of Regulation (EC) No 3962005.pdf,pdf_header
Spiromesifen,Role of Insect Gut Microbiota in Pesticide Degradation A Review..pdf,pdf_header
Spiromesifen,Setting of an import tolerance for spiromesifen in coffee beans..pdf,pdf_header
Spiromesifen,Terminal Residues and Risk Assessment of Spiromesifen and Spirodiclofen in Tomato Fruits..pdf,pdf_header
Spiropidion,"Assessment of fall-back MRLs for revoked CXLs previously implemented in the EU legislation and review of the JMPR evaluation of the toxicological data related to pyrasulfotole, pyraziflumid, spiropidion and tetraniliprole..pdf",pdf_header
Spiropidion,Simultaneous determination of spiropidion and its five major metabolites in sweet orange fruit and various processing by-products using ultra-high performance liquid chromatography-tandem mass spectrometry.pdf,pdf_header
Spiropidion,The effects of oil adjuvant on the degradation of spirotetramat and its metabolites in apple cultivation..pdf,pdf_header
Spirotetramat,Assessment_of_sublethal_and_transgenerational_effects_of_spirotetramat__on_popul.pdf,html_placeholder
Spirotetramat,Determination__residue_analysis_and_risk_assessment_of_thiacloprid_and_spirotetr.pdf,html_placeholder
Spirotetramat,Dissipation_kinetics_and_exposure_of_spirotetramat_and_pymetrozine_in_open_field.pdf,html_placeholder
Spirotetramat,Hapten_Design_and_Antibody_Generation_for_Immunoanalysis_of_Spirotetramat_and_Sp.pdf,html_placeholder
Spirotetramat,Metabolic_profile_and_behavior_of_clethodim_and_spirotetramat_in_herbs_during_pl.pdf,html_placeholder
Spirotetramat,Modification_of_the_existing_maximum_residue_levels_for_spirotetramat_in_herbs_a.pdf,html_placeholder
Spirotetramat,Modification_of_the_existing_maximum_residue_levels_for_spirotetramat_in_leeks__.pdf,html_placeholder
Spirotetramat,Modification_of_the_existing_maximum_residue_levels_for_spirotetramat_in_various.pdf,html_placeholder
Spirotetramat,Residue_Behaviors_and_Degradation_Dynamics_of_Insecticides_Commonly_Applied_to__.pdf,html_placeholder
Spirotetramat,The_effects_of_oil_adjuvant_on_the_degradation_of_spirotetramat_and_its_metaboli.pdf,html_placeholder
Sulfoxaflor,Contribution_of_insect_gut_microbiota_and_their_associated_enzymes_in_insect_phy.pdf,html_placeholder
Sulfoxaflor,Differences_in_the_Sublethal_Effects_of_Sulfoxaflor_and_Acetamiprid_on_the__i_Ap.pdf,html_placeholder
Sulfoxaflor,Efficient_Biodegradation_of_the_Neonicotinoid_Insecticide_Flonicamid_by_Pseudami.pdf,html_placeholder
Sulfoxaflor,Impact_of_Sulfoxaflor_on_Brown_Marmorated_Stink_Bug__Developmental_and_Reproduct.pdf,html_placeholder
Sulfoxaflor,Impairments_in_learning_and_memory_performances_associated_with_nicotinic_recept.pdf,html_placeholder
Sulfoxaflor,Individual_and_combined_impacts_of_sulfoxaflor_and__i_Nosema_bombi__i__on_bumble.pdf,html_placeholder
Sulfoxaflor,Insights_into_the_Toxicity_and_Degradation_Mechanisms_of_Imidacloprid_Via_Physic.pdf,html_placeholder
Sulfoxaflor,Microbial_Technologies_Employed_for_Biodegradation_of_Neonicotinoids_in_the_Agro.pdf,html_placeholder
Sulfoxaflor,Modification_of_the_existing_maximum_residue_levels_for_sulfoxaflor_in_grape_lea.pdf,html_placeholder
Sulfoxaflor,Modification_of_the_existing_maximum_residue_levels_for_sulfoxaflor_in_various_c.pdf,html_placeholder
Sulfoxaflor,Neither_sulfoxaflor__Crithidia_bombi__nor_their_combination_impact_bumble_bee_co.pdf,html_placeholder
Sulfoxaflor,Nonstereoselective_dissipation_of_sulfoxaflor_in_different_Puer_tea_processing_.pdf,html_placeholder
Sulfoxaflor,Occurrence_of_neonicotinoids_and_sulfoxaflor_in_major_aquifer_groups_in_Iowa_.pdf,html_placeholder
Sulfoxaflor,Role_of_Insect_Gut_Microbiota_in_Pesticide_Degradation__A_Review_.pdf,html_placeholder
Sulfoxaflor,Setting_of_import_tolerances_for_sulfoxaflor_in_various_crops_.pdf,html_placeholder
Sulfoxaflor,Sulfoxaflor_Applied_via_Drip_Irrigation_Effectively_Controls_Cotton_Aphid___i_Ap.pdf,html_placeholder
Sulfoxaflor,The_Toxic_Effects_of_Sulfoxaflor_Induced_in_Earthworms___i_Eisenia_fetida__i___u.pdf,html_placeholder
Sulfoxaflor,The_novel_insecticides_flupyradifurone_and_sulfoxaflor_do_not_act_synergisticall.pdf,html_placeholder
Sulfuryl fluoride,Commodity risk assessment of debarked conifer wood chips fumigated with sulfuryl fluoride from the US..pdf,pdf_header
Sulfuryl fluoride,Construction of PROTAC molecules by the SuFEx reaction for inducing p300CBP protein degradation..pdf,pdf_header
Sulfuryl fluoride,Mechanism insights and experimental feasibility of using boron nitride nanocones for rapid adsorption and degradation of SFsub6sub decomposition compounds..pdf,pdf_header
Sulfuryl fluoride,Review of the existing maximum residue levels for sulfuryl fluoride according to Article 12 of Regulation (EC) No 3962005..pdf,pdf_header
Tebuconazole,Attenuation_of_toxicity_and_occurrence_of_degradation_products_of_the_fungicide_.pdf,html_placeholder
Tebuconazole,Degradation_dynamics_and_dissipation_kinetics_of_an_imidazole_fungicide__Prochlo.pdf,html_placeholder
Tebuconazole,Degradation_of_Pesticides_Using_Semiconducting_and_Tetrapyrrolic_Macrocyclic_Pho.pdf,html_placeholder
Tebuconazole,Dissipation_Kinetics_and_Risk_Assessment_of_Diniconazole__Dinotefuran__Metconazo.pdf,html_placeholder
Tebuconazole,Dissipation_of_the_pesticides_fipronil__cypermethrin__and_tebuconazole_in_vegeta.pdf,html_placeholder
Tebuconazole,Effect_of_microorganisms_on_degradation_of_fluopyram_and_tebuconazole_in_laborat.pdf,html_placeholder
Tebuconazole,Effect_of_plasma_activated_water_and_buffer_solution_combined_with_ultrasound_on.pdf,html_placeholder
Tebuconazole,Effective_adaptation_of_flight_muscles_to_tebuconazole_induced_oxidative_stress_.pdf,html_placeholder
Tebuconazole,Effects_of_Tebuconazole_Application_on_Soil_Microbiota_and_Enzymes_.pdf,html_placeholder
Tebuconazole,Efficient_Adsorption_of_Tebuconazole_in_Aqueous_Solution_by_Calcium_Modified_Wat.pdf,html_placeholder
Tebuconazole,Enhanced_bioelectrochemical_degradation_of_Thiabendazole_using_biostimulated_Tun.pdf,html_placeholder
Tebuconazole,Fe_sub_3__sub_O_sub_4__sub__gC_sub_3__sub_N_sub_4__sub__Thiamine__a_novel_hetero.pdf,html_placeholder
Tebuconazole,Hevein_Like_Antimicrobial_Peptides_Wamps__Structure_Function_Relationship_in_Ant.pdf,html_placeholder
Tebuconazole,Identification_of_Novel_Mutations_Contributing_to_Azole_Tolerance_of_Aspergillus.pdf,html_placeholder
Tebuconazole,In_vitro_metabolism_of_tebuconazole__flurtamone__fenhexamid__metalaxyl_M_and_spi.pdf,html_placeholder
Tebuconazole,Mechanisms_of_Increase_of_Winter_Wheat_Frost_Resistance_Under_Tebuconazole_Treat.pdf,html_placeholder
Tebuconazole,Mechanisms_of_Tebuconazole_Adsorption_in_Profiles_of_Mineral_Soils_.pdf,html_placeholder
Tebuconazole,Molecular_Mechanisms_of_Tebuconazole_Affecting_the_Social_Behavior_and_Reproduct.pdf,html_placeholder
Tebuconazole,Multiple_Assays_on_Non_Target_Organisms_to_Determine_the_Risk_of_Acute_Environme.pdf,html_placeholder
Tebuconazole,Recommended_rates_of_azoxystrobin_and_tebuconazole_seem_to_be_environmentally_sa.pdf,html_placeholder
Tebuconazole,Safe_Application_of_75__Trifloxystrobin_Tebuconazole_as_Water_Dispersible_Granul.pdf,html_placeholder
Tebuconazole,The_Behavior_of_Terbuthylazine__Tebuconazole__and_Alachlor_during_Denitrificatio.pdf,html_placeholder
Tebuconazole,Transcriptomic_Profiling_of__i_Fusarium_pseudograminearum__i__in_Response_to_Car.pdf,html_placeholder
Tebuconazole,Translocation_of_Tebuconazole_between_Bee_Matrices_and_Its_Potential_Threat_on_H.pdf,html_placeholder
Tebufenozide,Dissipation and metabolism of tebufenozide in cabbage and soil under open field conditions in South China..pdf,pdf_header
Tebufenozide,"Genome-wide Identification of Tebufenozide Resistant Genes in the smaller tea tortrix, Adoxophyes honmai (Lepidoptera Tortricidae)..pdf",pdf_header
Tebufenozide,Microbial Degradation of Pesticide Residues and an Emphasis on the Degradation of Cypermethrin and 3-phenoxy Benzoic Acid A Review..pdf,pdf_header
Tebufenozide,Modification of the existing maximum residue levels for tebufenozide in apricots and peaches..pdf,pdf_header
Tebufenozide,Statement on the relevance of the groundwater metabolite RH-2651 in the assessment of confirmatory data on the active substance tebufenozide..pdf,pdf_header
Tebufenozide,Susceptibility of the Non-Targeted Crustacean iEurytemora affinisi to the Endocrine Disruptor Tebufenozide A Transcriptomic Approach..pdf,pdf_header
Teflubenzuron,A broad-spectrum analysis of the effects of teflubenzuron exposure on the biochemical activities and microbial community structure of soil..pdf,pdf_header
Teflubenzuron,Chitin Synthesis and Degradation in Crustaceans A Genomic View and Application..pdf,pdf_header
Teflubenzuron,Environmental Impact of Xenobiotic Aromatic Compounds and Their Biodegradation Potential in iComamonas testosteronii..pdf,pdf_header
Teflubenzuron,Identification of molecular interactions of pesticides with keratinase for their potential to inhibit keratin biodegradation..pdf,pdf_header
Teflubenzuron,Persistence and Stability of Teflubenzuron and Diflubenzuron When Associated to Organic Particles in Marine Sediment..pdf,pdf_header
Teflubenzuron,Transformation of the insecticide teflubenzuron by microorganisms..pdf,pdf_header
Terbufos,Microbiology_and_Biochemistry_of_Pesticides_Biodegradation_.pdf,html_placeholder
Tetraniliprole,"Assessment of fall-back MRLs for revoked CXLs previously implemented in the EU legislation and review of the JMPR evaluation of the toxicological data related to pyrasulfotole, pyraziflumid, spiropidion and tetraniliprole..pdf",pdf_header
Thiabendazole,Characterization_of_Acetamiprid_Biodegradation_by_the_Microbial_Consortium_ACE_3.pdf,html_placeholder
Thiabendazole,Comparative_Degradation_of_a_Thiazole_Pollutant_by_an_Advanced_Oxidation_Process.pdf,html_placeholder
Thiabendazole,Cyclins_A_and_B_associate_with_chromatin_and_the_polar_regions_of_spindles__resp.pdf,html_placeholder
Thiabendazole,Efficient_Degradation_of_2_Mercaptobenzothiazole_and_Other_Emerging_Pollutants_b.pdf,html_placeholder
Thiabendazole,Enhanced_bioelectrochemical_degradation_of_Thiabendazole_using_biostimulated_Tun.pdf,html_placeholder
Thiabendazole,GC_MS_metabolite_profiling_of_Pseudocercospora_fijiensis_isolates_resistant_to_t.pdf,html_placeholder
Thiabendazole,Genomic__Transcriptomic_and_Suspect_Non_Target_Screening_Analyses_Reveal_the_Rol (1).pdf,html_placeholder
Thiabendazole,Heterochromatin_and_RNAi_regulate_centromeres_by_protecting_CENP_A_from_ubiquiti.pdf,html_placeholder
Thiabendazole,Immobilized_Soybean_Peroxidase_Hybrid_Biocatalysts_for_Efficient_Degradation_of_.pdf,html_placeholder
Thiabendazole,LC_MSMS_based_screening_of_emerging_pollutant_degradation_by_different_peroxidas.pdf,html_placeholder
Thiabendazole,Modification_of_the_existing_maximum_residue_levels_and_setting_of_import_tolera.pdf,html_placeholder
Thiabendazole,Mycotoxins_in_Feed_and_Food_and_the_Role_of_Ozone_in_Their_Detoxification_and_De.pdf,html_placeholder
Thiabendazole,Perovskite_structured_CaTiO_sub_3__sub__coupled_with_g_C_sub_3__sub_N_sub_4__sub.pdf,html_placeholder
Thiabendazole,Plasmonic_Ag_Nanoparticles__Correlating_Nanofabrication_and_Aggregation_for_SERS.pdf,html_placeholder
Thiabendazole,Possible_Genotoxic_Effects_of_Post_Harvest_Fungicides_Applied_on_Citrus_Peels__I.pdf,html_placeholder
Thiabendazole,Prodrug_Based_on_Ionic_Liquids_for_Dual_Triggered_Release_of_Thiabendazole_.pdf,html_placeholder
Thiabendazole,Review_of_Characteristics_and_Analytical_Methods_for_Determination_of_Thiabendaz.pdf,html_placeholder
Thiabendazole,Searching_for_genes_responsible_for_patulin_degradation_in_a_biocontrol_yeast_pr.pdf,html_placeholder
Thiabendazole,Supported_TiO_sub_2__sub__in_Ceramic_Materials_for_the_Photocatalytic_Degradatio.pdf,html_placeholder
Thiabendazole,The_Application_of_Multifunctional_Metal_Organic_Frameworks_for_the_Detection__A.pdf,html_placeholder
Thiabendazole,The_fission_yeast_nucleoporin_Alm1_is_required_for_proteasomal_degradation_of_ki.pdf,html_placeholder
Thiabendazole,The_prefoldin_complex_stabilizes_the_von_Hippel_Lindau_protein_against_aggregati.pdf,html_placeholder
Thiabendazole,The_requirements_for_protein_synthesis_and_degradation__and_the_control_of_destr.pdf,html_placeholder
Thiabendazole,Tongbi_Huoluo_Decoction_alleviates_cartilage_degeneration_in_knee_osteoarthritis.pdf,html_placeholder
Thiacloprid,A_Mechanistic_Approach_Toward_Enhanced_Remediation_Potential_of_Thiacloprid_by_Z.pdf,html_placeholder
Thiacloprid,A_review_on_WO_sub_3__sub__photocatalysis_used_for_wastewater_treatment_and_pest.pdf,html_placeholder
Thiacloprid,Application_of_Fe_MOFs_in_Photodegradation_and_Removal_of_Air_and_Water_Pollutan.pdf,html_placeholder
Thiacloprid,Degradation_of_Agro_Industrial_Wastewater_Model_Compound_by_UV_A_Fenton_Process_.pdf,html_placeholder
Thiacloprid,Degradation_of_Pesticides_Using_Semiconducting_and_Tetrapyrrolic_Macrocyclic_Pho.pdf,html_placeholder
Thiacloprid,Determination__residue_analysis_and_risk_assessment_of_thiacloprid_and_spirotetr.pdf,html_placeholder
Thiacloprid,Dissipation_and_Residue_Pattern_of_Dinotefuran__Fluazinam__Indoxacarb__and_Thiac.pdf,html_placeholder
Thiacloprid,Early_Stage_High_Concentration_Thiacloprid_Exposure_Induced_Persistent_Behaviora.pdf,html_placeholder
Thiacloprid,Immunosuppression_response_to_the_neonicotinoid_insecticide_thiacloprid_in_femal.pdf,html_placeholder
Thiacloprid,Impact_of_sonolytic_ozonation__O_sub_3___sub_US__on_degradation_of_pesticide_res.pdf,html_placeholder
Thiacloprid,In_vitro_and_in_vivo_efficacy_of_thiacloprid_against_Echinococcus_multilocularis.pdf,html_placeholder
Thiacloprid,Insights_Into_the_Microbial_Degradation_and_Biochemical_Mechanisms_of_Neonicotin.pdf,html_placeholder
Thiacloprid,Integrated_Electrochemical_Oxidation_and_Biodegradation_for_Remediation_of_a_Neo.pdf,html_placeholder
Thiacloprid,Microbial_Technologies_Employed_for_Biodegradation_of_Neonicotinoids_in_the_Agro.pdf,html_placeholder
Thiacloprid,Microbial_degradation_of_contaminants_of_emerging_concern__metabolic__genetic_an.pdf,html_placeholder
Thiacloprid,Plasmon_Chemistry_on_Ag_Nanostars__Experimental_and_Theoretical_Raman_SERS_Study.pdf,html_placeholder
Thiacloprid,Polyphenols_as_Food_Supplement_Improved_Food_Consumption_and_Longevity_of_Honey_.pdf,html_placeholder
Thiacloprid,Removal_of_Dinotefuran__Thiacloprid__and_Imidaclothiz_Neonicotinoids_in_Water_Us.pdf,html_placeholder
Thiacloprid,The_Degradation_Process_of_Typical_Neonicotinoid_Insecticides_in_Tidal_Streams_i.pdf,html_placeholder
Thiacloprid,The_impact_of_inorganic_salts_on_the_ultrasonic_degradation_of_contaminants__A_r.pdf,html_placeholder
Thiacloprid,Thiacloprid_Exposure_Induces_Oxidative_Stress__Endoplasmic_Reticulum_Stress__and.pdf,html_placeholder
Thiacloprid,Thiacloprid_Induced_Developmental_Neurotoxicity_via_ROS_Oxidative_Injury_and_Inf.pdf,html_placeholder
Thiacloprid,Thiacloprid_impairs_reproductive_functions_of_male_Wistar_rats_.pdf,html_placeholder
Thiacloprid,Transgenerational_epigenetic_effects_imposed_by_neonicotinoid_thiacloprid_exposu.pdf,html_placeholder
Thiacloprid,_i_Myzus_persicae__i__Management_through_Combined_Use_of_Beneficial_Insects_and_.pdf,html_placeholder
Thiamethoxam,"(Quasi)-Binomial vs. Gaussian Models to Evaluate Thiamethoxam, Pirimiphos-Methyl, Alpha-Cypermethrin and Deltamethrin on Different Types of Storage Bag Materials Against Ephestia kuehniella Zeller (Lepidoptera Pyralidae) an.pdf",pdf_header
Thiamethoxam,A BaTiO3WS2 composite for piezo-photocatalytic.pdf,pdf_header
Thiamethoxam,A Critical Review on Metal-Organic Frameworks and Their Composites as Advanced Materials for Adsorption and Photocatalytic Degradation of Emerging Organic Pollutants from Wastewater..pdf,pdf_header
Thiamethoxam,"A common neonicotinoid pesticide, thiamethoxam, alters honey bee activity, motor functions, and movement to light..pdf",pdf_header
Thiamethoxam,"A common neonicotinoid pesticide, thiamethoxam, impairs honey bee flight ability..pdf",pdf_header
Thiamethoxam,A facile strategy for photocatalytic degradation of seven neonicotinoids over sulfur and oxygen co-doped carbon nitride..pdf,pdf_header
Thiamethoxam,A four-year field program investigating long-term effects of repeated exposure of honey bee colonies to flowering crops treated with thiamethoxam..pdf,pdf_header
Thiamethoxam,A review on WO3 photocatalysis used for wastewater treatment and pesticide degradation.pdf,pdf_header
Thiamethoxam,A toxicokinetic model for thiamethoxam in rats implications for higher-tier risk assessment..pdf,pdf_header
Thiamethoxam,Adsorption and Photocatalytic Degradation of Pesticides into Nanocomposites A Review..pdf,pdf_header
Thiamethoxam,Adsorption-desorption and degradation of insecticides clothianidin and thiamethoxam in agricultural soils..pdf,pdf_header
Thiamethoxam,Aerobic Degradation of Clothianidin to 2-Chloro-methyl Thiazole and Methyl 3-(Thiazole-yl) Methyl Guanidine Produced by iPseudomonas stutzerii smk..pdf,pdf_header
Thiamethoxam,An Aptamer Sensor Based on Alendronic Acid-Modified Upconversion Nanoparticles Combined with Magnetic Separation for Rapid and Sensitive Detection of Thiamethoxam..pdf,pdf_header
Thiamethoxam,"An endophytic bacterial strain, Enterobacter cloacae TMX-6, enhances the degradation of thiamethoxam in rice plants..pdf",pdf_header
Thiamethoxam,An investigation of Ca-doped MgO nanoparticles for the improved catalytic degradation of thiamethoxam pesticide subjected to visible light irradiation..pdf,pdf_header
Thiamethoxam,Application of melatonin and PGPR alleviates thiamethoxam induced toxicity by regulating the TCA cycle in iBrassica junceai L..pdf,pdf_header
Thiamethoxam,Assessing the effectiveness of imidacloprid and thiamethoxam via root irrigation against Megalurothrips usitatus (Thysanoptera Thripidae) and its residual effects on cowpea..pdf,pdf_header
Thiamethoxam,"Assessing the toxicity of thiamethoxam, in natural LUFA 2.2 soil, through three generations of Folsomia candida..pdf",pdf_header
Thiamethoxam,Ball milling and acetic acid co-modified sludge biochar enhanced by electrochemistry to activate peroxymonosulfate for sustainable degradation of environmental concentration neonicotinoids..pdf,pdf_header
Thiamethoxam,Biodegradation and Metabolic Pathway of the Neonicotinoid Insecticide Thiamethoxam by iLabrys portucalensisi F11..pdf,pdf_header
Thiamethoxam,Biodegradation and detoxification of neonicotinoid insecticide thiamethoxam by white-rot fungus Phanerochaete chrysosporium..pdf,pdf_header
Thiamethoxam,Biodegradation of flonicamid by Ensifer adhaerens CGMCC 6315 and enzymatic characterization of the nitrile hydratases involved..pdf,pdf_header
Thiamethoxam,Biodegradation of pesticide in agricultural soil employing entomopathogenic fungi Current state of the art and future perspectives..pdf,pdf_header
Thiamethoxam,Biodegradation of soil-applied pesticides by selected strains of plant growth-promoting rhizobacteria (PGPR) and their effects on bacterial growth.pdf,pdf_header
Thiamethoxam,Biodegradation of the neonicotinoid insecticide thiamethoxam by the nitrogen-fixing and plant-growth-promoting rhizobacterium Ensifer adhaerens strain TMX-23..pdf,pdf_header
Thiamethoxam,Cardiotoxicity and myocardial infarction-associated DNA damage induced by thiamethoxam in vitro and in vivo Protective role of Trigonella foenum-graecum seed-derived polysaccharide..pdf,pdf_header
Thiamethoxam,"Cellulose Nanocrystals Loaded with Thiamethoxam Fabrication, Characterization, and Evaluation of Insecticidal Activity against iPhenacoccus solenopsisi Tinsley (Hemiptera Pseudococcidae)..pdf",pdf_header
Thiamethoxam,Changed degradation behavior of pesticides when present in mixtures..pdf,pdf_header
Thiamethoxam,"Characterization and metabolic analysis of domesticated anaerobic bacteria for effective thiamethoxam bioremediation Enzymatic, genetic, and pathway insights..pdf",pdf_header
Thiamethoxam,Chronic exposure to imidacloprid or thiamethoxam neonicotinoid causes oxidative damages and alters carotenoid-retinoid levels in caged honey bees (Apis mellifera)..pdf,pdf_header
Thiamethoxam,"Co-Mn-Fe spinel-carbon composite catalysts enhanced persulfate activation for degradation of neonicotinoid insecticides (Non) radical path identification, degradation pathway and toxicity analysis..pdf",pdf_header
Thiamethoxam,"Comparison of Combined Dissipation Behaviors and Dietary Risk Assessments of Thiamethoxam, Bifenthrin, Dinotefuran, and Their Mixtures in Tea..pdf",pdf_header
Thiamethoxam,Comparison of linuron degradation in the presence of pesticide mixtures in soil under laboratory conditions..pdf,pdf_header
Thiamethoxam,Comparison of the effectiveness of thiamethoxam and its main metabolite clothianidin after foliar spraying and root irrigation to control Myzus persicae on peach..pdf,pdf_header
Thiamethoxam,Considering degradation kinetics of pesticides in plant uptake models proof of concept for potato..pdf,pdf_header
Thiamethoxam,"Context-Dependent Effect of Dietary Phytochemicals on Honey Bees Exposed to a Pesticide, Thiamethoxam..pdf",pdf_header
Thiamethoxam,Contribution of insect gut microbiota and their associated enzymes in insect physiology and biodegradation of pesticides..pdf,pdf_header
Thiamethoxam,"Deciphering the biodegradation of thiamethoxam by Phanerochaete chrysosporium with natural siderite Synergistic mechanisms, transcriptomics characterization, and molecular simulation..pdf",pdf_header
Thiamethoxam,"Degradation Dynamics and Dietary Risk Assessments of Two Neonicotinoid Insecticides during Lonicera japonica Planting, Drying, and Tea Brewing Processes.pdf",pdf_header
Thiamethoxam,Degradation Processes of Pesticides Used in Potato Cultivations..pdf,pdf_header
Thiamethoxam,Degradation of Neonicotinoids and Caffeine from Surface Water by Photolysis..pdf,pdf_header
Thiamethoxam,"Degradation of Thiamethoxam in aqueous solution by ozonation Influencing factors, intermediates, degradation mechanism and toxicity assessment..pdf",pdf_header
Thiamethoxam,Degradation of Three Herbicides and Effect on Bacterial Communities under Combined Pollution..pdf,pdf_header
Thiamethoxam,"Degradation of sex pheromone and plant volatile components by an antennal glutathione S-transferase in the oriental fruit moth,Grapholita molesta Busck (Lepidoptera Tortricidae)..pdf",pdf_header
Thiamethoxam,Degradation of the Neonicotinoid Pesticides in the Atmospheric Pressure Ionization Source..pdf,pdf_header
Thiamethoxam,Degradation of the insecticides thiamethoxam and imidacloprid by zero-valent metals exposed to ultrasonic irradiation in water medium electrospray ionization mass spectrometry monitoring..pdf,pdf_header
Thiamethoxam,Degradation of the neonicotinoid pesticide imidacloprid by electrocoagulation and ultrasound..pdf,pdf_header
Thiamethoxam,Degradation of thiamethoxam by the synergetic effect between anodic oxidation and Fenton reactions..pdf,pdf_header
Thiamethoxam,Determination of the residue dynamics and dietary risk of thiamethoxam and its metabolite clothianidin in citrus and soil by LC-MSMS..pdf,pdf_header
Thiamethoxam,Dissipation Behavior and Acute Dietary Risk Assessment of Thiamethoxam and Its Metabolite Clothianidin on Spinach..pdf,pdf_header
Thiamethoxam,"Dissipation Behavior and Dietary Risk Assessment of Thiamethoxam, Pyraclostrobin, and Their Metabolites in Home-Style Pickled Cowpea..pdf",pdf_header
Thiamethoxam,Dissipation Kinetics and Environmental Risk Assessment of Thiamethoxam in the Sandy Clay Loam Soil of Tropical Sugarcane Crop Ecosystem..pdf,pdf_header
Thiamethoxam,"Dissipation of neonicotinoid insecticides imidacloprid, indoxacarb and thiamethoxam on pomegranate (Punica granatum L.)..pdf",pdf_header
Thiamethoxam,"Dissipation, Bioconcentration and Dietary Risk Assessment of Thiamethoxam and Its Metabolites in iAgaricus bisporusi and Substrates under Different Application Methods..pdf",pdf_header
Thiamethoxam,Dual-pathway charge transfer mechanism of anataserutile TiOsub2sub-Agsub3subPOsub4sub hollow photocatalyst promotes efficient degradation of pesticides..pdf,pdf_header
Thiamethoxam,Effect of household and industrial processing on the levels of pesticide residues and degradation products in melons..pdf,pdf_header
Thiamethoxam,Effect of intensifying additives on the degradation of thiamethoxam using ultrasound cavitation..pdf,pdf_header
Thiamethoxam,Effect of plasma-activated water and buffer solution combined with ultrasound on fungicide degradation and quality of cherry tomato during storage..pdf,pdf_header
Thiamethoxam,Effects of Thiamethoxam and Fenvalerate Residue Levels on Light-Stable Isotopes of Leafy Vegetables..pdf,pdf_header
Thiamethoxam,"Effects of chronic exposure to thiamethoxam on larvae of the hoverfly iEristalis tenaxi (Diptera, Syrphidae)..pdf",pdf_header
Thiamethoxam,"Effects of mixed application of avermectin, imidacloprid and carbendazim on soil degradation and toxicity toward earthworms..pdf",pdf_header
Thiamethoxam,Effects of multigenerational imidacloprid and thiamethoxam stress on metabolism and physiology of Aphis glycines Matsumura (Hemiptera Aphididae)..pdf,pdf_header
Thiamethoxam,Effects on soil microbial community after exposure to neonicotinoid insecticides thiamethoxam and dinotefuran..pdf,pdf_header
Thiamethoxam,"Efficient removal of thiamethoxam by freshwater microalgae Scenedesmus sp. TXH Removal mechanism, metabolic degradation and application..pdf",pdf_header
Thiamethoxam,Enhanced Insecticidal Activity of Thiamethoxam by Zinc Oxide Nanoparticles A Novel Nanotechnology Approach for Pest Control..pdf,pdf_header
Thiamethoxam,Enhancing photodegradation of thiamethoxam insecticide using SnSsub2subNCL as a photocatalyst Mechanistic insights and environmental implications..pdf,pdf_header
Thiamethoxam,Evaluation of Highly Detectable Pesticides Sprayed in iBrassica napusi L. Degradation Behavior and Risk Assessment for Honeybees..pdf,pdf_header
Thiamethoxam,"Gene expression profiling in the thiamethoxam resistant and susceptible B-biotype sweetpotato whitefly, Bemisia tabaci..pdf",pdf_header
Thiamethoxam,High Temperatures Enhance Tolerance to Abamectin and Thiamethoxam in Bemisia tabaci (Hemiptera Aleyrodidae).pdf,pdf_header
Thiamethoxam,Highly Advanced Degradation of Thiamethoxam by Synergistic Chemisorption-Catalysis Strategy Using MIL(Fe)Fe-SPC Composites with Ultrasonic Irradiation..pdf,pdf_header
Thiamethoxam,Highly efficient heterogeneous photo-Fenton BiOClMIL-100(Fe) nanoscaled hybrid catalysts prepared by green one-step coprecipitation for degradation of organic contaminants..pdf,pdf_header
Thiamethoxam,Hormetic effects of thiamethoxam on Schizaphis graminum demographics and feeding behavior..pdf,pdf_header
Thiamethoxam,Impact of solid particles on cavitation behaviors and laser-induced degradation in aqueous suspension..pdf,pdf_header
Thiamethoxam,"Impact of sonolytic ozonation (Osub3subUS) on degradation of pesticide residues in fresh vegetables and fruits Case study of Faisalabad, Pakistan..pdf",pdf_header
Thiamethoxam,Incorporating nickel-substituted polyoxometalate into a photoactive metal-organic framework for efficient photodegradation of thiamethoxam insecticide..pdf,pdf_header
Thiamethoxam,"Induction of apoptosis, oxidative stress, hormonal, and histological alterations in the reproductive system of thiamethoxam-exposed female rats..pdf",pdf_header
Thiamethoxam,Influence of Tree Size and Application Rate on Expression of Thiamethoxam in Citrus and Its Efficacy Against Diaphorina citri (Hemiptera Liviidae)..pdf,pdf_header
Thiamethoxam,Influence of the Neonicotinoid Insecticide Thiamethoxam on miRNA Expression in the Honey Bee (Hymenoptera Apidae)..pdf,pdf_header
Thiamethoxam,Influence of the neonicotinoid insecticide thiamethoxam on soil bacterial community composition and metabolic function..pdf,pdf_header
Thiamethoxam,Insight into the effect of microplastics on the adsorption and degradation behavior of thiamethoxam in agricultural soils..pdf,pdf_header
Thiamethoxam,Insights Into the Microbial Degradation and Biochemical Mechanisms of Neonicotinoids..pdf,pdf_header
Thiamethoxam,Insights into the Toxicity and Degradation Mechanisms of Imidacloprid Via Physicochemical and Microbial Approaches..pdf,pdf_header
Thiamethoxam,Integrated Electrochemical Oxidation and Biodegradation for Remediation of a Neonicotinoid Insecticide Pollutant..pdf,pdf_header
Thiamethoxam,Interactions Between Thiamethoxam and iDeformed Wing Virusi Can Drastically Impair Flight Behavior of Honey Bees..pdf,pdf_header
Thiamethoxam,Investigation of dissipation kinetics and half-lives of fipronil and thiamethoxam in soil under various conditions using experimental modeling design by Minitab software..pdf,pdf_header
Thiamethoxam,Is there a risk to honeybees from use of thiamethoxam as a sugar beet seed treatment.pdf,pdf_header
Thiamethoxam,Kinetics and mechanism of the hydrolysis of thiamethoxam.pdf,pdf_header
Thiamethoxam,Kinetics and mechanism of thiamethoxam abatement by ozonation and ozone-based advanced oxidation processes..pdf,pdf_header
Thiamethoxam,Leaching of the Neonicotinoids Thiamethoxam and Imidacloprid from Sugar Beet Seed Dressings to Subsurface Tile Drains..pdf,pdf_header
Thiamethoxam,Lethal and Sublethal Toxicity of Thiamethoxam and Clothianidin Commercial Formulations to Soil Invertebrates in a Natural Soil.pdf,pdf_header
Thiamethoxam,Maize (Zea mays) seeds can detect above-ground weeds; thiamethoxam alters the view..pdf,pdf_header
Thiamethoxam,"Metabolic mechanism, responses, and functions of genes HDH1, HDH3, and GST1 of tea (Camellia sinensis L.) to the insecticide thiamethoxam..pdf",pdf_header
Thiamethoxam,Microbial Technologies Employed for Biodegradation of Neonicotinoids in the Agroecosystem..pdf,pdf_header
Thiamethoxam,Microbial degradation mechanism and pathway of the insecticide thiamethoxam by isolated Bacillus Cereus from activated sludge..pdf,pdf_header
Thiamethoxam,"MoS2 coupled with ball milling co-modified sludge biochar to efficiently activate peroxymonosulfate for neonicotinoids degradation Dominant roles of SO4•-, 1O2 and surface-bound radicals.pdf",pdf_header
Thiamethoxam,"Modeling photodegradation kinetics of three systemic neonicotinoids-dinotefuran, imidacloprid, and thiamethoxam-in aqueous and soil environment..pdf",pdf_header
Thiamethoxam,Monitoring residue levels and dietary risk assessment of thiamethoxam and its metabolite clothianidin for Chinese consumption of Chinese kale..pdf,pdf_header
Thiamethoxam,Monitoring residue levels and dietary risk assessment of thiamethoxam and its metabolite clothianidin for Chinese consumption of Chinese kale.pdf,pdf_header
Thiamethoxam,Montmorillonite-supported nanoscale zero-valent iron for thiamethoxam removal response surface optimization and degradation pathway..pdf,pdf_header
Thiamethoxam,"Nano Structured Ni and Ru Impregnated TiO₂ Photocatalysts Synthesis, Characterization and Photocatalytic Degradation of Neonicotinoid Insecticides.pdf",pdf_header
Thiamethoxam,Neonicotinoids thiamethoxam and clothianidin adversely affect the colonisation of invertebrate populations in aquatic microcosms..pdf,pdf_header
Thiamethoxam,Nicotine degradation by two novel bacterial isolates of Acinetobacter sp. TW and Sphingomonas sp. TY and their responses in the presence of neonicotinoid insecticides.pdf,pdf_header
Thiamethoxam,Non-Metal Doped Titania Photocatalysts for the Degradation of Neonicotinoid Insecticides Under Visible Light Irradiation.pdf,pdf_header
Thiamethoxam,"Persistence, metabolism and safety evaluation of thiamethoxam in tomato crop..pdf",pdf_header
Thiamethoxam,Pest Management Science - 2015 - Hilton - The degradation rate of thiamethoxam in European field studies.pdf,pdf_header
Thiamethoxam,"Pesticide Use and Degradation Strategies Food Safety, Challenges and Perspectives..pdf",pdf_header
Thiamethoxam,Photo-degradation dynamics of five neonicotinoids Bamboo vinegar as a synergistic agent for improved functional duration..pdf,pdf_header
Thiamethoxam,"Photocatalytic degradation of a widely used insecticide Thiamethoxam in aqueous suspension of TiO2 adsorption, kinetics, product analysis and toxicity assessment..pdf",pdf_header
Thiamethoxam,Photocatalytic degradation of four insecticides and their main generated transformation products in soil and pepper crop irrigated with reclaimed agro-wastewater under natural sunlight..pdf,pdf_header
Thiamethoxam,"Photocatalytic degradation with immobilised TiO(2) of three selected neonicotinoid insecticides imidacloprid, thiamethoxam and clothianidin..pdf",pdf_header
Thiamethoxam,Photodegradation of clothianidin and thiamethoxam in agricultural soils.pdf,pdf_header
Thiamethoxam,Photodegradation of neonicotinoid insecticides in water by semiconductor oxides.pdf,pdf_header
Thiamethoxam,Photolytic degradation of the insecticide thiamethoxam in aqueous medium monitored by direct infusion electrospray ionization mass spectrometry..pdf,pdf_header
Thiamethoxam,Protective effect of vitamin C against thiamethoxam-induced toxicity in male rats..pdf,pdf_header
Thiamethoxam,RNA m6A Methylation Suppresses Insect Juvenile Hormone Degradation to Minimize Fitness Costs in Response to A Pathogenic Attack.pdf,pdf_header
Thiamethoxam,Reduced bacterial network complexity in agricultural soils after application of the neonicotinoid insecticide thiamethoxam..pdf,pdf_header
Thiamethoxam,"Removal of chlorpyrifos, thiamethoxam, and tebuconazole from water using green synthesized metal hexacyanoferrate nanoparticles.pdf",pdf_header
Thiamethoxam,Role of Insect Gut Microbiota in Pesticide Degradation A Review..pdf,pdf_header
Thiamethoxam,Simultaneous determination of pesticides and their degradation products in potatoes by MSPD-LC-MSMS.pdf,pdf_header
Thiamethoxam,Soil and entomopathogenic fungi with potential for biodegradation of insecticides degradation of flubendiamide in vivo by fungi and in vitro by laccase.pdf,pdf_header
Thiamethoxam,Soil bacteria showing a potential of chlorpyrifos degradation and plant growth enhancement..pdf,pdf_header
Thiamethoxam,Sonoelectrochemical Degradation of Propyl Paraben An Examination of the Synergy in Different Water Matrices..pdf,pdf_header
Thiamethoxam,Sorption and degradation of neonicotinoid insecticides in tropical soils.pdf,pdf_header
Thiamethoxam,"Spatial and temporal distribution, degradation, and metabolism of three neonicotinoid insecticides on different parts, especially pests' target feeding parts of apple tree..pdf",pdf_header
Thiamethoxam,Symbiotic Fungus Affected the Asian Citrus Psyllid (ACP) Resistance to Imidacloprid and Thiamethoxam..pdf,pdf_header
Thiamethoxam,"The Degradation Process of Typical Neonicotinoid Insecticides in Tidal Streams in Subtropical Cities A Case Study of the Wuchong Stream, South China..pdf",pdf_header
Thiamethoxam,The Dissipative Potential of Gamma Irradiation in Residues of Imidacloprid and Thiamethoxam in the Postharvest of Common Beans..pdf,pdf_header
Thiamethoxam,The Synergistic Effect of Thiamethoxam and Synapsin dsRNA Targets Neurotransmission to Induce Mortality in iAphis gossypiii..pdf,pdf_header
Thiamethoxam,The dissipation of thiamethoxam and its main metabolite clothianidin during strawberry growth and jam-making process..pdf,pdf_header
Thiamethoxam,The effects of pesticide mixtures on degradation of pendimethalin in soils..pdf,pdf_header
Thiamethoxam,The impact of inorganic salts on the ultrasonic degradation of contaminants A review..pdf,pdf_header
Thiamethoxam,"The metabolism of neonicotinoid insecticide thiamethoxam by soil enrichment cultures, and the bacterial diversity and plant growth-promoting properties of the cultured isolates.pdf",pdf_header
Thiamethoxam,"The protective role of L-carnitine on oxidative stress, neurotransmitter perturbations, astrogliosis, and apoptosis induced by thiamethoxam in the brains of male rats..pdf",pdf_header
Thiamethoxam,"The route and rate of thiamethoxam soil degradation in laboratory and outdoor incubated tests, and field studies following seed treatments or spray application..pdf",pdf_header
Thiamethoxam,Therapeutic potential of polysaccharide extracted from fenugreek seeds against thiamethoxam-induced hepatotoxicity and genotoxicity in Wistar adult rats..pdf,pdf_header
Thiamethoxam,Thiamethoxam Actara® Induced Alterations in Kidney Liver Cerebellum and Hippocampus of Male Rats.pdf,pdf_header
Thiamethoxam,Thiamethoxam Application Improves Yield and Drought Resistance of Potatoes (Solanum tuberosum L.).pdf,pdf_header
Thiamethoxam,Thiamethoxam as an inadvertent anti-aphrodisiac in male bees..pdf,pdf_header
Thiamethoxam,Thiamethoxam at environmentally relevant concentrations induces neurotoxicity in zebrafish larvae through binding with multiple receptors..pdf,pdf_header
Thiamethoxam,Thiamethoxam degradation by Pseudomonas and Bacillus strains isolated from agricultural soils..pdf,pdf_header
Thiamethoxam,"Thiamethoxam, Clothianidin, and Imidacloprid Seed Treatments Effectively Control Thrips on Corn Under Field Conditions..pdf",pdf_header
Thiamethoxam,"Thiamethoxam, a Neonicotinoid Poisoning Causing Acute Kidney Injury via a Novel Mechanism..pdf",pdf_header
Thiamethoxam,Thiamethoxam-Induced Intergenerational Sublethal Effects on the Life History and Feeding Behavior of Rhopalosiphum padi.pdf,pdf_header
Thiamethoxam,Transcriptome profiling of the whitefly Bemisia tabaci reveals stage-specific gene expression signatures for thiamethoxam resistance..pdf,pdf_header
Thiamethoxam,Transcriptomic analysis of Malpighian tubules from the stingless bee Melipona scutellaris reveals thiamethoxam-induced damages..pdf,pdf_header
Thiamethoxam,"Transcriptomic and proteomic responses of sweetpotato whitefly, Bemisia tabaci, to thiamethoxam..pdf",pdf_header
Thiamethoxam,"Translocation, residues and risk assessment of thiamethoxam applied by root irrigation in tomato plant ecosystems.pdf",pdf_header
Thiamethoxam,Treatment of Four Stored-Grain Pests with Thiamethoxam plus Chlorantraniliprole Enhanced Impact on Different Types of Grain Commodities and Surfaces..pdf,pdf_header
Thiamethoxam,"Uptake and translocation of imidacloprid, thiamethoxam and difenoconazole in rice plants..pdf",pdf_header
Thiamethoxam,pH-sensitive thiamethoxam nanoparticles based on bimodal mesoporous silica for improving insecticidal efficiency..pdf,pdf_header
Thiophanate-Methyl,A Novel Cu2OZnO@PET Composite Membrane for the Photocatalytic Degradation of Carbendazim.pdf,pdf_header
Thiophanate-Methyl,Biodegradation kinetics of the benzimidazole fungicide thiophanate-methyl by bacteria isolated from loamy sand soil..pdf,pdf_header
Thiophanate-Methyl,Biodegradation of carbendazim by a potent novel Chryseobacterium sp. JAS14 and plant growth promoting Aeromonas caviae JAS15 with subsequent toxicity analysis.pdf,pdf_header
Thiophanate-Methyl,Changed degradation behavior of pesticides when present in mixtures..pdf,pdf_header
Thiophanate-Methyl,Characterization of the ultraviolet-visible photoproducts of thiophanate-methyl using high performance liquid chromatography coupled with high resolution tandem mass spectrometry-Detection in grapes and tomatoes..pdf,pdf_header
Thiophanate-Methyl,Degradation of 3-phenoxybenzoic acid by a Bacillus sp..pdf,pdf_header
Thiophanate-Methyl,Environmental Impact of Xenobiotic Aromatic Compounds and Their Biodegradation Potential in iComamonas testosteronii..pdf,pdf_header
Thiophanate-Methyl,Influence of Bacillus subtilis and Trichoderma harzianum on Penthiopyrad Degradation under Laboratory and Field Studies.pdf,pdf_header
Thiophanate-Methyl,"Microbial degradation of contaminants of emerging concern metabolic, genetic and omics insights for enhanced bioremediation..pdf",pdf_header
Thiophanate-Methyl,Peer review of the pesticide risk assessment of the active substance thiophanate-methyl..pdf,pdf_header
Thiophanate-Methyl,Reasoned opinion on the toxicological properties and maximum residue levels (MRLs) for the benzimidazole substances carbendazim and thiophanate-methyl..pdf,pdf_header
Thiophanate-Methyl,Self-assembled thiophanate-methylstar polycation complex prevents plant cell-wall penetration and fungal carbon utilization during cotton infection by Verticillium dahliae..pdf,pdf_header
Thiophanate-Methyl,Simultaneous determination of thiophanate-methyl and its metabolite carbendazim in tea using isotope dilution ultra performance liquid chromatography-tandem mass spectrometry..pdf,pdf_header
Thiophanate-Methyl,Substrate sterilization with thiophanate-methyl and its biodegradation to carbendazim in oyster mushroom (Pleurotus ostreatus var. florida)..pdf,pdf_header
Thiophanate-Methyl,"The Application of Multifunctional Metal-Organic Frameworks for the Detection, Adsorption, and Degradation of Contaminants in an Aquatic Environment..pdf",pdf_header
Thiophanate-Methyl,The effects of pesticide mixtures on degradation of pendimethalin in soils..pdf,pdf_header
Thiophanate-Methyl,Updated reasoned opinion on the toxicological properties and maximum residue levels (MRLs) for the benzimidazole substances carbendazim and thiophanate-methyl..pdf,pdf_header
Tioxazafen,"Aqueous degradation of tioxazafen Kinetics, products, pathways, and toxicity..pdf",pdf_header
Tolclofos-Methyl,"Application of Hi-throatHi-volume SPE technique in assessing organophosphorus pesticides and their degradation products in surface water from Tai Lake, east China..pdf",pdf_header
Tolclofos-Methyl,Modification of the existing maximum residue level for tolclofos-methyl in potatoes..pdf,pdf_header
Tolclofos-Methyl,Peer review of the pesticide risk assessment of the active substance tolclofos-methyl..pdf,pdf_header
Tolfenpyrad,Degradation strategies of pesticide residue From chemicals to synthetic biology..pdf,pdf_header
Tolfenpyrad,"Residue, dissipation and dietary intake risk assessment of tolfenpyrad in four leafy green vegetables under greenhouse conditions..pdf",pdf_header
Tolfenpyrad,Tolfenpyrad displays iFrancisellai-targeted antibiotic activity that requires an oxidative stress response regulator for sensitivity..pdf,pdf_header
Triadimefon,Degradation strategies of pesticide residue From chemicals to synthetic biology..pdf,pdf_header
Triadimefon,"Residue, dissipation and dietary intake risk assessment of tolfenpyrad in four leafy green vegetables under greenhouse conditions..pdf",pdf_header
Triadimefon,Tolfenpyrad displays Francisella-targeted antibiotic activity that requires an oxidative stress response regulator for sensitivity.pdf,pdf_header
Triadimenol,Biodegradation of phenol-contaminated soil and plant growth promotion by iMyroides xuanwuensisi H13..pdf,pdf_header
Triadimenol,Changed degradation behavior of pesticides when present in mixtures..pdf,pdf_header
Triadimenol,"Degradation of chloroneb, triadimefon, and vinclozolin in soil, thatch, and grass clippings..pdf",pdf_header
Triadimenol,Degradation of conazole fungicides in water by electrochemical oxidation..pdf,pdf_header
Triadimenol,Degradation of triadimefon and residue levels of metabolite triadimenol tracing rapeseed from harvesting and storage to household oil processing..pdf,pdf_header
Triadimenol,Effects of sensitizers on the photodegradation of the systemic fungicide triadimenol..pdf,pdf_header
Triadimenol,"Enantioselective degradation, abiotic racemization, and chiral transformation of triadimefon in soils..pdf",pdf_header
Triadimenol,Factors affecting triadimefon degradation in soils..pdf,pdf_header
Triadimenol,Microbiological degradation of pesticides in yard waste composting..pdf,pdf_header
Triadimenol,Microwave-assisted degradation of chitosan for a possible use in inhibiting crop pathogenic fungi..pdf,pdf_header
Triadimenol,Photodegradation of pesticides using compound-specific isotope analysis (CSIA) a review..pdf,pdf_header
Triadimenol,Stereoselective degradation and microbial epimerization of triadimenol in soils..pdf,pdf_header
Triadimenol,Stereoselective degradation of fungicide triadimenol in cucumber plants..pdf,pdf_header
Triadimenol,The effects of pesticide mixtures on degradation of pendimethalin in soils..pdf,pdf_header
Triazophos,A Comprehensive Review of Multifunctional Nanozymes for Degradation and Detection of Organophosphorus Pesticides in the Environment..pdf,pdf_header
Triazophos,A review on WO3 photocatalysis used for wastewater treatment and pesticide degradation.pdf,pdf_header
Triazophos,A sensitive fluorometric bio-barcodes immunoassay for detection of triazophos residue in agricultural products and water samples by iterative cycles of DNA-RNA hybridization and dissociation of fluorophores by Ribonuclease.pdf,pdf_header
Triazophos,"Adsorption and degradation of triazophos, chlorpyrifos and their main hydrolytic metabolites in paddy soil from Chaohu Lake, China..pdf",pdf_header
Triazophos,An alkaline phosphatase from Bacillus amyloliquefaciens YP6 of new application in biodegradation of five broad-spectrum organophosphorus pesticides..pdf,pdf_header
Triazophos,Bacilli-Mediated Degradation of Xenobiotic Compounds and Heavy Metals..pdf,pdf_header
Triazophos,"Biodegradation mechanism of 1H-1,2,4-triazole by a newly isolated strain Shinella sp. NJUST26..pdf",pdf_header
Triazophos,"Biodegradation of nitenpyram (neonicotinoid insecticide) by endophytic bacterium, iBacillus thuringiensisi strain NIT-2, isolated from neonicotinoid-treated plant samples..pdf",pdf_header
Triazophos,"Cloning, expression and mutation of a triazophos hydrolase gene from Burkholderia sp. SZL-1..pdf",pdf_header
Triazophos,Combined treatment approaches based on ultrasound for removal of triazophos from wastewater..pdf,pdf_header
Triazophos,Contribution of insect gut microbiota and their associated enzymes in insect physiology and biodegradation of pesticides..pdf,pdf_header
Triazophos,Development of a one-step immunoassay for triazophos using camel single-domain antibody-alkaline phosphatase fusion protein..pdf,pdf_header
Triazophos,Effect of intensifying additives on the degradation of thiamethoxam using ultrasound cavitation..pdf,pdf_header
Triazophos,Effects of Ca2+ and fulvic acids on atrazine degradation by nano-TiO2 Performances and mechanisms.pdf,pdf_header
Triazophos,Efficient Knocking Out of the Organophosphorus Insecticides Degradation Gene iopdBi in iCupriavidus nantongensisi X1supTsup via CRISPRiCas9i with Red System..pdf,pdf_header
Triazophos,Enhanced efficiency and stability in the degradation of triazophosphorus pesticides by Alsub6subSisub2subOsub13subWOsub2.72sub nanocomposites through synergistic action of S-scheme heterojunction and oxygen vacancies..pdf,pdf_header
Triazophos,"Environmental Occurrence, Toxicity Concerns, and Degradation of Diazinon Using a Microbial System..pdf",pdf_header
Triazophos,Hydrolytic products and kinetics of triazophos in buffered and alkaline solutions with different values of pH..pdf,pdf_header
Triazophos,Identification and degradation characteristics of Bacillus cereus strain WD-2 isolated from prochloraz-manganese-contaminated soils..pdf,pdf_header
Triazophos,Identification of the biochemical degradation pathway of triazophos and its intermediate in Diaphorobacter sp. TPD-1.pdf,pdf_header
Triazophos,Insights into the Toxicity and Degradation Mechanisms of Imidacloprid Via Physicochemical and Microbial Approaches..pdf,pdf_header
Triazophos,"Isolation and characterization of organophosphorus phosphatases from iBacillus thuringiensisi MB497 capable of degrading Chlorpyrifos, Triazophos and Dimethoate..pdf",pdf_header
Triazophos,Isolation of a triazophos-degrading strain Klebsiella sp. E6 effectively utilizing triazophos as sole nitrogen source..pdf,pdf_header
Triazophos,"Isolation, identification and characterization of a novel triazophos-degrading Bacillus sp. (TAP-1)..pdf",pdf_header
Triazophos,Kinetics and products of photo-Fenton degradation of triazophos..pdf,pdf_header
Triazophos,Mechanisms of oxidative response during biodegradation of malathion by S. oneidensis MR-1..pdf,pdf_header
Triazophos,Microbial community variation in phytoremediation of triazophos by Canna indica Linn. in a hydroponic system..pdf,pdf_header
Triazophos,Microbial degradation of halogenated aromatics molecular mechanisms and enzymatic reactions..pdf,pdf_header
Triazophos,Minute-Speed Biodegradation of Organophosphorus Insecticides by Cupriavidus nantongensis X1T.pdf,pdf_header
Triazophos,"Nematicidal efficacy, enhanced degradation and cross adaptation of carbosulfan, cadusafos and triazophos under tropical conditions.pdf",pdf_header
Triazophos,"Novel metabolites of triazophos formed during degradation by bacterial strains Pseudomonas kilonensis MB490 , Pseudomonas kilonensis MB498 and pseudomonas sp. MB504 isolated from cotton fields.pdf",pdf_header
Triazophos,Oxidases responsible for resistance to pyrethroids sensitize Helicoverpa armigera (HÃ¼bner) to triazophos in West Africa..pdf,pdf_header
Triazophos,Pathways of Amino Acid Degradation in Nilaparvata lugens (StÃ¥l) with Special Reference to Lysine-Ketoglutarate ReductaseSaccharopine Dehydrogenase (LKRSDH)..pdf,pdf_header
Triazophos,Persistence and dissipation behavior of triazophos in canal water under Indian climatic conditions..pdf,pdf_header
Triazophos,"Pesticide Use and Degradation Strategies Food Safety, Challenges and Perspectives..pdf",pdf_header
Triazophos,Photocatalytic degradation of triazophos in aqueous titanium dioxide.pdf,pdf_header
Triazophos,Quantitative Modeling of the Degradation of Pesticide Residues in Wheat Flour Supply Chain..pdf,pdf_header
Triazophos,"Residue Degradation and Risk Assessment of Difenoconazole and Its Metabolite during Tea Growing, Processing and Brewing by Ultra-Performance Liquid Chromatography-Tandem Mass Spectrometry Determination..pdf",pdf_header
Triazophos,"Simultaneous degradation of triazophos, methamidophos and carbofuran pesticides in wastewater using an Enterobacter bacterial bioreactor and analysis of toxicity and biosafety..pdf",pdf_header
Triazophos,Sonochemical degradation of pesticides in aqueous solution investigation on the influence of operating parameters and degradation pathway - a systematic review..pdf,pdf_header
Triazophos,Thermal stability of organophosphorus pesticide triazophos and its relevance in the assessment of risk to the consumer of triazophos residues in food..pdf,pdf_header
Triazophos,Triazophos (TAP) removal in horizontal subsurface flow constructed wetlands (HSCWs) and its accumulation in plants and substrates..pdf,pdf_header
Triazophos,Triazophos-induced toxicity in zebrafish miRNA-217 inhibits nup43.pdf,pdf_header
Triazophos,Ultrasonic-assisted ozone degradation of organic pollutants in industrial sulfuric acid..pdf,pdf_header
Tricyclazole,Comparative Degradation of a Thiazole Pollutant by an Advanced Oxidation Process and an Enzymatic Approach..pdf,pdf_header
Tricyclazole,"Degradation of tricyclazole Effect of moisture, soil type, elevated carbon dioxide and Blue Green Algae (BGA)..pdf",pdf_header
Tricyclazole,"Dissipation kinetics and risk assessments of tricyclazole during Oryza sativa L. growing, processing and storage..pdf",pdf_header
Tricyclazole,"Effects of disrupting the polyketide synthase gene WdPKS1 in Wangiella [Exophiala] dermatitidis on melanin production and resistance to killing by antifungal compounds, enzymatic degradation, and extremes in temperature..pdf",pdf_header
Tricyclazole,Optimization of Ferimzone and Tricyclazole Analysis in Rice Straw Using QuEChERS Method and Its Application in UAV-Sprayed Residue Study..pdf,pdf_header
Tricyclazole,Setting of import tolerance for tricyclazole in rice..pdf,pdf_header
Tricyclazole,"The negative interaction between the degradation of phenanthrene and tricyclazole in medium, soil and soilcompost mixture..pdf",pdf_header
Tricyclazole,Thin Films (FTOBaTiOsub3subAgNPs) for Enhanced Piezo-Photocatalytic Degradation of Methylene Blue and Ciprofloxacin in Wastewater..pdf,pdf_header
Tricyclazole,Ultra-high performance liquid chromatography tandem high-resolution mass spectrometry study of tricyclazole photodegradation products in water..pdf,pdf_header
Trifloxystrobin,An Overview of Strobilurin Fungicide DegradationCurrent Status and Future Perspective..pdf,pdf_header
Trifloxystrobin,Determination of trifloxystrobin and its metabolites in Hawaii soils by ASE-LC-MSMS.pdf,pdf_header
Trifloxystrobin,Detoxification Esterase StrH Initiates Strobilurin Fungicide Degradation in iHyphomicrobiumi sp. Strain DY-1..pdf,pdf_header
Trifloxystrobin,Effect of intermittent water flow on biodegradation of organic micropollutants in the hyporheic zone..pdf,pdf_header
Trifloxystrobin,Environmental fate of trifloxystrobin in soils of different geographical origins and photolytic degradation in water.pdf,pdf_header
Trifloxystrobin,Exogenous Tebuconazole and Trifloxystrobin Regulates Reactive Oxygen Species Metabolism Toward Mitigating Salt-Induced Damages in Cucumber Seedling..pdf,pdf_header
Trifloxystrobin,"Investigation of the protective role of Ginkgo biloba L. against phytotoxicity, genotoxicity and oxidative damage induced by Trifloxystrobin..pdf",pdf_header
Trifloxystrobin,Kinetics and New Mechanism of Azoxystrobin Biodegradation by an iOchrobactrum anthropii Strain SH14..pdf,pdf_header
Trifloxystrobin,Modification of existing maximum residue levels in various crops and evaluation of confirmatory data following the Article 12 MRL review for trifloxystrobin..pdf,pdf_header
Trifloxystrobin,Modification of the existing maximum residue level for trifloxystrobin in broccoli..pdf,pdf_header
Trifloxystrobin,Modification of the existing maximum residue level for trifloxystrobin in honey..pdf,pdf_header
Trifloxystrobin,Modification of the existing maximum residue levels and setting of import tolerances for trifloxystrobin in various crops (1).pdf,pdf_header
Trifloxystrobin,Modification of the existing maximum residue levels and setting of import tolerances for trifloxystrobin in various crops (2).pdf,pdf_header
Trifloxystrobin,Modification of the existing maximum residue levels for trifloxystrobin in various crops..pdf,pdf_header
Trifloxystrobin,Peer review of the pesticide risk assessment of the active substance trifloxystrobin..pdf,pdf_header
Trifloxystrobin,Persistence and dissipation kinetics of trifloxystrobin and tebuconazole in onion and soil..pdf,pdf_header
Trifloxystrobin,Potential aquatic environmental risks of trifloxystrobin Enhancement of virus susceptibility in zebrafish through initiation of autophagy..pdf,pdf_header
Trifloxystrobin,Safe Application of 75% Trifloxystrobin-Tebuconazole as Water-Dispersible Granules in Paddy Based on Residue and Dietary Risk Assessment..pdf,pdf_header
Trifloxystrobin,Simultaneous detection and degradation patterns of kresoxim-methyl and trifloxystrobin residues in citrus fruits by HPLC combined with QuEChERS.pdf,pdf_header
Trifloxystrobin,"Simultaneous determination of tebuconazole, trifloxystrobin, and its metabolite trifloxystrobin acid residues in gherkin under field conditions..pdf",pdf_header
Trifloxystrobin,"Simultaneous determination of trifloxystrobin and trifloxystrobin acid residue in rice and soil by a modified quick, easy, cheap, effective, rugged, and safe method using ultra high performance liquid chromatography with ta.pdf",pdf_header
Trifloxystrobin,Spectral elucidation of the acid metabolites of the four geometric isomers of trifloxystrobin.pdf,pdf_header
Trifloxystrobin,"Tebuconazole and trifloxystrobin regulate the physiology, antioxidant defense and methylglyoxal detoxification systems in conferring salt stress tolerance in iTriticum aestivumi L..pdf",pdf_header
Trifloxystrobin,Trifloxystrobin-induced mitophagy through mitochondrial damage in human skin keratinocytes..pdf,pdf_header
Triflumizole,Conclusion on the peer review of the pesticide risk assessment of the active substance triflumizole..pdf,pdf_header
Triflumizole,Development of triflumizole ionic liquids containing anions of natural origin for improving the utilization and minimizing the adverse impacts on aquatic ecosystems..pdf,pdf_header
Triflumizole,"Dissipation behavior, residue distribution, and risk assessment of triflumizole and FM-6-1 in greenhouse strawberries and soil..pdf",pdf_header
Triflumizole,Review of the existing maximum residue levels for triflumizole according to Article 12 of Regulation (EC) NoÂ 3962005..pdf,pdf_header
Triflumuron,Review of the existing maximum residue levels for triflumuron according to Article 12 of Regulation (EC) NoÂ 3962005..pdf,pdf_header
Triflumuron,Triflumuron Effects on the Physiology and Reproduction of iRhodnius prolixusi Adult Females..pdf,pdf_header
Trinexapac-ethyl,Peer review of the pesticide risk assessment of the active substance trinexapac (variant evaluated trinexapac-ethyl)..pdf,pdf_header
Trinexapac-ethyl,Quantitative Modeling of the Degradation of Pesticide Residues in Wheat Flour Supply Chain..pdf,pdf_header
Trinexapac-ethyl,Sugarcane cultivar response to glyphosate and trinexapac-ethyl ripeners in Louisiana..pdf,pdf_header
Trinexapac-ethyl,Updated peer review of the pesticide risk assessment of theÂ active substance trinexapac (variant evaluated trinexapac-ethyl)..pdf,pdf_header
Valifenalate,Modification of the existing maximum residue levels for valifenalate in various crops..pdf,pdf_header
Valifenalate,Review of the existing maximum residue levels for valifenalate according to Article 12 of Regulation (EC) No 3962005..pdf,pdf_header
Vinclozolin,Alterations in the developing testis transcriptome following embryonic vinclozolin exposure..pdf,pdf_header
Vinclozolin,Bacterial degradation of monocyclic aromatic amines..pdf,pdf_header
Vinclozolin,Biodegradation of propiconazole by newly isolated Burkholderia sp. strain BBK_9..pdf,pdf_header
Vinclozolin,Chemical and biological transformation of the fungicide vinclozolin..pdf,pdf_header
Vinclozolin,Chiral separation and enantioselective degradation of vinclozolin in soils..pdf,pdf_header
Vinclozolin,Chronic Exposure to Endocrine Disruptor Vinclozolin Leads to Lung Damage via Nrf2-Nf-kb Pathway Alterations..pdf,pdf_header
Vinclozolin,"Chronic Exposure to Vinclozolin Induced Fibrosis, Mitochondrial Dysfunction, Oxidative Stress, and Apoptosis in Mice Kidney..pdf",pdf_header
Vinclozolin,"Chronic dietary exposure to a low-dose mixture of genistein and vinclozolin modifies the reproductive axis, testis transcriptome, and fertility..pdf",pdf_header
Vinclozolin,"Degradation of chloroneb, triadimefon, and vinclozolin in soil, thatch, and grass clippings..pdf",pdf_header
Vinclozolin,Degradation of iprodione by a soil Arthrobacter-like strain..pdf,pdf_header
Vinclozolin,Determination of impurities in pesticides and their degradation products formed during the wine-making process by solid-phase extraction and gas chromatography with detection by electron impact mass spectrometry. I. Vincloz.pdf,pdf_header
Vinclozolin,Effect of Pesticide Vinclozolin Toxicity Exposure on Cardiac Oxidative Stress and Myocardial Damage..pdf,pdf_header
Vinclozolin,Enantioseparation of vinclozolin by gamma-cyclodextrin-modified micellar electrokinetic chromatography..pdf,pdf_header
Vinclozolin,Enhanced biodegradation of dicarboximide fungicides in soil.pdf,pdf_header
Vinclozolin,Environmental hormone disruptors evidence that vinclozolin developmental toxicity is mediated by antiandrogenic metabolites..pdf,pdf_header
Vinclozolin,Fungicides and photochemistry photodegradation of the dicarboximide fungicide vinclozolin..pdf,pdf_header
Vinclozolin,Long-term studies of fungicide concentrations in greenhouses. 1. Technique for determining surficial foliar residues of fungicides with vinclozolin and triadimefon as model compounds..pdf,pdf_header
Vinclozolin,"Microbial biodegradation and toxicity of vinclozolin and its toxic metabolite 3,5-dichloroaniline..pdf",pdf_header
Vinclozolin,Monitoring degradation of dicarboximidic fungicide residues in soils..pdf,pdf_header
Vinclozolin,Photodegradation of chlorinated pesticides dispersed on sand. (2).pdf,pdf_header
Vinclozolin,"Proton-induced accelerated decay of the fungicide, vinclozolin, on TiOsub2sub surface under solar irradiation Experimental and DFT study..pdf",pdf_header
Vinclozolin,"Reversed-phase high-performance liquid chromatography of pesticides. VII. Analysis of Vinclozolin, Iprodione, Procymidone, Dichlozolinate and their degradation product 3,5-dichloroaniline on white must and wine extracts..pdf",pdf_header
Vinclozolin,"Simultaneous determination of vinclozolin and detection of its degradation products in mouse plasma, serum and urine, and from rabbit bile, by high-performance liquid chromatography..pdf",pdf_header
Vinclozolin,Targeted Protein Degradation via Lysosomes..pdf,pdf_header
Vinclozolin,Targeting Protein Degradation Pathways in Tumors Focusing on their Role in Hematological Malignancies..pdf,pdf_header
Vinclozolin,The AUTOTAC chemical biology platform for targeted protein degradation via the autophagy-lysosome system..pdf,pdf_header
Vinclozolin,Transgenerational sperm DNA methylation epimutation developmental origins following ancestral vinclozolin exposure..pdf,pdf_header
Vinclozolin,Vinclozolin alters the expression of hormonal and stress genes in the midge Chironomus riparius..pdf,pdf_header
Vinclozolin,Vinclozolin exposure in utero induces postpubertal prostatitis and reduces sperm production via a reversible hormone-regulated mechanism..pdf,pdf_header
Zoxamide,Attenuation and soil biodegradation of fungicides by using vegetated buffer strips in vineyards during a simulated rainfall-runoff event..pdf,pdf_header
Zoxamide,Eco-friendly fabrication of copper oxide nanoparticles using peel extract of Citrus aurantium for the efficient degradation of methylene blue dye..pdf,pdf_header
Zoxamide,"Effective Remediation Strategy for Xenobiotic Zoxamide by Pure Bacterial Strains, iEscherichia coli, Streptococcus pyogenesi, and iStreptococcus pneumoniaei..pdf",pdf_header
Zoxamide,Peer review of the pesticide risk assessment of the active substance zoxamide..pdf,pdf_header
Zoxamide,"Review of the existing maximum residue levels for zoxamide according to Article 12 of Regulation (EC) No 3962005 and setting of an import tolerance for onions, garlic and shallots..pdf",pdf_header
Zoxamide,The application of chiral ultra-high-performance liquid chromatography tandem mass spectrometry to the separation of the zoxamide enantiomers and the study of enantioselective degradation process in agricultural plants..pdf,pdf_header
carbaryl,A_Critical_Review_on_Metal_Organic_Frameworks_and_Their_Composites_as_Advanced_M.pdf,html_placeholder
carbaryl,A_Novel_Paper_Based_Electrochemical_Biosensor_Based_on_N_O_Rich_Covalent_Organic.pdf,html_placeholder
carbaryl,A_Simple_and_Reliable_Dispersive_Liquid_Liquid_Microextraction_with_Smartphone_B.pdf,html_placeholder
carbaryl,A_bispecific_nanobody_with_high_sensitivity_efficiency_for_simultaneous_determin.pdf,html_placeholder
carbaryl,Acetylcholinesterase_Biosensor_Based_on_Functionalized_Renewable_Carbon_Platform.pdf,html_placeholder
carbaryl,Analysis_of_biomarker_utility_using_a_PBPK_PD_model_for_carbaryl_.pdf,html_placeholder
carbaryl,Arthrobacter_strain_VAI_A_utilizes_acyl_homoserine_lactone_inactivation_products.pdf,html_placeholder
carbaryl,Carbaryl_degradation_by_bacterial_isolates_from_a_soil_ecosystem_of_the_Gaza_Str.pdf,html_placeholder
carbaryl,Compartmentalization_of_the_Carbaryl_Degradation_Pathway__Molecular_Characteriza.pdf,html_placeholder
carbaryl,Conserved_Metabolic_and_Evolutionary_Themes_in_Microbial_Degradation_of_Carbamat.pdf,html_placeholder
carbaryl,Contribution_of_insect_gut_microbiota_and_their_associated_enzymes_in_insect_phy.pdf,html_placeholder
carbaryl,Current_Approaches_to_and_Future_Perspectives_on_Methomyl_Degradation_in_Contami.pdf,html_placeholder
carbaryl,Degradation_of_Pesticide_Residues_in_Water__Soil__and_Food_Products_via_Cold_Pla.pdf,html_placeholder
carbaryl,Degradation_of_Recalcitrant_Polyurethane_and_Xenobiotic_Additives_by_a_Selected_.pdf,html_placeholder
carbaryl,Degradation_of_substituted_phenylurea_herbicides_by_Arthrobacter_globiformis_str.pdf,html_placeholder
carbaryl,Degradation_strategies_of_pesticide_residue__From_chemicals_to_synthetic_biology.pdf,html_placeholder
carbaryl,Determination_of_Parathion_and_Carbaryl_Pesticides_in_Water_and_Food_Samples_Usi.pdf,html_placeholder
carbaryl,Detoxification_Esterase_StrH_Initiates_Strobilurin_Fungicide_Degradation_in__i_H.pdf,html_placeholder
carbaryl,Development_of_a_UPLC_MS_MS_method_for_pesticide_analysis_in_paddy_water_and_eva (1).pdf,html_placeholder
carbaryl,Development_of_a_UPLC_MS_MS_method_for_pesticide_analysis_in_paddy_water_and_eva.pdf,html_placeholder
carbaryl,Display_of_a_novel_carboxylesterase_CarCby_on_Escherichia_coli_cell_surface_for_.pdf,html_placeholder
carbaryl,Draft_Genome_Sequence_of_Carbaryl_Degrading_Soil_Isolate_Pseudomonas_sp__Strain_.pdf,html_placeholder
carbaryl,Effect_of_propanil__linuron__and_dicamba_on_the_degradation_kinetics_of_2_4_dich.pdf,html_placeholder
carbaryl,Effectiveness_of_ultrasound_and_ultraviolet_irradiation_on_degradation_of_carbar.pdf,html_placeholder
carbaryl,Effects_of_atrazine__metolachlor__carbaryl_and_chlorothalonil_on_benthic_microbe.pdf,html_placeholder
carbaryl,Electrochemical_sensor_based_on_low_silica_X_zeolite_modified_carbon_paste_for_c.pdf,html_placeholder
carbaryl,Enhanced_Photocatalytic_Degradation_of_Methylene_Blue_Using_Ti_Doped_ZnO_Nanopar.pdf,html_placeholder
carbaryl,Environmental_Impact_of_Xenobiotic_Aromatic_Compounds_and_Their_Biodegradation_P.pdf,html_placeholder
carbaryl,Hydrolase_CehA_and_Monooxygenase_CfdC_Are_Responsible_for_Carbofuran_Degradation.pdf,html_placeholder
carbaryl,Hydrolysis_of_carbaryl_by_a_Pseudomonas_sp__and_construction_of_a_microbial_cons.pdf,html_placeholder
carbaryl,Integration_of_Carbon_Dots_on_Nanoflower_Structured_ZnCdS_as_a_Cocatalyst_for_Ph.pdf,html_placeholder
carbaryl,Isolation_of_a_constitutively_expressed_enzyme_for_hydrolysis_of_carbaryl_in_Pse.pdf,html_placeholder
carbaryl,Juvenile_green_frog__Rana_clamitans__predatory_ability_not_affected_by_exposure_.pdf,html_placeholder
carbaryl,McbG__a_LysR_Family_Transcriptional_Regulator__Activates_the__i_mcbBCDEF__i__Gen.pdf,html_placeholder
carbaryl,Metabolic_engineering_of__i_Pseudomonas_bharatica__i__CSV86_sup_T__sup__to_degra.pdf,html_placeholder
carbaryl,Metabolism_of_carbaryl_via_1_2_dihydroxynaphthalene_by_soil_isolates_Pseudomonas.pdf,html_placeholder
carbaryl,Metabolomic_and_proteomic_insights_into_carbaryl_catabolism_by_Burkholderia_sp__.pdf,html_placeholder
carbaryl,Microbial_Degradation_of_Naphthalene_and_Substituted_Naphthalenes__Metabolic_Div.pdf,html_placeholder
carbaryl,Microbial_Degradation_of_Pesticide_Residues_and_an_Emphasis_on_the_Degradation_o.pdf,html_placeholder
carbaryl,Microbial_degradation_of_contaminants_of_emerging_concern__metabolic__genetic_an.pdf,html_placeholder
carbaryl,Microbiology_and_Biochemistry_of_Pesticides_Biodegradation_.pdf,html_placeholder
carbaryl,Phytoextraction_Potential_of_Sunn_Hemp__Sunflower__and_Marigold_for_Carbaryl_Con.pdf,html_placeholder
carbaryl,Potential_and_limitations_for_monitoring_of_pesticide_biodegradation_at_trace_co.pdf,html_placeholder
carbaryl,Screening_of_Carbofuran_Degrading_Bacteria__i_Chryseobacterium__i__sp__BSC2_3_an.pdf,html_placeholder
carbaryl,Special_Issue__Genetics_of_Biodegradation_and_Bioremediation_.pdf,html_placeholder
carbaryl,Toxic_Effects_of_Carbaryl_Exposure_on_Juvenile_Asian_Seabass___i_Lates_calcarife.pdf,html_placeholder
carbaryl,Two_LysR_Family_Transcriptional_Regulators__McbH_and_McbN__Activate_the_Operons_.pdf,html_placeholder
carbaryl,Unveiling_the_effect_of_crystallinity_and_particle_size_of_biogenic_Ag_ZnO_nanoc.pdf,html_placeholder
carbaryl,Unveiling_the_regulatory_mechanisms_of_salicylate_degradation_gene_cluster__i_ce.pdf,html_placeholder
carbaryl,_i_Bacilli___i_Mediated_Degradation_of_Xenobiotic_Compounds_and_Heavy_Metals_.pdf,html_placeholder
cyfluthrin.beta.cyfluthrin,A_Critical_Review_on_Metal_Organic_Frameworks_and_Their_Composites_as_Advanced_M.pdf,html_placeholder
cyfluthrin.beta.cyfluthrin,Adsorption_and_Photocatalytic_Degradation_of_Pesticides_into_Nanocomposites__A_R.pdf,html_placeholder
cyfluthrin.beta.cyfluthrin,Bacterial_Cytochrome_P450_Involvement_in_the_Biodegradation_of_Fluorinated_Pyret.pdf,html_placeholder
cyfluthrin.beta.cyfluthrin,Biodegradation_and_metabolic_pathway_of_fenvalerate_by_Citrobacter_freundii_CD_9.pdf,html_placeholder
cyfluthrin.beta.cyfluthrin,Biodegradation_of_Allethrin_by_a_Novel_Fungus__i_Fusarium_proliferatum__i__Strai.pdf,html_placeholder
cyfluthrin.beta.cyfluthrin,Biodegradation_of_Mycotoxins__Tales_from_Known_and_Unexplored_Worlds_.pdf,html_placeholder
cyfluthrin.beta.cyfluthrin,Biodegradation_of_monocrotophos__cypermethrin___fipronil_by__i_Proteus_myxofacie.pdf,html_placeholder
cyfluthrin.beta.cyfluthrin,Biodegradation_of_nitenpyram__neonicotinoid_insecticide__by_endophytic_bacterium.pdf,html_placeholder
cyfluthrin.beta.cyfluthrin,Computational_and_biochemical_characterization_of_the_immobilized_esterase_of_Sa.pdf,html_placeholder
cyfluthrin.beta.cyfluthrin,Construction_of_Lambda_Cyhalothrin_Nano_Delivery_System_with_a_High_Loading_Cont.pdf,html_placeholder
cyfluthrin.beta.cyfluthrin,Contribution_of_insect_gut_microbiota_and_their_associated_enzymes_in_insect_phy.pdf,html_placeholder
cyfluthrin.beta.cyfluthrin,Degradation_of_insecticides_used_for_indoor_spraying_in_malaria_control_and_poss.pdf,html_placeholder
cyfluthrin.beta.cyfluthrin,Degradation_study_of_lindane_by_novel_strains__i_Kocuria__i__sp__DAB_1Y_and__i_S.pdf,html_placeholder
cyfluthrin.beta.cyfluthrin,Enhancing_soil_health__microbial_count__and_hydrophilic_methomyl_and_hydrophobic.pdf,html_placeholder
cyfluthrin.beta.cyfluthrin,Evaluate_the_Toxicity_of_Pyrethroid_Insecticide_Cypermethrin_before_and_after_Bi.pdf,html_placeholder
cyfluthrin.beta.cyfluthrin,Exploration_of_Klebsiella_pneumoniae_M6_for_paclobutrazol_degradation__plant_gro.pdf,html_placeholder
cyfluthrin.beta.cyfluthrin,Expression__Characterization__Fermentation__Immobilization__and_Application_of_a.pdf,html_placeholder
cyfluthrin.beta.cyfluthrin,Expression__characterization__and_immobilization_of_a_novel_SGNH_esterase_Est882.pdf,html_placeholder
cyfluthrin.beta.cyfluthrin,Impact_of_gut_microbiota_composition_on_black_cutworm__Agrotis_ipsilon__hufnagel.pdf,html_placeholder
cyfluthrin.beta.cyfluthrin,Influence_of_environmental_factors_on_biodegradation_of_quinalphos_by__i_Bacillu.pdf,html_placeholder
cyfluthrin.beta.cyfluthrin,Insights_into_the_Toxicity_and_Degradation_Mechanisms_of_Imidacloprid_Via_Physic.pdf,html_placeholder
cyfluthrin.beta.cyfluthrin,Integrative_Analysis_of_Transcriptomics_and_Proteomics_for_Screening_Genes_and_R.pdf,html_placeholder
cyfluthrin.beta.cyfluthrin,Investigating_mosquito_net_durability_for_malaria_control_in_Tanzania___attritio.pdf,html_placeholder
cyfluthrin.beta.cyfluthrin,Investigating_the_degradation_behavior_of_Cypermethrin__CYP__and_Chlorpyrifos__C.pdf,html_placeholder
cyfluthrin.beta.cyfluthrin,Kinetics_and_New_Mechanism_of_Azoxystrobin_Biodegradation_by_an__i_Ochrobactrum_.pdf,html_placeholder
cyfluthrin.beta.cyfluthrin,Kinetics_and_Novel_Degradation_Pathway_of_Permethrin_in__i_Acinetobacter_baumann.pdf,html_placeholder
cyfluthrin.beta.cyfluthrin,Liver_morphometry_and_histopathology_effects_in__i_Astyanax_lacustris__i__expose.pdf,html_placeholder
cyfluthrin.beta.cyfluthrin,Microbiology_and_Biochemistry_of_Pesticides_Biodegradation_.pdf,html_placeholder
cyfluthrin.beta.cyfluthrin,Midgut_Cell_Damage_and_Oxidative_Stress_in__i_Partamona_helleri__i___Hymenoptera.pdf,html_placeholder
cyfluthrin.beta.cyfluthrin,Pathway_and_kinetics_of_cyhalothrin_biodegradation_by_Bacillus_thuringiensis_str.pdf,html_placeholder
cyfluthrin.beta.cyfluthrin,Persistence__dissipation_behavior_and_dietary_risk_assessment_of_a_combi_product.pdf,html_placeholder
cyfluthrin.beta.cyfluthrin,Photodegradation_of_pesticides_using_compound_specific_isotope_analysis__CSIA___.pdf,html_placeholder
cyfluthrin.beta.cyfluthrin,Preparation__Characterization__and_Bioactivity_Evaluation_of_Lambda_Cyhalothrin_.pdf,html_placeholder
cyfluthrin.beta.cyfluthrin,Preparation_of_Lambda_Cyhalothrin_Loaded_Chitosan_Nanoparticles_and_Their_Bioact (1).pdf,html_placeholder
cyfluthrin.beta.cyfluthrin,Preparation_of_Lambda_Cyhalothrin_Loaded_Chitosan_Nanoparticles_and_Their_Bioact.pdf,html_placeholder
cyfluthrin.beta.cyfluthrin,Residue_Degradation_and_Risk_Assessment_of_Difenoconazole_and_Its_Metabolite_dur.pdf,html_placeholder
cyfluthrin.beta.cyfluthrin,Review_of_the_existing_maximum_residue_levels_for_gamma_cyhalothrin_according_to.pdf,html_placeholder
cyfluthrin.beta.cyfluthrin,Role_of_Insect_Gut_Microbiota_in_Pesticide_Degradation__A_Review_.pdf,html_placeholder
cyfluthrin.beta.cyfluthrin,Rumen_In_Vitro_Fermentation_and_In_Situ_Degradation_Kinetics_of_Winter_Forage_Br.pdf,html_placeholder
cyfluthrin.beta.cyfluthrin,Setting_of_an_import_tolerance_for_lambda_cyhalothrin_in_avocados_.pdf,html_placeholder
cyfluthrin.beta.cyfluthrin,Simultaneous_biodegradation_of_λ_cyhalothrin_pesticide_and_Vicia_faba_growth_pro.pdf,html_placeholder
cyfluthrin.beta.cyfluthrin,Targeted_risk_assessment_of_maximum_residue_levels_for_lambda_cyhalothrin_in_com.pdf,html_placeholder
cyfluthrin.beta.cyfluthrin,The_Lethal_and_Sublethal_Effects_of_Lambda_Cyhalothrin_and_Emamectin_Benzoate_on.pdf,html_placeholder
cyfluthrin.beta.cyfluthrin,The_diverse_functions_of_Mu_class_Glutathione_S_transferase_HrGSTm1_during_the_d.pdf,html_placeholder
cyfluthrin.beta.cyfluthrin,Toxic_effects_of_Lambda_cyhalothrin__on_the_rat_thyroid__Involvement_of_oxidativ.pdf,html_placeholder
cyfluthrin.beta.cyfluthrin,Toxicity_evaluation_and_degradation_of_cypermethrin_contaminated_soil_using_bioc.pdf,html_placeholder
cyfluthrin.beta.cyfluthrin,Toxicokinetic_model_of_the_pyrethroid_pesticide_lambda_cyhalothrin__main_exposur.pdf,html_placeholder
cyfluthrin.beta.cyfluthrin,_i_Bacilli___i_Mediated_Degradation_of_Xenobiotic_Compounds_and_Heavy_Metals_.pdf,html_placeholder
cyhalothrin. lambda-cyhalothrin,Construction_of_Lambda_Cyhalothrin_Nano_Delivery_System_with_a_High_Loading_Cont.pdf,html_placeholder
cyhalothrin. lambda-cyhalothrin,De_Novo_Transcriptomic_Analyses_Revealed_Some_Detoxification_Genes_and_Related_P.pdf,html_placeholder
cyhalothrin. lambda-cyhalothrin,Enhancing_soil_health__microbial_count__and_hydrophilic_methomyl_and_hydrophobic.pdf,html_placeholder
cyhalothrin. lambda-cyhalothrin,Environmental_Safety_Assessments_of_Lipid_Nanoparticles_Loaded_with_Lambda_Cyhal.pdf,html_placeholder
cyhalothrin. lambda-cyhalothrin,Expression__Characterization__Fermentation__Immobilization__and_Application_of_a.pdf,html_placeholder
cyhalothrin. lambda-cyhalothrin,Green_photosensitisers_for_the_degradation_of_selected_pesticides_of_high_risk_i.pdf,html_placeholder
cyhalothrin. lambda-cyhalothrin,Impact_of_gut_microbiota_composition_on_black_cutworm__Agrotis_ipsilon__hufnagel.pdf,html_placeholder
cyhalothrin. lambda-cyhalothrin,Insight_Into_Microbial_Applications_for_the_Biodegradation_of_Pyrethroid_Insecti.pdf,html_placeholder
cyhalothrin. lambda-cyhalothrin,Integrative_Analysis_of_Transcriptomics_and_Proteomics_for_Screening_Genes_and_R.pdf,html_placeholder
cyhalothrin. lambda-cyhalothrin,Liver_morphometry_and_histopathology_effects_in__i_Astyanax_lacustris__i__expose.pdf,html_placeholder
cyhalothrin. lambda-cyhalothrin,Microbiology_and_Biochemistry_of_Pesticides_Biodegradation_.pdf,html_placeholder
cyhalothrin. lambda-cyhalothrin,Midgut_Cell_Damage_and_Oxidative_Stress_in__i_Partamona_helleri__i___Hymenoptera.pdf,html_placeholder
cyhalothrin. lambda-cyhalothrin,Modification_of_the_existing_maximum_residue_levels_for_lambda_cyhalothrin_in_ce.pdf,html_placeholder
cyhalothrin. lambda-cyhalothrin,Modification_of_the_existing_maximum_residue_levels_for_lambda_cyhalothrin_in_se.pdf,html_placeholder
cyhalothrin. lambda-cyhalothrin,Pesticide_Use_and_Degradation_Strategies__Food_Safety__Challenges_and_Perspectiv.pdf,html_placeholder
cyhalothrin. lambda-cyhalothrin,Preparation__Characterization__and_Bioactivity_Evaluation_of_Lambda_Cyhalothrin_.pdf,html_placeholder
cyhalothrin. lambda-cyhalothrin,Preparation_of_Lambda_Cyhalothrin_Loaded_Chitosan_Nanoparticles_and_Their_Bioact.pdf,html_placeholder
cyhalothrin. lambda-cyhalothrin,Residue_Degradation_and_Risk_Assessment_of_Difenoconazole_and_Its_Metabolite_dur.pdf,html_placeholder
cyhalothrin. lambda-cyhalothrin,Role_of_Insect_Gut_Microbiota_in_Pesticide_Degradation__A_Review_.pdf,html_placeholder
cyhalothrin. lambda-cyhalothrin,Setting_of_an_import_tolerance_for_lambda_cyhalothrin_in_avocados_.pdf,html_placeholder
cyhalothrin. lambda-cyhalothrin,The_Lethal_and_Sublethal_Effects_of_Lambda_Cyhalothrin_and_Emamectin_Benzoate_on.pdf,html_placeholder
cyhalothrin. lambda-cyhalothrin,The_Midgut_Microbiota_of_Colombian__i_Aedes_aegypti__i__Populations_with_Differe.pdf,html_placeholder
cyhalothrin. lambda-cyhalothrin,The_Rapid_Degradation_of_Lambda_Cyhalothrin_Makes_Treated_Vegetables_Relatively_.pdf,html_placeholder
cyhalothrin. lambda-cyhalothrin,Toxic_effects_of_Lambda_cyhalothrin__on_the_rat_thyroid__Involvement_of_oxidativ.pdf,html_placeholder
cyhalothrin. lambda-cyhalothrin,Toxicokinetic_model_of_the_pyrethroid_pesticide_lambda_cyhalothrin__main_exposur.pdf,html_placeholder
cypermethrin.alpha-cypermethrin,Biodegradation_of_monocrotophos__cypermethrin___fipronil_by__i_Proteus_myxofacie.pdf,html_placeholder
cypermethrin.alpha-cypermethrin,Contribution_of_insect_gut_microbiota_and_their_associated_enzymes_in_insect_phy.pdf,html_placeholder
cypermethrin.alpha-cypermethrin,Effect_of_Insecticides_Imidacloprid_and_Alpha_Cypermethrin_on_the_Development_of.pdf,html_placeholder
cypermethrin.alpha-cypermethrin,Evaluate_the_Toxicity_of_Pyrethroid_Insecticide_Cypermethrin_before_and_after_Bi.pdf,html_placeholder
cypermethrin.alpha-cypermethrin,Evaluating_the_Compatibility_of_Spinosad_and_Alpha_Cypermethrin_for_Controlling_.pdf,html_placeholder
cypermethrin.alpha-cypermethrin,Highly_efficient_degradation_of_cypermethrin_by_a_co_culture_of__i_Rhodococcus__.pdf,html_placeholder
cypermethrin.alpha-cypermethrin,Microbial_Degradation_of_Pesticide_Residues_and_an_Emphasis_on_the_Degradation_o.pdf,html_placeholder
cypermethrin.alpha-cypermethrin,Peer_review_of_the_pesticide_risk_assessment_of_the_active_substance_alpha_cyper.pdf,html_placeholder
cypermethrin.alpha-cypermethrin,Photocatalytic_Degradation_of_Atrazine_under_Visible_Light_Using_Novel_Ag_Mg_sub.pdf,html_placeholder
cypermethrin.alpha-cypermethrin,Photodegradation_of_pesticides_using_compound_specific_isotope_analysis__CSIA___.pdf,html_placeholder
cypermethrin.alpha-cypermethrin,Toxicological_Analysis_of_Acetamiprid_Degradation_by_the_Dominant_Strain_Md2_and.pdf,html_placeholder
cypermethrin.alpha-cypermethrin,Validation_of_a_multi_residue_method_to_determine_deltamethrin_and_alpha_cyperme.pdf,html_placeholder
cypermethrin.alpha-cypermethrin,_Quasi__Binomial_vs__Gaussian_Models_to_Evaluate_Thiamethoxam__Pirimiphos_Methyl.pdf,html_placeholder
cypermethrin.alpha-cypermethrin,_i_Bacilli___i_Mediated_Degradation_of_Xenobiotic_Compounds_and_Heavy_Metals_.pdf,html_placeholder
cypermethrin.zeta-cypermethrin,Evaluate_the_Toxicity_of_Pyrethroid_Insecticide_Cypermethrin_before_and_after_Bi.pdf,html_placeholder
