pesticide_folder,total_pdf_named_files,pdf_header_files,html_placeholder_files,unknown_or_unreadable_files,sample_pdf_header_files,sample_placeholder_files
"1,4-Dimethylnaphthalene",12,12,0,0,"1,4-dimethylnaphthalene treatment of seed potatoes affects tuber size distribution..pdf | Anaerobic biodegradation of benzo(a)pyrene by a novel Cellulosimicrobium cellulans CWS2 isolated from polycyclic aromatic hydrocarbon-contaminated soil..pdf | Biodegradation of Crude Oil by Nitrate-Reducing, Sulfate-Reducing, and Methanogenic Microbial Communities under High-Pressure Conditions..pdf | Changes in gene expression in potato meristems treated with the sprout suppressor 1,4-dimethylnaphthalene are dependent on tuber age and dormancy status..pdf | Diesel and Crude Oil Biodegradation by Cold-Adapted Microbial Communities in the Labrador Sea..pdf",
2-Phenylphenol,29,29,0,0,"All-in-one continuous electrochemical monitoring of 2-phenylphenol removal from water by electro-Fenton treatment..pdf | Catalytic degradation of kraft lignin to determine its antioxidant potential for industrial purposes..pdf | Cloning of bacterial genes specifying degradation of 4-chlorobiphenyl from Pseudomonas putida OU83..pdf | Degradation of 2-hydroxybiphenyl and 2,2'-dihydroxybiphenyl by Pseudomonas sp. strain HBP1..pdf | Degradation of alkylphenols by white rot fungus Irpex lacteus and its manganese peroxidase..pdf",
Abamectin,18,18,0,0,"Contribution of insect gut microbiota and their associated enzymes in insect physiology and biodegradation of pesticides..pdf | Degradation of abamectin and doramectin on sheep grazed pasture..pdf | Degradation of abamectin by newly isolated Stenotrophomonas maltophilia ZJB-14120 and characterization of its abamectin-tolerance mechanism..pdf | Degradation of sex pheromone and plant volatile components by an antennal glutathione S-transferase in the oriental fruit moth,Grapholita molesta Busck (Lepidoptera Tortricidae)..pdf | Degradation of the acaricides abamectin, flufenoxuron and amitraz on Saudi Arabian dates.pdf",
Acephate,42,42,0,0,A Comprehensive Review of Multifunctional Nanozymes for Degradation and Detection of Organophosphorus Pesticides in the Environment..pdf | Aerobic dichlorvos degradation by iPseudomonas stutzerii smk complete pathway and implications for toxicity in iMus musculusi..pdf | Aflatoxin Bâ‚ degradation by a Pseudomonas strain..pdf | Are the issues involving acephate already resolved A scientometric review..pdf | Biodegradation of Uric Acid by Bacillus paramycoidesi-YC02..pdf,
Acetamiprid,2,2,0,0,Acetamiprid_10.1371_journal.pone.0082603.pdf | Acetamiprid_10.3389_fmicb.2020.01429.pdf,
Acetochlor,24,0,24,0,,A_Critical_Review_on_Metal_Organic_Frameworks_and_Their_Composites_as_Advanced_M.pdf | Biodegradation_of_di_n_Butyl_Phthalate_by_Achromobacter_sp__Isolated_from_Rural_.pdf | Characterization_of_a_Sequential_UV_Photolysis_Biodegradation_Process_for_Treatm.pdf | Characterization_of_a_novel_amidohydrolase_with_promiscuous_esterase_activity_fr.pdf | Constructing_Direct_Z_Scheme_Y2TmSbO7_GdYBiNbO7_Heterojunction_Photocatalyst_wit.pdf
Acibenzolar-S-methyl,8,8,0,0,Attenuation and soil biodegradation of fungicides by using vegetated buffer strips in vineyards during a simulated rainfall-runoff event..pdf | Biodegradation of soil-applied pesticides by selected strains of plant growth-promoting rhizobacteria (PGPR) and their effects on bacterial growth..pdf | Influence of Bacillus subtilis and Trichoderma harzianum on Penthiopyrad Degradation under Laboratory and Field Studies.pdf | Modification of the existing maximum residue level for acibenzolar-S-methyl in hazelnuts..pdf | Modification of the existing maximum residue levels for acibenzolar-S-methyl in aubergines and cucurbits with edible and inedible peel..pdf,
Afidopyropen,1,1,0,0,"Characterization of Field-Evolved Resistance to Afidopyropen, a Novel Insecticidal Toxin Developed from Microbial Secondary Metabolites, in iBemisia tabacii..pdf",
Aldicarb,25,0,25,0,,A_Critical_Review_on_Metal_Organic_Frameworks_and_Their_Composites_as_Advanced_M.pdf | Accelerated_degradation_of_aldicarb_and_its_metabolites_in_cotton_field_soils_.pdf | Aldicarb_related_suicide_attempt_cases_in_North_of_France__2012_2021__.pdf | Application_of_physiologically_based_modelling_and_transcriptomics_to_probe_the_.pdf | BK_channel_density_is_regulated_by_endoplasmic_reticulum_associated_degradation_.pdf
Aldrin,24,0,24,0,,A_Multi_Level_Systems_Biology_Analysis_of_Aldrin_s_Metabolic_Effects_on_Prostate.pdf | Biochar_in_co_contaminated_soil_manipulates_arsenic_solubility_and_microbiologic.pdf | Biodegradability_and_biodegradation_pathways_of_chlorinated_cyclodiene_insectici.pdf | Biodegradation_of_atrazine_and_ligninolytic_enzyme_production_by_basidiomycete_s.pdf | Biodegradation_of_pesticide_in_agricultural_soil_employing_entomopathogenic_fung.pdf
Ametoctradin,3,3,0,0,Accelerated Biodegradation of the Agrochemical Ametoctradin by Soil-Derived Microbial Consortia..pdf | Modification of the existing maximum residue level for ametoctradin in honey..pdf | Modification of the existing maximum residue levels for ametoctradin in herbs and edible flowers..pdf,
Aminopyralid,6,6,0,0,Aminopyralid Soil Residues Affect Crop Rotation in North Dakota Soils.pdf | Field degradation of aminopyralid and clopyralid and microbial community response to application in Alaskan soils..pdf | Modification of the existing maximum residue level for aminopyralid in maize..pdf | Modification of the existing maximum residue levels for aminopyralid in certain cereals..pdf | Review of the existing maximum residue levels for aminopyralid according to Article 12 of Regulation (EC) No 3962005..pdf,
Amitraz,7,0,7,0,,Amitraz_Marker_Residues_in_Honey_from_Honeybee_Colonies_Treated_with_Apiwarol_.pdf | Amitraz_and_Its_Metabolites__Oxidative_Stress_Mediated_Cytotoxicity_in_HepG2_Cel.pdf | Bacterial_degradation_of_monocyclic_aromatic_amines_.pdf | Differentially_expressed_genes_in_response_to_amitraz_treatment_suggests_a_propo.pdf | Microbial_Degradation_of_Pesticide_Residues_and_an_Emphasis_on_the_Degradation_o.pdf
Amitrole,3,0,3,0,,Changed_degradation_behavior_of_pesticides_when_present_in_mixtures_.pdf | Effects_of_Ca_sup_2___sup__and_fulvic_acids_on_atrazine_degradation_by_nano_TiO_.pdf | The_effects_of_pesticide_mixtures_on_degradation_of_pendimethalin_in_soils_.pdf
Azinphos-Methyl,5,0,5,0,,Microbial_Degradation_of_Pesticide_Residues_and_an_Emphasis_on_the_Degradation_o.pdf | Organophosphorus_pesticide_degradation_product_in_vitro_metabolic_stability_and_.pdf | Photodegradation_of_pesticides_using_compound_specific_isotope_analysis__CSIA___.pdf | Screening_for__i_Lactobacillus_plantarum__i__Strains_That_Possess_Organophosphor.pdf | Sonochemical_degradation_of_pesticides_in_aqueous_solution__investigation_on_the.pdf
Azoxystrobin,36,0,36,0,,1_Tetradecanol__Diethyl_Phthalate_and_Tween_80_Assist_in_the_Formation_of_Thermo.pdf | A_Leaf_Disc_Assay_for_Evaluating_the_Response_of_Tea___i_Camellia_sinensis__i___.pdf | Acute_exposure_to_a_commercial_formulation_of_Azoxystrobin_alters_antioxidant_en.pdf | An_Overview_of_Strobilurin_Fungicide_Degradation_Current_Status_and_Future_Persp.pdf | Antagonistic_Effect_of_Azoxystrobin_Poly__Lactic_Acid__Microspheres_with_Control.pdf
Benalaxyl,2,0,2,0,,Review_of_the_existing_maximum_residue_levels_for_benalaxyl_M_according_to_Artic.pdf | The_Removal_of_Atrazine_and_Benalaxyl_by_the_Fly_Ash_Released_from_Kosovo_A_Powe.pdf
Bentazone,14,0,14,0,,A_Brief_Photocatalytic_Study_of_ZnO_Containing_Cerium_towards_Ibuprofen_Degradat.pdf | Adsorption_of_bentazone_in_the_profiles_of_mineral_soils_with_low_organic_matter.pdf | An_Overview_of_Photocatalytic_Membrane_Degradation_Development_.pdf | Bioaugmentation_has_temporary_effect_on_anaerobic_pesticide_biodegradation_in_si.pdf | Combined_effects_of_micropollutants_and_their_degradation_on_prokaryotic_communi.pdf
Benzovindiflupyr,7,7,0,0,Conclusion on the peer review of the pesticide risk assessment of the active substance benzovindiflupyr..pdf | Modification of the existing maximum residue levels for benzovindiflupyr in fresh herbs and edible flowers..pdf | Modification of the existing maximum residue levels for benzovindiflupyr in leeks and spring onionsgreen onionsWelsh onions..pdf | Non-UV light influences the degradation rate of crop protection products..pdf | Stereoselective toxicity Investigating the adverse effects of benzovindiflupyr on Xenopus laevis tadpoles..pdf,
Bifenazate,4,0,4,0,,Modification_of_the_existing_maximum_residue_level_for_bifenazate_in_elderberrie.pdf | Modification_of_the_existing_maximum_residue_level_for_bifenazate_in_soya_bean_.pdf | Peer_review_of_the_pesticide_risk_assessment_of_the_active_substance_bifenazate_.pdf | Updated_peer_review_of_the_pesticide_risk_assessment_of_the_active_substance_bif.pdf
Bifenthrin,24,0,24,0,,Bacterial_Cytochrome_P450_Involvement_in_the_Biodegradation_of_Fluorinated_Pyret.pdf | Bifenthrin_Residues_in_Table_Grapevine__Method_Optimization__Dissipation_and_Rem.pdf | Bifenthrin_at_Sublethal_Concentrations_Suppresses_Mating_and_Laying_of_Female__i.pdf | Bifenthrin_induced_neurotoxicity_in_rats__involvement_of_oxidative_stress_.pdf | Bifenthrin_s_Environmental_Fate__An_Insight_Into_Its_Soil_Sorption_and_Degradati.pdf
Bitertanol,4,4,0,0,"Kinetic aspects and identification of by-products during the ozonation of bitertanol in agricultural wastewaters..pdf | Stereoselective Separation of the Fungicide Bitertanol Stereoisomers by High-Performance Liquid Chromatography and Their Degradation in Cucumber..pdf | Stereoselective bioactivity, toxicity and degradation of the chiral triazole fungicide bitertanol..pdf | Stereoselective environmental behavior and biological effects of the chiral bitertanol..pdf",
Bixafen,2,2,0,0,Degradation dynamics and dissipation kinetics of an imidazole fungicide (Prochloraz) in aqueous medium of varying pH..pdf | Realistic exposure of the fungicide bixafen in soil and its toxicity and risk to natural earthworm populations after multiyear use in cereal..pdf,
Boscalid,14,0,14,0,,Contribution_of_insect_gut_microbiota_and_their_associated_enzymes_in_insect_phy.pdf | Degradation_of_Pesticide_Residues_in_Water__Soil__and_Food_Products_via_Cold_Pla.pdf | Dissipation_Residue_Behaviors_and_Dietary_Risk_Assessment_of_Boscalid_and_Pyracl.pdf | Dissipation_kinetics_and_biological_degradation_by_yeast_and_dietary_risk_assess.pdf | Effect_of_two_anti_fungal_treatments__metrafenone_and_boscalid_plus_kresoxim_met.pdf
Broflanilide,4,4,0,0,"Multi-centre discriminating concentration determination of broflanilide and potential for cross-resistance to other public health insecticides in Anopheles vector populations..pdf | Optimization and Application of the QuEChERS-UHPLC-QTOF-MS Method for the Determination of Broflanilide Residues in Agricultural Soils..pdf | Photolysis of the novel meta-diamide insecticide broflanilide in solutions Kinetics, degradation pathway, DFT calculation and ecotoxicity assessment..pdf | Residues Analysis and Dissipation Dynamics of Broflanilide in Rice and Its Related Environmental Samples..pdf",
Buprofezin,13,0,13,0,,Buprofezin_Is_Metabolized_by_CYP353D1v2__a_Cytochrome_P450_Associated_with_Imida.pdf | Conclusion_regarding_the_peer_review_of_the_pesticide_risk_assessment_of_the_act.pdf | Contribution_of_insect_gut_microbiota_and_their_associated_enzymes_in_insect_phy.pdf | Degradation_of_Acephate_and_Its_Intermediate_Methamidophos__Mechanisms_and_Bioch.pdf | Effect_of_Processing_on_Residual_Buprofezin_Levels_in_Ginseng_Products_.pdf
Cadusafos,4,0,4,0,,Biodegradation_of_chlorpyrifos_by_enterobacter_strain_B_14_and_its_use_in_biorem.pdf | Contribution_of_insect_gut_microbiota_and_their_associated_enzymes_in_insect_phy.pdf | Degradation_kinetics_and_physiological_studies_of_organophosphates_degrading_mic.pdf | Microbial_degradation_of_halogenated_aromatics__molecular_mechanisms_and_enzymat.pdf
Captan,16,0,16,0,,Biodegradation_of_propiconazole_by_newly_isolated_Burkholderia_sp__strain_BBK_9_.pdf | Dislodgeable_Foliar_Residue_Measurements_and_Assessment_of_Dermal_Exposure_to_Ca.pdf | Effect_of_plasma_activated_water_and_buffer_solution_combined_with_ultrasound_on.pdf | Effects_of_1_3_butadiene__isoprene__and_their_photochemical_degradation_products.pdf | Importance_of_Hydrogen_Sulfide__Thiosulfate__and_Methylmercaptan_for_Growth_of_T.pdf
carbaryl,50,0,50,0,,A_Critical_Review_on_Metal_Organic_Frameworks_and_Their_Composites_as_Advanced_M.pdf | A_Novel_Paper_Based_Electrochemical_Biosensor_Based_on_N_O_Rich_Covalent_Organic.pdf | A_Simple_and_Reliable_Dispersive_Liquid_Liquid_Microextraction_with_Smartphone_B.pdf | A_bispecific_nanobody_with_high_sensitivity_efficiency_for_simultaneous_determin.pdf | Acetylcholinesterase_Biosensor_Based_on_Functionalized_Renewable_Carbon_Platform.pdf
Carbendazim,47,0,47,0,,A_Comprehensive_Review_of_Multifunctional_Nanozymes_for_Degradation_and_Detectio.pdf | A_Novel_Cu_sub_2__sub_O_ZnO_PET_Composite_Membrane_for_the_Photocatalytic_Degrad.pdf | A_Sensitive_and_Selective_Electrochemical_Aptasensor_for_Carbendazim_Detection_.pdf | Aerobic_and_Anaerobic_Biodegradation_of_1_2_Dibromoethane_by_a_Microbial_Consort.pdf | An_Amidase_Gene___i_ipaH__i___Is_Responsible_for_the_Initial_Step_in_the_Iprodio.pdf
Chlorantraniliprole,33,0,33,0,,A_mechanism_based_approach_unveils_metabolic_routes_potentially_mediating_chlora.pdf | A_reference_gene_set_for_sex_pheromone_biosynthesis_and_degradation_genes_from_t.pdf | Biochemical_basis_of_synergism_between_pathogenic_fungus_Metarhizium_anisopliae_.pdf | CRISPR_Cas9_Based_Functional_Characterization_of_SfUGT50A15_Reveals_Its_Roles_in.pdf | Chitosan_Delivered_Chlorantraniliprole_for_Pest_Control__Preparation_Optimizatio.pdf
Chlordane,16,0,16,0,,Alterations_in_macrophage_phagocytosis_and_inflammatory_tone_following_exposure_.pdf | Bacterial_degradation_of_aromatic_compounds_.pdf | Biodegradation_of_crystal_violet_by_the_white_rot_fungus_Phanerochaete_chrysospo.pdf | Biodegradation_of_pentachlorophenol_by_the_white_rot_fungus_Phanerochaete_chryso.pdf | Burning_question__Rethinking_organohalide_degradation_strategy_for_bioremediatio.pdf
Chlorfenapyr,8,0,8,0,,A_Comprehensive_Review_of_the_Current_Knowledge_of_Chlorfenapyr__Synthesis__Mode.pdf | Degradation_strategies_of_pesticide_residue__From_chemicals_to_synthetic_biology.pdf | Determination_of_Market__Field_Samples__and_Dietary_Risk_Assessment_of_Chlorfena.pdf | Preparation_and_performance_of_chlorfenapyr_microcapsules_with_a_degradable_poly.pdf | Residual_Behavior_and_Dietary_Risk_Assessment_of_Chlorfenapyr_and_Its_Metabolite.pdf
Chlormequat,5,0,5,0,,Effects_of_different_concentrations_of_chlormequat_chloride_on_bacterial_communi.pdf | Herbicidal_Ionic_Liquids__A_Promising_Future_for_Old_Herbicides__Review_on_Synth.pdf | Modification_of_the_existing_maximum_residue_level_for_chlormequat_in_oat_.pdf | Quantitative_Modeling_of_the_Degradation_of_Pesticide_Residues_in_Wheat_Flour_Su.pdf | Urinary_biomarker_concentrations_of_captan__chlormequat__chlorpyrifos_and_cyperm.pdf
Chlorothalonil,39,1,38,0,Chlorothalonil_10.1186_s13568-017-0530-y.pdf,A_novel_hydrolytic_dehalogenase_for_the_chlorinated_aromatic_compound_chlorothal.pdf | A_pulsed_dose_study_evaluating_chronic_toxicity_of_chlorothalonil_to_fish__A_cas.pdf | Antibody_free_colorimetric_detection_of_chlorothalonil_in_cucumber__i_via__i__th.pdf | BOK_Is_a_Non_canonical_BCL_2_Family_Effector_of_Apoptosis_Regulated_by_ER_Associ.pdf | Biodegradation_of_agave_Comiteco_bagasse_by__i_Pleurotus__i__spp___a_source_of_c.pdf
Chlorpropham,11,0,11,0,,A_multifunctional_enzyme_portfolio_for_α_chaconine_and_α_solanine_degradation_in.pdf | An_Amidase_Gene___i_ipaH__i___Is_Responsible_for_the_Initial_Step_in_the_Iprodio.pdf | Biodegradation_of_phenmedipham_by_novel__i_Ochrobactrum_anthropi__i__NC_1_.pdf | Characterization_of_a_novel_amidohydrolase_with_promiscuous_esterase_activity_fr.pdf | Conserved_Metabolic_and_Evolutionary_Themes_in_Microbial_Degradation_of_Carbamat.pdf
Chlorpyrifos,171,0,171,0,,A_Comprehensive_Review_of_Multifunctional_Nanozymes_for_Degradation_and_Detectio.pdf | A_Novel_Organophosphorus_Acid_Anhydrolase_from_Deep_Sea_Sediment_with_High_Degra.pdf | A_biomarker_validation_study_of_prenatal_chlorpyrifos_exposure_within_an_inner_c.pdf | A_modeling_framework_for_estimating_children_s_residential_exposure_and_dose_to_.pdf | Aerobic_dichlorvos_degradation_by__i_Pseudomonas_stutzeri__i__smk__complete_path.pdf
Chlorpyrifos-Methyl,73,1,72,0,Chlorpyrifos-methyl_10.1590_0001-3765201920180694.pdf,A_Comprehensive_Review_of_Multifunctional_Nanozymes_for_Degradation_and_Detectio.pdf | A_Novel_Organophosphorus_Acid_Anhydrolase_from_Deep_Sea_Sediment_with_High_Degra.pdf | A_review_on_WO_sub_3__sub__photocatalysis_used_for_wastewater_treatment_and_pest.pdf | Adsorption_and_Photocatalytic_Degradation_of_Pesticides_into_Nanocomposites__A_R.pdf | Application_of_Fe_MOFs_in_Photodegradation_and_Removal_of_Air_and_Water_Pollutan.pdf
Clethodim,2,0,2,0,,Chiral_method_validation_and_stereoselective_degradation_of_profoxydim_isomers_i.pdf | Metabolic_profile_and_behavior_of_clethodim_and_spirotetramat_in_herbs_during_pl.pdf
Clofentezine,1,1,0,0,Peer review of the pesticide risk assessment of the active substance clofentezine..pdf,
Clothianidin,31,0,31,0,,A_Critical_Review_on_Metal_Organic_Frameworks_and_Their_Composites_as_Advanced_M.pdf | A_review_on_WO_sub_3__sub__photocatalysis_used_for_wastewater_treatment_and_pest.pdf | Aerobic_Degradation_of_Clothianidin_to_2_Chloro_methyl_Thiazole_and_Methyl_3__Th.pdf | Biodegradation_and_Metabolic_Pathway_of_the_Neonicotinoid_Insecticide_Thiamethox.pdf | Clothianidin_resistant_Anopheles_gambiae_adult_mosquitoes_from_Yaoundé__Cameroon.pdf
Cyantraniliprole,10,0,10,0,,Cyantraniliprole_seed_treatment_effectively_controls_wireworms___i_Pleonomus_can.pdf | Development_of_a_nanobody_based_ELISA_for_the_detection_of_the_insecticides_cyan.pdf | Dissipation_of_the_Insecticide_Cyantraniliprole_and_Its_Metabolite_IN_J9Z38_in_P.pdf | Evaluation_of_Cyantraniliprole_and_Other_Commercial_Fly_Baits_under_Laboratory_a.pdf | Exposure_to_Cyantraniliprole_Adversely_Impacts_Fitness_of__i_Harmonia_axyridis__.pdf
Cyazofamid,5,0,5,0,,Dissipation__Residue_and_Human_Dietary_Risk_Assessment_of_Pyraclostrobin_and_Cya.pdf | Peer_review_of_the_pesticide_risk_assessment_of_the_active_substance_cyazofamid_.pdf | Residue_and_risk_assessment_of_fluopicolide_and_cyazofamid_in_grapes_and_soil_us.pdf | The_Dissipation_of_Cyazofamid_and_Its_Main_Metabolite_CCIM_During_Wine_Making_Pr.pdf | Updated_peer_review_of_the_pesticide_risk_assessment_of_the_active_substance_cya.pdf
Cycloxydim,3,0,3,0,,Dynamics_of_the_Degradation_of_Acetyl_CoA_Carboxylase_Herbicides_in_Vegetables_.pdf | Modification_of_the_existing_maximum_residue_level_for_cycloxydim_in_strawberrie.pdf | Modification_of_the_existing_maximum_residue_levels_for_cycloxydim_in_various_cr.pdf
Cyflumetofen,4,0,4,0,,Modification_of_the_existing_maximum_residue_levels_for_cyflumetofen_in_various_.pdf | Molecular_Mechanisms_Underlying_Metabolic_Resistance_to_Cyflumetofen_and_Bifenth.pdf | Residue_and_Dietary_Risk_Assessment_of_Chiral_Cyflumetofen_in_Apple_.pdf | Review_of_the_existing_maximum_residue_levels_for_cyflumetofen_according_to_Arti.pdf
Cyfluthrin,20,0,20,0,,Biodegradation_of_pesticide_in_agricultural_soil_employing_entomopathogenic_fung.pdf | Degradation_of_Organophosphorus_and_Pyrethroid_Insecticides_in_Beverages__Implic.pdf | Degradation_of_Xenobiotic_Pollutants__An_Environmentally_Sustainable_Approach_.pdf | Degradation_of_insecticides_used_for_indoor_spraying_in_malaria_control_and_poss.pdf | Dynamics_of_the_Dissipation_of_Acetamiprid__Azoxystrobin__and_β_Cyfluthrin_in_Ja.pdf
cyfluthrin.beta.cyfluthrin,48,0,48,0,,A_Critical_Review_on_Metal_Organic_Frameworks_and_Their_Composites_as_Advanced_M.pdf | Adsorption_and_Photocatalytic_Degradation_of_Pesticides_into_Nanocomposites__A_R.pdf | Bacterial_Cytochrome_P450_Involvement_in_the_Biodegradation_of_Fluorinated_Pyret.pdf | Biodegradation_and_metabolic_pathway_of_fenvalerate_by_Citrobacter_freundii_CD_9.pdf | Biodegradation_of_Allethrin_by_a_Novel_Fungus__i_Fusarium_proliferatum__i__Strai.pdf
Cyhalothrin,50,0,50,0,,A_Critical_Review_on_Metal_Organic_Frameworks_and_Their_Composites_as_Advanced_M.pdf | Adsorption_and_Photocatalytic_Degradation_of_Pesticides_into_Nanocomposites__A_R.pdf | Bacterial_Cytochrome_P450_Involvement_in_the_Biodegradation_of_Fluorinated_Pyret.pdf | Biodegradation_and_metabolic_pathway_of_fenvalerate_by_Citrobacter_freundii_CD_9.pdf | Biodegradation_of_Allethrin_by_a_Novel_Fungus__i_Fusarium_proliferatum__i__Strai.pdf
cyhalothrin. lambda-cyhalothrin,25,0,25,0,,Construction_of_Lambda_Cyhalothrin_Nano_Delivery_System_with_a_High_Loading_Cont.pdf | De_Novo_Transcriptomic_Analyses_Revealed_Some_Detoxification_Genes_and_Related_P.pdf | Enhancing_soil_health__microbial_count__and_hydrophilic_methomyl_and_hydrophobic.pdf | Environmental_Safety_Assessments_of_Lipid_Nanoparticles_Loaded_with_Lambda_Cyhal.pdf | Expression__Characterization__Fermentation__Immobilization__and_Application_of_a.pdf
Cyhexatin,1,1,0,0,Degradation and residues of cyclohexyltin compounds in orchard soil following field application of cyhexatin..pdf,
cypermethrin.alpha-cypermethrin,14,0,14,0,,Biodegradation_of_monocrotophos__cypermethrin___fipronil_by__i_Proteus_myxofacie.pdf | Contribution_of_insect_gut_microbiota_and_their_associated_enzymes_in_insect_phy.pdf | Effect_of_Insecticides_Imidacloprid_and_Alpha_Cypermethrin_on_the_Development_of.pdf | Evaluate_the_Toxicity_of_Pyrethroid_Insecticide_Cypermethrin_before_and_after_Bi.pdf | Evaluating_the_Compatibility_of_Spinosad_and_Alpha_Cypermethrin_for_Controlling_.pdf
cypermethrin.zeta-cypermethrin,1,0,1,0,,Evaluate_the_Toxicity_of_Pyrethroid_Insecticide_Cypermethrin_before_and_after_Bi.pdf
Cyproconazole,2,0,2,0,,Biodegradation_of_propiconazole_by_newly_isolated_Burkholderia_sp__strain_BBK_9_.pdf | Quantitative_Modeling_of_the_Degradation_of_Pesticide_Residues_in_Wheat_Flour_Su.pdf
Cyprodinil,12,0,12,0,,Changed_degradation_behavior_of_pesticides_when_present_in_mixtures_.pdf | Conditions_Optimizing_and_Application_of_Laccase_mediator_System__LMS__for_the_L.pdf | Degradation_of_Pesticide_Residues_in_Water__Soil__and_Food_Products_via_Cold_Pla.pdf | Effect_of_cyprodinil_and_fludioxonil_pesticides_on_bovine_liver_catalase_activit.pdf | Effect_of_plasma_activated_water_and_buffer_solution_combined_with_ultrasound_on.pdf
Cyromazine,8,0,8,0,,Assembly_Driven_Oxidative_Degradation_of_Melarsomine_Triggered_by_Cyanuric_Acid_.pdf | Bacterial_degradation_of_N_cyclopropylmelamine__The_steps_to_ring_cleavage_.pdf | Biodegradation_of_cyromazine_by_melamine_degrading_bacteria_.pdf | Role_of_Insect_Gut_Microbiota_in_Pesticide_Degradation__A_Review_.pdf | Sample_Preparation_of_Eggs_From_Laying_Hens_Using_QuEChERS_Dispersive_Extraction.pdf
DDT(Dichlorodiphenyltrichloroethane),1,1,0,0,DDT_10.4014_jmb.1701.01073.pdf,
Deltamethrin,72,0,72,0,,A_Comprehensive_Review_of_Multifunctional_Nanozymes_for_Degradation_and_Detectio.pdf | A_novel_miRNA__miR_13664__targets_CpCYP314A1_to_regulate_deltamethrin_resistance.pdf | Absence_of_close_range_excitorepellent_effects_in_malaria_mosquitoes_exposed_to_.pdf | Acute_Toxicity__Bioaccumulation_and_Elimination_Rate_of_Deltamethrin_and_Cyperme.pdf | Acute_Toxicity__Neurotoxic__Immunotoxic__and_Behavioral_Effects_of_Deltamethrin_.pdf
Dicamba,31,0,31,0,,2_4_D_and_dicamba_resistance_mechanisms_in_wild_radish__subtle__complex_and_popu.pdf | A_Tetrahydrofolate_Dependent_Methyltransferase_Catalyzing_the_Demethylation_of_D.pdf | A_Three_Component_Enzyme_System_Catalyzes_the_O_Demethylation_of_the_Herbicide_D.pdf | Bacterial_Dispersal_Promotes_Biodegradation_in_Heterogeneous_Systems_Exposed_to_.pdf | Biodegradation_effects_of_o_cresol_by__i_Pseudomonas_monteilii__i__SHY_on_mustar.pdf
Dichlobenil,8,0,8,0,,Biodegradation_of_nitriles_in_shale_oil_.pdf | Degradation_and_mineralization_of_nanomolar_concentrations_of_the_herbicide_dich.pdf | Degradation_of_Acetonitrile_by_Pseudomonas_putida_.pdf | Fungal_degradation_of_aromatic_nitriles__Enzymology_of_C_N_cleavage_by_Fusarium_.pdf | Mass_Transfer_Limited_Biodegradation_at_Low_Concentrations_Evidence_from_Reactiv.pdf
Dichlorvos,49,1,48,0,Dichlorvos_10.1186_s12864-018-4960-y.pdf,A_Comprehensive_Review_of_Multifunctional_Nanozymes_for_Degradation_and_Detectio.pdf | A_Novel_Organophosphorus_Acid_Anhydrolase_from_Deep_Sea_Sediment_with_High_Degra.pdf | A_Review_of_Microalgae__and_Cyanobacteria_Based_Biodegradation_of_Organic_Pollut.pdf | A_VILLAGE_SCALE_TRIAL_WITH_DICHLORVOS_AS_A_RESIDUAL_FUMIGANT_INSECTICIDE_IN_SOUT.pdf | A_review_on_WO_sub_3__sub__photocatalysis_used_for_wastewater_treatment_and_pest.pdf
Dicofol,13,0,13,0,,A_refined_method_for_analysis_of_4_4__dicofol_and_4_4__dichlorobenzophenone_.pdf | Biodegradation_of_DDT__1_1_1_trichloro_2_2_bis_4_chlorophenyl_ethane__by_the_whi.pdf | Burning_question__Rethinking_organohalide_degradation_strategy_for_bioremediatio.pdf | Degradation_of_endrin__aldrin__and_DDT_by_soil_microorganisms_.pdf | Differential_Bioaccumulation_Patterns_of_α__β_Hexachlorobenzene_and_Dicofol_in_A.pdf
Dieldrin,45,0,45,0,,A_review_on_WO_sub_3__sub__photocatalysis_used_for_wastewater_treatment_and_pest.pdf | Aldrin_and_dieldrin__a_review_of_research_on_their_production__environmental_dep.pdf | An_invertebrate_model_of_the_developmental_neurotoxicity_of_insecticides__effect.pdf | Bacterial_degradation_of_aromatic_compounds_.pdf | Biodegradability_and_biodegradation_pathways_of_chlorinated_cyclodiene_insectici.pdf
Difenoconazole,25,0,25,0,,A_Cheminformatics_Study_Regarding_the_Human_Health_Risks_Assessment_of_the_Stere.pdf | Antifungal_Activity_of_Difenoconazole_Loaded_Microcapsules_against__i_Curvularia.pdf | Bioaccessibility_of_Difenoconazole_in_Rice_Following_Industry_Standard_Processin.pdf | Biodegradation_of_phenol_contaminated_soil_and_plant_growth_promotion_by__i_Myro.pdf | Cellulose_Based_Hectocycle_Nanopolymers__Synthesis__Molecular_Docking_and_Adsorp.pdf
Diflubenzuron,16,0,16,0,,Activity_of_meadowfoam__Limnanthes_alba__seed_meal_glucolimnanthin_degradation_p.pdf | Aerobic_Degradation_of_Clothianidin_to_2_Chloro_methyl_Thiazole_and_Methyl_3__Th.pdf | Anaerobic_biodegradation_of_2_4_dichlorophenol_in_freshwater_lake_sediments_at_d.pdf | Anaerobic_biodegradation_of_chlorophenols_in_fresh_and_acclimated_sludge_.pdf | Characterization_of_a_chitin_synthase_encoding_gene_and_effect_of_diflubenzuron_.pdf
Dimethenamid-P,3,3,0,0,"Dynamics of the Degradation of Acetyl-CoA Carboxylase Herbicides in Vegetables..pdf | Fungal biodegradation of chlorinated herbicides an overview with an emphasis on 2,4-D in Argentina..pdf | Peer review of the pesticide risk assessment of the active substance dimethenamid-P..pdf",
Dimethipin,1,1,0,0,Development of an enhanced analytical method utilizing pepper matrix as an analyte protectant for sensitive GCâ€’MSMS detection of dimethipin in animal-based food products..pdf,
Dimethoate,43,0,43,0,,A_Comprehensive_Review_of_Multifunctional_Nanozymes_for_Degradation_and_Detectio.pdf | A_Novel_Molecularly_Imprinted_Quartz_Crystal_Microbalance_Sensor_Based_on_Erbium.pdf | Adsorption_and_Photocatalytic_Degradation_of_Pesticides_into_Nanocomposites__A_R.pdf | Aerobic_Degradation_of_Clothianidin_to_2_Chloro_methyl_Thiazole_and_Methyl_3__Th.pdf | Biodegradation_of_nitenpyram__neonicotinoid_insecticide__by_endophytic_bacterium.pdf
Dimethomorph,5,0,5,0,,Attenuation_and_soil_biodegradation_of_fungicides_by_using_vegetated_buffer_stri.pdf | Co_exposure_of_dimethomorph_and_imidacloprid__effects_on_soil_bacterial_communit.pdf | Degradation_strategies_of_pesticide_residue__From_chemicals_to_synthetic_biology.pdf | Dissipation_and_Safety_Analysis_of_Dimethomorph_Application_in_Lychee_by_High_Pe.pdf | Peer_review_of_the_pesticide_risk_assessment_of_the_active_substance_dimethomorp.pdf
Dinocap,5,5,0,0,"Degradation of dinocap in three German soils..pdf | Evaluation of the confirmatory data following the Article 12 MRL review for meptyldinocap (DE-126) and modification of the existing maximum residue levels in table and wine grapes..pdf | Optimization of diazinon biodegradation from aqueous solutions by Saccharomyces cerevisiae using response surface methodology..pdf | Persistence and dissipation study of azoxystrobin, buprofezin, dinocap and hexaconazole on mango (Mangifera indica L.)..pdf | Review of the existing maximum residue levels for meptyldinocap (DE-126) according to Article 12 of Regulation (EC) No 3962005..pdf",
Dinotefuran,24,0,24,0,,A_Critical_Review_on_Metal_Organic_Frameworks_and_Their_Composites_as_Advanced_M.pdf | Adsorption_and_Photocatalytic_Degradation_of_Pesticides_into_Nanocomposites__A_R.pdf | Adverse_outcome_pathway_based_assessment_of_pulmonary_toxicity_from_the__i_in_vi.pdf | Biodegradation_and_Metabolic_Pathway_of_the_Neonicotinoid_Insecticide_Thiamethox.pdf | Biodegradation_of_nitenpyram__neonicotinoid_insecticide__by_endophytic_bacterium.pdf
Diphenylamine,52,0,52,0,,1_6_α_L_Fucosidases_from__i_Bifidobacterium_longum__i__subsp___i_infantis__i__AT.pdf | 3_Chlorodiphenylamine_activates_cardiac_troponin_by_a_mechanism_distinct_from_be.pdf | Adsorption_of_DNA_to_sand_and_variable_degradation_rates_of_adsorbed_DNA_.pdf | Anomalous_efficiency_elevation_of_quantum_dot_light_emitting_diodes_induced_by_o.pdf | Bifidobacterium_bifidum_lacto_N_biosidase__a_critical_enzyme_for_the_degradation.pdf
Diquat,29,0,29,0,,Absorption_and_excretion_of_diquat_and_paraquat_in_rats_.pdf | Analysis_of_Human_microRNA_Expression_Profiling_During_Diquat_Induced_Renal_Prox.pdf | Biodegradation_Capabilities_of_Paraquat_Degrading_Bacteria_Immobilized_on_Nanoce.pdf | Comparison_of_the_aquatic_toxicity_of_diquat_and_its_metabolites_to_zebrafish_Da.pdf | Curcumin_alleviates_cecal_oxidative_injury_in_diquat_induced_broilers_by_regulat.pdf
Disulfoton,4,0,4,0,,Degradation_of_Praguicide_Disulfoton_Using_Nanocompost_and_Evaluation_of_Toxicol.pdf | Factors_affecting_degradation_of_aldicarb_and_ethoprop_.pdf | Microbial_Degradation_of_Pesticide_Residues_and_an_Emphasis_on_the_Degradation_o.pdf | Phosphate_and_soil_binding__factors_limiting_bacterial_degradation_of_ionic_phos.pdf
Dithianon,1,0,1,0,,Updated_peer_review_of_the_pesticide_risk_assessment_for_the_active_substance_di.pdf
Dithiocarbamates,22,0,22,0,,A_General_Approach_to_Site_Specific__Intramolecular_C_H_Functionalization_Using_.pdf | Bis_4_methylpiperidine_1_carbodithioato__lead_II__and_Bis_4_benzylpiperidine_1_c.pdf | Computational_and_biochemical_characterization_of_the_immobilized_esterase_of_Sa.pdf | Cross_reactivity_between_thiuram_disulfides_and_dithiocarbamates__A_study_of_TET.pdf | Cytotoxicity_profiles_for_a_series_of_triorganophosphinegold_I__dithiocarbamates.pdf
Dodine,3,3,0,0,Damage to the cytoplasmic membrane and cell death caused by dodine (dodecylguanidine monoacetate) in Pseudomonas syringae ATCC 12271..pdf | Mode of antibacterial action of dodine (dodecylguanidine monoacetate) in Pseudomonas syringae..pdf | Modification of the existing maximum residue levels for dodine in citrus fruits..pdf,
Emamectin benzoate,25,0,25,0,,Application_of_Solid_Dispersion_Technique_to_Improve_Solubility_and_Sustain_Rele.pdf | Assessment_of_the_effect_of_sub_lethal_acute_toxicity_of_Emamectin_benzoate_in__.pdf | CRISPR_Cas9_Based_Functional_Characterization_of_SfUGT50A15_Reveals_Its_Roles_in.pdf | Comparative_analyses_of_the_effects_of_sublethal_doses_of_emamectin_benzoate_and.pdf | Dissipation_Dynamic__Residue_Distribution_and_Risk_Assessment_of_Emamectin_Benzo.pdf
Endosulfan,48,1,47,0,Endosulfan_10.1371_journal.pone.0077170.pdf,A_single_monooxygenase__ese__is_involved_in_the_metabolism_of_the_organochloride.pdf | Acute_oral_toxicity_and_histopathological_study_of_combination_of_endosulfan_and.pdf | Atmospheric_Hydroxyl_Radical_Reaction_Rate_Coefficient_and_Total_Environmental_L.pdf | Biodegradability_and_biodegradation_pathways_of_chlorinated_cyclodiene_insectici.pdf | Biodegradation_and_bioremediation_of_pesticide_in_soil__concept__method_and_rece.pdf
Endrin,12,0,12,0,,Bacterial_degradation_of_aromatic_compounds_.pdf | Biochar_in_co_contaminated_soil_manipulates_arsenic_solubility_and_microbiologic.pdf | Biodegradability_and_biodegradation_pathways_of_chlorinated_cyclodiene_insectici.pdf | Contribution_of_insect_gut_microbiota_and_their_associated_enzymes_in_insect_phy.pdf | Degradation_of_endrin__aldrin__and_DDT_by_soil_microorganisms_.pdf
Esfenvalerate,12,0,12,0,,Contribution_of_insect_gut_microbiota_and_their_associated_enzymes_in_insect_phy.pdf | Degradation_of_the_strobilurin_fungicide_mandestrobin_in_illuminated_water_sedim.pdf | Effects_of_the_insecticide_esfenvalerate_on_zooplankton_in_an_indoor_synthetic_m.pdf | Evaluate_the_Toxicity_of_Pyrethroid_Insecticide_Cypermethrin_before_and_after_Bi.pdf | Insight_Into_Microbial_Applications_for_the_Biodegradation_of_Pyrethroid_Insecti.pdf
Ethephon,25,0,25,0,,A_Comprehensive_Review_of_Multifunctional_Nanozymes_for_Degradation_and_Detectio.pdf | Changes_in_Nutrient_Components_and_Digestive_Enzymatic_Inhibition_Activities_in_.pdf | Characterization_of_Two_Ethephon_Induced__i_IDA_Like__i__Genes_from_Mango__and_E.pdf | Comparative_Physiological_and_Transcriptomic_Mechanisms_of_Defoliation_in_Cotton.pdf | Effect_of_Preharvest_Ethephon_Application_on_Selected_Biochemical_Components_and.pdf
Ethion,9,0,9,0,,A_Comprehensive_Review_of_Multifunctional_Nanozymes_for_Degradation_and_Detectio.pdf | Biodegradation_of_pesticide_in_agricultural_soil_employing_entomopathogenic_fung.pdf | Chitosan_TPP_encapsulated_quercetin_nanoparticles__amplified_protection_mechanis.pdf | Development_Disrupting_Chitin_Synthesis_Inhibitor__Novaluron__Reprogramming_the_.pdf | Field_Assessment_of_Naled_and_Its_Primary_Degradation_Product__Dichlorvos__in_Aq.pdf
Ethiprole,3,0,3,0,,Photodegradation_of_the_phenylpyrazole_insecticide_ethiprole_in_aquatic_environm.pdf | Role_of_Insect_Gut_Microbiota_in_Pesticide_Degradation__A_Review_.pdf | Setting_of_residue_definitions_and_toxicological_reference_values_for_ethiprole_.pdf
Ethoprophos,9,0,9,0,,Biodegradation_of_chlorpyrifos_by_enterobacter_strain_B_14_and_its_use_in_biorem.pdf | Effects_of_soil_pH_on_the_biodegradation_of_chlorpyrifos_and_isolation_of_a_chlo.pdf | Efficacy_of_Ethoprop_on_Meloidogyne_hapla_and_M__chitwoodi_and_Enhanced_Biodegra.pdf | Efficient_biodegradation_of_acephate_by__i_Pseudomonas_pseudoalcaligenes__i__PS_.pdf | Factors_affecting_degradation_of_aldicarb_and_ethoprop_.pdf
Ethoxyquin,18,0,18,0,,Autophagic_programmed_cell_death_by_selective_catalase_degradation_.pdf | Catalytic_degradation_of_kraft_lignin_to_determine_its_antioxidant_potential_for (1).pdf | Characterization_of_docosahexaenoic_acid__DHA__induced_heme_oxygenase_1__HO_1__e.pdf | Comparative_Study_of_an_Antioxidant_Compound_and_Ethoxyquin_on_Feed_Oxidative_St.pdf | Effects_of_milk__milk_replacer__and_milk_replacer_plus_ethoxyquin_on_the_growth_.pdf
Etofenprox,6,0,6,0,,Degradation_of_insecticides_used_for_indoor_spraying_in_malaria_control_and_poss.pdf | Field_evaluation_of_a_volatile_pyrethroid_spatial_repellent_and_etofenprox_treat.pdf | Insight_Into_Microbial_Applications_for_the_Biodegradation_of_Pyrethroid_Insecti.pdf | Modification_of_the_existing_maximum_residue_level_for_etofenprox_in_plums_.pdf | Review_of_the_existing_maximum_residue_levels_for_etofenprox_according_to_Articl.pdf
Etoxazole,4,0,4,0,,Chiral_Separation_and_Determination_of_Etoxazole_Enantiomers_in_Vegetables_by_No.pdf | Crystal_structure_and_Hirshfeld_surface_analysis_of_the_pesticide_etoxazole_.pdf | Peer_review_of_the_pesticide_risk_assessment_of_the_active_substance_etoxazole_.pdf | Residue_Behaviors_and_Degradation_Dynamics_of_Insecticides_Commonly_Applied_to__.pdf
Famoxadone,2,0,2,0,,Prediction_of_Pesticide_Interactions_with_Proteins_Involved_in_Human_Reproductio.pdf | Review_on_Performance_of__i_Aspergillus__i__and__i_Penicillium__i__Species_in_Bi.pdf
Fenamiphos,3,3,0,0,"Analytical method validation, dissipation and safety evaluation of combination fungicides fenamidoneâ€‰+â€‰mancozeb and iprovalicarbâ€‰+â€‰propineb inon tomato..pdf | Determination of famoxadone, fenamidone, fenhexamid and iprodione residues in greenhouse tomatoes..pdf | Dynamics and residues of mixed formulation of fenamidone and mancozeb in gherkin field ecosystem..pdf",
Fenazaquin,26,0,26,0,,A_Review_of_Microalgae__and_Cyanobacteria_Based_Biodegradation_of_Organic_Pollut.pdf | Accelerated_degradation_of_aldicarb_and_its_metabolites_in_cotton_field_soils_.pdf | Accelerated_degradation_of_fenamiphos_and_its_metabolites_in_soil_previously_tre.pdf | Advances_in_photocatalytic_degradation_of_organic_pollutants_in_wastewaters__har.pdf | Availability_of_fenamiphos_and_its_metabolites_to_soil_water_.pdf
Fenbuconazole,5,5,0,0,"Degradation studies of fenazaquin in soil under field and laboratory conditions..pdf | Investigation in tea on fate of fenazaquin residue and its transfer in brew..pdf | Photodecomposition of an acaricide, fenazaquin, in aqueous alcoholic solution..pdf | Setting of an import tolerance for fenazaquin in almonds..pdf | Setting of an import tolerance for fenazaquin in hops..pdf",
Fenbutatin Oxide,1,1,0,0,Review of the existing maximum residue levels for fenbutatin oxide according to Article 12 of Regulation (EC) NoÂ 3962005..pdf,
Fenhexamid,6,0,6,0,,Endocrine_disruptors_fludioxonil_and_fenhexamid_stimulate_miR_21_expression_in_b.pdf | Highly_sensitive_voltammetric_determination_of_the_fungicide_fenhexamid_using_a_.pdf | In_vitro_metabolism_of_tebuconazole__flurtamone__fenhexamid__metalaxyl_M_and_spi.pdf | Modification_of_the_existing_maximum_residue_levels_for_fenhexamid_in_various_cr.pdf | Screening_for__i_Lactobacillus_plantarum__i__Strains_That_Possess_Organophosphor.pdf
Fenitrothion,46,0,46,0,,A_Comprehensive_Review_of_Multifunctional_Nanozymes_for_Degradation_and_Detectio.pdf | A_Review_on_the_Degradation_of_Pollutants_by_Fenton_Like_Systems_Based_on_Zero_V.pdf | Acetylcholinesterase_Inhibition_in_Rats_and_Humans_Following_Acute_Fenitrothion_.pdf | Adsorption_and_Photocatalytic_Degradation_of_Pesticides_into_Nanocomposites__A_R.pdf | Aerobic_Degradation_of_Clothianidin_to_2_Chloro_methyl_Thiazole_and_Methyl_3__Th.pdf
Fenpicoxamid,2,2,0,0,"Biological characterization of fenpicoxamid, a new fungicide with utility in cereals and other crops..pdf | Peer review of the pesticide risk assessment of the active substance fenpicoxamid (XDE-777)..pdf",
Fenpropathrin,25,0,25,0,,Ameliorative_effects_of_date_palm_kernel_extract_against_fenpropathrin_induced_m.pdf | Antioxidant_Role_of__i_PcGSTd1__i__in_Fenpropathrin_Resistant_Population_of_the_.pdf | Biodegradation_of_monocrotophos__cypermethrin___fipronil_by__i_Proteus_myxofacie.pdf | Characterization_of_a_Pyrethroid_Degrading__i_Pseudomonas_fulva__i__Strain_P31_a.pdf | Conserved_Metabolic_and_Evolutionary_Themes_in_Microbial_Degradation_of_Carbamat.pdf
Fenpropimorph,5,5,0,0,Conclusion regarding the peer review of the pesticide risk assessment of the active substance fenpropimorph..pdf | Factors influencing degradation of pesticides in soil..pdf | Insulin-induced gene protein (INSIG)-dependent sterol regulation of Hmg2 endoplasmic reticulum-associated degradation (ERAD) in yeast..pdf | Reasoned opinion on the review of the existing maximum residue levels (MRLs) for fenpropimorph according to Article 12 of Regulation (EC) No 3962005..pdf | The small molecule fenpropimorph rapidly converts chloroplast membrane lipids to triacylglycerols in Chlamydomonas reinhardtii..pdf,
Fenpyrazamine,2,0,2,0,,Modification_of_the_existing_maximum_residue_levels_for_fenpyrazamine_in_lettuce.pdf | Review_of_the_existing_maximum_residue_levels_for_fenpyrazamine_according_to_Art.pdf
Fenpyroximate,3,0,3,0,,Microbial_Degradation_of_Pesticide_Residues_and_an_Emphasis_on_the_Degradation_o.pdf | Residue__dissipation__and_dietary_intake_evaluation_of_fenpyroximate_acaricide_i.pdf | Residue_determination_and_decline_pattern_of_abamectin_and_fenpyroximate_in_okra.pdf
Fenthion,2,0,2,0,,Efficiency_of_the_intestinal_bacteria_in_the_degradation_of_the_toxic_pesticide_.pdf | Identification_of_an_opd__organophosphate_degradation__gene_in_an_Agrobacterium_.pdf
Fenvalerate,25,0,25,0,,Aerobic_degradation_of_fenvalerate_by_a_Gram_positive_bacterium___i_Bacillus_fle.pdf | An_endocrine_disrupting_chemical__fenvalerate__induces_cell_cycle_progression_an.pdf | Biodegradation_and_metabolic_pathway_of_fenvalerate_by_Citrobacter_freundii_CD_9.pdf | Biodegradation_of_Allethrin_by_a_Novel_Fungus__i_Fusarium_proliferatum__i__Strai.pdf | Biodegradation_of_Unpretreated_Low_Density_Polyethylene__LDPE__by__i_Stenotropho.pdf
Fipronil,50,0,50,0,,A_GABA_Receptor_Modulator_and_Semiochemical_Compounds_Evidenced_Using_Volatolomi.pdf | Activated_carbon_as_a_means_of_limiting_bioaccumulation_of_organochlorine_pestic.pdf | Ameliorative_Effects_of_Boswellic_Acid_on_Fipronil_Induced_Toxicity__Antioxidant.pdf | Arylpyrrole_and_fipronil_analogues_that_inhibit_the_motility_and_or_development_.pdf | Assessment_of_fipronil_toxicity_on_wistar_rats__A_hepatotoxic_perspective_.pdf
Flonicamid,18,0,18,0,,Biodegradation_of_flonicamid_by_Ensifer_adhaerens_CGMCC_6315_and_enzymatic_chara.pdf | Efficient_Biodegradation_of_the_Neonicotinoid_Insecticide_Flonicamid_by_Pseudami.pdf | Intergenerational_Sublethal_Effects_of_Flonicamid_on_Cotton_Aphid___i_Aphis_goss.pdf | Metabolic_Profiling_and_Comparative_Proteomic_Insight_in_Respect_of_Amidases_dur.pdf | Microbial_Technologies_Employed_for_Biodegradation_of_Neonicotinoids_in_the_Agro.pdf
Fluazaindolizine,1,0,1,0,,Photodegradation_of_pesticides_using_compound_specific_isotope_analysis__CSIA___.pdf
Fluazifop-p-butyl,4,0,4,0,,Influence_of_a_Commercial_Biological_Fungicide_containing__i_Trichoderma_harzian.pdf | Nanometer_Titanium_Dioxide_Mediated_High_Efficiency_Photodegradation_of_Fluazifo.pdf | Target_site_mutations_Ile1781Leu_and_Ile2041Asn_in_the__i_ACCase2__i__gene_confe.pdf | The_Genome_Analysis_of__i_Methylobacterium_populi__i__YC_XJ1_with_Diverse_Xenobi.pdf
Fluazinam,5,0,5,0,,Comparative_Transcriptome_Analysis_Reveals_the_Mechanism_Related_to_Fluazinam_St.pdf | Conclusion_regarding_the_peer_review_of_the_pesticide_risk_assessment_of_the_act.pdf | Dissipation_and_Residue_Pattern_of_Dinotefuran__Fluazinam__Indoxacarb__and_Thiac.pdf | Modification_of_the_existing_maximum_residue_levels_for_fluazinam_in_onions__sha.pdf | Residue_Behaviors_and_Degradation_Dynamics_of_Insecticides_Commonly_Applied_to__.pdf
Flubendiamide,12,0,12,0,,A_monoclonal_antibody_based_indirect_competitive_enzyme_linked_immunosorbent_ass.pdf | Biodegradation_of_flubendiamide_by_a_newly_isolated_Chryseobacterium_sp__strain_.pdf | Biodegradation_of_pesticide_in_agricultural_soil_employing_entomopathogenic_fung.pdf | De_novo_transcriptome_and_expression_profile_analyses_of_the_Asian_corn_borer__O.pdf | Embryonic_exposure_to_flubendiamide_induces_hepatotoxicity_in_domestic_chicks_by.pdf
Fludioxonil,19,0,19,0,,A_Fungicide__Fludioxonil__Formed_the_Polyploid_Giant_Cancer_Cells_and_Induced_Me.pdf | Aggressiveness_and_Patulin_Production_in__i_Penicillium_expansum__i__Multidrug_R.pdf | Combining_Culture_Dependent_and_Independent_Approaches_for_the_Optimization_of_E.pdf | Degradation_of_Pesticide_Residues_in_Water__Soil__and_Food_Products_via_Cold_Pla.pdf | Effect_of_cyprodinil_and_fludioxonil_pesticides_on_bovine_liver_catalase_activit.pdf
Fluensulfone,2,0,2,0,,Degradation_strategies_of_pesticide_residue__From_chemicals_to_synthetic_biology.pdf | Field_evaluation_of_the_nematicide_fluensulfone_for_control_of_the_potato_cyst_n.pdf
Flufenoxuron,1,0,1,0,,Contribution_of_insect_gut_microbiota_and_their_associated_enzymes_in_insect_phy.pdf
Flumethrin,6,0,6,0,,Bacterial_Cytochrome_P450_Involvement_in_the_Biodegradation_of_Fluorinated_Pyret.pdf | Contribution_of_insect_gut_microbiota_and_their_associated_enzymes_in_insect_phy.pdf | Evaluation_of_the_long_term_efficacy_and_safety_of_an_imidacloprid_10__flumethri.pdf | In_Vitro_Neurotoxicity_of_Flumethrin_Pyrethroid_on_SH_SY5Y_Neuroblastoma_Cells__.pdf | Insight_Into_Microbial_Applications_for_the_Biodegradation_of_Pyrethroid_Insecti.pdf
Flumioxazin,4,0,4,0,,Mapping_of_flumioxazin_tolerance_in_a_snap_bean_diversity_panel_leads_to_the_dis.pdf | Pyrolysis_Temperature_vs__Application_Rate_of_Biochar_Amendments__Impacts_on_Soi.pdf | Responses_of_soil_microbial_biomass_and_enzyme_activity_to_herbicides_imazethapy.pdf | Updated_peer_review_of_the_pesticide_risk_assessment_of_the_active_substance_flu.pdf
Fluopicolide,4,0,4,0,,Fluopicolide_Induced_Oxidative_Stress_and_DNA_Damage_in_the_Earthworm__i_Eisenia.pdf | Residue_and_risk_assessment_of_fluopicolide_and_cyazofamid_in_grapes_and_soil_us.pdf | Review_of_the_existing_maximum_residue_levels_for_fluopicolide_according_to_Arti.pdf | Toward_Improved_Bioremediation_Strategies__Response_of_BAM_Degradation_Activity_.pdf
Fluopyram,14,0,14,0,,Changes_to_Soil_Microbiome_Resulting_from_Synergetic_Effects_of_Fungistatic_Comp.pdf | Degradation_strategies_of_pesticide_residue__From_chemicals_to_synthetic_biology.pdf | Effect_of_microorganisms_on_degradation_of_fluopyram_and_tebuconazole_in_laborat.pdf | Efficacy_of_fluopyram_applied_by_chemigation_on_controlling_eggplant_root_knot_n.pdf | Modification_of_the_existing_maximum_residue_level_for_fluopyram_in_broccoli_.pdf
Flupyradifurone,11,0,11,0,,Bergamot_Polyphenolic_Fraction_for_the_Control_of_Flupyradifurone_Induced_Poison.pdf | Dissipation__Processing_Factors_and_Dietary_Risk_Assessment_for_Flupyradifurone_.pdf | Effects_of_Nosema_ceranae__Dissociodihaplophasida__Nosematidae__and_Flupyradifur.pdf | Flupyradifurone__a_brief_profile_of_a_new_butenolide_insecticide_.pdf | Long_term_field_realistic_exposure_to_a_next_generation_pesticide__flupyradifuro.pdf
Flusilazole,1,0,1,0,,Research_Progress_on_the_Degradation_of_Organic_Pollutants_in_Water_by_Activated.pdf
Flutianil,1,0,1,0,,Setting_of_import_tolerances_for_flutianil_in_various_crops_.pdf
Flutolanil,3,0,3,0,,Conclusion_regarding_the_peer_review_of_the_pesticide_risk_assessment_of_the_act.pdf | Peer_review_of_the_pesticide_risk_assessment_of_the_active_substance_flutolanil_.pdf | Setting_of_an_import_tolerance_for_flutolanil_in_peanuts_.pdf
Flutriafol,3,0,3,0,,Evaluation_of_confirmatory_data_following_the_Article_12_MRL_review_and_setting_.pdf | Mechanistic_Insight_into_the_Degradation_of_Nitrosamines_via_Aqueous_Phase_UV_Ph.pdf | Understanding_the_Metabolism_and_Dissipation_Kinetics_of_Flutriafol_in_Vegetable.pdf
Fluxapyroxad,9,9,0,0,"A Nationwide Study of Residual Fate of Fluxapyroxad and Its Metabolites in Peanut Crops Across China Assessment of Human Exposure Potential..pdf | Accumulation and growth toxicity mechanisms of fluxapyroxad revealed by physiological, hepatopancreas transcriptome, and gut microbiome analysis in Pacific white shrimp (Litopenaeus vannamei)..pdf | Degradation of Fluxapyroxad in Soils and WaterSediment Systems Under Aerobic or Anaerobic Conditions..pdf | Dissipation kinetics and biological degradation by yeast and dietary risk assessment of fluxapyroxad in apples..pdf | Expanding the use of biobeds Degradation and adsorption of pesticides contained in effluents from seed-coating, bulb disinfestation and fruit-packaging activities..pdf",
Folpet,9,0,9,0,,Atmospheric_oxidation_of_Folpet_initiated_by_OH_radicals__NO_sub_3__sub__radical.pdf | Degradation_of_metalaxyl_and_mefenoxam_and_effects_on_the_microbiological_proper.pdf | Low_temperatures_lead_to_higher_toxicity_of_the_fungicide_folpet_to_larval_stage.pdf | Modification_of_the_existing_maximum_residue_level_for_folpet_in_lettuces_.pdf | Modification_of_the_existing_maximum_residue_levels_for_folpet_in_apples_and_pea.pdf
Fosetyl Al,1,1,0,0,Fosetyl-Al photo-Fenton degradation and its endogenous catalyst inhibition..pdf,
Glufosinate-Ammonium,18,18,0,0,"Accumulation, metabolites formation and elimination behavior of rac-glufosinate-ammonium and glufosinate-P in zebrafish (Danio rerio)..pdf | Casein Kinase 2 Mediates Degradation of Transcription Factor Pcf1 during Appressorium Formation in the Rice Blast Fungus..pdf | Chromatographic Methods for the Determination of Glyphosate in Cereals Together with a Discussion of Its Occurrence, Accumulation, Fate, Degradation, and Regulatory Status..pdf | Co-option of an extracellular protease for transcriptional control of nutrient degradation in the fungus Aspergillus nidulans..pdf | Comparing toxicity and biodegradation of racemic glufosinate and L-glufosinate in green algae Scenedesmus obliquus..pdf",
Glyphosate,243,1,242,0,Glyphosate_10.2323_jgam.58.263.pdf,A_Critical_Review_on_Metal_Organic_Frameworks_and_Their_Composites_as_Advanced_M.pdf | A_Glyphosate_Based_Formulation_but_Not_Glyphosate_Alone_Alters_Human_Placental_I.pdf | A_Glyphosate_Based_Herbicide_in_Soil_Differentially_Affects_Hormonal_Homeostasis.pdf | A_Human_Biomonitoring_Study_Assessing_Glyphosate_and_Aminomethylphosphonic_Acid_.pdf | A_Method_for_the_Analysis_of_Glyphosate__Aminomethylphosphonic_Acid__and_Glufosi.pdf
Haloxyfop,8,0,8,0,,Chiral_method_validation_and_stereoselective_degradation_of_profoxydim_isomers_i.pdf | Dynamics_of_the_Degradation_of_Acetyl_CoA_Carboxylase_Herbicides_in_Vegetables_.pdf | Impact_of_biochar_on_the_degradation_rates_of_three_pesticides_by_vegetables_and.pdf | Molecular_basis_for_enantioselective_herbicide_degradation_imparted_by_aryloxyal.pdf | Purification_and_properties_of_a_novel_quizalofop_p_ethyl_hydrolyzing_esterase_i.pdf
Heptachlor,20,0,20,0,,Anaerobic_biodegradation_of_chlorophenols_in_fresh_and_acclimated_sludge_.pdf | Bacterial_degradation_of_aromatic_compounds_.pdf | Biochar_in_co_contaminated_soil_manipulates_arsenic_solubility_and_microbiologic.pdf | Biodegradability_and_biodegradation_pathways_of_chlorinated_cyclodiene_insectici.pdf | Biodegradation_of_pesticide_in_agricultural_soil_employing_entomopathogenic_fung.pdf
Hexythiazox,8,8,0,0,"Direct Enantiomeric Separation and Determination of Hexythiazox Enantiomers in Environment and Vegetable by Reverse-Phase High-Performance Liquid Chromatography..pdf | Lethal and sublethal effects of pesticides on Chrysoperla carnea larvae (Neuroptera Chrysopidae) and the influence of rainfastness in their degradation pattern over time..pdf | Photodegradation of hexythiazox in different solvent systems under the influence of ultraviolet light and sunlight in the presence of TiO2, H2O2, and KNO3 and identification of the photometabolites..pdf | Residue dissipation, evaluation of processing factor and safety assessment of hexythiazox and bifenazate residues during drying of grape to raisin..pdf | Review of the existing maximum residue levels for hexythiazox according to Article 12 of Regulation (EC) NoÂ 3962005..pdf",
Hydrogen Phosphide,9,9,0,0,Aggregation and Degradation of White Phosphorus Mediated by N-Heterocyclic Carbene Nickel(0) Complexes..pdf | Challenges and Perspectives on Photocatalytic Membrane Reactors for Volatile Organic Compounds Degradation and Nitrogen Oxides Treatment..pdf | Direct Z-scheme P–TiO2g-C3N4 heterojunction for the photocatalytic degradation of sulfa antibiotics†.pdf | Efficient pH-universal degradation of antibiotic tetracycline via Cosub2subP decorated Neosinocalamus affinis biochar..pdf | How to Build a Microplastics-Free Environment Strategies for Microplastics Degradation and Plastics Recycling..pdf,
Imazamox,18,18,0,0,"Adsorption and degradation of imazapic in soils under different environmental conditions..pdf | Analysis of the Photodegradation of the Imidazolinone Herbicides Imazamox, Imazapic, Imazaquin, and Imazamethabenz-methyl in Aqueous Solution..pdf | Application of an Enzymatic Hydrolysed L-α-Amino Acid Based Biostimulant to Improve Sunflower Tolerance to Imazamox.pdf | Behavior of imidazolinone herbicide enantiomers in earthworm-soil microcosms Degradation and bioaccumulation..pdf | Behavior of the Chiral Herbicide Imazamox in Soils Enantiomer Composition Differentiates between Biodegradation and Photodegradation..pdf",
Imazapic,9,9,0,0,"Adsorption and degradation of imazapic in soils under different environmental conditions..pdf | Analysis of the Photodegradation of the Imidazolinone Herbicides Imazamox, Imazapic, Imazaquin, and Imazamethabenz-methyl in Aqueous Solution..pdf | Behavior of imidazolinone herbicide enantiomers in earthworm-soil microcosms Degradation and bioaccumulation..pdf | Catalytic ozonation for imazapic degradation over kelp-derived biochar Promotional role of N- and S-based active sites..pdf | Degradation of imazapic and imazapyr herbicides in the presence of optimized oil palm empty fruit bunch and rice husk biochars in soil..pdf",
Imazapyr,7,0,7,0,,A_review_on_plasmonic_based_heterojunction_photocatalysts_for_degradation_of_org.pdf | Adsorption_and_degradation_of_imazapic_in_soils_under_different_environmental_co.pdf | Deciphering_the_genetic_determinants_for_aerobic_nicotinic_acid_degradation__the.pdf | Enhanced_Photocatalytic_Degradation_of_the_Imidazolinone_Herbicide_Imazapyr_upon.pdf | Nanoparticles_Based_on_Chitosan_as_Carriers_for_the_Combined_Herbicides_Imazapic.pdf
Imazethapyr,6,0,6,0,,Adsorption_and_degradation_of_imazapic_in_soils_under_different_environmental_co.pdf | Enantioselective_phytotoxicity_of_the_herbicide_imazethapyr_on_the_response_of_t.pdf | Ethylene_Biosynthesis_Inhibition_Combined_with_Cyanide_Degradation_Confer_Resist.pdf | Herbicidal_Ionic_Liquids__A_Promising_Future_for_Old_Herbicides__Review_on_Synth.pdf | Phenotypic_Characteristics_and_Occurrence_Basis_of_Leaf_Necrotic_Spots_in_Respon.pdf
Imidacloprid,76,1,75,0,Imidacloprid_10.1186_s13568-019-0942-y.pdf,A_review_on_WO_sub_3__sub__photocatalysis_used_for_wastewater_treatment_and_pest.pdf | Ability_of__i_Lactobacillus_brevis__i__47f_to_Alleviate_the_Toxic_Effects_of_Imi.pdf | Absorption_and_Distribution_of_Imidacloprid_and_Its_Metabolites_in_Goldfish___i_.pdf | Aerobic_Degradation_of_Clothianidin_to_2_Chloro_methyl_Thiazole_and_Methyl_3__Th.pdf | Aminated_reduced_graphene_oxide_CuFe_sub_2__sub_O_sub_4__sub__nanohybride_adsorb.pdf
Indoxacarb,19,0,19,0,,A_systemic_study_of_indoxacarb_resistance_in_Spodoptera_litura_revealed_complex_.pdf | Behavioral_and_Transcriptomic_Analyses_in_the_Indoxacarb_Response_of_a_Non_Targe.pdf | Characterization_of_Indoxacarb_Resistance_in_the_Fall_Armyworm__Selection__Inher.pdf | Characterization_of_Spodoptera_littoralis__Lepidoptera__Noctuidae__resistance_to.pdf | Comprehensive_Detoxification_Mechanism_Assessment_of_Red_Imported_Fire_Ant___i_S.pdf
Iprodione,18,0,18,0,,An_Amidase_Gene___i_ipaH__i___Is_Responsible_for_the_Initial_Step_in_the_Iprodio.pdf | Biodegradation_of_Iprodione_and_Chlorpyrifos_Using_an_Immobilized_Bacterial_Cons.pdf | Biodegradation_of_pesticide_in_agricultural_soil_employing_entomopathogenic_fung.pdf | Carbamate_C_N_Hydrolase_Gene__i_ameH__i__Responsible_for_the_Detoxification_Step.pdf | Cytological_and_Gene_Profile_Expression_Analysis_Reveals_Modification_in_Metabol.pdf
Isofetamid,3,3,0,0,"Modification of the existing maximum residue levels for isofetamid in certain salad plants..pdf | Modification of the existing maximum residue levels for isofetamid in raspberries, blackberries and dewberries..pdf | Modification of the existing maximum residue levels for isofetamid in tomatoes, peppers, aubergines, okra and cucurbits with edible peel..pdf",
Isoflucypram,2,2,0,0,"Isoflucypram, the first representative of a new succinate dehydrogenase inhibitor fungicide subclass Its chemical discovery and unusual binding mode..pdf | Peer review of the pesticide risk assessment of the active substance isoflucypram..pdf",
Isoprothiolane,5,5,0,0,"Development of a UPLC-MSMS method for pesticide analysis in paddy water and evaluation of anodic TiO&lt;sub&gt;2&lt;sub&gt; nanostructured films for pesticide photodegradation and antimicrobial applications..pdf | Experimental Study on Photodegradation and Leaching of Typical Pesticides in Greenhouse Soil from Shouguang, Shandong Province, Northern China.pdf | In vitro pesticide degradation in turfgrass soil incubated under open and sealed conditions..pdf | Oxidation of isoprothiolane by ozone and chlorine Reaction kinetics and mechanism..pdf | Typical pesticides diffuse loading and degradation pattern differences under the impacts of climate and land-use variations..pdf",
Isopyrazam,5,5,0,0,Fungicide isopyrazam degradative response toward extrinsically added fungal and bacterial strains..pdf | Review of the existing maximum residue levels for isopyrazam according to Article 12 of Regulation (EC) No 3962005..pdf | Simultaneous Determination of the Residues of Isopyrazam Isomers and Their Metabolites in Soil and Tomatoes by Ultraperformance Liquid Chromatography-Tandem Mass Spectrometry..pdf | Surface water mineralization of isopyrazam according to OECD 309 observations on implementation of the new data requirement within agrochemical regulation..pdf | The behavior of isopyrazam in aquatic ecosystems implementation of a tiered investigation..pdf,
Isoxaflutole,3,0,3,0,,Changed_degradation_behavior_of_pesticides_when_present_in_mixtures_.pdf | Comparison_of_transcriptome_responses_to_glyphosate__isoxaflutole__quizalofop_p_.pdf | Ecotoxicological_Evaluation_of_Safener_and_Antimicrobial_Additives_in_Isoxafluto.pdf
Kresoxim-Methyl,16,16,0,0,"Abiotic transformation of kresoxim-methyl in aquatic environments Structure elucidation of transformation products by LC-HRMS and toxicity assessment..pdf | An Overview of Strobilurin Fungicide DegradationCurrent Status and Future Perspective..pdf | Degradation and metabolic profiling for benzene kresoxim-methyl using carbon-14 tracing..pdf | Degradation of Kresoxim-Methyl in Water Impact of Varying pH, Temperature, Light and Atmospheric CO2 Level..pdf | Degradation of Pesticides Using Semiconducting and Tetrapyrrolic Macrocyclic Photocatalysts-A Concise Review..pdf",
Lindane,35,0,35,0,,A_Review_of_Microalgae__and_Cyanobacteria_Based_Biodegradation_of_Organic_Pollut.pdf | A_review_on_WO_sub_3__sub__photocatalysis_used_for_wastewater_treatment_and_pest.pdf | Adsorption_of_lindane__γ_hexachlorocyclohexane__on_nickel_modified_graphitic_car.pdf | Advanced_photocatalytic_materials_based_degradation_of_micropollutants_and_their.pdf | Biodegradation_of_TNT__2_4_6_trinitrotoluene__by_Phanerochaete_chrysosporium_.pdf
Lufenuron,18,18,0,0,Adsorption of Lufenuron 50-EC Pesticide from Aqueous Solution Using Oil Palm Shell-Derived Activated Carbon..pdf | Aerobic Degradation of Clothianidin to 2-Chloro-methyl Thiazole and Methyl 3-(Thiazole-yl) Methyl Guanidine Produced by Pseudomonas stutzerii smk..pdf | Chitin Synthesis and Degradation in Crustaceans A Genomic View and Application..pdf | Comparative transcriptome analysis of lufenuron-resistant and susceptible strains of Spodoptera frugiperda (Lepidoptera Noctuidae)..pdf | Contribution of insect gut microbiota and their associated enzymes in insect physiology and biodegradation of pesticides..pdf,
Malathion,51,2,49,0,Malathion_10.1007_s10529-013-1195-5.pdf | Malathion_10.1371_journal.pone.0094177.pdf,A_Comprehensive_Review_of_Multifunctional_Nanozymes_for_Degradation_and_Detectio.pdf | A_Novel_Organophosphorus_Acid_Anhydrolase_from_Deep_Sea_Sediment_with_High_Degra.pdf | Adsorption_and_Photocatalytic_Degradation_of_Pesticides_into_Nanocomposites__A_R.pdf | Alleviation_of_Malathion_Toxicity_Effect_by__i_Coffea_arabica__i__L__Oil_and__i_.pdf | Analysis_of_EAWAG_BBD_pathway_prediction_system_for_the_identification_of_malath.pdf
Maleic Hydrazide,5,0,5,0,,An_organic_proton_cage_that_is_ultra_resistant_to_hydroxide_promoted_degradation.pdf | Molecular_mechanism_underlying_the_effect_of_maleic_hydrazide_treatment_on_starc.pdf | Peer_review_of_the_pesticide_risk_assessment_of_the_active_substance_maleic_hydr.pdf | Studies_in_the_biochemistry_of_micro_organisms__LXXXVIII_Palitantin__II__Further.pdf | The_Fate_of_maleic_hydrazide_on_tobacco_during_smoking_.pdf
Mandestrobin,5,5,0,0,"An Overview of Strobilurin Fungicide DegradationCurrent Status and Future Perspective..pdf | Degradation of the strobilurin fungicide mandestrobin in illuminated water-sediment systems..pdf | Modification of the existing maximum residue levels for mandestrobin in apricots, cherries, peachesnectarines and plums..pdf | Physiological effects of mandestrobin..pdf | Setting of import tolerances for mandestrobin in strawberries and table and wine grapes..pdf",
Mandipropamid,11,11,0,0,"Effects of Household Processing on Residues of the Chiral Fungicide Mandipropamid in Four Common Vegetables..pdf | Indigenous functional microbial degradation of the chiral fungicide mandipropamid in repeatedly treated soils Preferential changes in the R-enantiomer..pdf | Insights on the isolation, identification, and degradation characteristics of three bacterial strains against mandipropamid and their application potential for polluted soil remediation..pdf | Mandipropamid as a chemical inducer of proximity for in vivo applications..pdf | Modification of the existing maximum residue level for mandipropamid in radish leaves..pdf",
Mefentrifluconazole,4,4,0,0,"Absolute Configuration, Enantioselective Bioactivity, and Degradation of the Novel Chiral Triazole Fungicide Mefentrifluconazole..pdf | Modification and setting of maximum residue levels for mefentrifluconazole in various crops..pdf | Modification of the existing maximum residue levels for mefentrifluconazole in various commodities..pdf | Peer review of the pesticide risk assessment of the active substance BAS 750 F (mefentrifluconazole)..pdf",
Mepiquat Chloride,10,10,0,0,"Carbon remobilization in the stems of upland cotton as affected by mepiquat chloride and plant density.pdf | Mechanism of Mepiquat Chloride Regulating Soybean Response to Drought Stress Revealed by Proteomics..pdf | Mepiquat chloride inhibits soybean growth but improves drought resistance..pdf | Mepiquat chloride promotes cotton lateral root formation by modulating plant hormone homeostasis..pdf | Nitrogen and Mepiquat Chloride Effects on the Production of Nonrank, Irrigated, Short-Season Cotton.pdf",
Meptyldinocap,5,5,0,0,"Analytical method for the determination of meptyldinocap as the 2,4-dinitro-octylphenol metabolite in cucumber and soil using LC-MSMS and a study of the residues in a Chinese cucumber field ecosystem..pdf | Degradation strategies of pesticide residue From chemicals to synthetic biology..pdf | Evaluation of the confirmatory data following the Article 12 MRL review for meptyldinocap (DE-126) and modification of the existing maximum residue levels in table and wine grapes..pdf | Meptyldinocap and azoxystrobin residue behaviors in different ecosystems under open field conditions and distribution on processed cucumber.pdf | Review of the existing maximum residue levels for meptyldinocap (DE-126) according to Article 12 of Regulation (EC) No 3962005..pdf",
Mesotrione,25,0,25,0,,Adsorption_and_degradation_of_imazapic_in_soils_under_different_environmental_co.pdf | Aquatic_Macrophytes_in_the_Remediation_of_Atrazine_in_Water__A_Study_on_Herbicid.pdf | Atrazine__triketone_herbicides__and_their_degradation_products_in_sediment__soil.pdf | Bacillus_megaterium_strains_derived_from_water_and_soil_exhibit_differential_res.pdf | Benzothiazole_heterogeneous_photodegradation_in_nano_α_Fe_sub_2__sub_O_sub_3__su.pdf
Metaflumizone,5,5,0,0,"Degradation of metaflumizone in rice, water and soil under field conditions..pdf | Degradation of metaflumizone in soil impact of varying moisture, light, temperature, atmospheric CO2 level, soil type and soil sterilization..pdf | Degradation of sex pheromone and plant volatile components by an antennal glutathione S-transferase in the oriental fruit moth,Grapholita molesta Busck (Lepidoptera Tortricidae)..pdf | Method validation and residue analysis of methoxyfenozide and metaflumizone in Chinese broccoli under field conditions by liquid chromatography with tandem mass spectrometry..pdf | Persistence of metaflumizone on cabbage (Brassica oleracea Linne) and soil, and its risk assessment.pdf",
Metalaxyl,25,0,25,0,,A_review_on_WO_sub_3__sub__photocatalysis_used_for_wastewater_treatment_and_pest.pdf | Applying_the_Crystalline_Sponge_Method_to_Agrochemicals__Obtaining_X_ray_Structu.pdf | Characterizing_the_Mechanisms_of_Metalaxyl__Bronopol_and_Copper_Sulfate_against_.pdf | Conclusion_on_the_peer_review_of_the_pesticide_risk_assessment_of_the_active_sub.pdf | Conserved_Metabolic_and_Evolutionary_Themes_in_Microbial_Degradation_of_Carbamat.pdf
Metalaxyl-M,19,0,19,0,,A_review_on_WO_sub_3__sub__photocatalysis_used_for_wastewater_treatment_and_pest.pdf | Applying_the_Crystalline_Sponge_Method_to_Agrochemicals__Obtaining_X_ray_Structu.pdf | Conclusion_on_the_peer_review_of_the_pesticide_risk_assessment_of_the_active_sub.pdf | Conserved_Metabolic_and_Evolutionary_Themes_in_Microbial_Degradation_of_Carbamat.pdf | Degradation_of_Pesticides_Using_Semiconducting_and_Tetrapyrrolic_Macrocyclic_Pho.pdf
Metconazole,6,6,0,0,"Crystal structure and Hirshfeld surface analysis of the fungicide metconazole..pdf | Dissipation Kinetics and Risk Assessment of Diniconazole, Dinotefuran, Metconazole, and Tebuconazole in iRaphanus sativusi L..pdf | Enantioselective determination of metconazole in multi matrices by high-performance liquid chromatography..pdf | Peer review of the pesticide risk assessment of the active substance metconazole..pdf | Stereoselective study on chiral fungicide metconazole in four kinds of fruits Absolute configuration, SFC-MSMS enantioseparation, degradation and risk assessment..pdf",
Methamidophos,19,0,19,0,,A_Comprehensive_Review_of_Multifunctional_Nanozymes_for_Degradation_and_Detectio.pdf | Aflatoxin_B₁_degradation_by_a_Pseudomonas_strain_.pdf | Biodegradation_of_Uric_Acid_by__i_Bacillus_paramycoides__i__YC02_.pdf | Biodegradation_of_pesticide_in_agricultural_soil_employing_entomopathogenic_fung.pdf | Comparative_assessment_of_growth_and_biodegradation_potential_of_soil_isolate_in.pdf
Methiocarb,14,14,0,0,"Conserved Metabolic and Evolutionary Themes in Microbial Degradation of Carbamate Pesticides..pdf | Current Approaches to and Future Perspectives on Methomyl Degradation in Contaminated SoilWater Environments..pdf | Degradation of Pesticide Residues in Water, Soil, and Food Products via Cold Plasma Technology..pdf | Degradation of methiocarb by monochloramine in water treatment kinetics and pathways..pdf | Determination of methiocarb and its degradation products, methiocarb sulfoxide and methiocarb sulfone, in bananas using QuEChERS extraction..pdf",
Methomyl,31,0,31,0,,A_Critical_Review_on_Metal_Organic_Frameworks_and_Their_Composites_as_Advanced_M.pdf | An_outbreak_of_food_borne_illness_due_to_methomyl_pesticide_intoxication_in_Kore.pdf | Applying_molecular_oxygen_for_organic_pollutant_degradation__Strategies__mechani.pdf | Beneficial_effects_of_folic_acid_on_the_kidneys_and_testes_of_adult_albino_rats_.pdf | Biodegradation_of_Conventional_and_Emerging_Pollutants_.pdf
Methoprene,16,0,16,0,,Assessing_Insect_Growth_Regulator_Resistance_Using_Bioassays__A_Systematic_Revie.pdf | Combination_of_Methoprene_and_Controlled_Aeration_to_Manage_Insects_in_Stored_Wh.pdf | Crucial_Role_of_Juvenile_Hormone_Receptor_Components_Methoprene_Tolerant_and_Tai.pdf | Development_of_a_HPLC_tandem_MS_method_for_the_analysis_of_the_larvicides_methop.pdf | Drosophila_melanogaster_Methoprene_tolerant__Met__gene_homologs_from_three_mosqu.pdf
Methoxyfenozide,14,14,0,0,Characterization of the fate and distribution of methoxyfenozide in a water-plant-fish-sediment microcosm using a multimedia fugacity model..pdf | Degradation of seven pesticides and two metabolites before and during aquifer storage transfer and recovery operation..pdf | Determination of Methoxyfenozide Residues in Water and Soil by Liquid Chromatography Evaluation of its Environmental Fate Under Laboratory Conditions..pdf | Environmental fate and safety analysis of methoxyfenozide application to control litchi and longan pests..pdf | Field applications of zein as a precise nanoscale delivery system for methoxyfenozide..pdf,
Metrafenone,4,4,0,0,Aqueous photodegradation of the benzophenone fungicide metrafenone Carbon-bromine bond cleavage mechanism..pdf | Effect of two anti-fungal treatments (metrafenone and boscalid plus kresoxim-methyl) applied to vines on the color and phenol profile of different red wines..pdf | Modelling the isothermal degradation kinetics of metrafenone and mepanipyrim in a grape juice analog..pdf | Peer review of the pesticide risk assessment of the active substance metrafenone..pdf,
Myclobutanil,3,0,3,0,,Dissipation__Processing_Factors_and_Dietary_Exposure_Assessment_of_Myclobutanil_.pdf | Review_of_the_existing_maximum_residue_levels_for_myclobutanil_according_to_Arti.pdf | TiO_lt_sub_gt_2_lt__sub_gt__LaFeO_lt_sub_gt_3_lt__sub_gt__Composites_for_the_Eff.pdf
Natamycin,21,0,21,0,,Application_of_a_chitosan_coating_as_a_carrier_for_natamycin_to_maintain_the_sto.pdf | Biodegradation_of_Pine_Processionary_Caterpillar_Silk_Is_Mediated_by_Elastase__a.pdf | Determination_of_Natamycin_in_Turkish_Yoghurt_.pdf | Enhanced_Natamycin_production_by_Streptomyces_natalensis_in_shake_flasks_and_sti.pdf | Enhanced_Natamycin_production_in_Streptomyces_gilvosporeus_through_phosphate_tol.pdf
Norflurazon,4,0,4,0,,Autophagy__An_Intracellular_Degradation_Pathway_Regulating_Plant_Survival_and_St.pdf | Establishment_of_an_Arabidopsis_callus_system_to_study_the_interrelations_of_bio.pdf | The_COP9_Signalosome_regulates_seed_germination_by_facilitating_protein_degradat.pdf | The_e3_ubiquitin_ligase_gene_family_in_plants__regulation_by_degradation_.pdf
Novaluron,9,9,0,0,"Area-Wide Elimination of Subterranean Termite Colonies Using a Novaluron Bait..pdf | Development-Disrupting Chitin Synthesis Inhibitor, Novaluron, Reprogramming the Chitin Degradation Mechanism of Red Palm Weevils..pdf | Effects of the insect growth regulator, novaluron on immature alfalfa leafcutting bees, Megachile rotundata..pdf | Field-based evaluation of novaluron EC10 insect growth regulator, a chitin synthesis inhibitor against dengue vector breeding in leaf axils of pineapple plantations in Gampaha District, Sri Lanka..pdf | Physiological and morphological aspects of Aedes aegypti developing larvae effects of the chitin synthesis inhibitor novaluron..pdf",
Omethoate,14,0,14,0,,A_Comprehensive_Review_of_Multifunctional_Nanozymes_for_Degradation_and_Detectio.pdf | Characterization_of_a_novel_amidohydrolase_with_promiscuous_esterase_activity_fr.pdf | Degradation_of_Acephate_and_Its_Intermediate_Methamidophos__Mechanisms_and_Bioch.pdf | Degradation_of_Pesticide_Residues_in_Water__Soil__and_Food_Products_via_Cold_Pla.pdf | Dissipation_Pattern__Processing_Factors__and_Safety_Evaluation_for_Dimethoate_an.pdf
Oxamyl,21,0,21,0,,Accelerated_degradation_of_fenamiphos_and_its_metabolites_in_soil_previously_tre.pdf | Carbamate_C_N_Hydrolase_Gene__i_ameH__i__Responsible_for_the_Detoxification_Step.pdf | Coating_Soybean_Seed_with_Oxamyl_for_Control_of_Heterodera_glycines_.pdf | Conserved_Metabolic_and_Evolutionary_Themes_in_Microbial_Degradation_of_Carbamat.pdf | Control_of_Pratylenchus_penetrans_and_Meloidogyne_hapla_and_Yield_Response_of_Al.pdf
Oxathiapiprolin,11,11,0,0,"A new strategy for durable control of late blight in potato by a single soil application of an oxathiapiprolin mixture in early season..pdf | Attenuation and soil biodegradation of fungicides by using vegetated buffer strips in vineyards during a simulated rainfall-runoff event..pdf | Effects of Oxathiapiprolin on the Structure, Diversity and Function of Soil Fungal Community..pdf | Enantioselective Detection, Bioactivity, and Degradation of the Novel Chiral Fungicide Oxathiapiprolin..pdf | Enantioselective aquatic toxicity and degradation in soil of the chiral fungicide oxathiapiprolin..pdf",
Oxydemeton-Methyl,2,2,0,0,Combined photo-Fenton and biological oxidation for pesticide degradation effect of photo-treated intermediates on biodegradation kinetics..pdf | Degradation of a four-pesticide mixture by combined photo-Fenton and biological oxidation..pdf,
Paraquat,197,1,196,0,Paraquat_10.3389_fmicb.2020.02003.pdf,AMP_activated_protein_kinase_deficiency_rescues_paraquat_induced_cardiac_contrac.pdf | A_BaTiO_sub_3__sub__WS_sub_2__sub__composite_for_piezo_photocatalytic_persulfate.pdf | A_Newly_Discovered_Humic_Reducing_Bacterium___i_Pseudomonas_geniculata__i__PQ01_.pdf | A_case_of_severe_paraquat_poisoning_treated_by_continuous_hemodiafiltration_with.pdf | A_drastic_superoxide_dependent_oxidative_stress_is_prerequisite_for_the_down_reg.pdf
Parathion,181,0,181,0,,A_Colorimetric_Sensor_Enabled_with_Heterogeneous_Nanozymes_with_Phosphatase_like.pdf | A_Comprehensive_Review_of_Multifunctional_Nanozymes_for_Degradation_and_Detectio.pdf | A_Critical_Review_on_Metal_Organic_Frameworks_and_Their_Composites_as_Advanced_M.pdf | A_one_step_hydrothermal_route_to_fabricate_a_ZnO_nanorod_3D_graphene_aerogel_sen.pdf | Accelerated_degradation_of_fenamiphos_and_its_metabolites_in_soil_previously_tre.pdf
Parathion-Methyl,116,0,116,0,,A_Comprehensive_Review_of_Multifunctional_Nanozymes_for_Degradation_and_Detectio.pdf | A_Critical_Review_on_Metal_Organic_Frameworks_and_Their_Composites_as_Advanced_M.pdf | A_Novel_Organophosphorus_Acid_Anhydrolase_from_Deep_Sea_Sediment_with_High_Degra.pdf | Accelerated_degradation_of_fenamiphos_and_its_metabolites_in_soil_previously_tre.pdf | Adsorption_and_Photocatalytic_Degradation_of_Pesticides_into_Nanocomposites__A_R.pdf
Penconazole,15,15,0,0,"Biodegradation of propiconazole by newly isolated Burkholderia sp. strain BBK_9. (2).pdf | Chiral fungicide penconazole Absolute configuration, bioactivity, toxicity, and stereoselective degradation in apples..pdf | Complexation and stability of the fungicide penconazole in the presence of zinc and copper ions..pdf | Development of a Biomarker for Penconazole A Human Oral Dosing Study and a Survey of UK Residents' Exposure..pdf | Effect of biocompost-amendment on degradation of triazoles fungicides in soil..pdf",
Pendimethalin,32,0,32,0,,A_review_on_WO_sub_3__sub__photocatalysis_used_for_wastewater_treatment_and_pest.pdf | Assessment_of_the_ameliorative_effect_of_curcumin_on_pendimethalin_induced_genet.pdf | Azolla_pinnata_mitigates_pendimethalin_induced_immunotoxicity__oxidative_stress_.pdf | Causation_Analysis_and_Improvement_Strategy_for_Reduced_Pendimethalin_Herbicidal.pdf | Changed_degradation_behavior_of_pesticides_when_present_in_mixtures_.pdf
Penthiopyrad,12,12,0,0,"Comparative Biological Half-Life of Penthiopyrad and Tebufenpyrad in Angelica Leaves and Establishment of Pre-Harvest Residue Limits (PHRLs)..pdf | Dissipation, Residue and Dietary Intake Risk Assessment of Penthiopyrad in Eggplants and Its Removal Using Various Household Processing Techniques..pdf | Dissipation, residue, stereoselectivity and dietary risk assessment of penthiopyrad and metabolite PAM on cucumber and tomato in greenhouse and field..pdf | Effect of microorganisms on degradation of fluopyram and tebuconazole in laboratory and field studies..pdf | Influence of Bacillus subtilis and Trichoderma harzianum on Penthiopyrad Degradation under Laboratory and Field Studies.pdf",
Permethrin,70,0,70,0,,Acute_Exposure_to_Permethrin_Modulates_Behavioral_Functions__Redox__and_Bioenerg.pdf | Adult_Mosquito_and_Butterfly_Exposure_to_Permethrin_and_Relative_Risk_Following_.pdf | Bio_efficacy_of_aluminum_phosphide_and_cypermethrin_against_some_physiological_a.pdf | Changes_in_pest_infestation_levels__self_reported_pesticide_use__and_permethrin_.pdf | Characterization_of_a_Pyrethroid_Degrading__i_Pseudomonas_fulva__i__Strain_P31_a.pdf
Phenthoate,6,6,0,0,"Degradation of O, O-dimethyl S-[alpha-(carboethoxy)-benzyl] phosphorodithioate (phenthoate) in soil..pdf | Degradation of malathion and phenthoate by glutathione reductase in wheat germ..pdf | Enantioselective degradation and chiral stability of phenthoate in soil..pdf | Enantioselective determination of phenthoate enantiomers in plant-origin matrices using reversed-phase high-performance liquid chromatography-tandem mass spectrometry..pdf | Fast and precise determination of phenthoate and its enantiomeric ratio in soil by the matrix solid-phase dispersion method and liquid chromatography..pdf",
Phorate,12,0,12,0,,A_Comprehensive_Review_of_Multifunctional_Nanozymes_for_Degradation_and_Detectio.pdf | Biodegradation_of_two_organophosphorus_pesticides_in_whole_corn_silage_as_affect.pdf | Degradation_kinetics_and_physiological_studies_of_organophosphates_degrading_mic.pdf | Degradation_of_Pesticides_Using_Semiconducting_and_Tetrapyrrolic_Macrocyclic_Pho.pdf | Efficiency_of_the_intestinal_bacteria_in_the_degradation_of_the_toxic_pesticide_.pdf
Phosalone,13,13,0,0,"Computational enzymology for degradation of chemical warfare agents promising technologies for remediation processes..pdf | Degradation of phosalone by silver ion catalytic hydrolysis..pdf | Effect of phosalone on testicular tissue and in vitro fertilizing potential..pdf | Effects of phosalone plant pesticide on sperm parameters and sexual hormone levels in Wistar rats An experimental study..pdf | Effects of the benzoxazoid DIMBOA, selected degradation products, and structure-related pesticides on soil organisms..pdf",
Phosmet,17,17,0,0,An efficient catalytic degradation of trichloroethene in a percarbonate system catalyzed by ultra-fine heterogeneous zeolite supported zero valent iron-nickel bimetallic composite..pdf | Elucidating the kinetics and mechanisms of tetramethrin biodegradation by the fungal strain Neocosmospora sp. AF3.pdf | Evaluation of chemical and photochemical oxidation processes for degradation of phosmet on lowbush blueberries (Vaccinium angustifolium)..pdf | Heterogeneous reaction of suspended phosmet particles with NO3 radicals..pdf | Identification of an opd (organophosphate degradation) gene in an Agrobacterium isolate..pdf,
Phosphonic acid,96,0,96,0,,1__Acylamino_alkylphosphonic_Acids_Alkaline_Deacylation_.pdf | A_Miniaturized_Method_for_Evaluating_the_Dynamic_Gas_Phase_Adsorption_and_Degrad.pdf | A_phosphonate_induced_gene_which_promotes_Penicillium_mediated_bioconversion_of_.pdf | Accumulation_of_intermediates_of_the_carbon_phosphorus_lyase_pathway_for_phospho.pdf | Allosteric_regulation_of_phosphonoacetaldehyde_hydrolase_by_n_butylphosphonic_ac.pdf
Picoxystrobin,6,6,0,0,An Overview of Strobilurin Fungicide DegradationCurrent Status and Future Perspective..pdf | Detoxification Esterase StrH Initiates Strobilurin Fungicide Degradation in iHyphomicrobiumi sp. Strain DY-1..pdf | Effects of picoxystrobin and 4-n-nonylphenol on soil microbial community structure and respiration activity..pdf | Kinetics and New Mechanism of Azoxystrobin Biodegradation by an Ochrobactrum anthropi Strain SH14.pdf | Magnitude of picoxystrobin residues in strawberry under Egyptian conditions dissipation pattern and consumer risk assessment..pdf,
Pinoxaden,6,6,0,0,"Aryldiones incorporating a [1,4,5]oxadiazepane ring. Part 2 chemistry and biology of the cereal herbicide pinoxaden..pdf | Degradation Characteristics of Pinoxaden by Acinetobacter and Prediction of Related Genes.pdf | Growth Stage of Alopecurus myosuroides Huds. Determines the Efficacy of Pinoxaden.pdf | Mechanism for the inhibition of the carboxyltransferase domain of acetyl-coenzyme A carboxylase by pinoxaden..pdf | Review of the existing maximum residue levels for pinoxaden according to Article 12 of Regulation (EC) No 3962005..pdf",
Piperonyl Butoxide,21,0,21,0,,A_novel_P450_initiated_biphasic_process_for_sustainable_biodegradation_of_benzo_.pdf | Biodegradation_of_Benzo_a_pyrene_by_a_White_Rot_Fungus__i_Phlebia_acerina__i___S.pdf | Biomarker_development_for_neonicotinoid_exposure_in_soil_under_interaction_with_.pdf | Degradation_of_2_4_dichlorophenoxyacetic_acid__2_4_D__and_2_4_5_trichlorophenoxy.pdf | Degradation_of_diuron_by_Phanerochaete_chrysosporium__role_of_ligninolytic_enzym.pdf
Pirimicarb,8,0,8,0,,A_review_on_WO_sub_3__sub__photocatalysis_used_for_wastewater_treatment_and_pest.pdf | Assessment_of_Sublethal_and_Transgenerational_Effects_of_Pirimicarb_on_the_Wheat.pdf | Conserved_Metabolic_and_Evolutionary_Themes_in_Microbial_Degradation_of_Carbamat.pdf | Metabolomic_and_proteomic_insights_into_carbaryl_catabolism_by_Burkholderia_sp__.pdf | PEDOT__PSS_AuNPs_Based_Composite_as_Voltammetric_Sensor_for_the_Detection_of_Pir.pdf
Pirimiphos-Methyl,13,0,13,0,,A_Comprehensive_Review_of_Multifunctional_Nanozymes_for_Degradation_and_Detectio.pdf | Characteristics_of_Aflatoxin_B_sub_1__sub__Degradation_by__i_Stenotrophomonas_ac.pdf | Contribution_of_insect_gut_microbiota_and_their_associated_enzymes_in_insect_phy.pdf | Decrease_of_pirimiphos_methyl_and_deltamethrin_residues_in_stored_rice_with_post.pdf | Degradation_of_insecticides_used_for_indoor_spraying_in_malaria_control_and_poss.pdf
Prochloraz,25,0,25,0,,Degradation_dynamics_and_dissipation_kinetics_of_an_imidazole_fungicide__Prochlo.pdf | Dissipation_and_Dietary_Risk_Assessment_of_Prochloraz_in_Strawberries_under_Gree.pdf | Dissipation_and_Distribution_of_Prochloraz_in_Bananas_and_a_Risk_Assessment_of_I.pdf | Enhancing_Photostability_of_Prochloraz_via_Designing_Natural_Acid_Derived_Prochl.pdf | Ethylene_Response_Factor_MaERF012_Modulates_Fruit_Ripening_by_Regulating_Chlorop.pdf
Profenofos,24,0,24,0,,A_Comprehensive_Review_of_Multifunctional_Nanozymes_for_Degradation_and_Detectio.pdf | Abiotic_Degradation_of_the_Toxin_Simplexin_by_Soil_Collected_from_a__lt_i_gt_Pim.pdf | Aerobic_dichlorvos_degradation_by__i_Pseudomonas_stutzeri__i__smk__complete_path.pdf | Application_of_cold_adapted_microbial_agents_in_soil_contaminate_remediation__bi.pdf | Biodegradation_of_pesticide_in_agricultural_soil_employing_entomopathogenic_fung.pdf
Propamocarb,11,11,0,0,"Analysis of genes and metabolites associated with propamocarb hydrochloride response in tobacco.pdf | Biodegradation of soil-applied pesticides by selected strains of plant growth-promoting rhizobacteria (PGPR) and their effects on bacterial growth..pdf | Degradation of propamocarb-hydrochloride in tomatoes, potatoes and cucumber using HPLC-DAD and QuEChERS methodology..pdf | Expression and Functional Analysis of the Propamocarb-Related Gene CsMCF in Cucumber.pdf | Expression and functional analysis of the Propamocarb-related gene CsDIR16 in cucumbers..pdf",
Propargite,4,4,0,0,"Biodegradation of propargite by Pseudomonas putida, isolated from tea rhizosphere..pdf | Calculation of pesticide degradation in decaying cotton gin trash..pdf | Effect of storage, washing, and cooking on the stability of five pesticides in edible fungi of Agaricus bisporus A degradation kinetic stud.pdf | Setting of maximum residue limits for propargite in citrus fruits and tea..pdf",
Propiconazole,18,0,18,0,,A_Non_redundant_Function_of_MNS5__A_Class_I_α_1__2_Mannosidase__in_the_Regulatio.pdf | Biodegradation_mechanism_of_1H_1_2_4_triazole_by_a_newly_isolated_strain_Shinell.pdf | Biodegradation_of_propiconazole_by_newly_isolated_Burkholderia_sp__strain_BBK_9_.pdf | Degradation_Dynamics_and_Residue_Analysis_of_Four_Propiconazole_Stereoisomers_in.pdf | Degradation_of_Triazole_Fungicides_by_Plant_Growth_Promoting_Bacteria_from_Conta.pdf
Propylene oxide,172,0,172,0,,ALKBH5_Inhibits_YTHDF2_m6A_Mediated_Degradation_of_RCN1_mRNA_to_Promote_Keloid_F.pdf | A_New_Dinuclear_Cobalt_Complex_for_Copolymerization_of_CO_sub_2__sub__and_Propyl.pdf | A_Novel_One_Pot_Synthesis_of_Poly_Propylene_Carbonate__Containing_Cross_Linked_N.pdf | A_Review_on_Current_Strategies_for_the_Modulation_of_Thermomechanical__Barrier__.pdf | A_multiple_Kirkendall_strategy_for_converting_nanosized_zero_valent_iron_to_high.pdf
Prothioconazole,9,0,9,0,,Changed_degradation_behavior_of_pesticides_when_present_in_mixtures_.pdf | Degradation_pathway_of_triazole_fungicides_and_synchronous_removal_of_transforma.pdf | Effect_of_novel_botanical_synergist_on_the_effectiveness_and_residue_behavior_of.pdf | Effective_and_Sustained_Control_of_Soil_Borne_Plant_Diseases_by_Biodegradable_Po.pdf | Enantioselective_Toxic_Effects_of_Prothioconazole_toward__i_Scenedesmus_obliquus.pdf
Pydiflumetofen,5,5,0,0,Assessment of the Hydrolysis of Pydiflumetofen and Its Degradation Characteristics in Agricultural Soils..pdf | Dissipation and Dietary Risk Assessment of Pydiflumetofen Residues in Soybean..pdf | Evaluation of exploitive potential for higher bioactivity and lower residue risk enantiomer of chiral fungicide pydiflumetofen..pdf | Peer review of the pesticide risk assessment of the active substance pydiflumetofen..pdf | Updated peer review of the pesticide risk assessment of the active substance pydiflumetofen..pdf,
Pymetrozine,16,16,0,0,"A novel hydrolase PyzH catalyses the cleavage of C=N double bond for pymetrozine degradation in Pseudomonas sp. BYT-1..pdf | Acute Toxicity of an Emerging Insecticide Pymetrozine to Procambarus clarkii Associated with Rice-Crayfish Culture (RCIS)..pdf | Degradation of cyprodinil, fludioxonil, cyfluthrin and pymetrozine on lettuce after different application methods..pdf | Development and evaluation of pymetrozine controlled-release formulation to control paddy planthopper..pdf | Dissipation kinetics and exposure of spirotetramat and pymetrozine in open fields, a prelude to risk assessment of green bean consumption..pdf",
Pyraclostrobin,26,0,26,0,,An_Overview_of_Strobilurin_Fungicide_Degradation_Current_Status_and_Future_Persp.pdf | Contribution_of_insect_gut_microbiota_and_their_associated_enzymes_in_insect_phy.pdf | Detoxification_Esterase_StrH_Initiates_Strobilurin_Fungicide_Degradation_in__i_H.pdf | Dissipation_Behavior_and_Dietary_Risk_Assessment_of_Thiamethoxam__Pyraclostrobin.pdf | Dissipation_Residue_Behaviors_and_Dietary_Risk_Assessment_of_Boscalid_and_Pyracl.pdf
Pyrasulfotole,1,1,0,0,"Assessment of fall-back MRLs for revoked CXLs previously implemented in the EU legislation and review of the JMPR evaluation of the toxicological data related to pyrasulfotole, pyraziflumid, spiropidion and tetraniliprole..pdf",
Pyraziflumid,1,1,0,0,"Assessment of fall-back MRLs for revoked CXLs previously implemented in the EU legislation and review of the JMPR evaluation of the toxicological data related to pyrasulfotole, pyraziflumid, spiropidion and tetraniliprole..pdf",
Pyrethrins,31,0,31,0,,Augmentation_of_pyrethrins_content_in_callus_of__i_Chrysanthemum_cinerariaefoliu.pdf | Biodegradation_of_cypermethrin_by_immobilized_cells_of_Micrococcus_sp__strain_CP.pdf | Characterization_of_a_Pyrethroid_Degrading__i_Pseudomonas_fulva__i__Strain_P31_a.pdf | Co_Metabolic_Degradation_of_β_Cypermethrin_and_3_Phenoxybenzoic_Acid_by_Co_Cultu.pdf | Co_Toxicity_Factor_Analysis_Reveals_Numerous_Plant_Essential_Oils_Are_Synergists.pdf
Pyridate,3,3,0,0,"Dynamics of the Degradation of Acetyl-CoA Carboxylase Herbicides in Vegetables..pdf | Modification of the existing maximum residue level for pyridate in chives..pdf | Simultaneous Determination of Pyridate, Quizalofop-ethyl, and Cyhalofop-butyl Residues in Agricultural Products Using Liquid Chromatography-Tandem Mass Spectrometry..pdf",
Pyrifluquinazon,1,1,0,0,In Utero Exposure to a Mixture of the Perfluoroalkyl-Isopropyl Pesticide Pyrifluquinazon With Dibutyl Phthalate Cumulatively Disrupts Male Rat Reproductive Development via Different Mechanisms of Action..pdf,
Pyrimethanil,16,0,16,0,,Adsorption_and_Photocatalytic_Degradation_of_Pesticides_into_Nanocomposites__A_R.pdf | Biomarkers_of_Exposure_to_Pyrimethanil_After_Controlled_Human_Experiments_.pdf | Changes_to_Soil_Microbiome_Resulting_from_Synergetic_Effects_of_Fungistatic_Comp.pdf | Conditions_Optimizing_and_Application_of_Laccase_mediator_System__LMS__for_the_L.pdf | Degradation_of_2_4_dichlorophenoxyacetic_acid__2_4_D__and_2_4_5_trichlorophenoxy.pdf
Pyriofenone,1,1,0,0,Review of the existing maximum residue levels for pyriofenone according to Article 12 of Regulation (EC) NoÂ 3962005..pdf,
Pyriproxyfen,26,0,26,0,,A_high_throughput_HPLC_method_for_simultaneous_quantification_of_pyrethroid_and_.pdf | Assessing_Insect_Growth_Regulator_Resistance_Using_Bioassays__A_Systematic_Revie.pdf | Contribution_of_insect_gut_microbiota_and_their_associated_enzymes_in_insect_phy.pdf | Current_and_future_opportunities_of_autodissemination_of_pyriproxyfen_approach_f.pdf | Degradation_of_Pesticide_Residues_in_Water__Soil__and_Food_Products_via_Cold_Pla.pdf
Quinclorac,13,0,13,0,,Biodegradation_of_diuron_by_an_endophytic_fungus_Neurospora_intermedia_DP8_1_iso.pdf | Combined_effects_of_micropollutants_and_their_degradation_on_prokaryotic_communi.pdf | Complementary_RNA_Sequencing_Based_Transcriptomics_and_iTRAQ_Proteomics_Reveal_t.pdf | Ethylene_Biosynthesis_Inhibition_Combined_with_Cyanide_Degradation_Confer_Resist.pdf | High_Resistance_to_Quinclorac_in_Multiple_Resistant__i_Echinochloa_colona__i__As.pdf
Quinoxyfen,4,4,0,0,"Assessment of quinoxyfen phototransformation pathways by liquid chromatography coupled to accurate mass spectrometry..pdf | Fate of quinoxyfen residues in grapes, wine, and their processing products..pdf | Peer review of the targeted hazard assessment of the pesticide active substance quinoxyfen..pdf | Review of the existing maximum residue levels for quinoxyfen according to Article 12 of Regulation (EC) No 3962005..pdf",
Quintozene,6,6,0,0,Abiotic degradation of pentachloronitrobenzene by Fe(III) reactions on goethite and iron oxide nanoparticles..pdf | Application of gamma irradiation in ginseng for both photodegradation of pesticide pentachloronitrobenzene and microbial decontamination..pdf | Bioaccumulation and degradation of pentachloronitrobenzene in Medicago sativa..pdf | Biodegradation of pentachloronitrobenzene by Arthrobacter nicotianae DH19..pdf | Biodegradation of pentachloronitrobenzene by Cupriavidus sp. YNS-85 and its potential for remediation of contaminated soils..pdf,
Saflufenacil,6,6,0,0,"Aquatic Macrophytes in the Remediation of Atrazine in Water A Study on Herbicide Tolerance and Degradation Using Eichhornia crassipes , Pistia stratiotes , and Salvinia minima.pdf | Bacterial adaptation to rhizosphere soil is independent of the selective pressure exerted by the herbicide saflufenacil, through the modulation of catalase and glutathione S-transferase..pdf | Low sorption and fast dissipation of the herbicide saflufenacil in surface soils and subsoils of an eroded prairie landscape..pdf | Soil residue analysis and degradation of saflufenacil as affected by moisture content and soil characteristics..pdf | The Environmental Degradation and Distribution of Saflufenacil, a Fluorinated Protoporphyrinogen IX Oxidase-Inhibiting Herbicide, on a Canadian Winter Wheat Field..pdf",
Sedaxane,4,4,0,0,"Biostimulant Effects of Seed-Applied Sedaxane Fungicide Morphological and Physiological Changes in Maize Seedlings..pdf | Modification of the existing maximum residue level for sedaxane in potatoes..pdf | Review of the existing maximum residue levels for sedaxane according to Article 12 of Regulation (EC) NoÂ 3962005..pdf | Stereoselective bioactivity, toxicity and degradation of novel fungicide sedaxane with four enantiomers under rice-wheat rotation mode..pdf",
Spinetoram,13,13,0,0,"Combinations of Beauveria bassiana and spinetoram for the management of four important stored-product pests laboratory and field trials..pdf | Control Efficiency and Mechanism of Spinetoram Seed-Pelleting Against the Striped Flea Beetle Phyllotreta Striolata.pdf | Degradation kinetics of the insecticide spinetoram in a rice field ecosystem..pdf | Development of a Modified QuEChERS Method Coupled with LC-MSMS for Determination of Spinetoram Residue in Soybean (Glycine max) and Cotton (Gossypium hirsutum).pdf | Impacts of Sublethal Doses of Spinetoram on the Biological Traits and Detoxifying Enzymes of the Tomato Leaf Miner, iTuta absolutai (Lepidoptera Gelechiidae)..pdf",
Spinosad,29,0,29,0,,ARTP_NTG_Compound_Mutagenesis_Improved_the_Spinosad_Production_and_the_Insectici.pdf | Biodegradation_of_Pine_Processionary_Caterpillar_Silk_Is_Mediated_by_Elastase__a.pdf | Comparative_Proteomic_Analysis_of_saccharopolyspora_spinosa_SP06081_and_PR2_stra.pdf | Comparative_transcriptomic_analysis_of_two_Saccharopolyspora_spinosa_strains_rev.pdf | Differential_proteomic_profiling_reveals_regulatory_proteins_and_novel_links_bet.pdf
Spirodiclofen,7,7,0,0,"Dissipation Kinetics and Risk Assessment of Spirodiclofen and Tebufenpyrad in iAster scaberi Thunb..pdf | Enhanced degradation of spiro-insecticides and their leacher enol derivatives in soil by solarization and biosolarization techniques..pdf | In vitro metabolism of tebuconazole, flurtamone, fenhexamid, metalaxyl-M and spirodiclofen in Cannabis sativa L. (hemp) callus cultures..pdf | Pesticide degradation capacity of a novel strain belonging toiSerratia sarumaniii(GBS19) with its genomic profile.pdf | Review of the existing maximum residue levels for spirodiclofen according to Article 12 of Regulation (EC) No 3962005..pdf",
Spiromesifen,12,12,0,0,"Contribution of insect gut microbiota and their associated enzymes in insect physiology and biodegradation of pesticides..pdf | Dissipation kinetics of spiromesifen on tea (Camellia sinensis) under tropical conditions..pdf | Dissipation of spiromesifen and spiromesifen-enol on tomato fruit, tomato leaf, and soil under field and controlled environmental conditions..pdf | Enhanced degradation of spiro-insecticides and their leacher enol derivatives in soil by solarization and biosolarization techniques.pdf | Persistence and dissipation kinetics of spiromesifen in chili and cotton..pdf",
Spiropidion,3,3,0,0,"Assessment of fall-back MRLs for revoked CXLs previously implemented in the EU legislation and review of the JMPR evaluation of the toxicological data related to pyrasulfotole, pyraziflumid, spiropidion and tetraniliprole..pdf | Simultaneous determination of spiropidion and its five major metabolites in sweet orange fruit and various processing by-products using ultra-high performance liquid chromatography-tandem mass spectrometry.pdf | The effects of oil adjuvant on the degradation of spirotetramat and its metabolites in apple cultivation..pdf",
Spirotetramat,10,0,10,0,,Assessment_of_sublethal_and_transgenerational_effects_of_spirotetramat__on_popul.pdf | Determination__residue_analysis_and_risk_assessment_of_thiacloprid_and_spirotetr.pdf | Dissipation_kinetics_and_exposure_of_spirotetramat_and_pymetrozine_in_open_field.pdf | Hapten_Design_and_Antibody_Generation_for_Immunoanalysis_of_Spirotetramat_and_Sp.pdf | Metabolic_profile_and_behavior_of_clethodim_and_spirotetramat_in_herbs_during_pl.pdf
Sulfoxaflor,18,0,18,0,,Contribution_of_insect_gut_microbiota_and_their_associated_enzymes_in_insect_phy.pdf | Differences_in_the_Sublethal_Effects_of_Sulfoxaflor_and_Acetamiprid_on_the__i_Ap.pdf | Efficient_Biodegradation_of_the_Neonicotinoid_Insecticide_Flonicamid_by_Pseudami.pdf | Impact_of_Sulfoxaflor_on_Brown_Marmorated_Stink_Bug__Developmental_and_Reproduct.pdf | Impairments_in_learning_and_memory_performances_associated_with_nicotinic_recept.pdf
Sulfuryl fluoride,4,4,0,0,Commodity risk assessment of debarked conifer wood chips fumigated with sulfuryl fluoride from the US..pdf | Construction of PROTAC molecules by the SuFEx reaction for inducing p300CBP protein degradation..pdf | Mechanism insights and experimental feasibility of using boron nitride nanocones for rapid adsorption and degradation of SFsub6sub decomposition compounds..pdf | Review of the existing maximum residue levels for sulfuryl fluoride according to Article 12 of Regulation (EC) No 3962005..pdf,
Tebuconazole,24,0,24,0,,Attenuation_of_toxicity_and_occurrence_of_degradation_products_of_the_fungicide_.pdf | Degradation_dynamics_and_dissipation_kinetics_of_an_imidazole_fungicide__Prochlo.pdf | Degradation_of_Pesticides_Using_Semiconducting_and_Tetrapyrrolic_Macrocyclic_Pho.pdf | Dissipation_Kinetics_and_Risk_Assessment_of_Diniconazole__Dinotefuran__Metconazo.pdf | Dissipation_of_the_pesticides_fipronil__cypermethrin__and_tebuconazole_in_vegeta.pdf
Tebufenozide,6,6,0,0,"Dissipation and metabolism of tebufenozide in cabbage and soil under open field conditions in South China..pdf | Genome-wide Identification of Tebufenozide Resistant Genes in the smaller tea tortrix, Adoxophyes honmai (Lepidoptera Tortricidae)..pdf | Microbial Degradation of Pesticide Residues and an Emphasis on the Degradation of Cypermethrin and 3-phenoxy Benzoic Acid A Review..pdf | Modification of the existing maximum residue levels for tebufenozide in apricots and peaches..pdf | Statement on the relevance of the groundwater metabolite RH-2651 in the assessment of confirmatory data on the active substance tebufenozide..pdf",
Teflubenzuron,6,6,0,0,A broad-spectrum analysis of the effects of teflubenzuron exposure on the biochemical activities and microbial community structure of soil..pdf | Chitin Synthesis and Degradation in Crustaceans A Genomic View and Application..pdf | Environmental Impact of Xenobiotic Aromatic Compounds and Their Biodegradation Potential in iComamonas testosteronii..pdf | Identification of molecular interactions of pesticides with keratinase for their potential to inhibit keratin biodegradation..pdf | Persistence and Stability of Teflubenzuron and Diflubenzuron When Associated to Organic Particles in Marine Sediment..pdf,
Terbufos,1,0,1,0,,Microbiology_and_Biochemistry_of_Pesticides_Biodegradation_.pdf
Tetraniliprole,1,1,0,0,"Assessment of fall-back MRLs for revoked CXLs previously implemented in the EU legislation and review of the JMPR evaluation of the toxicological data related to pyrasulfotole, pyraziflumid, spiropidion and tetraniliprole..pdf",
Thiabendazole,24,0,24,0,,Characterization_of_Acetamiprid_Biodegradation_by_the_Microbial_Consortium_ACE_3.pdf | Comparative_Degradation_of_a_Thiazole_Pollutant_by_an_Advanced_Oxidation_Process.pdf | Cyclins_A_and_B_associate_with_chromatin_and_the_polar_regions_of_spindles__resp.pdf | Efficient_Degradation_of_2_Mercaptobenzothiazole_and_Other_Emerging_Pollutants_b.pdf | Enhanced_bioelectrochemical_degradation_of_Thiabendazole_using_biostimulated_Tun.pdf
Thiacloprid,25,0,25,0,,A_Mechanistic_Approach_Toward_Enhanced_Remediation_Potential_of_Thiacloprid_by_Z.pdf | A_review_on_WO_sub_3__sub__photocatalysis_used_for_wastewater_treatment_and_pest.pdf | Application_of_Fe_MOFs_in_Photodegradation_and_Removal_of_Air_and_Water_Pollutan.pdf | Degradation_of_Agro_Industrial_Wastewater_Model_Compound_by_UV_A_Fenton_Process_.pdf | Degradation_of_Pesticides_Using_Semiconducting_and_Tetrapyrrolic_Macrocyclic_Pho.pdf
Thiamethoxam,150,150,0,0,"(Quasi)-Binomial vs. Gaussian Models to Evaluate Thiamethoxam, Pirimiphos-Methyl, Alpha-Cypermethrin and Deltamethrin on Different Types of Storage Bag Materials Against Ephestia kuehniella Zeller (Lepidoptera Pyralidae) an.pdf | A BaTiO3WS2 composite for piezo-photocatalytic.pdf | A Critical Review on Metal-Organic Frameworks and Their Composites as Advanced Materials for Adsorption and Photocatalytic Degradation of Emerging Organic Pollutants from Wastewater..pdf | A common neonicotinoid pesticide, thiamethoxam, alters honey bee activity, motor functions, and movement to light..pdf | A common neonicotinoid pesticide, thiamethoxam, impairs honey bee flight ability..pdf",
Thiophanate-Methyl,17,17,0,0,A Novel Cu2OZnO@PET Composite Membrane for the Photocatalytic Degradation of Carbendazim.pdf | Biodegradation kinetics of the benzimidazole fungicide thiophanate-methyl by bacteria isolated from loamy sand soil..pdf | Biodegradation of carbendazim by a potent novel Chryseobacterium sp. JAS14 and plant growth promoting Aeromonas caviae JAS15 with subsequent toxicity analysis.pdf | Changed degradation behavior of pesticides when present in mixtures..pdf | Characterization of the ultraviolet-visible photoproducts of thiophanate-methyl using high performance liquid chromatography coupled with high resolution tandem mass spectrometry-Detection in grapes and tomatoes..pdf,
Tioxazafen,1,1,0,0,"Aqueous degradation of tioxazafen Kinetics, products, pathways, and toxicity..pdf",
Tolclofos-Methyl,3,3,0,0,"Application of Hi-throatHi-volume SPE technique in assessing organophosphorus pesticides and their degradation products in surface water from Tai Lake, east China..pdf | Modification of the existing maximum residue level for tolclofos-methyl in potatoes..pdf | Peer review of the pesticide risk assessment of the active substance tolclofos-methyl..pdf",
Tolfenpyrad,3,3,0,0,"Degradation strategies of pesticide residue From chemicals to synthetic biology..pdf | Residue, dissipation and dietary intake risk assessment of tolfenpyrad in four leafy green vegetables under greenhouse conditions..pdf | Tolfenpyrad displays iFrancisellai-targeted antibiotic activity that requires an oxidative stress response regulator for sensitivity..pdf",
Triadimefon,3,3,0,0,"Degradation strategies of pesticide residue From chemicals to synthetic biology..pdf | Residue, dissipation and dietary intake risk assessment of tolfenpyrad in four leafy green vegetables under greenhouse conditions..pdf | Tolfenpyrad displays Francisella-targeted antibiotic activity that requires an oxidative stress response regulator for sensitivity.pdf",
Triadimenol,14,14,0,0,"Biodegradation of phenol-contaminated soil and plant growth promotion by iMyroides xuanwuensisi H13..pdf | Changed degradation behavior of pesticides when present in mixtures..pdf | Degradation of chloroneb, triadimefon, and vinclozolin in soil, thatch, and grass clippings..pdf | Degradation of conazole fungicides in water by electrochemical oxidation..pdf | Degradation of triadimefon and residue levels of metabolite triadimenol tracing rapeseed from harvesting and storage to household oil processing..pdf",
Triazophos,44,44,0,0,"A Comprehensive Review of Multifunctional Nanozymes for Degradation and Detection of Organophosphorus Pesticides in the Environment..pdf | A review on WO3 photocatalysis used for wastewater treatment and pesticide degradation.pdf | A sensitive fluorometric bio-barcodes immunoassay for detection of triazophos residue in agricultural products and water samples by iterative cycles of DNA-RNA hybridization and dissociation of fluorophores by Ribonuclease.pdf | Adsorption and degradation of triazophos, chlorpyrifos and their main hydrolytic metabolites in paddy soil from Chaohu Lake, China..pdf | An alkaline phosphatase from Bacillus amyloliquefaciens YP6 of new application in biodegradation of five broad-spectrum organophosphorus pesticides..pdf",
Tricyclazole,9,9,0,0,"Comparative Degradation of a Thiazole Pollutant by an Advanced Oxidation Process and an Enzymatic Approach..pdf | Degradation of tricyclazole Effect of moisture, soil type, elevated carbon dioxide and Blue Green Algae (BGA)..pdf | Dissipation kinetics and risk assessments of tricyclazole during Oryza sativa L. growing, processing and storage..pdf | Effects of disrupting the polyketide synthase gene WdPKS1 in Wangiella [Exophiala] dermatitidis on melanin production and resistance to killing by antifungal compounds, enzymatic degradation, and extremes in temperature..pdf | Optimization of Ferimzone and Tricyclazole Analysis in Rice Straw Using QuEChERS Method and Its Application in UAV-Sprayed Residue Study..pdf",
Trifloxystrobin,24,24,0,0,An Overview of Strobilurin Fungicide DegradationCurrent Status and Future Perspective..pdf | Determination of trifloxystrobin and its metabolites in Hawaii soils by ASE-LC-MSMS.pdf | Detoxification Esterase StrH Initiates Strobilurin Fungicide Degradation in iHyphomicrobiumi sp. Strain DY-1..pdf | Effect of intermittent water flow on biodegradation of organic micropollutants in the hyporheic zone..pdf | Environmental fate of trifloxystrobin in soils of different geographical origins and photolytic degradation in water.pdf,
Triflumizole,4,4,0,0,"Conclusion on the peer review of the pesticide risk assessment of the active substance triflumizole..pdf | Development of triflumizole ionic liquids containing anions of natural origin for improving the utilization and minimizing the adverse impacts on aquatic ecosystems..pdf | Dissipation behavior, residue distribution, and risk assessment of triflumizole and FM-6-1 in greenhouse strawberries and soil..pdf | Review of the existing maximum residue levels for triflumizole according to Article 12 of Regulation (EC) NoÂ 3962005..pdf",
Triflumuron,2,2,0,0,Review of the existing maximum residue levels for triflumuron according to Article 12 of Regulation (EC) NoÂ 3962005..pdf | Triflumuron Effects on the Physiology and Reproduction of iRhodnius prolixusi Adult Females..pdf,
Trinexapac-ethyl,4,4,0,0,Peer review of the pesticide risk assessment of the active substance trinexapac (variant evaluated trinexapac-ethyl)..pdf | Quantitative Modeling of the Degradation of Pesticide Residues in Wheat Flour Supply Chain..pdf | Sugarcane cultivar response to glyphosate and trinexapac-ethyl ripeners in Louisiana..pdf | Updated peer review of the pesticide risk assessment of theÂ active substance trinexapac (variant evaluated trinexapac-ethyl)..pdf,
Valifenalate,2,2,0,0,Modification of the existing maximum residue levels for valifenalate in various crops..pdf | Review of the existing maximum residue levels for valifenalate according to Article 12 of Regulation (EC) No 3962005..pdf,
Vinclozolin,29,29,0,0,Alterations in the developing testis transcriptome following embryonic vinclozolin exposure..pdf | Bacterial degradation of monocyclic aromatic amines..pdf | Biodegradation of propiconazole by newly isolated Burkholderia sp. strain BBK_9..pdf | Chemical and biological transformation of the fungicide vinclozolin..pdf | Chiral separation and enantioselective degradation of vinclozolin in soils..pdf,
Zoxamide,6,6,0,0,"Attenuation and soil biodegradation of fungicides by using vegetated buffer strips in vineyards during a simulated rainfall-runoff event..pdf | Eco-friendly fabrication of copper oxide nanoparticles using peel extract of Citrus aurantium for the efficient degradation of methylene blue dye..pdf | Effective Remediation Strategy for Xenobiotic Zoxamide by Pure Bacterial Strains, iEscherichia coli, Streptococcus pyogenesi, and iStreptococcus pneumoniaei..pdf | Peer review of the pesticide risk assessment of the active substance zoxamide..pdf | Review of the existing maximum residue levels for zoxamide according to Article 12 of Regulation (EC) No 3962005 and setting of an import tolerance for onions, garlic and shallots..pdf",
