source_row,source_dataset,record_scope,canonical_pesticide,Microorganism,Pesticide,Evidence,Isolation_environment,Isolation_Location,Publication_Year,Enzyme,Enzyme_name_reported,Gene,Reference,duplicate_key_count,potential_duplicate,reference_type,reference_format_status,pathway_step_ready,pathway_data_gap
2,pesticide_data.xlsx,CURATED_BIODEGRADATION_ONLY,Cypermethrin,Lysinibacillus cresolivuorans Strain HIS7,Cypermethrin,Experimental evidence,Contaminated soil,Egypt ,2021,,,,10.3390/plants10091903,1,No,DOI,format_valid,No,"Verify substrate, product, reaction order, step evidence, and pathway completeness from the cited publication"
3,pesticide_data.xlsx,CURATED_BIODEGRADATION_ONLY,Esfenvalerate,Lysinibacillus sp. CBMAI2051,Esfenvalerate,Experimental evidence,Savannah,Brazil,2020,,,,10.21577/0103-5053.20200051,1,No,DOI,format_valid,No,"Verify substrate, product, reaction order, step evidence, and pathway completeness from the cited publication"
4,pesticide_data.xlsx,CURATED_BIODEGRADATION_ONLY,Esfenvalerate,Bacillus cereus CBMAI2067,Esfenvalerate,Experimental evidence,Savannah,Brazil,2020,,,,10.21577/0103-5053.20200051,1,No,DOI,format_valid,No,"Verify substrate, product, reaction order, step evidence, and pathway completeness from the cited publication"
5,pesticide_data.xlsx,CURATED_BIODEGRADATION_ONLY,Esfenvalerate,Bacillus sp. CBMAI2052,Esfenvalerate,Experimental evidence,Savannah,Brazil,2020,Hydrolases,Carboxylesterases ,,10.21577/0103-5053.20200051,1,No,DOI,format_valid,No,"Verify substrate, product, reaction order, step evidence, and pathway completeness from the cited publication"
6,pesticide_data.xlsx,CURATED_BIODEGRADATION_ONLY,Esfenvalerate,"Penicillium
raistrickii CBMAI 931",Esfenvalerate,Experimental evidence,Marine sponge,Brazil,2015,,,,10.1007/s10126-016-9710-z,1,No,DOI,format_valid,No,"Verify substrate, product, reaction order, step evidence, and pathway completeness from the cited publication"
7,pesticide_data.xlsx,CURATED_BIODEGRADATION_ONLY,Esfenvalerate,Aspergillus sydowii CBMAI 935,Esfenvalerate,Experimental evidence,Marine sponge,Brazil,2015,,,,10.1007/s10126-016-9710-z,1,No,DOI,format_valid,No,"Verify substrate, product, reaction order, step evidence, and pathway completeness from the cited publication"
8,pesticide_data.xlsx,CURATED_BIODEGRADATION_ONLY,Esfenvalerate,Cladosporium sp. CBMAI 1237,Esfenvalerate,Experimental evidence,Marine sponge,Brazil,2015,,,,10.1007/s10126-016-9710-z,1,No,DOI,format_valid,No,"Verify substrate, product, reaction order, step evidence, and pathway completeness from the cited publication"
9,pesticide_data.xlsx,CURATED_BIODEGRADATION_ONLY,Esfenvalerate,"Microsphaeropsis sp.
CBMAI 1675",Esfenvalerate,Experimental evidence,Marine sponge,Brazil,2015,,,,10.1007/s10126-016-9710-z,1,No,DOI,format_valid,No,"Verify substrate, product, reaction order, step evidence, and pathway completeness from the cited publication"
10,pesticide_data.xlsx,CURATED_BIODEGRADATION_ONLY,Esfenvalerate,Acremonium sp. CBMAI 1676,Esfenvalerate,Experimental evidence,Marine sponge,Brazil,2015,,,,10.1007/s10126-016-9710-z,1,No,DOI,format_valid,No,"Verify substrate, product, reaction order, step evidence, and pathway completeness from the cited publication"
11,pesticide_data.xlsx,CURATED_BIODEGRADATION_ONLY,Esfenvalerate,"Westerdykella
sp. CBMAI 1679",Esfenvalerate,Experimental evidence,Marine sponge,Brazil,2015,,,,10.1007/s10126-016-9710-z,1,No,DOI,format_valid,No,"Verify substrate, product, reaction order, step evidence, and pathway completeness from the cited publication"
12,pesticide_data.xlsx,CURATED_BIODEGRADATION_ONLY,Esfenvalerate,Cladosporium sp. CBMAI 1678,Esfenvalerate,Experimental evidence,Marine sponge,Brazil,2015,,,,10.1007/s10126-016-9710-z,1,No,DOI,format_valid,No,"Verify substrate, product, reaction order, step evidence, and pathway completeness from the cited publication"
13,pesticide_data.xlsx,CURATED_BIODEGRADATION_ONLY,Ethion,Azospirillum species,Ethion,Experimental evidence,Contaminated soil,Australia,2004,,,,10.1016/j.femsle.2004.09.010,1,No,DOI,format_valid,No,"Verify substrate, product, reaction order, step evidence, and pathway completeness from the cited publication"
14,pesticide_data.xlsx,CURATED_BIODEGRADATION_ONLY,Ethion,Pseudomonas species,Ethion,Experimental evidence,Contaminated soil,Australia,2004,,,,10.1016/j.femsle.2004.09.010,1,No,DOI,format_valid,No,"Verify substrate, product, reaction order, step evidence, and pathway completeness from the cited publication"
15,pesticide_data.xlsx,CURATED_BIODEGRADATION_ONLY,Phosmet,Lactobacillus plantarum P9,Phosmet,Experimental evidence,Fermented food,Mangolia,2018,,,,10.3389/fmicb.2018.02048,1,No,DOI,format_valid,No,"Verify substrate, product, reaction order, step evidence, and pathway completeness from the cited publication"
16,pesticide_data.xlsx,CURATED_BIODEGRADATION_ONLY,Phosmet,Agrobacterium radiobacter P230,Phosmet,Enzymatic evidence,Contaminated soil,Australia,2002,,,OpdA,10.1128/AEM.68.7.3371-3376.2002,1,No,DOI,format_valid,No,"Verify substrate, product, reaction order, step evidence, and pathway completeness from the cited publication"
17,pesticide_data.xlsx,CURATED_BIODEGRADATION_ONLY,Phosmet,Enterobacter agglomerans,Phosmet,Experimental evidence,Blueberry ,United States,2007,,,,10.1111/j.1750-3841.2007.00466.x,1,No,DOI,format_valid,No,"Verify substrate, product, reaction order, step evidence, and pathway completeness from the cited publication"
18,pesticide_data.xlsx,CURATED_BIODEGRADATION_ONLY,Phosmet,Pseudomonas fluorescens,Phosmet,Experimental evidence,Blueberry ,United States,2007,,,,10.1111/j.1750-3841.2007.00466.x,1,No,DOI,format_valid,No,"Verify substrate, product, reaction order, step evidence, and pathway completeness from the cited publication"
19,pesticide_data.xlsx,CURATED_BIODEGRADATION_ONLY,Acibenzolar-S-methyl,Bacillus subtilis GB03,Acibenzolar-S-methyl,Experimental evidence,Commercial PGPR strain,United States,2011,,,,10.1007/s10532-011-9509-6,1,No,DOI,format_valid,No,"Verify substrate, product, reaction order, step evidence, and pathway completeness from the cited publication"
20,pesticide_data.xlsx,CURATED_BIODEGRADATION_ONLY,Acibenzolar-S-methyl,Bacillus subtilis FZB24,Acibenzolar-S-methyl,Experimental evidence,Commercial PGPR strain,Germany,2011,,,,10.1007/s10532-011-9509-6,1,No,DOI,format_valid,No,"Verify substrate, product, reaction order, step evidence, and pathway completeness from the cited publication"
21,pesticide_data.xlsx,CURATED_BIODEGRADATION_ONLY,Acibenzolar-S-methyl,Bacillus amyloliquefaciens IN937a,Acibenzolar-S-methyl,Experimental evidence,"Culture collection, Dept. of Entomology & Plant Pathology",United States,2011,,,,10.1007/s10532-011-9509-6,1,No,DOI,format_valid,No,"Verify substrate, product, reaction order, step evidence, and pathway completeness from the cited publication"
22,pesticide_data.xlsx,CURATED_BIODEGRADATION_ONLY,Acibenzolar-S-methyl,Bacillus pumilus SE34,Acibenzolar-S-methyl,Experimental evidence,"Culture collection, Dept. of Entomology & Plant Pathology",United States,2011,,,,10.1007/s10532-011-9509-6,1,No,DOI,format_valid,No,"Verify substrate, product, reaction order, step evidence, and pathway completeness from the cited publication"
23,pesticide_data.xlsx,CURATED_BIODEGRADATION_ONLY,Clothianidin,Pseudomonas oleovorans SA2,Clothianidin,Experimental evidence,Not specified,India,2024,,,,10.1021/acsomega.3c09749,1,No,DOI,format_valid,No,"Verify substrate, product, reaction order, step evidence, and pathway completeness from the cited publication"
24,pesticide_data.xlsx,CURATED_BIODEGRADATION_ONLY,Clothianidin,Pseudomonas stutzeri strain SMK,Clothianidin,Experimental evidence,Agricultural soil,India,2019,,,,10.1155/2019/4807913,1,No,DOI,format_valid,No,"Verify substrate, product, reaction order, step evidence, and pathway completeness from the cited publication"
25,pesticide_data.xlsx,CURATED_BIODEGRADATION_ONLY,"2,4-D",Alcaligenes eutrophus JMP134,"2,4-D",Experimental evidence,"Not stated (lab strain, Australia origin in literature)",,1985,Dioxygenases,Fe(II)/α-KG dependent dioxygenase,"TfdA, TfdB, TfdC. TfdD, TfdE, TfdC1/TfdCII",10.1128/jb.161.1.85-90.1985,1,No,DOI,format_valid,No,"Verify substrate, product, reaction order, step evidence, and pathway completeness from the cited publication"
26,pesticide_data.xlsx,CURATED_BIODEGRADATION_ONLY,"2,4-D",Alcaligenes eutrophus JMP134,"2,4-D",Experimental evidence,"Not stated (lab strain, Australia origin in literature)",,1985,Monooxygenases,Chlorophenol hydroxylase,,10.1128/jb.161.1.85-90.1985,1,No,DOI,format_valid,No,"Verify substrate, product, reaction order, step evidence, and pathway completeness from the cited publication"
27,pesticide_data.xlsx,CURATED_BIODEGRADATION_ONLY,"2,4-D",Alcaligenes eutrophus JMP134,"2,4-D",Experimental evidence,"Not stated (lab strain, Australia origin in literature)",,1985,Dioxygenases,"Chlorocatechol 1,2-dioxygenase",,10.1128/jb.161.1.85-90.1985,2,Yes,DOI,format_valid,No,"Verify substrate, product, reaction order, step evidence, and pathway completeness from the cited publication"
28,pesticide_data.xlsx,CURATED_BIODEGRADATION_ONLY,"2,4-D",Alcaligenes eutrophus JMP134,"2,4-D",Experimental evidence,"Not stated (lab strain, Australia origin in literature)",,1985,Isomerases,Chloromuconate cycloisomerase,,10.1128/jb.161.1.85-90.1985,1,No,DOI,format_valid,No,"Verify substrate, product, reaction order, step evidence, and pathway completeness from the cited publication"
29,pesticide_data.xlsx,CURATED_BIODEGRADATION_ONLY,"2,4-D",Alcaligenes eutrophus JMP134,"2,4-D",Experimental evidence,"Not stated (lab strain, Australia origin in literature)",,1985,Hydrolases,Dienelactone hydrolase,,10.1128/jb.161.1.85-90.1985,1,No,DOI,format_valid,No,"Verify substrate, product, reaction order, step evidence, and pathway completeness from the cited publication"
30,pesticide_data.xlsx,CURATED_BIODEGRADATION_ONLY,"2,4-D",Alcaligenes eutrophus JMP134,"2,4-D",Experimental evidence,"Not stated (lab strain, Australia origin in literature)",,1985,Dioxygenases,"Chlorocatechol 1,2-dioxygenases",,10.1128/jb.161.1.85-90.1985,2,Yes,DOI,format_valid,No,"Verify substrate, product, reaction order, step evidence, and pathway completeness from the cited publication"
31,pesticide_data.xlsx,CURATED_BIODEGRADATION_ONLY,"2,4-D",Sphingomonas sp. TFD44,"2,4-D",Experimental evidence,Japan (NIAES culture),Japan,2005,Dioxygenases,Catechol dioxygenase,"tfdCDEF, tfdCII, tfdDII, tfdEII, tfdFII, + tfdK",10.1007/s00203-004-0748-3,1,No,DOI,format_valid,No,"Verify substrate, product, reaction order, step evidence, and pathway completeness from the cited publication"
32,pesticide_data.xlsx,CURATED_BIODEGRADATION_ONLY,"2,4-D",Sphingomonas sp. TFD44,"2,4-D",Enzymatic evidence,Herbicide wastewater treatment facility,USA,2005,,,"tfdC, tfdC2",10.1016/j.bbrc.2005.05.045,1,No,DOI,format_valid,No,"Verify substrate, product, reaction order, step evidence, and pathway completeness from the cited publication"
33,pesticide_data.xlsx,CURATED_BIODEGRADATION_ONLY,"2,4-D",Escherichia coli JMP502,"2,4-D",Experimental evidence,"Schuchardt, Mtinchen",USA,1983,,,TfdA,10.1007/BF00407938,1,No,DOI,format_valid,No,"Verify substrate, product, reaction order, step evidence, and pathway completeness from the cited publication"
34,pesticide_data.xlsx,CURATED_BIODEGRADATION_ONLY,"2,4-D",Sphingomonas paucimobilis 1443,"2,4-D",Experimental evidence,Agricultural field soil,China,1994,,,"tfdA, tfdB",10.1128/aem.60.4.1116-1120.1994,1,No,DOI,format_valid,No,"Verify substrate, product, reaction order, step evidence, and pathway completeness from the cited publication"
35,pesticide_data.xlsx,CURATED_BIODEGRADATION_ONLY,"2,4-D",Pseudomonas pickettii 712,"2,4-D",Experimental evidence,Agricultural soils,China,1994,,,tfdA,10.1128/aem.60.4.1116-1120.1994,1,No,DOI,format_valid,No,"Verify substrate, product, reaction order, step evidence, and pathway completeness from the cited publication"
36,pesticide_data.xlsx,CURATED_BIODEGRADATION_ONLY,"2,4-D",Cupriavidus campinensis BJ71,"2,4-D",Experimental evidence,Agricultural soils,China,2014,,,tfdA,10.1007/s11274-014-1680-6,1,No,DOI,format_valid,No,"Verify substrate, product, reaction order, step evidence, and pathway completeness from the cited publication"
37,pesticide_data.xlsx,CURATED_BIODEGRADATION_ONLY,"2,4-D",Ochrobactrum anthropi,"2,4-D",Experimental evidence,Agricultural soils,China,2014,,,tfdA,10.1007/s11274-014-1680-6,1,No,DOI,format_valid,No,"Verify substrate, product, reaction order, step evidence, and pathway completeness from the cited publication"
38,pesticide_data.xlsx,CURATED_BIODEGRADATION_ONLY,"2,4-D",Bacillus spp.,"2,4-D",Experimental evidence,Agricultural soils,China,2014,,,tfdA,10.1007/s11274-014-1680-6,1,No,DOI,format_valid,No,"Verify substrate, product, reaction order, step evidence, and pathway completeness from the cited publication"
39,pesticide_data.xlsx,CURATED_BIODEGRADATION_ONLY,"2,4-D",Stenotrophomonas sp.,"2,4-D",Experimental evidence,Agricultural soils,China,2014,,,tfdA,10.1007/s11274-014-1680-6,1,No,DOI,format_valid,No,"Verify substrate, product, reaction order, step evidence, and pathway completeness from the cited publication"
40,pesticide_data.xlsx,CURATED_BIODEGRADATION_ONLY,"2,4-D",Pseudomonas sp.,"2,4-D",Experimental evidence,Agricultural soils,China,2014,,,tfdA,10.1007/s11274-014-1680-6,1,No,DOI,format_valid,No,"Verify substrate, product, reaction order, step evidence, and pathway completeness from the cited publication"
41,pesticide_data.xlsx,CURATED_BIODEGRADATION_ONLY,"2,4-D",Arthrobacter sp.,"2,4-D",Experimental evidence,Soil ,USA,1969,,,"tfdC, tfdD, tfdE, tfdF",10.1021/jf60165a037,1,No,DOI,format_valid,No,"Verify substrate, product, reaction order, step evidence, and pathway completeness from the cited publication"
42,pesticide_data.xlsx,CURATED_BIODEGRADATION_ONLY,"2,4-D",Arthrobacter sp.,"2,4-D",Experimental evidence,Soil ,USA,1973,,,tfD, 10.1128/am.26.3.445-447.1973,1,No,DOI,format_valid,No,"Verify substrate, product, reaction order, step evidence, and pathway completeness from the cited publication"
43,pesticide_data.xlsx,CURATED_BIODEGRADATION_ONLY,"2,4-D",Pseudomonas cepacia,"2,4-D",Experimental evidence,Soil,Not mentioned,1991,Monooxygenases,"2,4-dichlorophenol hydroxylase",,10.1016/0003-9861(91)90180-q,1,No,DOI,format_valid,No,"Verify substrate, product, reaction order, step evidence, and pathway completeness from the cited publication"
44,pesticide_data.xlsx,CURATED_BIODEGRADATION_ONLY,"2,4-D",Burkholderia cepacia strain 2a,"2,4-D",Experimental evidence,Not mentioned,Not mentioned,1998,,,Tn5530 (tfdA homolog),10.1006/plas.1997.1332,1,No,DOI,format_valid,No,"Verify substrate, product, reaction order, step evidence, and pathway completeness from the cited publication"
45,pesticide_data.xlsx,CURATED_BIODEGRADATION_ONLY,"2,4-D",Mixed microbe,"2,4-D",Enzymatic evidence,Agricultural soil,Not mentioned,2010,Dioxygenases,α-ketoglutarate-dependent dioxygenases,"rdpA, sdpA",10.1128/AEM.02270-09,1,No,DOI,format_valid,No,"Verify substrate, product, reaction order, step evidence, and pathway completeness from the cited publication"
46,pesticide_data.xlsx,CURATED_BIODEGRADATION_ONLY,"2,4-D",Thauera sp. DKT,"2,4-D",Experimental evidence,Sediment,Vietnam,2018,,,Not specified,10.1007/s10532-018-9848-7,1,No,DOI,format_valid,No,"Verify substrate, product, reaction order, step evidence, and pathway completeness from the cited publication"
47,pesticide_data.xlsx,CURATED_BIODEGRADATION_ONLY,"2,4-D",Achromobacter xylosoxidans pEST4011,"2,4-D",Experimental evidence,Not mentioned ,Estonia ,2000,,,"tfdA, tfdB, tfdC, tfdD, tfdE, tfdF",10.1016/S0378-1119(00)00329-2,1,No,DOI,format_valid,No,"Verify substrate, product, reaction order, step evidence, and pathway completeness from the cited publication"
48,pesticide_data.xlsx,CURATED_BIODEGRADATION_ONLY,"2,4-D",Alcaligenes eutrophus JMP134,"2,4-D",Enzymatic evidence,Not mentioned ,Not mentioned ,1987,Monooxygenases," 2,4-D monooxygenase",tfdA,10.1128/jb.169.7.2950-2955.1987,1,No,DOI,format_valid,No,"Verify substrate, product, reaction order, step evidence, and pathway completeness from the cited publication"
49,pesticide_data.xlsx,CURATED_BIODEGRADATION_ONLY,"2,4-D",Cupriavidus pinatubonensis JMP134,"2,4-D",Experimental evidence,Rhizosphere soil,Not mentioned ,2012,,," tfdB, tfdC, tfdD, tfdE, and tfdF",10.1007/s10482-011-9685-8,1,No,DOI,format_valid,No,"Verify substrate, product, reaction order, step evidence, and pathway completeness from the cited publication"
50,pesticide_data.xlsx,CURATED_BIODEGRADATION_ONLY,"2,4-D",Sphingomonas agrestis 58-1,"2,4-D",Experimental evidence,Soil,Japan,2009,,,"tfdA,
cadA, and tfdAα",10.1016/j.jbiosc.2009.02.018,1,No,DOI,format_valid,No,"Verify substrate, product, reaction order, step evidence, and pathway completeness from the cited publication"
51,pesticide_data.xlsx,CURATED_BIODEGRADATION_ONLY,"2,4-D",Alcaligenes eutrophus JMP134,"2,4-D",Experimental evidence,Not mentioned ,Not mentioned ,1993,Monooxygenases,"2,4-Dichlorophenoxyacetate Monooxygenase",tfdA,10.1128/jb.175.7.2083-2086.1993,1,No,DOI,format_valid,No,"Verify substrate, product, reaction order, step evidence, and pathway completeness from the cited publication"
52,pesticide_data.xlsx,CURATED_BIODEGRADATION_ONLY,"2,4-D",Pseudomonas putida SM1443,"2,4-D",Experimental evidence,Activated sludge,Not mentioned ,2010,,,"tfdA, tfdB, tfdC",10.1016/j.jhazmat.2010.04.002,1,No,DOI,format_valid,No,"Verify substrate, product, reaction order, step evidence, and pathway completeness from the cited publication"
53,pesticide_data.xlsx,CURATED_BIODEGRADATION_ONLY,"2,4-D",Cupriavidus sp. CY-1,"2,4-D",Experimental evidence,Soil,Japan,2015,,,tfdA,10.1371/journal.pone.0145057,1,No,DOI,format_valid,No,"Verify substrate, product, reaction order, step evidence, and pathway completeness from the cited publication"
54,pesticide_data.xlsx,CURATED_BIODEGRADATION_ONLY,"2,4-D",Achromobacter sp. QXH.,"2,4-D",Experimental evidence,Not mentioned ,Not mentioned ,2014,,,,10.1007/s00449-014-1350-y,1,No,DOI,format_valid,No,"Verify substrate, product, reaction order, step evidence, and pathway completeness from the cited publication"
55,pesticide_data.xlsx,CURATED_BIODEGRADATION_ONLY,"2,4-D","Pseudomonas putida
PPO301","2,4-D",Enzymatic evidence,Not mentioned ,Not mentioned ,1991,Monooxygenases,"2,4-dichlorophenoxyacetate (TFD) monooxygenase,",tfd,10.1128/aem.57.6.1790-1792.1991,1,No,DOI,format_valid,No,"Verify substrate, product, reaction order, step evidence, and pathway completeness from the cited publication"
56,pesticide_data.xlsx,CURATED_BIODEGRADATION_ONLY,"2,4-D",Pseudomonas fluorescens strain SM1,"2,4-D",Experimental evidence,Not mentioned ,Not mentioned ,2008,,,Not specified,10.1016/j.chemosphere.2007.11.023,1,No,DOI,format_valid,No,"Verify substrate, product, reaction order, step evidence, and pathway completeness from the cited publication"
57,pesticide_data.xlsx,CURATED_BIODEGRADATION_ONLY,"2,4-D",Pseudomonas sp.,"2,4-D",Experimental evidence,Contaminated soil,Iran,2016,,,Not specified,10.1007/s10661-016-5673-9,1,No,DOI,format_valid,No,"Verify substrate, product, reaction order, step evidence, and pathway completeness from the cited publication"
58,pesticide_data.xlsx,CURATED_BIODEGRADATION_ONLY,"2,4-D", Entrobacter sp.,"2,4-D",Experimental evidence,Contaminated soil,Iran,2016,,,Not specified,10.1007/s10661-016-5673-9,1,No,DOI,format_valid,No,"Verify substrate, product, reaction order, step evidence, and pathway completeness from the cited publication"
59,pesticide_data.xlsx,CURATED_BIODEGRADATION_ONLY,"2,4-D",Bacillus sp.,"2,4-D",Experimental evidence,Contaminated soil,Iran,2016,,,Not specified,10.1007/s10661-016-5673-9,1,No,DOI,format_valid,No,"Verify substrate, product, reaction order, step evidence, and pathway completeness from the cited publication"
60,pesticide_data.xlsx,CURATED_BIODEGRADATION_ONLY,"2,4-D",Seratia sp.,"2,4-D",Experimental evidence,Contaminated soil,Iran,2016,,,Not specified,10.1007/s10661-016-5673-9,1,No,DOI,format_valid,No,"Verify substrate, product, reaction order, step evidence, and pathway completeness from the cited publication"
61,pesticide_data.xlsx,CURATED_BIODEGRADATION_ONLY,"2,4-D",Staphylococcus sp.,"2,4-D",Experimental evidence,Contaminated soil,Iran,2016,,,Not specified,10.1007/s10661-016-5673-9,1,No,DOI,format_valid,No,"Verify substrate, product, reaction order, step evidence, and pathway completeness from the cited publication"
62,pesticide_data.xlsx,CURATED_BIODEGRADATION_ONLY,"2,4-D",Chryseobacterium sp.,"2,4-D",Experimental evidence,Activated sludge,Mexico,2013,,,Not specified,10.1016/j.biortech.2013.02.068,1,No,DOI,format_valid,No,"Verify substrate, product, reaction order, step evidence, and pathway completeness from the cited publication"
63,pesticide_data.xlsx,CURATED_BIODEGRADATION_ONLY,"2,4-D",Cupriavidus necator JMP134,"2,4-D",Experimental evidence,Laboratory culture,France (lab strains maintained in Paris),2017,,,Not specified,10.3389/fmicb.2017.00904,1,No,DOI,format_valid,No,"Verify substrate, product, reaction order, step evidence, and pathway completeness from the cited publication"
64,pesticide_data.xlsx,CURATED_BIODEGRADATION_ONLY,"2,4-D",Novosphingobium DY4,"2,4-D",Experimental evidence,Contaminated soil,China,2015,,,"tfdA, tfdAa",10.1007/s10532-015-9724-7,1,No,DOI,format_valid,No,"Verify substrate, product, reaction order, step evidence, and pathway completeness from the cited publication"
65,pesticide_data.xlsx,CURATED_BIODEGRADATION_ONLY,"2,4-D",Bacillus licheniformis NCU CS-5,"2,4-D",Enzymatic evidence,Seed,China,2021,Hydrolases,lipase,,10.1016/j.ijbiomac.2021.01.214,1,No,DOI,format_valid,No,"Verify substrate, product, reaction order, step evidence, and pathway completeness from the cited publication"
66,pesticide_data.xlsx,CURATED_BIODEGRADATION_ONLY,"2,4-D",Engineered Escherichia coli strain BL-3164,"2,4-D",Experimental evidence,lab-constructed recombinant strain,Not Mentioned,2023,Dioxygenases,"2,4-dichlorophenoxyacetate dioxygenase",tfdA,10.1016/j.jhazmat.2023.131099,1,No,DOI,format_valid,No,"Verify substrate, product, reaction order, step evidence, and pathway completeness from the cited publication"
67,pesticide_data.xlsx,CURATED_BIODEGRADATION_ONLY,"2,4-D",Engineered Escherichia coli strain BL-3164,"2,4-D",Experimental evidence,lab-constructed recombinant strain,Not Mentioned,2023,Monooxygenases,"2,4-dichlorophenol 6-monooxygenase",tfdB,10.1016/j.jhazmat.2023.131099,1,No,DOI,format_valid,No,"Verify substrate, product, reaction order, step evidence, and pathway completeness from the cited publication"
68,pesticide_data.xlsx,CURATED_BIODEGRADATION_ONLY,"2,4-D",Engineered Escherichia coli strain BL-3164,"2,4-D",Experimental evidence,lab-constructed recombinant strain,Not Mentioned,2023,Dioxygenases,"chlorocatechol-1,2-dioxygenase",tfdC,10.1016/j.jhazmat.2023.131099,1,No,DOI,format_valid,No,"Verify substrate, product, reaction order, step evidence, and pathway completeness from the cited publication"
69,pesticide_data.xlsx,CURATED_BIODEGRADATION_ONLY,"2,4-D",Engineered Escherichia coli strain BL-3164,"2,4-D",Experimental evidence,lab-constructed recombinant strain,Not Mentioned,2023,Isomerases,Chloromuconate cycloisomerase,tfdD,10.1016/j.jhazmat.2023.131099,1,No,DOI,format_valid,No,"Verify substrate, product, reaction order, step evidence, and pathway completeness from the cited publication"
70,pesticide_data.xlsx,CURATED_BIODEGRADATION_ONLY,"2,4-D",Engineered Escherichia coli strain BL-3164,"2,4-D",Experimental evidence,lab-constructed recombinant strain,Not Mentioned,2023,Hydrolases,Dienelactone hydrolase,tfdE,10.1016/j.jhazmat.2023.131099,1,No,DOI,format_valid,No,"Verify substrate, product, reaction order, step evidence, and pathway completeness from the cited publication"
71,pesticide_data.xlsx,CURATED_BIODEGRADATION_ONLY,"2,4-D",Engineered Escherichia coli strain BL-3164,"2,4-D",Experimental evidence,lab-constructed recombinant strain,Not Mentioned,2023,Oxidoreductases,Maleylacetate reductase,tfdF,10.1016/j.jhazmat.2023.131099,1,No,DOI,format_valid,No,"Verify substrate, product, reaction order, step evidence, and pathway completeness from the cited publication"
72,pesticide_data.xlsx,CURATED_BIODEGRADATION_ONLY,"2,4-D",Engineered Escherichia coli strain BL-3164,"2,4-D",Experimental evidence,lab-constructed recombinant strain,Not Mentioned,2023,Transferases,3-oxoadipate CoA transferase alphaSubunit,pcaI,10.1016/j.jhazmat.2023.131099,1,No,DOI,format_valid,No,"Verify substrate, product, reaction order, step evidence, and pathway completeness from the cited publication"
73,pesticide_data.xlsx,CURATED_BIODEGRADATION_ONLY,"2,4-D",Engineered Escherichia coli strain BL-3164,"2,4-D",Experimental evidence,lab-constructed recombinant strain,Not Mentioned,2023,Transferases,3-oxoadipate CoA transferase betasubunit,pcaJ,10.1016/j.jhazmat.2023.131099,1,No,DOI,format_valid,No,"Verify substrate, product, reaction order, step evidence, and pathway completeness from the cited publication"
74,pesticide_data.xlsx,CURATED_BIODEGRADATION_ONLY,"2,4-D",Engineered Escherichia coli strain BL-3164,"2,4-D",Experimental evidence,lab-constructed recombinant strain,Not Mentioned,2023,Hydrolases,beta-ketoadipyl-CoA thiolase,pcaF,10.1016/j.jhazmat.2023.131099,1,No,DOI,format_valid,No,"Verify substrate, product, reaction order, step evidence, and pathway completeness from the cited publication"
75,pesticide_data.xlsx,CURATED_BIODEGRADATION_ONLY,"2,4-D",Cupriavidus pampae sp. nov. (strain CPDB6ᵀ),"2,4-D",Experimental evidence,Contaminated soil,Argentina,2010,,,,10.1099/ijs.0.018341-0,1,No,DOI,format_valid,No,"Verify substrate, product, reaction order, step evidence, and pathway completeness from the cited publication"
76,pesticide_data.xlsx,CURATED_BIODEGRADATION_ONLY,"2,4-D",Rigidoporus sp. FMD21,"2,4-D",Experimental evidence,Contaminated soil,Argentina,2022,Peroxidases,Laccase,,10.1007/s10532-022-09982-1,1,No,DOI,format_valid,No,"Verify substrate, product, reaction order, step evidence, and pathway completeness from the cited publication"
77,pesticide_data.xlsx,CURATED_BIODEGRADATION_ONLY,"2,4-D",Fusarium sp.,"2,4-D",Experimental evidence,Contaminated soil,Argentina,2022,,,,10.1007/s10532-022-09982-1,1,No,DOI,format_valid,No,"Verify substrate, product, reaction order, step evidence, and pathway completeness from the cited publication"
78,pesticide_data.xlsx,CURATED_BIODEGRADATION_ONLY,"2,4-D",Verticillium sp. ,"2,4-D",Experimental evidence,Contaminated soil,Argentina,2022,,,,10.1007/s10532-022-09982-1,1,No,DOI,format_valid,No,"Verify substrate, product, reaction order, step evidence, and pathway completeness from the cited publication"
79,pesticide_data.xlsx,CURATED_BIODEGRADATION_ONLY,"2,4-D",Cupriavidus sp. DSPF,"2,4-D",Experimental evidence,Agricultural soil,India,2025,Monooxygenases,"2,4-DCP monooxygenase",24DCPM,10.1128/spectrum.00560-25,1,No,DOI,format_valid,No,"Verify substrate, product, reaction order, step evidence, and pathway completeness from the cited publication"
80,pesticide_data.xlsx,CURATED_BIODEGRADATION_ONLY,"2,4-D",Arthrobacter sp.,"2,4-D",Enzymatic evidence,Soil,USA,1973,Isomerases,Dichloromuconate lactonizing enzyme,,10.1128/am.26.3.445-447.1973,1,No,DOI,format_valid,No,"Verify substrate, product, reaction order, step evidence, and pathway completeness from the cited publication"
81,pesticide_data.xlsx,CURATED_BIODEGRADATION_ONLY,"2,4-D",Cupriavidus gilardii T-1,"2,4-D",Experimental evidence,Agricultural soil,China,2017,,,,10.1021/acs.jafc.7b00544,1,No,DOI,format_valid,No,"Verify substrate, product, reaction order, step evidence, and pathway completeness from the cited publication"
82,pesticide_data.xlsx,CURATED_BIODEGRADATION_ONLY,"2,4-D",Cupriavidus oxalaticus X32,"2,4-D",Experimental evidence,Sewage sludge,China,2020,,,"tfdA–F, tfdT-S",10.1021/acs.jafc.9b05061,1,No,DOI,format_valid,No,"Verify substrate, product, reaction order, step evidence, and pathway completeness from the cited publication"
83,pesticide_data.xlsx,CURATED_BIODEGRADATION_ONLY,"2,4-D",Comamonas acidovorans strain MC1,"2,4-D",Experimental evidence,Contaminated soil,Germany,1999,Monooxygenases,Chlorophenol hydroxylase,"tfdB, tfdC",10.1016/S0944-5013(99)80021-4,1,No,DOI,format_valid,No,"Verify substrate, product, reaction order, step evidence, and pathway completeness from the cited publication"
84,pesticide_data.xlsx,CURATED_BIODEGRADATION_ONLY,"2,4-D",Comamonas koreensis CY01,"2,4-D",Experimental evidence,Sediment,China,2010,,,Not specified,10.1111/j.1574-6941.2009.00796.x,1,No,DOI,format_valid,No,"Verify substrate, product, reaction order, step evidence, and pathway completeness from the cited publication"
85,pesticide_data.xlsx,CURATED_BIODEGRADATION_ONLY,"2,4-D",Delftia acidovorans P4a,"2,4-D",Experimental evidence,Cotaminated soil,Germany,2003,,,TfdA–F,10.1099/mic.0.26260-0,1,No,DOI,format_valid,No,"Verify substrate, product, reaction order, step evidence, and pathway completeness from the cited publication"
86,pesticide_data.xlsx,CURATED_BIODEGRADATION_ONLY,"2,4-D",Alcaligenes eutrophus  JMP134-derived (host) ,"2,4-D",Experimental evidence,Agricultural soil,USA,1996,,,TfdA, 10.1128/aem.62.7.2470-2476.1996,1,No,DOI,format_valid,No,"Verify substrate, product, reaction order, step evidence, and pathway completeness from the cited publication"
87,pesticide_data.xlsx,CURATED_BIODEGRADATION_ONLY,"2,4-D",Pseudomonas putida SM1443 (donor),"2,4-D",Experimental evidence,Agricultural soil,UK,2005,,,TfdA–F,10.1016/j.femsec.2005.04.007,1,No,DOI,format_valid,No,"Verify substrate, product, reaction order, step evidence, and pathway completeness from the cited publication"
88,pesticide_data.xlsx,CURATED_BIODEGRADATION_ONLY,Propoxur,Arthrobacter sp. ,Propoxur,Experimental evidence,Soil,USA,1992,,,,10.1080/03601239209372800,1,No,DOI,format_valid,No,"Verify substrate, product, reaction order, step evidence, and pathway completeness from the cited publication"
89,pesticide_data.xlsx,CURATED_BIODEGRADATION_ONLY,Ametoctradin,Burkholderia sp. ,Ametoctradin,Experimental evidence,Soil,USA,2020,,,,10.3389/fmicb.2020.01898,1,No,DOI,format_valid,No,"Verify substrate, product, reaction order, step evidence, and pathway completeness from the cited publication"
90,pesticide_data.xlsx,CURATED_BIODEGRADATION_ONLY,Permethrin,Acinetobacter baumannii ZH-14,Permethrin,Experimental evidence,Contaminated soil,China,2013,,,,10.3389/fmicb.2018.00098,1,No,DOI,format_valid,No,"Verify substrate, product, reaction order, step evidence, and pathway completeness from the cited publication"
91,pesticide_data.xlsx,CURATED_BIODEGRADATION_ONLY,Permethrin,Pseudomonas aeruginosa strain PAO1,Permethrin,Experimental evidence,Contaminated soil,China,2025,Hydrolases,Esterase,estA,10.1016/j.envint.2024.109221,1,No,DOI,format_valid,No,"Verify substrate, product, reaction order, step evidence, and pathway completeness from the cited publication"
92,pesticide_data.xlsx,CURATED_BIODEGRADATION_ONLY,Propargite,Pseudomonas putida SPR 13,Propargite ,Experimental evidence,Rhizosphere,India,2010,,,,10.1016/j.jhazmat.2009.09.050,1,No,DOI,format_valid,No,"Verify substrate, product, reaction order, step evidence, and pathway completeness from the cited publication"
93,pesticide_data.xlsx,CURATED_BIODEGRADATION_ONLY,Propargite,Pseudomonas putida SPR 8,Propargite ,Experimental evidence,Rhizosphere,India,2021,,,,10.1016/j.jhazmat.2009.09.050,1,No,DOI,format_valid,No,"Verify substrate, product, reaction order, step evidence, and pathway completeness from the cited publication"
94,pesticide_data.xlsx,CURATED_BIODEGRADATION_ONLY,Isopyrazam,Pseudomonas fluorescens,Isopyrazam ,Experimental evidence,Commercial strain,Commercial strain,2020,,,,10.1002/jobm.201900687,1,No,DOI,format_valid,No,"Verify substrate, product, reaction order, step evidence, and pathway completeness from the cited publication"
95,pesticide_data.xlsx,CURATED_BIODEGRADATION_ONLY,Isopyrazam,Bacillus subtilis,Isopyrazam ,Experimental evidence,Commercial strain,Commercial strain,2020,,,,10.1002/jobm.201900687,1,No,DOI,format_valid,No,"Verify substrate, product, reaction order, step evidence, and pathway completeness from the cited publication"
96,pesticide_data.xlsx,CURATED_BIODEGRADATION_ONLY,Isopyrazam,Trichoderma harzianum,Isopyrazam ,Experimental evidence,Commercial strain,Commercial strain,2020,,,,10.1002/jobm.201900687,1,No,DOI,format_valid,No,"Verify substrate, product, reaction order, step evidence, and pathway completeness from the cited publication"
97,pesticide_data.xlsx,CURATED_BIODEGRADATION_ONLY,Isopyrazam,Penicillium sp.,Isopyrazam ,Experimental evidence,Commercial strain,Commercial strain,2020,,,,10.1002/jobm.201900687,1,No,DOI,format_valid,No,"Verify substrate, product, reaction order, step evidence, and pathway completeness from the cited publication"
98,pesticide_data.xlsx,CURATED_BIODEGRADATION_ONLY,Dithiocarbamate,Pseudomonas otitidis strain TD-8,Dithiocarbamate,Experimental evidence,Contaminated soil,Not Mentioned,2023,,,,10.1007/s11356-022-22731-4,1,No,DOI,format_valid,No,"Verify substrate, product, reaction order, step evidence, and pathway completeness from the cited publication"
99,pesticide_data.xlsx,CURATED_BIODEGRADATION_ONLY,Dithiocarbamate,Pseudomonas stutzeri strain TD-18,Dithiocarbamate,Experimental evidence,Contaminated soil,Not Mentioned,2023,,,,10.1007/s11356-022-22731-4,1,No,DOI,format_valid,No,"Verify substrate, product, reaction order, step evidence, and pathway completeness from the cited publication"
100,pesticide_data.xlsx,CURATED_BIODEGRADATION_ONLY,Pinoxaden,Acinetobacter pittobacter strain T4P20-1,Pinoxaden,Experimental evidence,Contaminated soil,Not Mentioned,2022,,,"psd, tgt, pyrF, hemF, phnX, folE",10.21203/rs.3.rs-1375498/v1,1,No,DOI,format_valid,No,"Verify substrate, product, reaction order, step evidence, and pathway completeness from the cited publication"
101,pesticide_data.xlsx,CURATED_BIODEGRADATION_ONLY,Quintozene,Pseudomonas putida QTH3,Quintozene,Experimental evidence,Contaminated soil,China,2019,,,,10.1016/j.ecoenv.2019.109463,1,No,DOI,format_valid,No,"Verify substrate, product, reaction order, step evidence, and pathway completeness from the cited publication"
102,pesticide_data.xlsx,CURATED_BIODEGRADATION_ONLY,Quintozene,"Cupriavidus sp.
YNS-85",Quintozene,Experimental evidence,Contaminated soil,China,2011,Oxidoreductases,Nitro-reductase (possible) ,,10.1007/s11356-017-8640-2,1,No,DOI,format_valid,No,"Verify substrate, product, reaction order, step evidence, and pathway completeness from the cited publication"
103,pesticide_data.xlsx,CURATED_BIODEGRADATION_ONLY,Quintozene,Arthrobacter nicotianae DH19,Quintozene,Experimental evidence,Agricultural soil,China,2016,,,,10.1111/lam.12476,1,No,DOI,format_valid,No,"Verify substrate, product, reaction order, step evidence, and pathway completeness from the cited publication"
104,pesticide_data.xlsx,CURATED_BIODEGRADATION_ONLY,Teflubenzuron,Bacillus brevis 625,Teflubenzuron ,Experimental evidence,Contaminated soil,Russia,2001,,,,10.1081/PFC-100106185,1,No,DOI,format_valid,No,"Verify substrate, product, reaction order, step evidence, and pathway completeness from the cited publication"
105,pesticide_data.xlsx,CURATED_BIODEGRADATION_ONLY,Teflubenzuron,Acinetobacter calcoaceticus 21,Teflubenzuron ,Experimental evidence,Contaminated soil,Russia,2001,,,,10.1081/PFC-100106185,1,No,DOI,format_valid,No,"Verify substrate, product, reaction order, step evidence, and pathway completeness from the cited publication"
106,pesticide_data.xlsx,CURATED_BIODEGRADATION_ONLY,Teflubenzuron,Alcaligenes sp. 1431,Teflubenzuron ,Experimental evidence,Contaminated soil,Russia,2001,,,,10.1081/PFC-100106185,1,No,DOI,format_valid,No,"Verify substrate, product, reaction order, step evidence, and pathway completeness from the cited publication"
107,pesticide_data.xlsx,CURATED_BIODEGRADATION_ONLY,Teflubenzuron,Pseudomonas sp. 10W,Teflubenzuron ,Experimental evidence,Contaminated soil,Russia,2001,,,,10.1081/PFC-100106185,1,No,DOI,format_valid,No,"Verify substrate, product, reaction order, step evidence, and pathway completeness from the cited publication"
108,pesticide_data.xlsx,CURATED_BIODEGRADATION_ONLY,Dicofol,Trichoderma longbrachiatum ,Dicofol,Enzymatic evidence,Not specified,Not specified,2014,Hydrolases,Cellulase,,10.1016/j.jes.2014.12.023,1,No,DOI,format_valid,No,"Verify substrate, product, reaction order, step evidence, and pathway completeness from the cited publication"
109,pesticide_data.xlsx,CURATED_BIODEGRADATION_ONLY,Dicofol,Trichoderma longbrachiatum,Dicofol,Enzymatic evidence,Not specified,Not specified,2015,Hydrolases,Cellulase,,10.1016/j.jes.2015.03.015,1,No,DOI,format_valid,No,"Verify substrate, product, reaction order, step evidence, and pathway completeness from the cited publication"
110,pesticide_data.xlsx,CURATED_BIODEGRADATION_ONLY,Spirodiclofen,Serratia sarumanii strain GBS19,Spirodiclofen ,Experimental evidence,Agricultural soil,Turkey,2025,,,,10.1007/s10532-025-10144-2,1,No,DOI,format_valid,No,"Verify substrate, product, reaction order, step evidence, and pathway completeness from the cited publication"
111,pesticide_data.xlsx,CURATED_BIODEGRADATION_ONLY,Dichlorvos,Stenotrophomonas acidaminiphila G1,Dichlorvos,Experimental evidence,Activated sludge,China,2025,Hydrolases,Methyl parathion hydrolase,mpd,10.3390/ijms26199572,1,No,DOI,format_valid,No,"Verify substrate, product, reaction order, step evidence, and pathway completeness from the cited publication"
112,pesticide_data.xlsx,CURATED_BIODEGRADATION_ONLY,Dichlorvos,Not specified,Dichlorvos,Experimental evidence,Contaminated soil,Nigeria,2019,Phosphatases,Phosphoesterases,opd-A and mpd,10.1016/j.chemosphere.2019.01.058,1,No,DOI,format_valid,No,"Verify substrate, product, reaction order, step evidence, and pathway completeness from the cited publication"
113,pesticide_data.xlsx,CURATED_BIODEGRADATION_ONLY,Dichlorvos,Not specified,Dichlorvos,Experimental evidence,Contaminated soil,Nigeria,2019,Dioxygenases,"Catechol 1,2-dioxygenase", afk1 and afk2,10.1016/j.chemosphere.2019.01.058,1,No,DOI,format_valid,No,"Verify substrate, product, reaction order, step evidence, and pathway completeness from the cited publication"
114,pesticide_data.xlsx,CURATED_BIODEGRADATION_ONLY,Dichlorvos,Trichoderma atroviride T23,Dichlorvos,Experimental evidence,Biocontrol fungal strain,China( strain source repository),2022,P450,Cytochrome P450 TaCyp548-2,TaCyp548-2,10.1016/j.chemosphere.2021.133173,1,No,DOI,format_valid,No,"Verify substrate, product, reaction order, step evidence, and pathway completeness from the cited publication"
115,pesticide_data.xlsx,CURATED_BIODEGRADATION_ONLY,Dichlorvos,Trichoderma asperellum TJ01,Dichlorvos,Experimental evidence,Agricultural soil,China,2018,Oxidoreductases,Oxidoreductases,zfc1,10.1186/s12864-018-4960-y,1,No,DOI,format_valid,No,"Verify substrate, product, reaction order, step evidence, and pathway completeness from the cited publication"
116,pesticide_data.xlsx,CURATED_BIODEGRADATION_ONLY,Dichlorvos,Trichoderma asperellum TJ01,Dichlorvos,Experimental evidence,Agricultural soil,China,2018,P450,Cytochrome P450s,,10.1186/s12864-018-4960-y,1,No,DOI,format_valid,No,"Verify substrate, product, reaction order, step evidence, and pathway completeness from the cited publication"
117,pesticide_data.xlsx,CURATED_BIODEGRADATION_ONLY,Dichlorvos,Trichoderma asperellum TJ01,Dichlorvos,Experimental evidence,Agricultural soil,China,2018,Peroxidases,Peroxidases,,10.1186/s12864-018-4960-y,1,No,DOI,format_valid,No,"Verify substrate, product, reaction order, step evidence, and pathway completeness from the cited publication"
118,pesticide_data.xlsx,CURATED_BIODEGRADATION_ONLY,Fluxapyroxad,Saccharomyces cerevisiae,Fluxapyroxad ,Experimental evidence,Commercial biological yeast,Not specified,2020,,,,10.1038/s41598-020-78177-6,1,No,DOI,format_valid,No,"Verify substrate, product, reaction order, step evidence, and pathway completeness from the cited publication"
119,pesticide_data.xlsx,CURATED_BIODEGRADATION_ONLY,Fludioxonil,Pseudomonas sp.,Fludioxonil ,Experimental evidence,Estuarine sediment/ agricultural soil,Portugal,2020,,,,10.1016/j.jhazmat.2020.122545,1,No,DOI,format_valid,No,"Verify substrate, product, reaction order, step evidence, and pathway completeness from the cited publication"
120,pesticide_data.xlsx,CURATED_BIODEGRADATION_ONLY,Fludioxonil,Ochrobactrum sp.,Fludioxonil ,Experimental evidence,Estuarine sediment/ agricultural soil,Portugal,2020,,,,10.1016/j.jhazmat.2020.122545,1,No,DOI,format_valid,No,"Verify substrate, product, reaction order, step evidence, and pathway completeness from the cited publication"
121,pesticide_data.xlsx,CURATED_BIODEGRADATION_ONLY,Fludioxonil,Comamonas sp.,Fludioxonil ,Experimental evidence,Estuarine sediment/ agricultural soil,Portugal,2020,,,,10.1016/j.jhazmat.2020.122545,1,No,DOI,format_valid,No,"Verify substrate, product, reaction order, step evidence, and pathway completeness from the cited publication"
122,pesticide_data.xlsx,CURATED_BIODEGRADATION_ONLY,Fludioxonil,Clostridium sp.,Fludioxonil ,Experimental evidence,Activated sludge,Greece,2022,,,,10.1007/s11356-021-16452-3,1,No,DOI,format_valid,No,"Verify substrate, product, reaction order, step evidence, and pathway completeness from the cited publication"
123,pesticide_data.xlsx,CURATED_BIODEGRADATION_ONLY,Fludioxonil, Oligotropha sp.,Fludioxonil ,Experimental evidence,Activated sludge,Greece,2022,,,,10.1007/s11356-021-16452-3,1,No,DOI,format_valid,No,"Verify substrate, product, reaction order, step evidence, and pathway completeness from the cited publication"
124,pesticide_data.xlsx,CURATED_BIODEGRADATION_ONLY,Fludioxonil,Pseudomonas sp.,Fludioxonil ,Experimental evidence,Activated sludge,Greece,2022,,,,10.1007/s11356-021-16452-3,1,No,DOI,format_valid,No,"Verify substrate, product, reaction order, step evidence, and pathway completeness from the cited publication"
125,pesticide_data.xlsx,CURATED_BIODEGRADATION_ONLY,Fludioxonil,Terrimonas sp.,Fludioxonil ,Experimental evidence,Activated sludge,Greece,2022,,,,10.1007/s11356-021-16452-3,1,No,DOI,format_valid,No,"Verify substrate, product, reaction order, step evidence, and pathway completeness from the cited publication"
126,pesticide_data.xlsx,CURATED_BIODEGRADATION_ONLY,Pirimiphos-Methyl,Lactobacillus plantarum,Pirimiphos-Methyl,Experimental evidence,Food-origin lactic acid bacteria collection,China,2018,,,,10.1111/lam.12128,1,No,DOI,format_valid,No,"Verify substrate, product, reaction order, step evidence, and pathway completeness from the cited publication"
127,pesticide_data.xlsx,CURATED_BIODEGRADATION_ONLY,Pirimiphos-Methyl,Aspergillus flavus,Pirimiphos-Methyl,Experimental evidence,Wheat-straw treated with pesticides,Egypt,1999,,,,10.1007/BF02816226,1,No,DOI,format_valid,No,"Verify substrate, product, reaction order, step evidence, and pathway completeness from the cited publication"
128,pesticide_data.xlsx,CURATED_BIODEGRADATION_ONLY,Pirimiphos-Methyl,Aspergillus sydowii,Pirimiphos-Methyl,Experimental evidence,Wheat-straw treated with pesticides,Egypt,1999,,,,10.1007/BF02816226,1,No,DOI,format_valid,No,"Verify substrate, product, reaction order, step evidence, and pathway completeness from the cited publication"
129,pesticide_data.xlsx,CURATED_BIODEGRADATION_ONLY,Pirimiphos-Methyl,Aspergillus niger,Pirimiphos-Methyl,Experimental evidence,Wheat-straw treated with pesticides,Egypt,1999,,,,10.1007/BF02816226,1,No,DOI,format_valid,No,"Verify substrate, product, reaction order, step evidence, and pathway completeness from the cited publication"
130,pesticide_data.xlsx,CURATED_BIODEGRADATION_ONLY,Pirimiphos-Methyl,Aspergillus  terreus,Pirimiphos-Methyl,Experimental evidence,Wheat-straw treated with pesticides,Egypt,1999,,,,10.1007/BF02816226,1,No,DOI,format_valid,No,"Verify substrate, product, reaction order, step evidence, and pathway completeness from the cited publication"
131,pesticide_data.xlsx,CURATED_BIODEGRADATION_ONLY,Pirimiphos-Methyl,Fusarium oxysporum,Pirimiphos-Methyl,Experimental evidence,Wheat-straw treated with pesticides,Egypt,1999,,,,10.1007/BF02816226,1,No,DOI,format_valid,No,"Verify substrate, product, reaction order, step evidence, and pathway completeness from the cited publication"
132,pesticide_data.xlsx,CURATED_BIODEGRADATION_ONLY,Pirimiphos-Methyl,Emericella nidulans,Pirimiphos-Methyl,Experimental evidence,Wheat-straw treated with pesticides,Egypt,1999,,,,10.1007/BF02816226,1,No,DOI,format_valid,No,"Verify substrate, product, reaction order, step evidence, and pathway completeness from the cited publication"
133,pesticide_data.xlsx,CURATED_BIODEGRADATION_ONLY,Cadusafos,Isolate CadI,Cadusafos ,Experimental evidence,Contaminated soil,Greece,2005,,,,10.1016/j.femsec.2005.01.012,1,No,DOI,format_valid,No,"Verify substrate, product, reaction order, step evidence, and pathway completeness from the cited publication"
134,pesticide_data.xlsx,CURATED_BIODEGRADATION_ONLY,Cadusafos,Isolate CadII,Cadusafos ,Experimental evidence,Contaminated soil,Greece,2005,,,,10.1016/j.femsec.2005.01.012,1,No,DOI,format_valid,No,"Verify substrate, product, reaction order, step evidence, and pathway completeness from the cited publication"
135,pesticide_data.xlsx,CURATED_BIODEGRADATION_ONLY,Fluazinam,Paenibacillus polymyxa,Fluazinam,Experimental evidence,Ginseng plant endophyte,China,2019,,,,10.1016/j.ecoenv.2018.10.093,1,No,DOI,format_valid,No,"Verify substrate, product, reaction order, step evidence, and pathway completeness from the cited publication"
136,pesticide_data.xlsx,CURATED_BIODEGRADATION_ONLY,Isoxaflutole,Phanerochaete chrysosporium (ATCC 24725),Isoxaflutole ,Experimental evidence,Not specified,Not specified,2000,Peroxidases,Laccase ,"EC 1.10.3.2, LiP, MnP",10.1021/jf000397q,1,No,DOI,format_valid,No,"Verify substrate, product, reaction order, step evidence, and pathway completeness from the cited publication"
137,pesticide_data.xlsx,CURATED_BIODEGRADATION_ONLY,Isoxaflutole,Trametes versicolor,Isoxaflutole ,Experimental evidence,Not specified,"INRA culture collection (Versailles, France)",2000,Peroxidases,Laccase,"bphA1, benA, bph, p450, ppah",10.1021/jf000397q,1,No,DOI,format_valid,No,"Verify substrate, product, reaction order, step evidence, and pathway completeness from the cited publication"
138,pesticide_data.xlsx,CURATED_BIODEGRADATION_ONLY,Mandipropamid,Burkholderia sp. ,Mandipropamid,Experimental evidence,Agricultural field,China,2022,Transferases,Histidine kinase,"bphA1, benA, bph, p450, ppah",10.1016/j.jhazmat.2022.128961,1,No,DOI,format_valid,No,"Verify substrate, product, reaction order, step evidence, and pathway completeness from the cited publication"
139,pesticide_data.xlsx,CURATED_BIODEGRADATION_ONLY,Mandipropamid,Burkholderia sp. ,Mandipropamid,Experimental evidence,Agricultural field,China,2022,Transferases,Glutathione S-transferase (GST),,10.1016/j.jhazmat.2022.128961,2,Yes,DOI,format_valid,No,"Verify substrate, product, reaction order, step evidence, and pathway completeness from the cited publication"
140,pesticide_data.xlsx,CURATED_BIODEGRADATION_ONLY,Mandipropamid,Burkholderia sp. ,Mandipropamid,Experimental evidence,Agricultural field,China,2022,Oxidoreductases,Aldehyde dehydrogenase,,10.1016/j.jhazmat.2022.128961,2,Yes,DOI,format_valid,No,"Verify substrate, product, reaction order, step evidence, and pathway completeness from the cited publication"
141,pesticide_data.xlsx,CURATED_BIODEGRADATION_ONLY,Mandipropamid,Burkholderia sp. ,Mandipropamid,Experimental evidence,Agricultural field,China,2022,Transferases,Transketolase,,10.1016/j.jhazmat.2022.128961,2,Yes,DOI,format_valid,No,"Verify substrate, product, reaction order, step evidence, and pathway completeness from the cited publication"
142,pesticide_data.xlsx,CURATED_BIODEGRADATION_ONLY,Mandipropamid,Burkholderia sp. ,Mandipropamid,Experimental evidence,Agricultural field,China,2022,Oxidoreductases,Pyruvate dehydrogenase,,10.1016/j.jhazmat.2022.128961,2,Yes,DOI,format_valid,No,"Verify substrate, product, reaction order, step evidence, and pathway completeness from the cited publication"
143,pesticide_data.xlsx,CURATED_BIODEGRADATION_ONLY,Mandipropamid,Paraburkholderia sp. ,Mandipropamid,Experimental evidence,Agricultural field,China,2022,Transferases,Histidine kinase,"bphA1, benA, bph, p450, ppah",10.1016/j.jhazmat.2022.128961,1,No,DOI,format_valid,No,"Verify substrate, product, reaction order, step evidence, and pathway completeness from the cited publication"
144,pesticide_data.xlsx,CURATED_BIODEGRADATION_ONLY,Mandipropamid,Paraburkholderia sp. ,Mandipropamid,Experimental evidence,Agricultural field,China,2022,Transferases,Glutathione S-transferase (GST),,10.1016/j.jhazmat.2022.128961,2,Yes,DOI,format_valid,No,"Verify substrate, product, reaction order, step evidence, and pathway completeness from the cited publication"
145,pesticide_data.xlsx,CURATED_BIODEGRADATION_ONLY,Mandipropamid,Paraburkholderia sp. ,Mandipropamid,Experimental evidence,Agricultural field,China,2022,Oxidoreductases,Aldehyde dehydrogenase,,10.1016/j.jhazmat.2022.128961,2,Yes,DOI,format_valid,No,"Verify substrate, product, reaction order, step evidence, and pathway completeness from the cited publication"
146,pesticide_data.xlsx,CURATED_BIODEGRADATION_ONLY,Mandipropamid,Paraburkholderia sp. ,Mandipropamid,Experimental evidence,Agricultural field,China,2022,Transferases,Transketolase,,10.1016/j.jhazmat.2022.128961,2,Yes,DOI,format_valid,No,"Verify substrate, product, reaction order, step evidence, and pathway completeness from the cited publication"
147,pesticide_data.xlsx,CURATED_BIODEGRADATION_ONLY,Mandipropamid,Paraburkholderia sp. ,Mandipropamid,Experimental evidence,Agricultural field,China,2022,Oxidoreductases,Pyruvate dehydrogenase,,10.1016/j.jhazmat.2022.128961,2,Yes,DOI,format_valid,No,"Verify substrate, product, reaction order, step evidence, and pathway completeness from the cited publication"
148,pesticide_data.xlsx,CURATED_BIODEGRADATION_ONLY,Mandipropamid, Hyphomicrobium sp.,Mandipropamid,Experimental evidence,Agricultural field,China,2022,Transferases,Histidine kinase,"bphA1, benA, bph, p450, ppah",10.1016/j.jhazmat.2022.128961,1,No,DOI,format_valid,No,"Verify substrate, product, reaction order, step evidence, and pathway completeness from the cited publication"
149,pesticide_data.xlsx,CURATED_BIODEGRADATION_ONLY,Mandipropamid, Hyphomicrobium sp.,Mandipropamid,Experimental evidence,Agricultural field,China,2022,Transferases,Glutathione S-transferase (GST),,10.1016/j.jhazmat.2022.128961,2,Yes,DOI,format_valid,No,"Verify substrate, product, reaction order, step evidence, and pathway completeness from the cited publication"
150,pesticide_data.xlsx,CURATED_BIODEGRADATION_ONLY,Mandipropamid, Hyphomicrobium sp.,Mandipropamid,Experimental evidence,Agricultural field,China,2022,Oxidoreductases,Aldehyde dehydrogenase,,10.1016/j.jhazmat.2022.128961,2,Yes,DOI,format_valid,No,"Verify substrate, product, reaction order, step evidence, and pathway completeness from the cited publication"
151,pesticide_data.xlsx,CURATED_BIODEGRADATION_ONLY,Mandipropamid, Hyphomicrobium sp.,Mandipropamid,Experimental evidence,Agricultural field,China,2022,Transferases,Transketolase,,10.1016/j.jhazmat.2022.128961,2,Yes,DOI,format_valid,No,"Verify substrate, product, reaction order, step evidence, and pathway completeness from the cited publication"
152,pesticide_data.xlsx,CURATED_BIODEGRADATION_ONLY,Mandipropamid, Hyphomicrobium sp.,Mandipropamid,Experimental evidence,Agricultural field,China,2022,Oxidoreductases,Pyruvate dehydrogenase,,10.1016/j.jhazmat.2022.128961,2,Yes,DOI,format_valid,No,"Verify substrate, product, reaction order, step evidence, and pathway completeness from the cited publication"
153,pesticide_data.xlsx,CURATED_BIODEGRADATION_ONLY,Mandipropamid,Novosphingobium sp. MD102,Mandipropamid,Experimental evidence,Soil form gingseng cultivated field,Not specified,2023,,,,10.1016/j.pestbp.2023.105376,1,No,DOI,format_valid,No,"Verify substrate, product, reaction order, step evidence, and pathway completeness from the cited publication"
154,pesticide_data.xlsx,CURATED_BIODEGRADATION_ONLY,Mandipropamid,Variovorax sp. MD103,Mandipropamid,Experimental evidence,Soil form gingseng cultivated field,Not specified,2023,,,,10.1016/j.pestbp.2023.105376,1,No,DOI,format_valid,No,"Verify substrate, product, reaction order, step evidence, and pathway completeness from the cited publication"
155,pesticide_data.xlsx,CURATED_BIODEGRADATION_ONLY,Propamocarb,Paenibacillus polymyxa,Propamocarb ,Experimental evidence,Ginseng plant endophyte,China,2019,,,,10.1016/j.ecoenv.2018.10.093,1,No,DOI,format_valid,No,"Verify substrate, product, reaction order, step evidence, and pathway completeness from the cited publication"
156,pesticide_data.xlsx,CURATED_BIODEGRADATION_ONLY,Diquat,Meyerozyma guilliermondii strain Wyslmt,Diquat ,Experimental evidence,Contaminated soil,China,2022,,,DN676,10.3389/fmicb.2022.993721,1,No,DOI,format_valid,No,"Verify substrate, product, reaction order, step evidence, and pathway completeness from the cited publication"
157,pesticide_data.xlsx,CURATED_BIODEGRADATION_ONLY,Emamectin benzoate,"Aeromonas taiwanensis ZJB-18,044",Emamectin benzoate,Experimental evidence,Animal faces,China,2020,,,,10.1007/s10532-020-09909-8,1,No,DOI,format_valid,No,"Verify substrate, product, reaction order, step evidence, and pathway completeness from the cited publication"
158,pesticide_data.xlsx,CURATED_BIODEGRADATION_ONLY,Flonicamid,Ensifer adhaerens CGMCC 6315,Flonicamid ,Experimental evidence,Not specified,China,2021,Amidases,Nitrile hydratases,CnhA & PnhA,10.1186/s12934-021-01620-4,1,No,DOI,format_valid,No,"Verify substrate, product, reaction order, step evidence, and pathway completeness from the cited publication"
159,pesticide_data.xlsx,CURATED_BIODEGRADATION_ONLY,Flonicamid,Alcaligenes faecalis CGMCC 17553,Flonicamid ,Experimental evidence,Not specified,Not specified,2019,,,"NitA, NitB,NitC, NitD,NitE",10.1021/acs.jafc.9b04245,1,No,DOI,format_valid,No,"Verify substrate, product, reaction order, step evidence, and pathway completeness from the cited publication"
160,pesticide_data.xlsx,CURATED_BIODEGRADATION_ONLY,Flonicamid,Microvirga flocculans CGMCC 1.16731,Flonicamid ,Experimental evidence,Deposited in CGMCC 1.16731,China,2021,,,AmiA and AmiB,10.1016/j.ecoenv.2021.112384,1,No,DOI,format_valid,No,"Verify substrate, product, reaction order, step evidence, and pathway completeness from the cited publication"
161,pesticide_data.xlsx,CURATED_BIODEGRADATION_ONLY,Flonicamid,Variovorax boronicumulans CGMCC 4969,Flonicamid ,Enzymatic evidence,Deposited in CGMCC 1.16732,China,2022,Amidases,Nitrilases,NitA and NitB,10.1111/jam.15561,1,No,DOI,format_valid,No,"Verify substrate, product, reaction order, step evidence, and pathway completeness from the cited publication"
162,pesticide_data.xlsx,CURATED_BIODEGRADATION_ONLY,Flonicamid,Variovorax boronicumulans CGMCC 4969,Flonicamid ,Enzymatic evidence,Not specified,Not specified,2024,Amidases,Amidase ,NitA and NitB,10.1016/j.scitotenv.2024.172479,1,No,DOI,format_valid,No,"Verify substrate, product, reaction order, step evidence, and pathway completeness from the cited publication"
163,pesticide_data.xlsx,CURATED_BIODEGRADATION_ONLY,Flonicamid,Aminobacter sp. CGMCC 1.17253,Flonicamid ,Enzymatic evidence,CGMCC culture collection,China,2023,Amidases,Amidase,PsAmiA,10.1016/j.jhazmat.2022.129952,1,No,DOI,format_valid,No,"Verify substrate, product, reaction order, step evidence, and pathway completeness from the cited publication"
164,pesticide_data.xlsx,CURATED_BIODEGRADATION_ONLY,Penthiopyrad,Bacillus subtilis PCM 486,Penthiopyrad ,Experimental evidence,culture collections,Poland,2020,,,,10.3390/molecules25061421,1,No,DOI,format_valid,No,"Verify substrate, product, reaction order, step evidence, and pathway completeness from the cited publication"
165,pesticide_data.xlsx,CURATED_BIODEGRADATION_ONLY,Penthiopyrad,Trichoderma harzianum KKP 534,Penthiopyrad ,Experimental evidence,culture collections,Poland,2020,,,,10.3390/molecules25061421,1,No,DOI,format_valid,No,"Verify substrate, product, reaction order, step evidence, and pathway completeness from the cited publication"
166,pesticide_data.xlsx,CURATED_BIODEGRADATION_ONLY,Acetochlor,Pseudomonas aeruginosa strain JD115,Acetochlor ,Experimental evidence,Contaminated sludge,China,2015,,,,10.1007/s12010-015-1601-7,1,No,DOI,format_valid,No,"Verify substrate, product, reaction order, step evidence, and pathway completeness from the cited publication"
167,pesticide_data.xlsx,CURATED_BIODEGRADATION_ONLY,Acetochlor,Proteiniclasticum sediminis BAD-10ᴛ,Acetochlor ,Experimental evidence,Sediment,China,2022,,,,10.1016/j.envres.2022.112859,1,No,DOI,format_valid,No,"Verify substrate, product, reaction order, step evidence, and pathway completeness from the cited publication"
168,pesticide_data.xlsx,CURATED_BIODEGRADATION_ONLY,Acetochlor,Sphingomonas sp. DC-6,Acetochlor ,Experimental evidence,Contaminated soil,China,2018,Amidases,Amidases,"cndA, cmeH, meaX, meaY, meaA, meaB",10.1007/s13205-018-1324-x,1,No,DOI,format_valid,No,"Verify substrate, product, reaction order, step evidence, and pathway completeness from the cited publication"
169,pesticide_data.xlsx,CURATED_BIODEGRADATION_ONLY,Acetochlor,Rhodococcus sp. MZ-3,Acetochlor ,Experimental evidence,Soil,China,2016,,,,10.1080/03601234.2016.1191907,1,No,DOI,format_valid,No,"Verify substrate, product, reaction order, step evidence, and pathway completeness from the cited publication"
170,pesticide_data.xlsx,CURATED_BIODEGRADATION_ONLY,Acetochlor,Rhodococcus sp.T3-1,Acetochlor ,Experimental evidence,Contaminated soil,China,2015,P450,P450 EthBAD,"ethA, ethB, ethD cluster",10.1111/lam.12242,1,No,DOI,format_valid,No,"Verify substrate, product, reaction order, step evidence, and pathway completeness from the cited publication"
171,pesticide_data.xlsx,CURATED_BIODEGRADATION_ONLY,Acetochlor,Delftia sp.T3-6,Acetochlor ,Experimental evidence,Contaminated soil,China,2015,P450,P450 EthBAD,"ethA, ethB, ethD cluster",10.1111/lam.12242,1,No,DOI,format_valid,No,"Verify substrate, product, reaction order, step evidence, and pathway completeness from the cited publication"
172,pesticide_data.xlsx,CURATED_BIODEGRADATION_ONLY,Acetochlor,Sphingobium sp.MEA3-1,Acetochlor ,Experimental evidence,Contaminated soil,China,2015,P450,P450 EthBAD,"ethA, ethB, ethD cluster",10.1111/lam.12242,1,No,DOI,format_valid,No,"Verify substrate, product, reaction order, step evidence, and pathway completeness from the cited publication"
173,pesticide_data.xlsx,CURATED_BIODEGRADATION_ONLY,Acetochlor,Sphingobium quisquiliarum DC-2,Acetochlor ,Experimental evidence,Activated sludge,China,2013,Amidases,Amidase,cmeH,10.1016/j.biortech.2013.09.038,1,No,DOI,format_valid,No,"Verify substrate, product, reaction order, step evidence, and pathway completeness from the cited publication"
174,pesticide_data.xlsx,CURATED_BIODEGRADATION_ONLY,Acetochlor,Bacillus sp. ACD-9,Acetochlor ,Experimental evidence,Contaminated soil,China,2020,,,,10.1007/s13205-020-2056-2,1,No,DOI,format_valid,No,"Verify substrate, product, reaction order, step evidence, and pathway completeness from the cited publication"
175,pesticide_data.xlsx,CURATED_BIODEGRADATION_ONLY,Acetochlor,Paracoccus sp. FLY-8,Acetochlor ,Experimental evidence,Soil,China,2011,P450,Cytochrome P450 oxygenase (EthBAD),"EthB (oxygenase), EthA (ferredoxin), EthD (reductase)",10.1021/jf104695g,1,No,DOI,format_valid,No,"Verify substrate, product, reaction order, step evidence, and pathway completeness from the cited publication"
176,pesticide_data.xlsx,CURATED_BIODEGRADATION_ONLY,Acetochlor,Rhodococcus sp. Strain T3-1,Acetochlor ,Experimental evidence,Soil,China,2015,,,,10.1128/AEM.03601-14,1,No,DOI,format_valid,No,"Verify substrate, product, reaction order, step evidence, and pathway completeness from the cited publication"
177,pesticide_data.xlsx,CURATED_BIODEGRADATION_ONLY,Carbosulfan,Bacillus licheniformis strain B-1,Carbosulfan,Experimental evidence,Agriculture soil,China,2020,Phosphatases,Phosphodiesterase (PDE),,10.1007/s10532-020-09899-7,1,No,DOI,format_valid,No,"Verify substrate, product, reaction order, step evidence, and pathway completeness from the cited publication"
178,pesticide_data.xlsx,CURATED_BIODEGRADATION_ONLY,Dimethomorph,Bacillus cereus WL08,Dimethomorph ,Experimental evidence,Contaminated soil,China,2020,,,,10.1016/j.jhazmat.2020.122806,1,No,DOI,format_valid,No,"Verify substrate, product, reaction order, step evidence, and pathway completeness from the cited publication"
179,pesticide_data.xlsx,CURATED_BIODEGRADATION_ONLY,Etoxazole,Paracoccus versutus Y4,Etoxazole ,Experimental evidence,Contaminated soil,China,2025,Monooxygenase,Monooxygenase,,10.1016/j.jhazmat.2025.138448,1,No,DOI,format_valid,No,"Verify substrate, product, reaction order, step evidence, and pathway completeness from the cited publication"
180,pesticide_data.xlsx,CURATED_BIODEGRADATION_ONLY,Etoxazole,Paracoccus versutus Y4,Etoxazole ,Experimental evidence,Contaminated soil,China,2025,Dehydrogenase,Dehydrogenase,,10.1016/j.jhazmat.2025.138448,1,No,DOI,format_valid,No,"Verify substrate, product, reaction order, step evidence, and pathway completeness from the cited publication"
181,pesticide_data.xlsx,CURATED_BIODEGRADATION_ONLY,Etoxazole,Paracoccus versutus Y4,Etoxazole ,Experimental evidence,Contaminated soil,China,2025,Hydrolase,Hydrolase,,10.1016/j.jhazmat.2025.138448,1,No,DOI,format_valid,No,"Verify substrate, product, reaction order, step evidence, and pathway completeness from the cited publication"
182,pesticide_data.xlsx,CURATED_BIODEGRADATION_ONLY,Azinphos-Methyl,Pseudomonas fluorescens DSM 1976,Azinphos-Methyl,Experimental evidence,Contaminated soil,Germany,1984,,,,10.1021/jf00121a026,1,No,DOI,format_valid,No,"Verify substrate, product, reaction order, step evidence, and pathway completeness from the cited publication"
183,pesticide_data.xlsx,CURATED_BIODEGRADATION_ONLY,Cyromazine,Arthrobacter sp. MCO,Cyromazine ,Experimental evidence,Not specified,Not specified,2016,,,,10.1584/jpestics.D15-044,1,No,DOI,format_valid,No,"Verify substrate, product, reaction order, step evidence, and pathway completeness from the cited publication"
184,pesticide_data.xlsx,CURATED_BIODEGRADATION_ONLY,Cyromazine,Arthrobacter sp. CSP,Cyromazine ,Experimental evidence,Not specified,Not specified,2016,,,,10.1584/jpestics.D15-044,1,No,DOI,format_valid,No,"Verify substrate, product, reaction order, step evidence, and pathway completeness from the cited publication"
185,pesticide_data.xlsx,CURATED_BIODEGRADATION_ONLY,Cyromazine,Nocardioides sp. ATD6,Cyromazine ,Experimental evidence,Not specified,Not specified,2016,,,,10.1584/jpestics.D15-044,1,No,DOI,format_valid,No,"Verify substrate, product, reaction order, step evidence, and pathway completeness from the cited publication"
186,pesticide_data.xlsx,CURATED_BIODEGRADATION_ONLY,Cyromazine,Acinetobacter sp. ZX01,Cyromazine ,Experimental evidence,Contaminated soil,China,2014,,,,0.1007/s11356-022-20538-x,1,No,probable_DOI_typo,review_required,No,"Verify substrate, product, reaction order, step evidence, and pathway completeness from the cited publication"
187,pesticide_data.xlsx,CURATED_BIODEGRADATION_ONLY,Cyromazine,Arthrobacter sp. ,Cyromazine ,Experimental evidence,Soil ,Not specified,1984,,,,10.1042/bj2220315,1,No,DOI,format_valid,No,"Verify substrate, product, reaction order, step evidence, and pathway completeness from the cited publication"
188,pesticide_data.xlsx,CURATED_BIODEGRADATION_ONLY,Cyromazine, Pseudomonas sp.,Cyromazine ,Experimental evidence,Soil,Not specified,1984,,,,10.1042/bj2220315,1,No,DOI,format_valid,No,"Verify substrate, product, reaction order, step evidence, and pathway completeness from the cited publication"
189,pesticide_data.xlsx,CURATED_BIODEGRADATION_ONLY,Dinotefuran,Phanerochaete sordida YK-624,Dinotefuran ,Experimental evidence,Rotted wood,Japan,2019,P450,Cytochrome P450 monooxygenase,,10.1016/j.envpol.2019.06.022,1,No,DOI,format_valid,No,"Verify substrate, product, reaction order, step evidence, and pathway completeness from the cited publication"
190,pesticide_data.xlsx,CURATED_BIODEGRADATION_ONLY,Dinotefuran,Phanerochaete sordida YK-624,Dinotefuran ,Experimental evidence,Rotted wood,Japan,2019,Peroxidases,Manganese peroxidase,,10.1016/j.envpol.2019.06.022,1,No,DOI,format_valid,No,"Verify substrate, product, reaction order, step evidence, and pathway completeness from the cited publication"
191,pesticide_data.xlsx,CURATED_BIODEGRADATION_ONLY,Dinotefuran,Burkholderia sp. C3,Dinotefuran ,Experimental evidence,Soil,China,2016,Hydrolases,Carbaryl hydrolase,cahA,10.1007/s10532-013-9629-2,1,No,DOI,format_valid,No,"Verify substrate, product, reaction order, step evidence, and pathway completeness from the cited publication"
192,pesticide_data.xlsx,CURATED_BIODEGRADATION_ONLY,Fenhexamid,Serratia sarumanii strain GBS19,Fenhexamid,Experimental evidence,Agricultural soil,Turkey,2025,,,,10.1007/s10532-025-10144-2,1,No,DOI,format_valid,No,"Verify substrate, product, reaction order, step evidence, and pathway completeness from the cited publication"
193,pesticide_data.xlsx,CURATED_BIODEGRADATION_ONLY,Haloxyfop,Myrothecium verrucaria,Haloxyfop ,Experimental evidence,Soil,Not specified,2021,,,,10.1016/j.scitotenv.2024.178012,1,No,DOI,format_valid,No,"Verify substrate, product, reaction order, step evidence, and pathway completeness from the cited publication"
194,pesticide_data.xlsx,CURATED_BIODEGRADATION_ONLY,Pymetrozine,Pseudomonas sp. BYT-1,Pymetrozine ,Experimental evidence,Activated sludge,China,2019,,,,10.1021/acs.jafc.8b06155,1,No,DOI,format_valid,No,"Verify substrate, product, reaction order, step evidence, and pathway completeness from the cited publication"
195,pesticide_data.xlsx,CURATED_BIODEGRADATION_ONLY,Pymetrozine,Pseudomonas sp. BYT-1,Pymetrozine ,Enzymatic evidence,Activated sludge,China,2021,Hydrolases,Hydrolase,PyzH,10.1111/1462-2920.15557,1,No,DOI,format_valid,No,"Verify substrate, product, reaction order, step evidence, and pathway completeness from the cited publication"
196,pesticide_data.xlsx,CURATED_BIODEGRADATION_ONLY,Thiophanate-Methyl,Enterobacter sp. TDS-1,Thiophanate-Methyl ,Experimental evidence,Contaminated soil,Poland,2011,,,,10.1007/s10532-010-9430-4,1,No,DOI,format_valid,No,"Verify substrate, product, reaction order, step evidence, and pathway completeness from the cited publication"
197,pesticide_data.xlsx,CURATED_BIODEGRADATION_ONLY,Thiophanate-Methyl,Bacillus sp. TDS-2,Thiophanate-Methyl ,Experimental evidence,Contaminated soil,Poland,2011,,,,10.1007/s10532-010-9430-4,1,No,DOI,format_valid,No,"Verify substrate, product, reaction order, step evidence, and pathway completeness from the cited publication"
198,pesticide_data.xlsx,CURATED_BIODEGRADATION_ONLY,Thiophanate-Methyl,Pleurotus ostreatus var. florida,Thiophanate-Methyl ,Experimental evidence,Mushroom substrate,Not specified,2019,,,,10.1007/s11356-019-07050-5,1,No,DOI,format_valid,No,"Verify substrate, product, reaction order, step evidence, and pathway completeness from the cited publication"
199,pesticide_data.xlsx,CURATED_BIODEGRADATION_ONLY,Abamectin,Stenotrophomonas maltophilia ZJB-14120,Abamectin,Experimental evidence,Agricultural soil,China,2015,,,,10.1016/j.resmic.2015.04.002,1,No,DOI,format_valid,No,"Verify substrate, product, reaction order, step evidence, and pathway completeness from the cited publication"
200,pesticide_data.xlsx,CURATED_BIODEGRADATION_ONLY,Abamectin,"Aeromonas taiwanensis ZJB-18,044",Abamectin,Experimental evidence,Animal faces,China,2020,,,,10.1007/s10532-020-09909-8,1,No,DOI,format_valid,No,"Verify substrate, product, reaction order, step evidence, and pathway completeness from the cited publication"
201,pesticide_data.xlsx,CURATED_BIODEGRADATION_ONLY,Cyfluthrin/beta-cyfluthrin,Bacillus subtilis BSF01,Cyfluthrin/beta-cyfluthrin,Enzymatic evidence,Not specified,Not specified,2020,Hydrolases,Carboxylesterase assay system,cesB,10.3389/fbioe.2020.00889,1,No,DOI,format_valid,No,"Verify substrate, product, reaction order, step evidence, and pathway completeness from the cited publication"
202,pesticide_data.xlsx,CURATED_BIODEGRADATION_ONLY,Cyfluthrin/beta-cyfluthrin,Cellulosimicrobium sp.,Cyfluthrin/beta-cyfluthrin,Experimental evidence,Contaminated soil,China,2022,Hydrolases,Carboxylesterase,,10.1021/acs.jafc.2c00574,1,No,DOI,format_valid,No,"Verify substrate, product, reaction order, step evidence, and pathway completeness from the cited publication"
203,pesticide_data.xlsx,CURATED_BIODEGRADATION_ONLY,Cyfluthrin/beta-cyfluthrin,Cellulosimicrobium sp.,Cyfluthrin/beta-cyfluthrin,Experimental evidence,Contaminated soil,China,2022,Oxidoreductases,Oxidoreductases,,10.1021/acs.jafc.2c00574,1,No,DOI,format_valid,No,"Verify substrate, product, reaction order, step evidence, and pathway completeness from the cited publication"
204,pesticide_data.xlsx,CURATED_BIODEGRADATION_ONLY,Cyfluthrin/beta-cyfluthrin,Burkholderia sp.,Cyfluthrin/beta-cyfluthrin,Experimental evidence,Contaminated soil,China,2022,Hydrolases,Carboxylesterase,,10.1021/acs.jafc.2c00574,1,No,DOI,format_valid,No,"Verify substrate, product, reaction order, step evidence, and pathway completeness from the cited publication"
205,pesticide_data.xlsx,CURATED_BIODEGRADATION_ONLY,Cyfluthrin/beta-cyfluthrin,Burkholderia sp.,Cyfluthrin/beta-cyfluthrin,Experimental evidence,Contaminated soil,China,2022,Oxidoreductases,Oxidoreductases,,10.1021/acs.jafc.2c00574,1,No,DOI,format_valid,No,"Verify substrate, product, reaction order, step evidence, and pathway completeness from the cited publication"
206,pesticide_data.xlsx,CURATED_BIODEGRADATION_ONLY,Cyfluthrin/beta-cyfluthrin,Caballoeronia sp.,Cyfluthrin/beta-cyfluthrin,Experimental evidence,Contaminated soil,China,2022,Hydrolases,Carboxylesterase,,10.1021/acs.jafc.2c00574,1,No,DOI,format_valid,No,"Verify substrate, product, reaction order, step evidence, and pathway completeness from the cited publication"
207,pesticide_data.xlsx,CURATED_BIODEGRADATION_ONLY,Cyfluthrin/beta-cyfluthrin,Caballoeronia sp.,Cyfluthrin/beta-cyfluthrin,Experimental evidence,Contaminated soil,China,2022,Oxidoreductases,Oxidoreductases,,10.1021/acs.jafc.2c00574,1,No,DOI,format_valid,No,"Verify substrate, product, reaction order, step evidence, and pathway completeness from the cited publication"
208,pesticide_data.xlsx,CURATED_BIODEGRADATION_ONLY,Cyfluthrin/beta-cyfluthrin,Paraburkholderia sp.,Cyfluthrin/beta-cyfluthrin,Experimental evidence,Contaminated soil,China,2022,Hydrolases,Carboxylesterase,,10.1021/acs.jafc.2c00574,1,No,DOI,format_valid,No,"Verify substrate, product, reaction order, step evidence, and pathway completeness from the cited publication"
209,pesticide_data.xlsx,CURATED_BIODEGRADATION_ONLY,Cyfluthrin/beta-cyfluthrin,Paraburkholderia sp.,Cyfluthrin/beta-cyfluthrin,Experimental evidence,Contaminated soil,China,2022,Oxidoreductases,Oxidoreductases,,10.1021/acs.jafc.2c00574,1,No,DOI,format_valid,No,"Verify substrate, product, reaction order, step evidence, and pathway completeness from the cited publication"
210,pesticide_data.xlsx,CURATED_BIODEGRADATION_ONLY,Cyfluthrin/beta-cyfluthrin,Mycobacterium sp.,Cyfluthrin/beta-cyfluthrin,Experimental evidence,Contaminated soil,China,2022,Hydrolases,Carboxylesterase,,10.1021/acs.jafc.2c00574,1,No,DOI,format_valid,No,"Verify substrate, product, reaction order, step evidence, and pathway completeness from the cited publication"
211,pesticide_data.xlsx,CURATED_BIODEGRADATION_ONLY,Cyfluthrin/beta-cyfluthrin,Mycobacterium sp.,Cyfluthrin/beta-cyfluthrin,Experimental evidence,Contaminated soil,China,2022,Oxidoreductases,Oxidoreductases,,10.1021/acs.jafc.2c00574,1,No,DOI,format_valid,No,"Verify substrate, product, reaction order, step evidence, and pathway completeness from the cited publication"
212,pesticide_data.xlsx,CURATED_BIODEGRADATION_ONLY,Cyfluthrin/beta-cyfluthrin,Paenibacillus sp.,Cyfluthrin/beta-cyfluthrin,Experimental evidence,Contaminated soil,China,2022,Hydrolases,Carboxylesterase,,10.1021/acs.jafc.2c00574,1,No,DOI,format_valid,No,"Verify substrate, product, reaction order, step evidence, and pathway completeness from the cited publication"
213,pesticide_data.xlsx,CURATED_BIODEGRADATION_ONLY,Cyfluthrin/beta-cyfluthrin,Paenibacillus sp.,Cyfluthrin/beta-cyfluthrin,Experimental evidence,Contaminated soil,China,2022,Oxidoreductases,Oxidoreductases,,10.1021/acs.jafc.2c00574,1,No,DOI,format_valid,No,"Verify substrate, product, reaction order, step evidence, and pathway completeness from the cited publication"
214,pesticide_data.xlsx,CURATED_BIODEGRADATION_ONLY,Cyfluthrin/beta-cyfluthrin,Agromyces sp.,Cyfluthrin/beta-cyfluthrin,Experimental evidence,Contaminated soil,China,2022,Hydrolases,Carboxylesterase,,10.1021/acs.jafc.2c00574,1,No,DOI,format_valid,No,"Verify substrate, product, reaction order, step evidence, and pathway completeness from the cited publication"
215,pesticide_data.xlsx,CURATED_BIODEGRADATION_ONLY,Cyfluthrin/beta-cyfluthrin,Agromyces sp.,Cyfluthrin/beta-cyfluthrin,Experimental evidence,Contaminated soil,China,2022,Oxidoreductases,Oxidoreductases,,10.1021/acs.jafc.2c00574,1,No,DOI,format_valid,No,"Verify substrate, product, reaction order, step evidence, and pathway completeness from the cited publication"
216,pesticide_data.xlsx,CURATED_BIODEGRADATION_ONLY,Cyfluthrin/beta-cyfluthrin,Afipia sp.,Cyfluthrin/beta-cyfluthrin,Experimental evidence,Contaminated soil,China,2022,Hydrolases,Carboxylesterase,,10.1021/acs.jafc.2c00574,1,No,DOI,format_valid,No,"Verify substrate, product, reaction order, step evidence, and pathway completeness from the cited publication"
217,pesticide_data.xlsx,CURATED_BIODEGRADATION_ONLY,Cyfluthrin/beta-cyfluthrin,Afipia sp.,Cyfluthrin/beta-cyfluthrin,Experimental evidence,Contaminated soil,China,2022,Oxidoreductases,Oxidoreductases,,10.1021/acs.jafc.2c00574,1,No,DOI,format_valid,No,"Verify substrate, product, reaction order, step evidence, and pathway completeness from the cited publication"
218,pesticide_data.xlsx,CURATED_BIODEGRADATION_ONLY,Cyfluthrin/beta-cyfluthrin,Acromobacter sp.,Cyfluthrin/beta-cyfluthrin,Experimental evidence,Contaminated soil,China,2022,Hydrolases,Carboxylesterase,,10.1021/acs.jafc.2c00574,1,No,DOI,format_valid,No,"Verify substrate, product, reaction order, step evidence, and pathway completeness from the cited publication"
219,pesticide_data.xlsx,CURATED_BIODEGRADATION_ONLY,Cyfluthrin/beta-cyfluthrin,Acromobacter sp.,Cyfluthrin/beta-cyfluthrin,Experimental evidence,Contaminated soil,China,2022,Oxidoreductases,Oxidoreductases,,10.1021/acs.jafc.2c00574,1,No,DOI,format_valid,No,"Verify substrate, product, reaction order, step evidence, and pathway completeness from the cited publication"
220,pesticide_data.xlsx,CURATED_BIODEGRADATION_ONLY,Cyfluthrin/beta-cyfluthrin,Enterobacter sp.,Cyfluthrin/beta-cyfluthrin,Experimental evidence,Contaminated soil,China,2022,Hydrolases,Carboxylesterase,,10.1021/acs.jafc.2c00574,2,Yes,DOI,format_valid,No,"Verify substrate, product, reaction order, step evidence, and pathway completeness from the cited publication"
221,pesticide_data.xlsx,CURATED_BIODEGRADATION_ONLY,Cyfluthrin/beta-cyfluthrin,Enterobacter sp.,Cyfluthrin/beta-cyfluthrin,Experimental evidence,Contaminated soil,China,2022,Oxidoreductases,Oxidoreductases,,10.1021/acs.jafc.2c00574,2,Yes,DOI,format_valid,No,"Verify substrate, product, reaction order, step evidence, and pathway completeness from the cited publication"
222,pesticide_data.xlsx,CURATED_BIODEGRADATION_ONLY,Cyfluthrin/beta-cyfluthrin,Pseudomonas sp.,Cyfluthrin/beta-cyfluthrin,Experimental evidence,Contaminated soil,China,2022,Hydrolases,Carboxylesterase,,10.1021/acs.jafc.2c00574,1,No,DOI,format_valid,No,"Verify substrate, product, reaction order, step evidence, and pathway completeness from the cited publication"
223,pesticide_data.xlsx,CURATED_BIODEGRADATION_ONLY,Cyfluthrin/beta-cyfluthrin,Pseudomonas sp.,Cyfluthrin/beta-cyfluthrin,Experimental evidence,Contaminated soil,China,2022,Oxidoreductases,Oxidoreductases,,10.1021/acs.jafc.2c00574,1,No,DOI,format_valid,No,"Verify substrate, product, reaction order, step evidence, and pathway completeness from the cited publication"
224,pesticide_data.xlsx,CURATED_BIODEGRADATION_ONLY,Cyfluthrin/beta-cyfluthrin,Microbacterium sp.,Cyfluthrin/beta-cyfluthrin,Experimental evidence,Contaminated soil,China,2022,Hydrolases,Carboxylesterase,,10.1021/acs.jafc.2c00574,1,No,DOI,format_valid,No,"Verify substrate, product, reaction order, step evidence, and pathway completeness from the cited publication"
225,pesticide_data.xlsx,CURATED_BIODEGRADATION_ONLY,Cyfluthrin/beta-cyfluthrin,Microbacterium sp.,Cyfluthrin/beta-cyfluthrin,Experimental evidence,Contaminated soil,China,2022,Oxidoreductases,Oxidoreductases,,10.1021/acs.jafc.2c00574,1,No,DOI,format_valid,No,"Verify substrate, product, reaction order, step evidence, and pathway completeness from the cited publication"
226,pesticide_data.xlsx,CURATED_BIODEGRADATION_ONLY,Cyfluthrin/beta-cyfluthrin,Ochrobactrum sp.,Cyfluthrin/beta-cyfluthrin,Experimental evidence,Contaminated soil,China,2022,Hydrolases,Oxidoreductases,,10.1021/acs.jafc.2c00574,1,No,DOI,format_valid,No,"Verify substrate, product, reaction order, step evidence, and pathway completeness from the cited publication"
227,pesticide_data.xlsx,CURATED_BIODEGRADATION_ONLY,Cyfluthrin/beta-cyfluthrin,Ochrobactrum sp.,Cyfluthrin/beta-cyfluthrin,Experimental evidence,Contaminated soil,China,2022,Oxidoreductases,Oxidoreductases,,10.1021/acs.jafc.2c00574,1,No,DOI,format_valid,No,"Verify substrate, product, reaction order, step evidence, and pathway completeness from the cited publication"
228,pesticide_data.xlsx,CURATED_BIODEGRADATION_ONLY,Cyfluthrin/beta-cyfluthrin,Enterobacter sp.,Cyfluthrin/beta-cyfluthrin,Experimental evidence,Contaminated soil,China,2022,Hydrolases,Carboxylesterase,,10.1021/acs.jafc.2c00574,2,Yes,DOI,format_valid,No,"Verify substrate, product, reaction order, step evidence, and pathway completeness from the cited publication"
229,pesticide_data.xlsx,CURATED_BIODEGRADATION_ONLY,Cyfluthrin/beta-cyfluthrin,Enterobacter sp.,Cyfluthrin/beta-cyfluthrin,Experimental evidence,Contaminated soil,China,2022,Oxidoreductases,Oxidoreductase,,10.1021/acs.jafc.2c00574,2,Yes,DOI,format_valid,No,"Verify substrate, product, reaction order, step evidence, and pathway completeness from the cited publication"
230,pesticide_data.xlsx,CURATED_BIODEGRADATION_ONLY,Cyfluthrin/beta-cyfluthrin,Enterobacter sp.,Cyfluthrin/beta-cyfluthrin,Experimental evidence,Contaminated soil,China,2022,P450,cytochrome P450-associated enzymes,,10.1021/acs.jafc.2c00574,1,No,DOI,format_valid,No,"Verify substrate, product, reaction order, step evidence, and pathway completeness from the cited publication"
231,pesticide_data.xlsx,CURATED_BIODEGRADATION_ONLY,Cyfluthrin/beta-cyfluthrin,Microbacterium sp.,Cyfluthrin/beta-cyfluthrin,Experimental evidence,Contaminated soil,China,2022,,,,10.1021/acs.jafc.2c00574,1,No,DOI,format_valid,No,"Verify substrate, product, reaction order, step evidence, and pathway completeness from the cited publication"
232,pesticide_data.xlsx,CURATED_BIODEGRADATION_ONLY,Cyfluthrin/beta-cyfluthrin,Ochrobactrum sp.,Cyfluthrin/beta-cyfluthrin,Experimental evidence,Contaminated soil,China,2022,,,,10.1021/acs.jafc.2c00574,1,No,DOI,format_valid,No,"Verify substrate, product, reaction order, step evidence, and pathway completeness from the cited publication"
233,pesticide_data.xlsx,CURATED_BIODEGRADATION_ONLY,Cyfluthrin/beta-cyfluthrin,Pseudomonas sp.,Cyfluthrin/beta-cyfluthrin,Experimental evidence,Contaminated soil,China,2022,,,,10.1021/acs.jafc.2c00574,1,No,DOI,format_valid,No,"Verify substrate, product, reaction order, step evidence, and pathway completeness from the cited publication"
234,pesticide_data.xlsx,CURATED_BIODEGRADATION_ONLY,Cyfluthrin/beta-cyfluthrin,Achromobacter sp.,Cyfluthrin/beta-cyfluthrin,Experimental evidence,Contaminated soil,China,2022,,,,10.1021/acs.jafc.2c00574,1,No,DOI,format_valid,No,"Verify substrate, product, reaction order, step evidence, and pathway completeness from the cited publication"
235,pesticide_data.xlsx,CURATED_BIODEGRADATION_ONLY,Cyfluthrin/beta-cyfluthrin,Cellulosimicrobium sp.,Cyfluthrin/beta-cyfluthrin,Experimental evidence,Contaminated soil,China,2022,,,,10.1021/acs.jafc.2c00574,1,No,DOI,format_valid,No,"Verify substrate, product, reaction order, step evidence, and pathway completeness from the cited publication"
236,pesticide_data.xlsx,CURATED_BIODEGRADATION_ONLY,Cyfluthrin/beta-cyfluthrin,Mycobacterium sp.,Cyfluthrin/beta-cyfluthrin,Experimental evidence,Contaminated soil,China,2022,,,,10.1021/acs.jafc.2c00574,1,No,DOI,format_valid,No,"Verify substrate, product, reaction order, step evidence, and pathway completeness from the cited publication"
237,pesticide_data.xlsx,CURATED_BIODEGRADATION_ONLY,Ethoprophos,Sphingomonas paucimobilis,Ethoprophos ,Experimental evidence,Contaminated soil,Greece,2005,,,,10.1016/j.femsec.2005.01.012,1,No,DOI,format_valid,No,"Verify substrate, product, reaction order, step evidence, and pathway completeness from the cited publication"
238,pesticide_data.xlsx,CURATED_BIODEGRADATION_ONLY,Ethoprophos,Flavobacterium sp.,Ethoprophos ,Experimental evidence,Contaminated soil,Greece,2005,,,,10.1016/j.femsec.2005.01.012,1,No,DOI,format_valid,No,"Verify substrate, product, reaction order, step evidence, and pathway completeness from the cited publication"
239,pesticide_data.xlsx,CURATED_BIODEGRADATION_ONLY,Ethoprophos,Pseudomonas putida epI ,Ethoprophos ,Experimental evidence,Contaminated soil,Greece,2000,,,,10.1046/j.1365-2672.2000.01080.x,1,No,DOI,format_valid,No,"Verify substrate, product, reaction order, step evidence, and pathway completeness from the cited publication"
240,pesticide_data.xlsx,CURATED_BIODEGRADATION_ONLY,Ethoprophos,Pseudomonas putida epII,Ethoprophos ,Experimental evidence,Contaminated soil,Greece,2000,,,,10.1046/j.1365-2672.2000.01080.x,1,No,DOI,format_valid,No,"Verify substrate, product, reaction order, step evidence, and pathway completeness from the cited publication"
241,pesticide_data.xlsx,CURATED_BIODEGRADATION_ONLY,Glufosinate-Ammonium, Rhodococcus sp.,Glufosinate-Ammonium,Experimental evidence,Agricultural soil,Germany,1989,Oxidoreductases,PPT oxidase,,10.1128/aem.55.3.711-716.1989,1,No,DOI,format_valid,No,"Verify substrate, product, reaction order, step evidence, and pathway completeness from the cited publication"
242,pesticide_data.xlsx,CURATED_BIODEGRADATION_ONLY,Glufosinate-Ammonium, Rhodococcus sp.,Glufosinate-Ammonium,Experimental evidence,Agricultural soil,Germany,1989,Transferases,PPT N-acetyltransferase,,10.1128/aem.55.3.711-716.1989,2,Yes,DOI,format_valid,No,"Verify substrate, product, reaction order, step evidence, and pathway completeness from the cited publication"
243,pesticide_data.xlsx,CURATED_BIODEGRADATION_ONLY,Glufosinate-Ammonium, Rhodococcus sp.,Glufosinate-Ammonium,Experimental evidence,Agricultural soil,Germany,1989,Transferases,PPT transaminase,,10.1128/aem.55.3.711-716.1989,2,Yes,DOI,format_valid,No,"Verify substrate, product, reaction order, step evidence, and pathway completeness from the cited publication"
244,pesticide_data.xlsx,CURATED_BIODEGRADATION_ONLY,Imazamox,Streptomycetaceae strains JX02,Imazamox ,Experimental evidence,Agricultural soil,China,2022,,,,10.1080/03601234.2022.2064673,1,No,DOI,format_valid,No,"Verify substrate, product, reaction order, step evidence, and pathway completeness from the cited publication"
245,pesticide_data.xlsx,CURATED_BIODEGRADATION_ONLY,Imazamox,Streptomycetaceae strains JX06,Imazamox ,Experimental evidence,Agricultural soil,China,2022,,,,10.1080/03601234.2022.2064673,1,No,DOI,format_valid,No,"Verify substrate, product, reaction order, step evidence, and pathway completeness from the cited publication"
246,pesticide_data.xlsx,CURATED_BIODEGRADATION_ONLY,Methomyl,Aminobacter aminovorans MDW-2,Methomyl ,Experimental evidence,Wastewater,China,2020,Hydrolases,Carbamate C-N hydrolase,AmeH (methomyl hydrolase gene),10.1128/AEM.02005-20.,1,No,DOI,format_valid,No,"Verify substrate, product, reaction order, step evidence, and pathway completeness from the cited publication"
247,pesticide_data.xlsx,CURATED_BIODEGRADATION_ONLY,Methomyl,Aminobacter sp. MDW-2,Methomyl ,Experimental evidence,Contaminated sludge,China,2016,,,,10.1111/lam.12715,1,No,DOI,format_valid,No,"Verify substrate, product, reaction order, step evidence, and pathway completeness from the cited publication"
248,pesticide_data.xlsx,CURATED_BIODEGRADATION_ONLY,Methomyl,Afipia sp. MDW-3,Methomyl ,Experimental evidence,Contaminated sludge,China,2016,,,,10.1111/lam.12715,1,No,DOI,format_valid,No,"Verify substrate, product, reaction order, step evidence, and pathway completeness from the cited publication"
249,pesticide_data.xlsx,CURATED_BIODEGRADATION_ONLY,Methomyl,Pandoraea sp.,Methomyl ,Experimental evidence,Contaminated sludge,China,2023,,,,10.1016/j.jhazmat.2023.131287,1,No,DOI,format_valid,No,"Verify substrate, product, reaction order, step evidence, and pathway completeness from the cited publication"
250,pesticide_data.xlsx,CURATED_BIODEGRADATION_ONLY,Methomyl,Stenotrophomonas sp. ,Methomyl ,Experimental evidence,Contaminated soil,China,2023,,,,10.1016/j.jhazmat.2023.131287,1,No,DOI,format_valid,No,"Verify substrate, product, reaction order, step evidence, and pathway completeness from the cited publication"
251,pesticide_data.xlsx,CURATED_BIODEGRADATION_ONLY,Methomyl,Paracoccus sp. FLY-8,Methomyl ,Experimental evidence,Contaminated soil,China,2023,Hydrolases,Esterase,PestE,10.1016/j.jhazmat.2023.131287,1,No,DOI,format_valid,No,"Verify substrate, product, reaction order, step evidence, and pathway completeness from the cited publication"
252,pesticide_data.xlsx,CURATED_BIODEGRADATION_ONLY,Methomyl,Pyrobaculum calidifontis VA1,Methomyl ,Enzymatic evidence,Not specified,Not specified,2022,,,,10.3390/ijms24010433,1,No,DOI,format_valid,No,"Verify substrate, product, reaction order, step evidence, and pathway completeness from the cited publication"
253,pesticide_data.xlsx,CURATED_BIODEGRADATION_ONLY,Oxamyl,Aminobacter aminovorans,Oxamyl ,Experimental evidence,Contaminated soil,United Kingdom,2010,,,,10.1016/j.soilbio.2010.01.016,1,No,DOI,format_valid,No,"Verify substrate, product, reaction order, step evidence, and pathway completeness from the cited publication"
254,pesticide_data.xlsx,CURATED_BIODEGRADATION_ONLY,Oxamyl,Aminobacter spp.,Oxamyl ,Experimental evidence,Contaminated soil,United Kingdom,2010,,,,10.1016/j.soilbio.2010.01.016,1,No,DOI,format_valid,No,"Verify substrate, product, reaction order, step evidence, and pathway completeness from the cited publication"
255,pesticide_data.xlsx,CURATED_BIODEGRADATION_ONLY,Oxamyl,Mesorhizobium sp.,Oxamyl ,Experimental evidence,Contaminated soil,United Kingdom,2010,,,,10.1016/j.soilbio.2010.01.016,1,No,DOI,format_valid,No,"Verify substrate, product, reaction order, step evidence, and pathway completeness from the cited publication"
256,pesticide_data.xlsx,CURATED_BIODEGRADATION_ONLY,Oxamyl,Pseudomonas extremaustralis OXA17,Oxamyl ,Experimental evidence,Contaminated soil,Greece,2016,Oxidoreductases,Methylamine dehydrogenase,cehA,10.3389/fmicb.2016.00616,1,No,DOI,format_valid,No,"Verify substrate, product, reaction order, step evidence, and pathway completeness from the cited publication"
257,pesticide_data.xlsx,CURATED_BIODEGRADATION_ONLY,Oxamyl,Pseudomonas monteilii OXA18,Oxamyl ,Experimental evidence,Contaminated soil,Greece,2016,Oxidoreductases,Methylamine dehydrogenase,cehA,10.3389/fmicb.2016.00616,1,No,DOI,format_valid,No,"Verify substrate, product, reaction order, step evidence, and pathway completeness from the cited publication"
258,pesticide_data.xlsx,CURATED_BIODEGRADATION_ONLY,Oxamyl,Pseudomonas monteilii OXA25,Oxamyl ,Experimental evidence,Contaminated soil,Greece,2016,Oxidoreductases,Methylamine dehydrogenase,cehA,10.3389/fmicb.2016.00616,1,No,DOI,format_valid,No,"Verify substrate, product, reaction order, step evidence, and pathway completeness from the cited publication"
259,pesticide_data.xlsx,CURATED_BIODEGRADATION_ONLY,Oxamyl,Pseudomonas jinjuensis OXA20,Oxamyl ,Experimental evidence,Contaminated soil,Greece,2016,Oxidoreductases,Methylamine dehydrogenase,cehA,10.3389/fmicb.2016.00616,1,No,DOI,format_valid,No,"Verify substrate, product, reaction order, step evidence, and pathway completeness from the cited publication"
260,pesticide_data.xlsx,CURATED_BIODEGRADATION_ONLY,Chlorpropham,Bacillus licheniformis NKC-1,Chlorpropham ,Experimental evidence,Contaminated soil,India,2018,Hydrolases,Chlorpropham hydrolase,,10.1007/s11274-018-2494-8,1,No,DOI,format_valid,No,"Verify substrate, product, reaction order, step evidence, and pathway completeness from the cited publication"
261,pesticide_data.xlsx,CURATED_BIODEGRADATION_ONLY,Chlorpropham,Bacillus licheniformis NKC-1,Chlorpropham ,Experimental evidence,Contaminated soil,India,2018,Dioxygenase,3-chloroaniline dioxygenase,,10.1007/s11274-018-2494-8,1,No,DOI,format_valid,No,"Verify substrate, product, reaction order, step evidence, and pathway completeness from the cited publication"
262,pesticide_data.xlsx,CURATED_BIODEGRADATION_ONLY,Chlorpropham,Bacillus licheniformis NKC-1,Chlorpropham ,Experimental evidence,Contaminated soil,India,2018,Dioxygenases,"4-chlorocatechol 1,2-dioxygenase",,10.1007/s11274-018-2494-8,1,No,DOI,format_valid,No,"Verify substrate, product, reaction order, step evidence, and pathway completeness from the cited publication"
263,pesticide_data.xlsx,CURATED_BIODEGRADATION_ONLY,Indoxacarb,Bacillus cereus,Indoxacarb ,Experimental evidence,Insect gut,India,2016,Hydrolases,Carboxylesterase,,10.1016/j.bjm.2016.01.012,1,No,DOI,format_valid,No,"Verify substrate, product, reaction order, step evidence, and pathway completeness from the cited publication"
264,pesticide_data.xlsx,CURATED_BIODEGRADATION_ONLY,Difenoconazole,Klebsiella sp. ,Difenoconazole ,Experimental evidence,Contaminated soil,Vietnam,2024,,,,10.4014/jmb.2308.08037,1,No,DOI,format_valid,No,"Verify substrate, product, reaction order, step evidence, and pathway completeness from the cited publication"
265,pesticide_data.xlsx,CURATED_BIODEGRADATION_ONLY,Difenoconazole,Citrobacter sp.,Difenoconazole ,Experimental evidence,Contaminated soil,Vietnam,2024,,,,10.4014/jmb.2308.08037,1,No,DOI,format_valid,No,"Verify substrate, product, reaction order, step evidence, and pathway completeness from the cited publication"
266,pesticide_data.xlsx,CURATED_BIODEGRADATION_ONLY,Difenoconazole,Pseudomonas sp,Difenoconazole ,Experimental evidence,Contaminated soil,Vietnam,2024,,,,10.4014/jmb.2308.08037,1,No,DOI,format_valid,No,"Verify substrate, product, reaction order, step evidence, and pathway completeness from the cited publication"
267,pesticide_data.xlsx,CURATED_BIODEGRADATION_ONLY,Difenoconazole,Lysinibacillus sp. BTKU3,Difenoconazole ,Experimental evidence,Oil contaminated soil,India,2022,,,,10.1016/j.chemosphere.2021.131694,1,No,DOI,format_valid,No,"Verify substrate, product, reaction order, step evidence, and pathway completeness from the cited publication"
268,pesticide_data.xlsx,CURATED_BIODEGRADATION_ONLY,Difenoconazole,Acinetobacter sp. A-1,Difenoconazole ,Experimental evidence,Contaminated soil,China,2025,,,,10.3390/microorganisms13040802,1,No,DOI,format_valid,No,"Verify substrate, product, reaction order, step evidence, and pathway completeness from the cited publication"
269,pesticide_data.xlsx,CURATED_BIODEGRADATION_ONLY,Difenoconazole,Phyllobacterium sp.,Difenoconazole ,Experimental evidence,Contaminated soil,China,2023,,,,10.1016/j.chemosphere.2022.136863,1,No,DOI,format_valid,No,"Verify substrate, product, reaction order, step evidence, and pathway completeness from the cited publication"
270,pesticide_data.xlsx,CURATED_BIODEGRADATION_ONLY,Difenoconazole,Aeromonas sp.,Difenoconazole ,Experimental evidence,Contaminated soil,China,2023,,,,10.1016/j.chemosphere.2022.136863,1,No,DOI,format_valid,No,"Verify substrate, product, reaction order, step evidence, and pathway completeness from the cited publication"
271,pesticide_data.xlsx,CURATED_BIODEGRADATION_ONLY,Endrin,Burkholderia sp. strain MED-7,Endrin ,Experimental evidence,Soil,Japan,2008,,,,10.1007/s00253-008-1670-4,1,No,DOI,format_valid,No,"Verify substrate, product, reaction order, step evidence, and pathway completeness from the cited publication"
272,pesticide_data.xlsx,CURATED_BIODEGRADATION_ONLY,Endrin,Cupriavidus sp. strain MED-5,Endrin ,Experimental evidence,Soil,Japan,2008,,,,10.1007/s00253-008-1670-4,1,No,DOI,format_valid,No,"Verify substrate, product, reaction order, step evidence, and pathway completeness from the cited publication"
273,pesticide_data.xlsx,CURATED_BIODEGRADATION_ONLY,Endrin,Phlebia acanthocystis,Endrin ,Experimental evidence,Wood,Not specified,2006,,,,10.1016/j.myc.2019.04.004,1,No,DOI,format_valid,No,"Verify substrate, product, reaction order, step evidence, and pathway completeness from the cited publication"
274,pesticide_data.xlsx,CURATED_BIODEGRADATION_ONLY,Endrin,Phlebia brevispora,Endrin ,Experimental evidence,Wood,Not specified,2006,,,,10.1016/j.myc.2019.04.004,1,No,DOI,format_valid,No,"Verify substrate, product, reaction order, step evidence, and pathway completeness from the cited publication"
275,pesticide_data.xlsx,CURATED_BIODEGRADATION_ONLY,Endrin,Trichoderma viride 12,Endrin ,Experimental evidence,Not specified,Not specified,1970,,,,10.1128/am.19.5.879-881.1970,1,No,DOI,format_valid,No,"Verify substrate, product, reaction order, step evidence, and pathway completeness from the cited publication"
276,pesticide_data.xlsx,CURATED_BIODEGRADATION_ONLY,Endrin,Pseudomonas sp. 27,Endrin ,Experimental evidence,Not specified,Not specified,1970,,,,10.1128/am.19.5.879-881.1970,1,No,DOI,format_valid,No,"Verify substrate, product, reaction order, step evidence, and pathway completeness from the cited publication"
277,pesticide_data.xlsx,CURATED_BIODEGRADATION_ONLY,Endrin,Pseudomonas sp. 33,Endrin ,Experimental evidence,Not specified,Not specified,1970,,,,10.1128/am.19.5.879-881.1970,1,No,DOI,format_valid,No,"Verify substrate, product, reaction order, step evidence, and pathway completeness from the cited publication"
278,pesticide_data.xlsx,CURATED_BIODEGRADATION_ONLY,Endrin,Pseudomonas sp. 34,Endrin ,Experimental evidence,Not specified,Not specified,1970,,,,10.1128/am.19.5.879-881.1970,1,No,DOI,format_valid,No,"Verify substrate, product, reaction order, step evidence, and pathway completeness from the cited publication"
279,pesticide_data.xlsx,CURATED_BIODEGRADATION_ONLY,Endrin,Trichoderma viride 41,Endrin ,Experimental evidence,Not specified,Not specified,1970,,,,10.1128/am.19.5.879-881.1970,1,No,DOI,format_valid,No,"Verify substrate, product, reaction order, step evidence, and pathway completeness from the cited publication"
280,pesticide_data.xlsx,CURATED_BIODEGRADATION_ONLY,Endrin,Pseudomonas sp. 94,Endrin ,Experimental evidence,Not specified,Not specified,1970,,,,10.1128/am.19.5.879-881.1970,1,No,DOI,format_valid,No,"Verify substrate, product, reaction order, step evidence, and pathway completeness from the cited publication"
281,pesticide_data.xlsx,CURATED_BIODEGRADATION_ONLY,Endrin,Pseudomonas sp. 103 ,Endrin ,Experimental evidence,Not specified,Not specified,1970,,,,10.1128/am.19.5.879-881.1970,1,No,DOI,format_valid,No,"Verify substrate, product, reaction order, step evidence, and pathway completeness from the cited publication"
282,pesticide_data.xlsx,CURATED_BIODEGRADATION_ONLY,Endrin,Pseudomonas sp. 105,Endrin ,Experimental evidence,Not specified,Not specified,1970,,,,10.1128/am.19.5.879-881.1970,1,No,DOI,format_valid,No,"Verify substrate, product, reaction order, step evidence, and pathway completeness from the cited publication"
283,pesticide_data.xlsx,CURATED_BIODEGRADATION_ONLY,Endrin,Pseudomonas sp. 117 ,Endrin ,Experimental evidence,Not specified,Not specified,1970,,,,10.1128/am.19.5.879-881.1970,1,No,DOI,format_valid,No,"Verify substrate, product, reaction order, step evidence, and pathway completeness from the cited publication"
284,pesticide_data.xlsx,CURATED_BIODEGRADATION_ONLY,Endrin,Pseudomonas sp. 138 ,Endrin ,Experimental evidence,Not specified,Not specified,1970,,,,10.1128/am.19.5.879-881.1970,1,No,DOI,format_valid,No,"Verify substrate, product, reaction order, step evidence, and pathway completeness from the cited publication"
285,pesticide_data.xlsx,CURATED_BIODEGRADATION_ONLY,Endrin,Micrococcus 204 ,Endrin ,Experimental evidence,Not specified,Not specified,1970,,,,10.1128/am.19.5.879-881.1970,1,No,DOI,format_valid,No,"Verify substrate, product, reaction order, step evidence, and pathway completeness from the cited publication"
286,pesticide_data.xlsx,CURATED_BIODEGRADATION_ONLY,Endrin,Pseudomonas sp. 265 ,Endrin ,Experimental evidence,Not specified,Not specified,1970,,,,10.1128/am.19.5.879-881.1970,1,No,DOI,format_valid,No,"Verify substrate, product, reaction order, step evidence, and pathway completeness from the cited publication"
287,pesticide_data.xlsx,CURATED_BIODEGRADATION_ONLY,Endrin,Arthrobacter sp. 278,Endrin ,Experimental evidence,Not specified,Not specified,1970,,,,10.1128/am.19.5.879-881.1970,1,No,DOI,format_valid,No,"Verify substrate, product, reaction order, step evidence, and pathway completeness from the cited publication"
288,pesticide_data.xlsx,CURATED_BIODEGRADATION_ONLY,Endrin,Bacillus sp. 458,Endrin ,Experimental evidence,Not specified,Not specified,1970,,,,10.1128/am.19.5.879-881.1970,1,No,DOI,format_valid,No,"Verify substrate, product, reaction order, step evidence, and pathway completeness from the cited publication"
289,pesticide_data.xlsx,CURATED_BIODEGRADATION_ONLY,Endrin,Bacillus sp. 459,Endrin ,Experimental evidence,Not specified,Not specified,1970,,,,10.1128/am.19.5.879-881.1970,1,No,DOI,format_valid,No,"Verify substrate, product, reaction order, step evidence, and pathway completeness from the cited publication"
290,pesticide_data.xlsx,CURATED_BIODEGRADATION_ONLY,Endrin,Bacillus sp. 461,Endrin ,Experimental evidence,Not specified,Not specified,1970,,,,10.1128/am.19.5.879-881.1970,1,No,DOI,format_valid,No,"Verify substrate, product, reaction order, step evidence, and pathway completeness from the cited publication"
291,pesticide_data.xlsx,CURATED_BIODEGRADATION_ONLY,Flubendiamide,Chryseobacterium indologenes strain SSJ1,Flubendiamide ,Experimental evidence,Contaminated sol,India,2016,,,,10.1007/s13205-015-0347-9,1,No,DOI,format_valid,No,"Verify substrate, product, reaction order, step evidence, and pathway completeness from the cited publication"
292,pesticide_data.xlsx,CURATED_BIODEGRADATION_ONLY,Flubendiamide,Trichoderma koningiopsis,Flubendiamide ,Enzymatic evidence,Contaminated sol,Brazil,2019,,,,10.1007/s13213-019-01536-w,1,No,DOI,format_valid,No,"Verify substrate, product, reaction order, step evidence, and pathway completeness from the cited publication"
293,pesticide_data.xlsx,CURATED_BIODEGRADATION_ONLY,Flubendiamide,Neurospora sp.,Flubendiamide ,Experimental evidence,Contaminated soil,Brazil,2019,,,,10.1007/s13213-019-01536-w,1,No,DOI,format_valid,No,"Verify substrate, product, reaction order, step evidence, and pathway completeness from the cited publication"
294,pesticide_data.xlsx,CURATED_BIODEGRADATION_ONLY,Flubendiamide,Botryosphaeria rhodina,Flubendiamide ,Experimental evidence,Contaminated soil,Brazil,2019,Peroxidases,laccase,,10.1007/s13213-019-01536-w,1,No,DOI,format_valid,No,"Verify substrate, product, reaction order, step evidence, and pathway completeness from the cited publication"
295,pesticide_data.xlsx,CURATED_BIODEGRADATION_ONLY,Imazethapyr,Rhizobium sp. strain IM9601,Imazethapyr ,Experimental evidence,Contaminated soil,India,2010,,,,10.1007/s00284-023-03533-4,1,No,DOI,format_valid,No,"Verify substrate, product, reaction order, step evidence, and pathway completeness from the cited publication"
296,pesticide_data.xlsx,CURATED_BIODEGRADATION_ONLY,Imazethapyr,Bacillus marcorestinctum strain YN1,Imazethapyr ,Experimental evidence,Contaminated soil,India,2018,,,,10.1016/j.chemosphere.2024.141178,1,No,DOI,format_valid,No,"Verify substrate, product, reaction order, step evidence, and pathway completeness from the cited publication"
297,pesticide_data.xlsx,CURATED_BIODEGRADATION_ONLY,Imazethapyr,Pseudomonas sp. IM-4,Imazethapyr ,Experimental evidence,Contaminated soil,India,2013,,,,10.1007/s00284-009-9442-7,1,No,DOI,format_valid,No,"Verify substrate, product, reaction order, step evidence, and pathway completeness from the cited publication"
298,pesticide_data.xlsx,CURATED_BIODEGRADATION_ONLY,Prochloraz,Bacillus cereus strain WD-2,Prochloraz ,Experimental evidence,Contaminated soil,China,2019,,,,10.1371/journal.pone.0220975,1,No,DOI,format_valid,No,"Verify substrate, product, reaction order, step evidence, and pathway completeness from the cited publication"
299,pesticide_data.xlsx,CURATED_BIODEGRADATION_ONLY,Prochloraz,Aureobacterium sp. strain C964,Prochloraz ,Experimental evidence,Soil,Germany,1996,,,,10.1007/s002530050680,1,No,DOI,format_valid,No,"Verify substrate, product, reaction order, step evidence, and pathway completeness from the cited publication"
300,pesticide_data.xlsx,CURATED_BIODEGRADATION_ONLY,Prochloraz,Aureobacterium sp. strain C965,Prochloraz ,Experimental evidence,Soil,Germany,1996,,,,10.1007/s002530050680,1,No,DOI,format_valid,No,"Verify substrate, product, reaction order, step evidence, and pathway completeness from the cited publication"
301,pesticide_data.xlsx,CURATED_BIODEGRADATION_ONLY,Prochloraz,Aureobacterium sp. strain C961,Prochloraz ,Experimental evidence,Soil,Germany,1996,,,,10.1007/s002530050680,1,No,DOI,format_valid,No,"Verify substrate, product, reaction order, step evidence, and pathway completeness from the cited publication"
302,pesticide_data.xlsx,CURATED_BIODEGRADATION_ONLY,Prochloraz,Aureobacterium sp. strain C962,Prochloraz ,Experimental evidence,Soil,Germany,1996,,,,10.1007/s002530050680,1,No,DOI,format_valid,No,"Verify substrate, product, reaction order, step evidence, and pathway completeness from the cited publication"
303,pesticide_data.xlsx,CURATED_BIODEGRADATION_ONLY,Prochloraz,Azotobacter sp. DSM 6428,Prochloraz ,Experimental evidence,Soil,Germany,1996,,,,10.1007/s002530050680,1,No,DOI,format_valid,No,"Verify substrate, product, reaction order, step evidence, and pathway completeness from the cited publication"
304,pesticide_data.xlsx,CURATED_BIODEGRADATION_ONLY,Buprofezin,Rhodococcus qingshengii YL-1,Buprofezin ,Experimental evidence,Contaminated soil,China,2017,Dioxygenases,Rieske nonheme iron oxygenase,"RHO, bfzB, bfzC",10.1128/AEM.00868-17,1,No,DOI,format_valid,No,"Verify substrate, product, reaction order, step evidence, and pathway completeness from the cited publication"
305,pesticide_data.xlsx,CURATED_BIODEGRADATION_ONLY,Buprofezin,Rhodococcus qingshengii YL-1,Buprofezin ,Experimental evidence,Contaminated soil,China,2017,Oxidoreductases,Dehydrogenase,,10.1128/AEM.00868-17,1,No,DOI,format_valid,No,"Verify substrate, product, reaction order, step evidence, and pathway completeness from the cited publication"
306,pesticide_data.xlsx,CURATED_BIODEGRADATION_ONLY,Buprofezin,Rhodococcus qingshengii YL-1,Buprofezin ,Experimental evidence,Contaminated soil,China,2017,Dioxygenases,Aromatic ring-cleavage enzyme,,10.1128/AEM.00868-17,1,No,DOI,format_valid,No,"Verify substrate, product, reaction order, step evidence, and pathway completeness from the cited publication"
307,pesticide_data.xlsx,CURATED_BIODEGRADATION_ONLY,Buprofezin,Pseudomonas sp. DFS35-4,Buprofezin ,Experimental evidence,Contaminated soil,China,2011,,,,10.1007/s10532-011-9469-x,1,No,DOI,format_valid,No,"Verify substrate, product, reaction order, step evidence, and pathway completeness from the cited publication"
308,pesticide_data.xlsx,CURATED_BIODEGRADATION_ONLY,Buprofezin,Sphingobium sp. LY-6,Buprofezin ,Experimental evidence,Contaminated soil,China,2015,,,,10.1007/s00449-015-1391-x,1,No,DOI,format_valid,No,"Verify substrate, product, reaction order, step evidence, and pathway completeness from the cited publication"
309,pesticide_data.xlsx,CURATED_BIODEGRADATION_ONLY,Buprofezin,Bacillus sp. strain BF-5,Buprofezin ,Experimental evidence,Activated sludge ,China,2016,,,,10.1016/j.jenvman.2016.04.061,1,No,DOI,format_valid,No,"Verify substrate, product, reaction order, step evidence, and pathway completeness from the cited publication"
310,pesticide_data.xlsx,CURATED_BIODEGRADATION_ONLY,Buprofezin,Rhodococcus sp. strain YL-1,Buprofezin ,Experimental evidence,Contaminated soil,China,2012,Dioxygenases,"Catechol 2,3-dioxygenase",,10.1021/jf205185n,1,No,DOI,format_valid,No,"Verify substrate, product, reaction order, step evidence, and pathway completeness from the cited publication"
311,pesticide_data.xlsx,CURATED_BIODEGRADATION_ONLY,Prothioconazole,Candida tropicalis strain W123,Prothioconazole,Experimental evidence,Activated sludge,China,2020,,,,10.1016/j.ecoenv.2020.111203,1,No,DOI,format_valid,No,"Verify substrate, product, reaction order, step evidence, and pathway completeness from the cited publication"
312,pesticide_data.xlsx,CURATED_BIODEGRADATION_ONLY,Prothioconazole,Enterobacter cloacae strain Y2625,Prothioconazole,Experimental evidence,Activated sludge,China,2020,,,,10.1016/j.ecoenv.2020.111203,1,No,DOI,format_valid,No,"Verify substrate, product, reaction order, step evidence, and pathway completeness from the cited publication"
313,pesticide_data.xlsx,CURATED_BIODEGRADATION_ONLY,Prothioconazole,Pseudomonas aeruginosa strain W313,Prothioconazole,Experimental evidence,Activated sludge,China,2020,,,,10.1016/j.ecoenv.2020.111203,1,No,DOI,format_valid,No,"Verify substrate, product, reaction order, step evidence, and pathway completeness from the cited publication"
314,pesticide_data.xlsx,CURATED_BIODEGRADATION_ONLY,Trifloxystrobin,Hyphomicrobium sp. Strain DY-1,Trifloxystrobin ,Experimental evidence,Collection strain,China,2021,Hydrolases,Esterase VII,strH,10.1128/AEM.00103-21.,1,No,DOI,format_valid,No,"Verify substrate, product, reaction order, step evidence, and pathway completeness from the cited publication"
315,pesticide_data.xlsx,CURATED_BIODEGRADATION_ONLY,Clothianidin,Pseudomonas stutzeri smk,Clothianidin ,Experimental evidence,Contaminated soil,India,2019,,,,10.1155/2019/4807913,1,No,DOI,format_valid,No,"Verify substrate, product, reaction order, step evidence, and pathway completeness from the cited publication"
316,pesticide_data.xlsx,CURATED_BIODEGRADATION_ONLY,Cyprodinil,Acinetobacter johnsonii LXL_C1,Cyprodinil,Genomic evidence,Contaminated soil,China,2019,P450,Cytochrome P450 monooxygenase,"frmA, ADH5, adhC, catA",10.1016/j.micpath.2018.11.016,1,No,DOI,format_valid,No,"Verify substrate, product, reaction order, step evidence, and pathway completeness from the cited publication"
317,pesticide_data.xlsx,CURATED_BIODEGRADATION_ONLY,Phorate,Pseudomonas sp.,Phorate ,Experimental evidence,Contaminated soil,India,1986,,,,10.1007/BF01606602,1,No,DOI,format_valid,No,"Verify substrate, product, reaction order, step evidence, and pathway completeness from the cited publication"
318,pesticide_data.xlsx,CURATED_BIODEGRADATION_ONLY,Phorate,Pseudomonas sp. IMBL 4.3,Phorate ,Experimental evidence,Agriculture soil,India,2015,,,,10.1016/j.ecoenv.2015.07.007,1,No,DOI,format_valid,No,"Verify substrate, product, reaction order, step evidence, and pathway completeness from the cited publication"
319,pesticide_data.xlsx,CURATED_BIODEGRADATION_ONLY,Phorate,Pseudomonas sp. IMBL 5.1,Phorate ,Experimental evidence,Agriculture soil,India,2015,,,,10.1016/j.ecoenv.2015.07.007,1,No,DOI,format_valid,No,"Verify substrate, product, reaction order, step evidence, and pathway completeness from the cited publication"
320,pesticide_data.xlsx,CURATED_BIODEGRADATION_ONLY,Phorate,Pseudomonas sp. IMBL 5.2,Phorate ,Experimental evidence,Agriculture soil,India,2015,,,,10.1016/j.ecoenv.2015.07.007,1,No,DOI,format_valid,No,"Verify substrate, product, reaction order, step evidence, and pathway completeness from the cited publication"
321,pesticide_data.xlsx,CURATED_BIODEGRADATION_ONLY,Phorate,Rhizobium sp.,Phorate ,Experimental evidence,Contaminated soil,India,2003,,,,10.1046/j.1472-765x.2003.01329.x,1,No,DOI,format_valid,No,"Verify substrate, product, reaction order, step evidence, and pathway completeness from the cited publication"
322,pesticide_data.xlsx,CURATED_BIODEGRADATION_ONLY,Phorate,Pseudomonas sp,Phorate ,Experimental evidence,Contaminated soil,India,2003,,,,10.1046/j.1472-765x.2003.01329.x,1,No,DOI,format_valid,No,"Verify substrate, product, reaction order, step evidence, and pathway completeness from the cited publication"
323,pesticide_data.xlsx,CURATED_BIODEGRADATION_ONLY,Phorate,Proteus sp.,Phorate ,Experimental evidence,Contaminated soil,India,2003,,,,10.1046/j.1472-765x.2003.01329.x,1,No,DOI,format_valid,No,"Verify substrate, product, reaction order, step evidence, and pathway completeness from the cited publication"
324,pesticide_data.xlsx,CURATED_BIODEGRADATION_ONLY,Phorate,Bacillus aerophilus IMBL 4.1,Phorate ,Experimental evidence,Contaminated soil,India,2014,,,,10.1007/s11356-013-2155-2,1,No,DOI,format_valid,No,"Verify substrate, product, reaction order, step evidence, and pathway completeness from the cited publication"
325,pesticide_data.xlsx,CURATED_BIODEGRADATION_ONLY,Phorate,Brevibacterium frigoritolerans IMBL 2.1,Phorate ,Experimental evidence,Contaminated soil,India,2014,,,,10.1007/s11356-013-2155-2,1,No,DOI,format_valid,No,"Verify substrate, product, reaction order, step evidence, and pathway completeness from the cited publication"
326,pesticide_data.xlsx,CURATED_BIODEGRADATION_ONLY,Phorate,Pseudomonas fulva IMBL 5.1,Phorate ,Experimental evidence,Contaminated soil,India,2014,,,,10.1007/s11356-013-2155-2,1,No,DOI,format_valid,No,"Verify substrate, product, reaction order, step evidence, and pathway completeness from the cited publication"
327,pesticide_data.xlsx,CURATED_BIODEGRADATION_ONLY,Phorate,Ralstonia eutropha AAJ1,Phorate ,Experimental evidence,Contaminated soil,India,2009,Phosphatases,Phosphomonoesterase,,10.1111/j.1472-765X.2009.02631.x,2,Yes,DOI,format_valid,No,"Verify substrate, product, reaction order, step evidence, and pathway completeness from the cited publication"
328,pesticide_data.xlsx,CURATED_BIODEGRADATION_ONLY,Phorate,Ralstonia eutropha AAJ1,Phorate ,Experimental evidence,Contaminated soil,India,2009,Phosphatases,Phosphodiesterase,,10.1111/j.1472-765X.2009.02631.x,2,Yes,DOI,format_valid,No,"Verify substrate, product, reaction order, step evidence, and pathway completeness from the cited publication"
329,pesticide_data.xlsx,CURATED_BIODEGRADATION_ONLY,Phorate,Brevibacterium frigoritolerans IMBL 2.1,Phorate ,Experimental evidence,Agriculture soil,India,2015,,,,10.1007/s00128-015-1617-2,1,No,DOI,format_valid,No,"Verify substrate, product, reaction order, step evidence, and pathway completeness from the cited publication"
330,pesticide_data.xlsx,CURATED_BIODEGRADATION_ONLY,Phorate,Brevibacterium frigoritolerans ,Phorate ,Experimental evidence,Contaminated soil,India,2018,,,,10.1016/j.ecoenv.2018.04.063,1,No,DOI,format_valid,No,"Verify substrate, product, reaction order, step evidence, and pathway completeness from the cited publication"
331,pesticide_data.xlsx,CURATED_BIODEGRADATION_ONLY,Phorate,Brevibacterium aerophilus ,Phorate ,Experimental evidence,Contaminated soil,India,2018,,,,10.1016/j.ecoenv.2018.04.063,1,No,DOI,format_valid,No,"Verify substrate, product, reaction order, step evidence, and pathway completeness from the cited publication"
332,pesticide_data.xlsx,CURATED_BIODEGRADATION_ONLY,Phorate,Brevibacterium fulva ,Phorate ,Experimental evidence,Contaminated soil,India,2018,,,,10.1016/j.ecoenv.2018.04.063,1,No,DOI,format_valid,No,"Verify substrate, product, reaction order, step evidence, and pathway completeness from the cited publication"
333,pesticide_data.xlsx,CURATED_BIODEGRADATION_ONLY,Phorate,Pseudomonas aeruginosa PR1,Phorate ,Experimental evidence,Contaminated soil,India,2022,,,,10.1002/jobm.202100332,1,No,DOI,format_valid,No,"Verify substrate, product, reaction order, step evidence, and pathway completeness from the cited publication"
334,pesticide_data.xlsx,CURATED_BIODEGRADATION_ONLY,Phorate,Pseudomonas sp. PR_02,Phorate ,Experimental evidence,Contaminated soil,India,2022,,,,10.1002/jobm.202100332,1,No,DOI,format_valid,No,"Verify substrate, product, reaction order, step evidence, and pathway completeness from the cited publication"
335,pesticide_data.xlsx,CURATED_BIODEGRADATION_ONLY,Boscalid,Lysinibacillus boronitolerans,Boscalid ,Experimental evidence,Contaminated soil,India,2023,,,,10.1016/j.envpol.2022.120484,1,No,DOI,format_valid,No,"Verify substrate, product, reaction order, step evidence, and pathway completeness from the cited publication"
336,pesticide_data.xlsx,CURATED_BIODEGRADATION_ONLY,Boscalid,Peribacillus muralis,Boscalid ,Experimental evidence,Contaminated soil,India,2023,,,,10.1016/j.envpol.2022.120484,1,No,DOI,format_valid,No,"Verify substrate, product, reaction order, step evidence, and pathway completeness from the cited publication"
337,pesticide_data.xlsx,CURATED_BIODEGRADATION_ONLY,Boscalid,Bacillus simplex,Boscalid ,Experimental evidence,Contaminated soil,India,2023,,,,10.1016/j.envpol.2022.120484,1,No,DOI,format_valid,No,"Verify substrate, product, reaction order, step evidence, and pathway completeness from the cited publication"
338,pesticide_data.xlsx,CURATED_BIODEGRADATION_ONLY,Fenvalerate,Bacillus flexus strain XJU-4,Fenvalerate,Experimental evidence,Not specified,Not specified,2017,Hydrolases,Fenvalerate-hydrolyzing esterase,,10.1007/s13205-017-0957-5,1,No,DOI,format_valid,No,"Verify substrate, product, reaction order, step evidence, and pathway completeness from the cited publication"
339,pesticide_data.xlsx,CURATED_BIODEGRADATION_ONLY,Fenvalerate,Bacillus flexus strain XJU-4,Fenvalerate,Experimental evidence,Not specified,Not specified,2017,Oxidoreductases,3-phenoxybenzaldehyde dehydrogenase,,10.1007/s13205-017-0957-5,1,No,DOI,format_valid,No,"Verify substrate, product, reaction order, step evidence, and pathway completeness from the cited publication"
340,pesticide_data.xlsx,CURATED_BIODEGRADATION_ONLY,Fenvalerate,Bacillus flexus strain XJU-4,Fenvalerate,Experimental evidence,Not specified,Not specified,2017,Dioxygenases,3-phenoxybenzoate dioxygenase,,10.1007/s13205-017-0957-5,3,Yes,DOI,format_valid,No,"Verify substrate, product, reaction order, step evidence, and pathway completeness from the cited publication"
341,pesticide_data.xlsx,CURATED_BIODEGRADATION_ONLY,Fenvalerate,Bacillus flexus strain XJU-4,Fenvalerate,Experimental evidence,Not specified,Not specified,2017,Monooxygenases,Phenol hydroxylase,,10.1007/s13205-017-0957-5,1,No,DOI,format_valid,No,"Verify substrate, product, reaction order, step evidence, and pathway completeness from the cited publication"
342,pesticide_data.xlsx,CURATED_BIODEGRADATION_ONLY,Fenvalerate,Bacillus flexus strain XJU-4,Fenvalerate,Experimental evidence,Not specified,Not specified,2017,Dioxygenases,"Protocatechuate 2,3-dioxygenase",,10.1007/s13205-017-0957-5,3,Yes,DOI,format_valid,No,"Verify substrate, product, reaction order, step evidence, and pathway completeness from the cited publication"
343,pesticide_data.xlsx,CURATED_BIODEGRADATION_ONLY,Fenvalerate,Bacillus flexus strain XJU-4,Fenvalerate,Experimental evidence,Not specified,Not specified,2017,Dioxygenases,"Catechol 2,3-dioxygenase",,10.1007/s13205-017-0957-5,3,Yes,DOI,format_valid,No,"Verify substrate, product, reaction order, step evidence, and pathway completeness from the cited publication"
344,pesticide_data.xlsx,CURATED_BIODEGRADATION_ONLY,Fenvalerate,Stenotrophomonas sp. ZS-S-01,Fenvalerate,Experimental evidence,Agriculture soil,China,2011,,,,10.1007/s00253-010-3035-z,1,No,DOI,format_valid,No,"Verify substrate, product, reaction order, step evidence, and pathway completeness from the cited publication"
345,pesticide_data.xlsx,CURATED_BIODEGRADATION_ONLY,Fenvalerate,Citrobacter freundii CD-9,Fenvalerate,Experimental evidence,Plant-sludge,China,2020,Hydrolases,Esterases,,10.1186/s13568-020-01128-x,1,No,DOI,format_valid,No,"Verify substrate, product, reaction order, step evidence, and pathway completeness from the cited publication"
346,pesticide_data.xlsx,CURATED_BIODEGRADATION_ONLY,Fenvalerate,Citrobacter freundii CD-9,Fenvalerate,Experimental evidence,Plant-sludge,China,2022,Hydrolases,Esterases,,10.1186/s13568-022-01392-z,1,No,DOI,format_valid,No,"Verify substrate, product, reaction order, step evidence, and pathway completeness from the cited publication"
347,pesticide_data.xlsx,CURATED_BIODEGRADATION_ONLY,Fenvalerate,Citrobacter freundii CD-9,Fenvalerate,Experimental evidence,Plant-sludge,China,2022,Dioxygenases,Aromatic dioxygenases,,10.1186/s13568-022-01392-z,1,No,DOI,format_valid,No,"Verify substrate, product, reaction order, step evidence, and pathway completeness from the cited publication"
348,pesticide_data.xlsx,CURATED_BIODEGRADATION_ONLY,Fenvalerate,Citrobacter freundii CD-9,Fenvalerate,Experimental evidence,Plant-sludge,China,2022,Oxidoreductases,Dehydrogenases,,10.1186/s13568-022-01392-z,1,No,DOI,format_valid,No,"Verify substrate, product, reaction order, step evidence, and pathway completeness from the cited publication"
349,pesticide_data.xlsx,CURATED_BIODEGRADATION_ONLY,Fenvalerate,Acinetobacter sp. JN8,Fenvalerate,Experimental evidence,Contaminated soil,China,2014,Hydrolases,Carboxylesterase,,10.1139/cjm-2014-0104,1,No,DOI,format_valid,No,"Verify substrate, product, reaction order, step evidence, and pathway completeness from the cited publication"
350,pesticide_data.xlsx,CURATED_BIODEGRADATION_ONLY,Fenvalerate,Klebsiella pneumoniae BPBA052,Fenvalerate,Experimental evidence,Contaminated soil,China,2019,Dioxygenases,Aromatic-ring cleaving dioxygenases,,10.1139/cjm-2019-0183,1,No,DOI,format_valid,No,"Verify substrate, product, reaction order, step evidence, and pathway completeness from the cited publication"
351,pesticide_data.xlsx,CURATED_BIODEGRADATION_ONLY,Fenvalerate,Klebsiella pneumoniae BPBA052,Fenvalerate,Experimental evidence,Contaminated soil,China,2019,Hydrolases,Esterases,,10.1139/cjm-2019-0183,1,No,DOI,format_valid,No,"Verify substrate, product, reaction order, step evidence, and pathway completeness from the cited publication"
352,pesticide_data.xlsx,CURATED_BIODEGRADATION_ONLY,Fenvalerate,Citrobacter freundii CD-9,Fenvalerate,Experimental evidence,Plant-sludge,China,2022,Hydrolases,Esterases ,,10.4014/jmb.2110.10048,2,Yes,DOI,format_valid,No,"Verify substrate, product, reaction order, step evidence, and pathway completeness from the cited publication"
353,pesticide_data.xlsx,CURATED_BIODEGRADATION_ONLY,Fenvalerate,Citrobacter freundii CD-9,Fenvalerate,Experimental evidence,Plant-sludge,China,2022,Hydrolases,DBP hydrolases,,10.4014/jmb.2110.10048,2,Yes,DOI,format_valid,No,"Verify substrate, product, reaction order, step evidence, and pathway completeness from the cited publication"
354,pesticide_data.xlsx,CURATED_BIODEGRADATION_ONLY,Fenvalerate,Stenotrophomonas acidaminiphila,Fenvalerate,Experimental evidence,Soil,China,2022,Hydrolases,Esterases ,,10.4014/jmb.2110.10048,2,Yes,DOI,format_valid,No,"Verify substrate, product, reaction order, step evidence, and pathway completeness from the cited publication"
355,pesticide_data.xlsx,CURATED_BIODEGRADATION_ONLY,Fenvalerate,Stenotrophomonas acidaminiphila,Fenvalerate,Experimental evidence,Soil,China,2022,Hydrolases,DBP hydrolases,,10.4014/jmb.2110.10048,2,Yes,DOI,format_valid,No,"Verify substrate, product, reaction order, step evidence, and pathway completeness from the cited publication"
356,pesticide_data.xlsx,CURATED_BIODEGRADATION_ONLY,Heptachlor,Shigella sp.,Heptachlor ,Experimental evidence,Contaminated sludge,China,2018,,,,10.2166/wst.2018.127,1,No,DOI,format_valid,No,"Verify substrate, product, reaction order, step evidence, and pathway completeness from the cited publication"
357,pesticide_data.xlsx,CURATED_BIODEGRADATION_ONLY,Methamidophos,Pseudomonas aeruginosa strain Is-6,Methamidophos ,Experimental evidence,Agricultural soil,India,2012,Hydrolases,Esterases,,10.1080/03601234.2013.836868,1,No,DOI,format_valid,No,"Verify substrate, product, reaction order, step evidence, and pathway completeness from the cited publication"
358,pesticide_data.xlsx,CURATED_BIODEGRADATION_ONLY,Methamidophos,Hyphomicrobium sp. MAP-1,Methamidophos ,Experimental evidence,Contaminated soil,China,2010,,,,10.1007/s10532-009-9320-9,1,No,DOI,format_valid,No,"Verify substrate, product, reaction order, step evidence, and pathway completeness from the cited publication"
359,pesticide_data.xlsx,CURATED_BIODEGRADATION_ONLY,Methamidophos,Pseudomonas azotoformans ACP1,Methamidophos ,Experimental evidence,Contaminated soil,India,2020,,,,10.3390/biom10030433,1,No,DOI,format_valid,No,"Verify substrate, product, reaction order, step evidence, and pathway completeness from the cited publication"
360,pesticide_data.xlsx,CURATED_BIODEGRADATION_ONLY,Methamidophos,Pseudomonas azotoformans ACP2,Methamidophos ,Experimental evidence,Contaminated soil,India,2020,,,,10.3390/biom10030433,1,No,DOI,format_valid,No,"Verify substrate, product, reaction order, step evidence, and pathway completeness from the cited publication"
361,pesticide_data.xlsx,CURATED_BIODEGRADATION_ONLY,Methamidophos,Pseudomonas azotoformans ACP3,Methamidophos ,Experimental evidence,Contaminated soil,India,2020,,,,10.3390/biom10030433,1,No,DOI,format_valid,No,"Verify substrate, product, reaction order, step evidence, and pathway completeness from the cited publication"
362,pesticide_data.xlsx,CURATED_BIODEGRADATION_ONLY,Methamidophos,Penicillium oxalicum ZHJ6,Methamidophos ,Experimental evidence,Contaminated soil,China,2010,,,,10.1016/S1671-2927(09)60145-0,1,No,DOI,format_valid,No,"Verify substrate, product, reaction order, step evidence, and pathway completeness from the cited publication"
363,pesticide_data.xlsx,CURATED_BIODEGRADATION_ONLY,Methamidophos,Enterobacter sp. Z1,Methamidophos ,Experimental evidence,Wastewater,China,2020,,,"Oph, PaaC, RamA, Mcd",10.1016/j.chemosphere.2020.128054,1,No,DOI,format_valid,No,"Verify substrate, product, reaction order, step evidence, and pathway completeness from the cited publication"
364,pesticide_data.xlsx,CURATED_BIODEGRADATION_ONLY,Sulfoxaflor,Synechocystis salina CCNP 1104,Sulfoxaflor ,Experimental evidence,Collection strain,Poland,2023,Amidases,Nitrile hydratase,,10.1016/j.chemosphere.2023.139440,1,No,DOI,format_valid,No,"Verify substrate, product, reaction order, step evidence, and pathway completeness from the cited publication"
365,pesticide_data.xlsx,CURATED_BIODEGRADATION_ONLY,Sulfoxaflor,Microcystis aeruginosa CCNP 1101,Sulfoxaflor ,Experimental evidence,Collection strain,Poland,2023,Amidases,Nitrile hydratase,,10.1016/j.chemosphere.2023.139440,1,No,DOI,format_valid,No,"Verify substrate, product, reaction order, step evidence, and pathway completeness from the cited publication"
366,pesticide_data.xlsx,CURATED_BIODEGRADATION_ONLY,Sulfoxaflor,Aminobacter sp. CGMCC 1.17253,Sulfoxaflor ,Experimental evidence,Soil,China,2020,Amidases,Nitrile hydratase,"nhaseA, nhaseB",10.1021/acs.jafc.9b06668,1,No,DOI,format_valid,No,"Verify substrate, product, reaction order, step evidence, and pathway completeness from the cited publication"
367,pesticide_data.xlsx,CURATED_BIODEGRADATION_ONLY,2-Phenylphenol,Pseudomonas azelaica HBP1, 2-Phenylphenol ,Genomic evidence,Not specified,Not specified,2001,,,hbpCAD operon,10.1099/00221287-147-8-2183,1,No,DOI,format_valid,No,"Verify substrate, product, reaction order, step evidence, and pathway completeness from the cited publication"
368,pesticide_data.xlsx,CURATED_BIODEGRADATION_ONLY,2-Phenylphenol, Pseudomonas putida, 2-Phenylphenol ,Enzymatic evidence,Not specified,Not specified,1991,Dioxygenases,Biphenyl dioxygenase system,"cbpA, cbpB, cbpC, cbpD",10.1128/aem.57.5.1325-1332.1991,1,No,DOI,format_valid,No,"Verify substrate, product, reaction order, step evidence, and pathway completeness from the cited publication"
369,pesticide_data.xlsx,CURATED_BIODEGRADATION_ONLY,Iprodione,Paenarthrobacter sp. YJN-5,Iprodione ,Experimental evidence,Contaminated soil,China,2018,Amidases,IpaH amidase,ipaH,10.1128/AEM.01150-18,1,No,DOI,format_valid,No,"Verify substrate, product, reaction order, step evidence, and pathway completeness from the cited publication"
370,pesticide_data.xlsx,CURATED_BIODEGRADATION_ONLY,Iprodione,Paenarthrobacter sp. YJN-5,Iprodione ,Experimental evidence,Contaminated soil,China,2021,,,"IpaH, DdaH, DuaH",10.1111/1462-2920.15308,1,No,DOI,format_valid,No,"Verify substrate, product, reaction order, step evidence, and pathway completeness from the cited publication"
371,pesticide_data.xlsx,CURATED_BIODEGRADATION_ONLY,Iprodione,Paenarthrobacter sp. YJN-D,Iprodione ,Experimental evidence,Contaminated soil,China,2021,,,"IpaH, DdaH, DuaH",10.1111/1462-2920.15308,1,No,DOI,format_valid,No,"Verify substrate, product, reaction order, step evidence, and pathway completeness from the cited publication"
372,pesticide_data.xlsx,CURATED_BIODEGRADATION_ONLY,Iprodione,Microbacterium sp. CQH-1,Iprodione ,Experimental evidence,Contaminated soil,China,2017,,,,10.1139/cjm-2017-0185,1,No,DOI,format_valid,No,"Verify substrate, product, reaction order, step evidence, and pathway completeness from the cited publication"
373,pesticide_data.xlsx,CURATED_BIODEGRADATION_ONLY,Iprodione,Pseudomonas fluorescens,Iprodione ,Experimental evidence,Contaminated soil,France,1997,,,,10.1111/j.1574-6941.1997.tb00403.x,1,No,DOI,format_valid,No,"Verify substrate, product, reaction order, step evidence, and pathway completeness from the cited publication"
374,pesticide_data.xlsx,CURATED_BIODEGRADATION_ONLY,Iprodione,Pseudomonas spp,Iprodione ,Experimental evidence,Contaminated soil,France,1997,,,,10.1111/j.1574-6941.1997.tb00403.x,1,No,DOI,format_valid,No,"Verify substrate, product, reaction order, step evidence, and pathway completeness from the cited publication"
375,pesticide_data.xlsx,CURATED_BIODEGRADATION_ONLY,Iprodione,Pseudomonas paucimobilis,Iprodione ,Experimental evidence,Contaminated soil,France,1997,,,,10.1111/j.1574-6941.1997.tb00403.x,1,No,DOI,format_valid,No,"Verify substrate, product, reaction order, step evidence, and pathway completeness from the cited publication"
376,pesticide_data.xlsx,CURATED_BIODEGRADATION_ONLY,Iprodione,Arthrobacter strain 1,Iprodione ,Experimental evidence,Contaminated soil,France,1997,,,,10.1111/j.1574-6941.1997.tb00403.x,1,No,DOI,format_valid,No,"Verify substrate, product, reaction order, step evidence, and pathway completeness from the cited publication"
377,pesticide_data.xlsx,CURATED_BIODEGRADATION_ONLY,Iprodione,Achromobacter sp. C2,Iprodione ,Experimental evidence,Agriculture soil,Italy,2017,Hydrolases,Hydantoinase-like,,10.1007/s11356-016-7682-1,1,No,DOI,format_valid,No,"Verify substrate, product, reaction order, step evidence, and pathway completeness from the cited publication"
378,pesticide_data.xlsx,CURATED_BIODEGRADATION_ONLY,Iprodione,Arthrobacter sp. C1,Iprodione ,Experimental evidence,Agriculture soil,Italy,2017,Hydrolases,Hydantoinase-like,,10.1007/s11356-016-7682-1,1,No,DOI,format_valid,No,"Verify substrate, product, reaction order, step evidence, and pathway completeness from the cited publication"
379,pesticide_data.xlsx,CURATED_BIODEGRADATION_ONLY,Iprodione,Azospirillum sp. A1-3,Iprodione ,Experimental evidence,High-altitude agriculture soil,China,2022,,,IpaH,10.3389/fmicb.2022.1057030,1,No,DOI,format_valid,No,"Verify substrate, product, reaction order, step evidence, and pathway completeness from the cited publication"
380,pesticide_data.xlsx,CURATED_BIODEGRADATION_ONLY,Iprodione,Arthrobacter sp. MA6,Iprodione ,Experimental evidence,Contaminated soil,France,1995,Hydrolases,Hydantoinase/urease-like,,10.1128/AEM.61.9.3216-3220.1995,1,No,DOI,format_valid,No,"Verify substrate, product, reaction order, step evidence, and pathway completeness from the cited publication"
381,pesticide_data.xlsx,CURATED_BIODEGRADATION_ONLY,Iprodione,Zygosaccharomyces rouxii DBVPG 6399,Iprodione ,Experimental evidence,culture collections,Italy,2006,,,,10.1021/jf060764j,1,No,DOI,format_valid,No,"Verify substrate, product, reaction order, step evidence, and pathway completeness from the cited publication"
382,pesticide_data.xlsx,CURATED_BIODEGRADATION_ONLY,Dichlobenil,Nocardia sp. DDN,Dichlobenil ,Experimental evidence,Contaminated soil,Not specified,2009,,,,10.1016/j.envpol.2009.06.003,1,No,DOI,format_valid,No,"Verify substrate, product, reaction order, step evidence, and pathway completeness from the cited publication"
383,pesticide_data.xlsx,CURATED_BIODEGRADATION_ONLY,Dichlobenil,Zoogloea sp.,Dichlobenil ,Experimental evidence,Contaminated water,Finland,2009,,,,10.1007/s10532-009-9255-1,1,No,DOI,format_valid,No,"Verify substrate, product, reaction order, step evidence, and pathway completeness from the cited publication"
384,pesticide_data.xlsx,CURATED_BIODEGRADATION_ONLY,Dichlobenil,Pseudomonas sp.,Dichlobenil ,Experimental evidence,Contaminated water,Finland,2009,,,,10.1007/s10532-009-9255-1,1,No,DOI,format_valid,No,"Verify substrate, product, reaction order, step evidence, and pathway completeness from the cited publication"
385,pesticide_data.xlsx,CURATED_BIODEGRADATION_ONLY,Dichlobenil,Xanthomonas sp.,Dichlobenil ,Experimental evidence,Contaminated water,Finland,2009,,,,10.1007/s10532-009-9255-1,1,No,DOI,format_valid,No,"Verify substrate, product, reaction order, step evidence, and pathway completeness from the cited publication"
386,pesticide_data.xlsx,CURATED_BIODEGRADATION_ONLY,Dichlobenil,Rhodococcus sp.,Dichlobenil ,Experimental evidence,Contaminated water,Finland,2009,,,,10.1007/s10532-009-9255-1,1,No,DOI,format_valid,No,"Verify substrate, product, reaction order, step evidence, and pathway completeness from the cited publication"
387,pesticide_data.xlsx,CURATED_BIODEGRADATION_ONLY,Dichlobenil,Nocardioides sp. ,Dichlobenil ,Experimental evidence,Contaminated water,Finland,2009,,,,10.1007/s10532-009-9255-1,1,No,DOI,format_valid,No,"Verify substrate, product, reaction order, step evidence, and pathway completeness from the cited publication"
388,pesticide_data.xlsx,CURATED_BIODEGRADATION_ONLY,Dichlobenil,Sphingomonas sp. DC-6,Dichlobenil ,Experimental evidence,Contaminated water,Finland,2009,,,,10.1007/s10532-009-9255-1,1,No,DOI,format_valid,No,"Verify substrate, product, reaction order, step evidence, and pathway completeness from the cited publication"
389,pesticide_data.xlsx,CURATED_BIODEGRADATION_ONLY,Dichlobenil,Rastonia sp.,Dichlobenil ,Experimental evidence,Contaminated water,Finland,2009,,,,10.1007/s10532-009-9255-1,1,No,DOI,format_valid,No,"Verify substrate, product, reaction order, step evidence, and pathway completeness from the cited publication"
390,pesticide_data.xlsx,CURATED_BIODEGRADATION_ONLY,Vinclozolin,Rhodococcus sp. T1-1,Vinclozolin ,Experimental evidence,Contaminated soil ,South Korea,2008,,,,PMID: 18309282,1,No,PMID,format_valid,No,"Verify substrate, product, reaction order, step evidence, and pathway completeness from the cited publication"
391,pesticide_data.xlsx,CURATED_BIODEGRADATION_ONLY,Chlordane,Phanerochaete chrysosporium BKM-F-1767,Chlordane ,Experimental evidence,Culture collection,USA,1990,,,,10.1128/aem.56.8.2347-2353.1990,1,No,DOI,format_valid,No,"Verify substrate, product, reaction order, step evidence, and pathway completeness from the cited publication"
392,pesticide_data.xlsx,CURATED_BIODEGRADATION_ONLY,Captan,Bacillus circulans,Captan,Experimental evidence,Contaminated soil ,India,2010,,,,10.1021/jf1030339,1,No,DOI,format_valid,No,"Verify substrate, product, reaction order, step evidence, and pathway completeness from the cited publication"
393,pesticide_data.xlsx,CURATED_BIODEGRADATION_ONLY,Fenamiphos,Microbacterium esteraromaticum,Fenamiphos ,Experimental evidence,Soil,Australia,2009,Hydrolases,Organophosphorus hydrolase / esterase,,10.1016/j.biortech.2008.12.043,1,No,DOI,format_valid,No,"Verify substrate, product, reaction order, step evidence, and pathway completeness from the cited publication"
394,pesticide_data.xlsx,CURATED_BIODEGRADATION_ONLY,Fenamiphos,Microbacterium esteraromaticum MM1,Fenamiphos ,Genomic evidence,Soil,Australia,2018,Hydrolases,Putative esterases / hydrolases,,10.1128/MRA.00862-18,1,No,DOI,format_valid,No,"Verify substrate, product, reaction order, step evidence, and pathway completeness from the cited publication"
395,pesticide_data.xlsx,CURATED_BIODEGRADATION_ONLY,Fenamiphos,Microbacterium spp.,Fenamiphos ,Experimental evidence,Contaminated soil,Germany,2010,Hydrolases,Hydrolytic enzymes,,10.1007/s10532-010-9362-z,1,No,DOI,format_valid,No,"Verify substrate, product, reaction order, step evidence, and pathway completeness from the cited publication"
396,pesticide_data.xlsx,CURATED_BIODEGRADATION_ONLY,Fenamiphos,Cupriavidus sp.,Fenamiphos ,Experimental evidence,Contaminated soil,Germany,2010,Hydrolases,Hydrolytic enzymes,,10.1007/s10532-010-9362-z,1,No,DOI,format_valid,No,"Verify substrate, product, reaction order, step evidence, and pathway completeness from the cited publication"
397,pesticide_data.xlsx,CURATED_BIODEGRADATION_ONLY,Fenamiphos,Ralstonia sp.,Fenamiphos ,Experimental evidence,Contaminated soil,Germany,2010,Hydrolases,Hydrolytic enzymes,,10.1007/s10532-010-9362-z,1,No,DOI,format_valid,No,"Verify substrate, product, reaction order, step evidence, and pathway completeness from the cited publication"
398,pesticide_data.xlsx,CURATED_BIODEGRADATION_ONLY,Fenamiphos,Brevundimonas sp.,Fenamiphos ,Experimental evidence,Contaminated soil,Germany,2010,Hydrolases,Hydrolytic enzymes,,10.1007/s10532-010-9362-z,1,No,DOI,format_valid,No,"Verify substrate, product, reaction order, step evidence, and pathway completeness from the cited publication"
399,pesticide_data.xlsx,CURATED_BIODEGRADATION_ONLY,Fenamiphos,Sinorhizobium sp.,Fenamiphos ,Experimental evidence,Contaminated soil,Germany,2010,Hydrolases,Hydrolytic enzymes,,10.1007/s10532-010-9362-z,1,No,DOI,format_valid,No,"Verify substrate, product, reaction order, step evidence, and pathway completeness from the cited publication"
400,pesticide_data.xlsx,CURATED_BIODEGRADATION_ONLY,Fenamiphos,Chlorella sp.,Fenamiphos ,Experimental evidence,Laboratory cultures,Spain,2008,,,,10.1007/s00284-008-9293-7,1,No,DOI,format_valid,No,"Verify substrate, product, reaction order, step evidence, and pathway completeness from the cited publication"
401,pesticide_data.xlsx,CURATED_BIODEGRADATION_ONLY,Fenamiphos,Scenedesmus spp.,Fenamiphos ,Experimental evidence,Laboratory cultures,Spain,2008,,,,10.1007/s00284-008-9293-7,1,No,DOI,format_valid,No,"Verify substrate, product, reaction order, step evidence, and pathway completeness from the cited publication"
402,pesticide_data.xlsx,CURATED_BIODEGRADATION_ONLY,Fenamiphos,Nostoc spp.,Fenamiphos ,Experimental evidence,Laboratory cultures,Spain,2008,,,,10.1007/s00284-008-9293-7,1,No,DOI,format_valid,No,"Verify substrate, product, reaction order, step evidence, and pathway completeness from the cited publication"
403,pesticide_data.xlsx,CURATED_BIODEGRADATION_ONLY,Fenamiphos,Anabaena sp.,Fenamiphos ,Experimental evidence,Laboratory cultures,Spain,2008,,,,10.1007/s00284-008-9293-7,1,No,DOI,format_valid,No,"Verify substrate, product, reaction order, step evidence, and pathway completeness from the cited publication"
404,pesticide_data.xlsx,CURATED_BIODEGRADATION_ONLY,Propiconazole,Rhodotorula glutinis Rg 55,Propiconazole ,Experimental evidence,Leaf surface,Poland,2020,P450,Cytochrome P450,,10.1186/s12866-020-01885-6,1,No,DOI,format_valid,No,"Verify substrate, product, reaction order, step evidence, and pathway completeness from the cited publication"
405,pesticide_data.xlsx,CURATED_BIODEGRADATION_ONLY,Propiconazole,Aureobasidium pullulan Rg 92,Propiconazole ,Experimental evidence,Leaf surface,Poland,2020,P450,Cytochrome P450,,10.1186/s12866-020-01885-6,1,No,DOI,format_valid,No,"Verify substrate, product, reaction order, step evidence, and pathway completeness from the cited publication"
406,pesticide_data.xlsx,CURATED_BIODEGRADATION_ONLY,Propiconazole,Pseudomonas aeruginosa PS-4,Propiconazole ,Experimental evidence,Contaminated soil,India,2016,P450,Cytochrome P450 monooxygenase,CYP450,10.1007/s13213-016-1222-6,1,No,DOI,format_valid,No,"Verify substrate, product, reaction order, step evidence, and pathway completeness from the cited publication"
407,pesticide_data.xlsx,CURATED_BIODEGRADATION_ONLY,Propiconazole,Burkholderia sp. strain BBK-9,Propiconazole ,Experimental evidence,Contaminated soil,India,2016,,,,10.1007/s13205-016-0429-3,1,No,DOI,format_valid,No,"Verify substrate, product, reaction order, step evidence, and pathway completeness from the cited publication"
408,pesticide_data.xlsx,CURATED_BIODEGRADATION_ONLY,Pyrimethanil,Serratia sarumanii SBS19,Pyrimethanil ,Experimental evidence,Agricultural soil,Turkey,2025,,,,10.1007/s10532-025-10144-2,1,No,DOI,format_valid,No,"Verify substrate, product, reaction order, step evidence, and pathway completeness from the cited publication"
409,pesticide_data.xlsx,CURATED_BIODEGRADATION_ONLY,Quinclorac,Pseudomonas putida II-2,Quinclorac ,Experimental evidence,Contaminated soil,China,2020,,,,10.1016/j.ecoenv.2019.109826,1,No,DOI,format_valid,No,"Verify substrate, product, reaction order, step evidence, and pathway completeness from the cited publication"
410,pesticide_data.xlsx,CURATED_BIODEGRADATION_ONLY,Quinclorac,Achromobacter sp.QC36,Quinclorac ,Experimental evidence,Contaminated soil,China,2020,,,,10.1016/j.ecoenv.2019.109826,1,No,DOI,format_valid,No,"Verify substrate, product, reaction order, step evidence, and pathway completeness from the cited publication"
411,pesticide_data.xlsx,CURATED_BIODEGRADATION_ONLY,Quinclorac,Burkholderia cepacia WZ1,Quinclorac ,Experimental evidence,Contaminated soil,China,2009,Oxidoreductases,Phthalate dioxygenase reductase,,10.1016/j.soilbio.2008.10.026,1,No,DOI,format_valid,No,"Verify substrate, product, reaction order, step evidence, and pathway completeness from the cited publication"
412,pesticide_data.xlsx,CURATED_BIODEGRADATION_ONLY,Quinclorac,Burkholderia cepacia WZ1,Quinclorac ,Experimental evidence,Contaminated soil,China,2009,Dioxygenases,"Chlorocatechol 1,2-dioxygenase",,10.1016/j.soilbio.2008.10.026,1,No,DOI,format_valid,No,"Verify substrate, product, reaction order, step evidence, and pathway completeness from the cited publication"
413,pesticide_data.xlsx,CURATED_BIODEGRADATION_ONLY,Quinclorac,Burkholderia cepacia WZ1,Quinclorac ,Experimental evidence,Contaminated soil,China,2003,,,,10.1081/PFC-120025560,1,No,DOI,format_valid,No,"Verify substrate, product, reaction order, step evidence, and pathway completeness from the cited publication"
414,pesticide_data.xlsx,CURATED_BIODEGRADATION_ONLY,Quinclorac,Cellulosimicrobium cellulans D,Quinclorac ,Experimental evidence,Agriculture soil,China,2021,,,,10.1128/Spectrum.00398-21,1,No,DOI,format_valid,No,"Verify substrate, product, reaction order, step evidence, and pathway completeness from the cited publication"
415,pesticide_data.xlsx,CURATED_BIODEGRADATION_ONLY,Quinclorac,Bacillus megaterium Q3,Quinclorac ,Experimental evidence,Tobacco root endophyte,China,2014,,,,10.1371/journal.pone.0108012,1,No,DOI,format_valid,No,"Verify substrate, product, reaction order, step evidence, and pathway completeness from the cited publication"
416,pesticide_data.xlsx,CURATED_BIODEGRADATION_ONLY,Quinclorac,Streptomyces sp. strain AH-B,Quinclorac ,Experimental evidence,Contaminates soil,China,2018,,,,10.1016/j.chemosphere.2018.01.133,1,No,DOI,format_valid,No,"Verify substrate, product, reaction order, step evidence, and pathway completeness from the cited publication"
417,pesticide_data.xlsx,CURATED_BIODEGRADATION_ONLY,Quinclorac,Mycobacterium sp. strain F4,Quinclorac ,Experimental evidence,Contaminates soil,China,2017,,,,10.1371/journal.pone.0185721,1,No,DOI,format_valid,No,"Verify substrate, product, reaction order, step evidence, and pathway completeness from the cited publication"
418,pesticide_data.xlsx,CURATED_BIODEGRADATION_ONLY,Quinclorac,Klebsiella variicola J5,Quinclorac ,Experimental evidence,Tobacco rhizosphere soil,China,2022,Monooxygenases,4-hydroxyphenylacetate 3-monooxygenase,hpaB,10.1007/s11274-022-03329-x,1,No,DOI,format_valid,No,"Verify substrate, product, reaction order, step evidence, and pathway completeness from the cited publication"
419,pesticide_data.xlsx,CURATED_BIODEGRADATION_ONLY,Fenpropathrin,Pseudomonas aeruginosa sp. strain JQ-41,Fenpropathrin ,Experimental evidence,Contaminated soil,China,2015,,,,10.1007/s00284-015-0852-4,1,No,DOI,format_valid,No,"Verify substrate, product, reaction order, step evidence, and pathway completeness from the cited publication"
420,pesticide_data.xlsx,CURATED_BIODEGRADATION_ONLY,Fenpropathrin,Rhodopseudomonas sp. strain PSB07-21,Fenpropathrin ,Experimental evidence,Wastewater,Not specified,2019,,,,10.1002/jobm.201800490 ,1,No,DOI,format_valid,No,"Verify substrate, product, reaction order, step evidence, and pathway completeness from the cited publication"
421,pesticide_data.xlsx,CURATED_BIODEGRADATION_ONLY,Fenpropathrin,Sphingobium sp. JQL4-5(JQL4-5-mpd),Fenpropathrin ,Experimental evidence,Wastewater,Not specified,2010,Hydrolases,Methyl parathion hydrolase,mpd,10.1016/j.jenvman.2010.06.010,1,No,DOI,format_valid,No,"Verify substrate, product, reaction order, step evidence, and pathway completeness from the cited publication"
422,pesticide_data.xlsx,CURATED_BIODEGRADATION_ONLY,Fenpropathrin,Clostridium species strain ZP3,Fenpropathrin ,Experimental evidence,Not specified,Not specified,2011,,,,10.1007/s10532-010-9444-y,1,No,DOI,format_valid,No,"Verify substrate, product, reaction order, step evidence, and pathway completeness from the cited publication"
423,pesticide_data.xlsx,CURATED_BIODEGRADATION_ONLY,Fenpropathrin,Bacillus sp. DG-02,Fenpropathrin ,Experimental evidence,Culture Collection,China,2014,,,,10.1021/jf404908j,1,No,DOI,format_valid,No,"Verify substrate, product, reaction order, step evidence, and pathway completeness from the cited publication"
424,pesticide_data.xlsx,CURATED_BIODEGRADATION_ONLY,Fenpropathrin, Bacillus cereus ZH-3,Fenpropathrin ,Experimental evidence,Activated sludge,Not specified,2015,,,,10.1016/j.scitotenv.2015.03.124,1,No,DOI,format_valid,No,"Verify substrate, product, reaction order, step evidence, and pathway completeness from the cited publication"
425,pesticide_data.xlsx,CURATED_BIODEGRADATION_ONLY,Mesotrione,Bacillus sp. 3B6,Mesotrione ,Experimental evidence,Water ,France,2006,,,,10.1002/rcm.2627,1,No,DOI,format_valid,No,"Verify substrate, product, reaction order, step evidence, and pathway completeness from the cited publication"
426,pesticide_data.xlsx,CURATED_BIODEGRADATION_ONLY,Mesotrione,Bacillus sp. 3B6,Mesotrione ,Experimental evidence,Water ,France,2006,,,,10.1111/j.1472-765X.2006.01923.x,1,No,DOI,format_valid,No,"Verify substrate, product, reaction order, step evidence, and pathway completeness from the cited publication"
427,pesticide_data.xlsx,CURATED_BIODEGRADATION_ONLY,Mesotrione,Pantoea ananatis,Mesotrione ,Experimental evidence,Water ,Brazil,2012,,,,10.1016/j.chemosphere.2011.12.041,1,No,DOI,format_valid,No,"Verify substrate, product, reaction order, step evidence, and pathway completeness from the cited publication"
428,pesticide_data.xlsx,CURATED_BIODEGRADATION_ONLY,Mesotrione,Amycolatopsis nivea La24,Mesotrione ,Experimental evidence,Agriculture soil,China,2024,Oxidoreductases,Nitroreductase,,10.1016/j.jhazmat.2024.134951,1,No,DOI,format_valid,No,"Verify substrate, product, reaction order, step evidence, and pathway completeness from the cited publication"
429,pesticide_data.xlsx,CURATED_BIODEGRADATION_ONLY,Pendimethalin,Bacillus subtilis Y3,Pendimethalin ,Experimental evidence,Culture collection strain,Not specified,2016,Oxidoreductases,Pendimethalin nitroreductase,pnr,10.1128/AEM.01771-16,1,No,DOI,format_valid,No,"Verify substrate, product, reaction order, step evidence, and pathway completeness from the cited publication"
430,pesticide_data.xlsx,CURATED_BIODEGRADATION_ONLY,Pendimethalin,Bacillus subtilis Y3,Pendimethalin ,Experimental evidence,Culture collection strain,Not specified,2019,Oxidoreductases,Nitroreductase,lnr,10.1021/acs.jafc.9b04354,1,No,DOI,format_valid,No,"Verify substrate, product, reaction order, step evidence, and pathway completeness from the cited publication"
431,pesticide_data.xlsx,CURATED_BIODEGRADATION_ONLY,Pendimethalin,Bacillus subtilis Y3-Δpnr,Pendimethalin ,Experimental evidence,Culture collection strain,Not specified,2019,Oxidoreductases,Nitroreductase,lnr,10.1021/acs.jafc.9b04354,1,No,DOI,format_valid,No,"Verify substrate, product, reaction order, step evidence, and pathway completeness from the cited publication"
432,pesticide_data.xlsx,CURATED_BIODEGRADATION_ONLY,Pendimethalin,Bacillus subtilis Y3-Δlnr,Pendimethalin ,Experimental evidence,Culture collection strain,Not specified,2019,Oxidoreductases,Nitroreductase,lnr,10.1021/acs.jafc.9b04354,1,No,DOI,format_valid,No,"Verify substrate, product, reaction order, step evidence, and pathway completeness from the cited publication"
433,pesticide_data.xlsx,CURATED_BIODEGRADATION_ONLY,Pendimethalin,Bacillus subtilis Y3-ΔpnrΔlnr,Pendimethalin ,Experimental evidence,Culture collection strain,Not specified,2019,Oxidoreductases,Nitroreductase,lnr,10.1021/acs.jafc.9b04354,1,No,DOI,format_valid,No,"Verify substrate, product, reaction order, step evidence, and pathway completeness from the cited publication"
434,pesticide_data.xlsx,CURATED_BIODEGRADATION_ONLY,Pendimethalin,Bacillus subtilis Y3,Pendimethalin ,Experimental evidence,Contaminated soil,China,2016,,,,10.1016/j.jes.2015.04.035,1,No,DOI,format_valid,No,"Verify substrate, product, reaction order, step evidence, and pathway completeness from the cited publication"
435,pesticide_data.xlsx,CURATED_BIODEGRADATION_ONLY,Pendimethalin,Paracoccus sp. P13,Pendimethalin ,Experimental evidence,Agriculture soil,China,2018,,,,10.1007/s00284-018-1494-0,1,No,DOI,format_valid,No,"Verify substrate, product, reaction order, step evidence, and pathway completeness from the cited publication"
436,pesticide_data.xlsx,CURATED_BIODEGRADATION_ONLY,Acephate,Bacillus paramycoides NDZ,Acephate ,Experimental evidence,Agriculture soil,China,2021,Hydrolases,Organophosphorus hydrolase,,10.1007/s11274-020-02931-1,1,No,DOI,format_valid,No,"Verify substrate, product, reaction order, step evidence, and pathway completeness from the cited publication"
437,pesticide_data.xlsx,CURATED_BIODEGRADATION_ONLY,Acephate,Pseudomonas aeruginosa Is-6,Acephate ,Experimental evidence,Agriculture soil,India,2014,,,,10.1080/03601234.2013.836868,1,No,DOI,format_valid,No,"Verify substrate, product, reaction order, step evidence, and pathway completeness from the cited publication"
438,pesticide_data.xlsx,CURATED_BIODEGRADATION_ONLY,Acephate,Pseudomonas pseudoalcaligenes PS-5,Acephate ,Experimental evidence,Contaminated soil,India,2017,,,,10.1007/s13205-017-0900-9,1,No,DOI,format_valid,No,"Verify substrate, product, reaction order, step evidence, and pathway completeness from the cited publication"
439,pesticide_data.xlsx,CURATED_BIODEGRADATION_ONLY,Acephate,Enterobacter asburiae,Acephate ,Experimental evidence,Insect gut,India,2016,,,,PMID: 27498509,1,No,PMID,format_valid,No,"Verify substrate, product, reaction order, step evidence, and pathway completeness from the cited publication"
440,pesticide_data.xlsx,CURATED_BIODEGRADATION_ONLY,Acephate,Bacillus cereus,Acephate ,Experimental evidence,Insect gut,India,2016,,,,PMID: 27498509,1,No,PMID,format_valid,No,"Verify substrate, product, reaction order, step evidence, and pathway completeness from the cited publication"
441,pesticide_data.xlsx,CURATED_BIODEGRADATION_ONLY,Acephate,Pantoea agglomerans,Acephate ,Experimental evidence,Insect gut,India,2016,,,,PMID: 27498509,1,No,PMID,format_valid,No,"Verify substrate, product, reaction order, step evidence, and pathway completeness from the cited publication"
442,pesticide_data.xlsx,CURATED_BIODEGRADATION_ONLY,Phosphonic acid,Arthrobacter atrocyaneus ATCC 13752,Phosphonic acid,Experimental evidence,Soil,Not specified,1979,Lyases,C–P lyase,,10.1128/aem.54.5.1293-1296.1988,1,No,DOI,format_valid,No,"Verify substrate, product, reaction order, step evidence, and pathway completeness from the cited publication"
443,pesticide_data.xlsx,CURATED_BIODEGRADATION_ONLY,Phosphonic acid,Ochrobactrum sp. BTU1,Phosphonic acid,Experimental evidence,Activated sludge,Czech Republic,2009,Lyases,C–P lyase,,10.1016/j.micres.2024.127600,1,No,DOI,format_valid,No,"Verify substrate, product, reaction order, step evidence, and pathway completeness from the cited publication"
444,pesticide_data.xlsx,CURATED_BIODEGRADATION_ONLY,Phosphonic acid,Escherichia coli,Phosphonic acid,Experimental evidence,Laboratory strain,Not specified,1991,Lyases,C–P lyase,phnC–phnP,10.1128/JB.01131-09,1,No,DOI,format_valid,No,"Verify substrate, product, reaction order, step evidence, and pathway completeness from the cited publication"
445,pesticide_data.xlsx,CURATED_BIODEGRADATION_ONLY,Phosphonic acid,Enzyme stydy,Phosphonic acid,Enzymatic evidence,Not specified,Not specified,2016,Dioxygenases,Iron(II)- and 2-(oxo)glutarate-dependent oxygenase,"TmpA, TmpB.",10.1021/acs.biochem.9b00044,1,No,DOI,format_valid,No,"Verify substrate, product, reaction order, step evidence, and pathway completeness from the cited publication"
446,pesticide_data.xlsx,CURATED_BIODEGRADATION_ONLY,Phosphonic acid,Sinorhizobium meliloti 1021,Phosphonic acid,Experimental evidence,Soil,Not specified,2003,Oxidoreductases,Phosphonoacetaldehyde dehydrogenase," phnW, phnA, and phnY",10.1074/jbc.M111.237735,1,No,DOI,format_valid,No,"Verify substrate, product, reaction order, step evidence, and pathway completeness from the cited publication"
447,pesticide_data.xlsx,CURATED_BIODEGRADATION_ONLY,Phosphonic acid,Sinorhizobium meliloti 1021,Phosphonic acid,Experimental evidence,Soil,Not specified,2003,Hydrolases,Phosphonoacetate hydrolase,,10.1074/jbc.M111.237735,1,No,DOI,format_valid,No,"Verify substrate, product, reaction order, step evidence, and pathway completeness from the cited publication"
448,pesticide_data.xlsx,CURATED_BIODEGRADATION_ONLY,Phosphonic acid,Aspergillus flavus,Phosphonic acid,Experimental evidence,Agriculture soil,Not specified,2008,Phosphatases,Phosphatases,,10.1007/BF02816226,1,No,DOI,format_valid,No,"Verify substrate, product, reaction order, step evidence, and pathway completeness from the cited publication"
449,pesticide_data.xlsx,CURATED_BIODEGRADATION_ONLY,Phosphonic acid,Aspergillus flavus,Phosphonic acid,Experimental evidence,Agriculture soil,Not specified,2008,Hydrolases,Esterases,,10.1007/BF02816226,1,No,DOI,format_valid,No,"Verify substrate, product, reaction order, step evidence, and pathway completeness from the cited publication"
450,pesticide_data.xlsx,CURATED_BIODEGRADATION_ONLY,Phosphonic acid,Aspergillus sydowii,Phosphonic acid,Experimental evidence,Agriculture soil,Not specified,2008,Phosphatases,Phosphatases,,10.1007/BF02816226,1,No,DOI,format_valid,No,"Verify substrate, product, reaction order, step evidence, and pathway completeness from the cited publication"
451,pesticide_data.xlsx,CURATED_BIODEGRADATION_ONLY,Phosphonic acid,Aspergillus sydowii,Phosphonic acid,Experimental evidence,Agriculture soil,Not specified,2008,Hydrolases,Esterases,,10.1007/BF02816226,1,No,DOI,format_valid,No,"Verify substrate, product, reaction order, step evidence, and pathway completeness from the cited publication"
452,pesticide_data.xlsx,CURATED_BIODEGRADATION_ONLY,Phosphonic acid,Fusarium oxysporum (DSMZ 2018),Phosphonic acid,Experimental evidence,DSMZ collection,Not specified,2013,Oxidoreductases,Oxidative enzymes,,10.1155/2013/927361,1,No,DOI,format_valid,No,"Verify substrate, product, reaction order, step evidence, and pathway completeness from the cited publication"
453,pesticide_data.xlsx,CURATED_BIODEGRADATION_ONLY,Phosphonic acid,Fusarium culmorum (DSMZ 1094),Phosphonic acid,Experimental evidence,DSMZ collection,Not specified,2013,Oxidoreductases,Oxidative enzymes,,10.1155/2013/927361,1,No,DOI,format_valid,No,"Verify substrate, product, reaction order, step evidence, and pathway completeness from the cited publication"
454,pesticide_data.xlsx,CURATED_BIODEGRADATION_ONLY,Phosphonic acid,Escherichia coli,Phosphonic acid,Experimental evidence,Laboratory strain,Not specified,1987,Lyases,C–P lyase,phn operon,10.1128/jb.92.3.623-627.1966,1,No,DOI,format_valid,No,"Verify substrate, product, reaction order, step evidence, and pathway completeness from the cited publication"
455,pesticide_data.xlsx,CURATED_BIODEGRADATION_ONLY,Phosphonic acid,Escherichia coli,Phosphonic acid,Experimental evidence,Laboratory strain,Not specified,1992,Lyases,C–P lyase complex,"PhnC, PhnD,PhnE, PhnG, PhnH, PhnI, PhnJ, PhnK, PhnL, and PhnM",10.1128/jb.175.11.3430-3442.1993,1,No,DOI,format_valid,No,"Verify substrate, product, reaction order, step evidence, and pathway completeness from the cited publication"
456,pesticide_data.xlsx,CURATED_BIODEGRADATION_ONLY,Profenofos,Enterobacter cloacae strain MUG75,Profenofos ,Experimental evidence,rhizosphere soil,Pakistan,2021,,,,10.1080/15226514.2021.1952927,1,No,DOI,format_valid,No,"Verify substrate, product, reaction order, step evidence, and pathway completeness from the cited publication"
457,pesticide_data.xlsx,CURATED_BIODEGRADATION_ONLY,Profenofos,Pseudomonas aeruginosa strain OW,Profenofos ,Experimental evidence,Contaminated soil,China,2009,Hydrolases,Organophosphate hydrolase / esterase,,10.1016/S1001-0742(08)62460-2,1,No,DOI,format_valid,No,"Verify substrate, product, reaction order, step evidence, and pathway completeness from the cited publication"
458,pesticide_data.xlsx,CURATED_BIODEGRADATION_ONLY,Profenofos,Bacillus sp. PF1,Profenofos ,Experimental evidence,Agriculture soil,India,2014,Hydrolases,Esterase,,10.1080/09593330.2021.1976282,2,Yes,DOI,format_valid,No,"Verify substrate, product, reaction order, step evidence, and pathway completeness from the cited publication"
459,pesticide_data.xlsx,CURATED_BIODEGRADATION_ONLY,Profenofos,Pseudomonas sp.,Profenofos ,Experimental evidence,Contaminated soil,India,2012,,,,10.1590/S1517-838220090004000021,1,No,DOI,format_valid,No,"Verify substrate, product, reaction order, step evidence, and pathway completeness from the cited publication"
460,pesticide_data.xlsx,CURATED_BIODEGRADATION_ONLY,Profenofos,Burkholderia sp.,Profenofos ,Experimental evidence,Contaminated soil,India,2012,,,,10.1590/S1517-838220090004000021,1,No,DOI,format_valid,No,"Verify substrate, product, reaction order, step evidence, and pathway completeness from the cited publication"
461,pesticide_data.xlsx,CURATED_BIODEGRADATION_ONLY,Profenofos,Cupriavidus nantongensis X1ᵀ,Profenofos ,Experimental evidence,Activated sludge,China,2020,Hydrolases,Organophosphate hydrolase,OpdB,10.1021/acs.jafc.0c00132,1,No,DOI,format_valid,No,"Verify substrate, product, reaction order, step evidence, and pathway completeness from the cited publication"
462,pesticide_data.xlsx,CURATED_BIODEGRADATION_ONLY,Profenofos,Cupriavidus nantongensis X1ᵀ,Profenofos ,Experimental evidence,Activated sludge,China,2023,Hydrolases,Organophosphate hydrolase,OpdB,10.3390/ijms24066003,1,No,DOI,format_valid,No,"Verify substrate, product, reaction order, step evidence, and pathway completeness from the cited publication"
463,pesticide_data.xlsx,CURATED_BIODEGRADATION_ONLY,Profenofos,Cupriavidus nantongensis X1ᵀ,Profenofos ,Experimental evidence,Activated sludge,China,2023,Hydrolases,Organophosphate hydrolase,OpdB,10.1016/j.scitotenv.2022.160782,1,No,DOI,format_valid,No,"Verify substrate, product, reaction order, step evidence, and pathway completeness from the cited publication"
464,pesticide_data.xlsx,CURATED_BIODEGRADATION_ONLY,Profenofos,Bacillus subtilis strains DR-39,Profenofos ,Experimental evidence,Grape rhizosphere,India,2013,Hydrolases,Esterase,,10.1021/jf400528d,2,Yes,DOI,format_valid,No,"Verify substrate, product, reaction order, step evidence, and pathway completeness from the cited publication"
465,pesticide_data.xlsx,CURATED_BIODEGRADATION_ONLY,Profenofos,Bacillus subtilis strains DR-39,Profenofos ,Experimental evidence,Grape rhizosphere,India,2013,Hydrolases,Phosphotriesterase,,10.1021/jf400528d,2,Yes,DOI,format_valid,No,"Verify substrate, product, reaction order, step evidence, and pathway completeness from the cited publication"
466,pesticide_data.xlsx,CURATED_BIODEGRADATION_ONLY,Profenofos,Bacillus subtilis strains CS-126,Profenofos ,Experimental evidence,Grape rhizosphere,India,2013,Hydrolases,Esterase,,10.1021/jf400528d,2,Yes,DOI,format_valid,No,"Verify substrate, product, reaction order, step evidence, and pathway completeness from the cited publication"
467,pesticide_data.xlsx,CURATED_BIODEGRADATION_ONLY,Profenofos,Bacillus subtilis strains CS-126,Profenofos ,Experimental evidence,Grape rhizosphere,India,2013,Hydrolases,Phosphotriesterase,,10.1021/jf400528d,2,Yes,DOI,format_valid,No,"Verify substrate, product, reaction order, step evidence, and pathway completeness from the cited publication"
468,pesticide_data.xlsx,CURATED_BIODEGRADATION_ONLY,Profenofos,Bacillus subtilis strains TL-171,Profenofos ,Experimental evidence,Grape rhizosphere,India,2013,Hydrolases,Esterase,,10.1021/jf400528d,2,Yes,DOI,format_valid,No,"Verify substrate, product, reaction order, step evidence, and pathway completeness from the cited publication"
469,pesticide_data.xlsx,CURATED_BIODEGRADATION_ONLY,Profenofos,Bacillus subtilis strains TL-171,Profenofos ,Experimental evidence,Grape rhizosphere,India,2013,Hydrolases,Phosphotriesterase,,10.1021/jf400528d,2,Yes,DOI,format_valid,No,"Verify substrate, product, reaction order, step evidence, and pathway completeness from the cited publication"
470,pesticide_data.xlsx,CURATED_BIODEGRADATION_ONLY,Profenofos,Bacillus subtilis strains TS-204,Profenofos ,Experimental evidence,Grape rhizosphere,India,2013,Hydrolases,Esterase,,10.1021/jf400528d,2,Yes,DOI,format_valid,No,"Verify substrate, product, reaction order, step evidence, and pathway completeness from the cited publication"
471,pesticide_data.xlsx,CURATED_BIODEGRADATION_ONLY,Profenofos,Bacillus subtilis strains TS-204,Profenofos ,Experimental evidence,Grape rhizosphere,India,2013,Hydrolases,Phosphotriesterase,,10.1021/jf400528d,2,Yes,DOI,format_valid,No,"Verify substrate, product, reaction order, step evidence, and pathway completeness from the cited publication"
472,pesticide_data.xlsx,CURATED_BIODEGRADATION_ONLY,Profenofos,Pseudoxanthomonas suwonensis strain HNM,Profenofos ,Experimental evidence,Contaminated soil,India,2015,,,,10.1002/jobm.201400978,1,No,DOI,format_valid,No,"Verify substrate, product, reaction order, step evidence, and pathway completeness from the cited publication"
473,pesticide_data.xlsx,CURATED_BIODEGRADATION_ONLY,Profenofos,Bacillus sp. PF1,Profenofos ,Experimental evidence,Agriculture soil,India,2021,Hydrolases,Esterase,,10.1080/09593330.2021.1976282,2,Yes,DOI,format_valid,No,"Verify substrate, product, reaction order, step evidence, and pathway completeness from the cited publication"
474,pesticide_data.xlsx,CURATED_BIODEGRADATION_ONLY,Profenofos,Pseudomonas plecoglossicida strain PF1,Profenofos ,Experimental evidence,Contaminated soil,India,2020,,,,10.1016/j.ecoenv.2019.110129,1,No,DOI,format_valid,No,"Verify substrate, product, reaction order, step evidence, and pathway completeness from the cited publication"
475,pesticide_data.xlsx,CURATED_BIODEGRADATION_ONLY,Profenofos,Cupriavidus nantongensis X1ᵀ,Profenofos ,Experimental evidence,Activated sludge,China,2023,Hydrolases,Organophosphate hydrolase,OpdB,10.1016/j.jhazmat.2024.133750,1,No,DOI,format_valid,No,"Verify substrate, product, reaction order, step evidence, and pathway completeness from the cited publication"
476,pesticide_data.xlsx,CURATED_BIODEGRADATION_ONLY,Profenofos,Pseudomonas plecoglossicida,Profenofos ,Experimental evidence,Contaminated soil,Thailand,2014,,,,10.1007/s11356-014-3354-1,1,No,DOI,format_valid,No,"Verify substrate, product, reaction order, step evidence, and pathway completeness from the cited publication"
477,pesticide_data.xlsx,CURATED_BIODEGRADATION_ONLY,Profenofos,Pseudomonas aeruginosa,Profenofos ,Experimental evidence,Contaminated soil,Thailand,2014,,,,10.1007/s11356-014-3354-1,1,No,DOI,format_valid,No,"Verify substrate, product, reaction order, step evidence, and pathway completeness from the cited publication"
478,pesticide_data.xlsx,CURATED_BIODEGRADATION_ONLY,Paraquat,Pseudomonas geniculata strain PQ01,Paraquat,Experimental evidence,Agricultural soil,China,2020,,,,10.3389/fmicb.2020.02003 ,1,No,DOI,format_valid,No,"Verify substrate, product, reaction order, step evidence, and pathway completeness from the cited publication"
479,pesticide_data.xlsx,CURATED_BIODEGRADATION_ONLY,Paraquat,Pseudomonas putida TISTR 1522,Paraquat,Experimental evidence,Culture collection strain,Not specified,2023,,,,10.3390/toxics11070638,1,No,DOI,format_valid,No,"Verify substrate, product, reaction order, step evidence, and pathway completeness from the cited publication"
480,pesticide_data.xlsx,CURATED_BIODEGRADATION_ONLY,Paraquat,Bacillus subtilis TISTR 1248,Paraquat,Experimental evidence,Culture collection strain,Not specified,2023,,,,10.3390/toxics11070638,1,No,DOI,format_valid,No,"Verify substrate, product, reaction order, step evidence, and pathway completeness from the cited publication"
481,pesticide_data.xlsx,CURATED_BIODEGRADATION_ONLY,Paraquat,Aspergillus tamarii PRPY-2,Paraquat,Experimental evidence,Contaminated soil,Thiland,2020,,,,10.1111/lam.13439,1,No,DOI,format_valid,No,"Verify substrate, product, reaction order, step evidence, and pathway completeness from the cited publication"
482,pesticide_data.xlsx,CURATED_BIODEGRADATION_ONLY,Paraquat,Cunninghamella sp. PFCM-1 ,Paraquat,Experimental evidence,Contaminated soil,Thailand,2020,,,,10.1111/lam.13439,1,No,DOI,format_valid,No,"Verify substrate, product, reaction order, step evidence, and pathway completeness from the cited publication"
483,pesticide_data.xlsx,CURATED_BIODEGRADATION_ONLY,Fenitrothion,Burkholderia sp. FDS-1,Fenitrothion,Experimental evidence,Wastewater,China,2006,Hydrolases,Organophosphorus hydrolase,mpd,10.1007/s10532-005-7130-2,1,No,DOI,format_valid,No,"Verify substrate, product, reaction order, step evidence, and pathway completeness from the cited publication"
484,pesticide_data.xlsx,CURATED_BIODEGRADATION_ONLY,Fenitrothion,Burkholderia sp. NF100,Fenitrothion,Experimental evidence,Contaminated soil,Japan,2000,Hydrolases,Organophosphorus hydrolase,"pNF1, pNF2",10.1128/AEM.66.4.1737-1740.2000,1,No,DOI,format_valid,No,"Verify substrate, product, reaction order, step evidence, and pathway completeness from the cited publication"
485,pesticide_data.xlsx,CURATED_BIODEGRADATION_ONLY,Fenitrothion,Cunninghamella elegans ATCC 36112,Fenitrothion,Experimental evidence,Culture collection strain,USA,2017,Oxidoreductases,Fungal oxidative & hydrolytic enzymes,,10.1021/acs.jafc.7b04273,1,No,DOI,format_valid,No,"Verify substrate, product, reaction order, step evidence, and pathway completeness from the cited publication"
486,pesticide_data.xlsx,CURATED_BIODEGRADATION_ONLY,Pyraclostrobin,Hyphomicrobium sp. DY-1,Pyraclostrobin ,Experimental evidence,Agriculture soil,China,2021,Hydrolases,Detoxification esterase (esterase family VII),strH,10.1128/AEM.00103-21,1,No,DOI,format_valid,No,"Verify substrate, product, reaction order, step evidence, and pathway completeness from the cited publication"
487,pesticide_data.xlsx,CURATED_BIODEGRADATION_ONLY,Pyraclostrobin,Burkholderia sp. Pyr-1,Pyraclostrobin ,Experimental evidence,Activated sludge,China,2024,,,,10.1016/j.envpol.2024.123833,1,No,DOI,format_valid,No,"Verify substrate, product, reaction order, step evidence, and pathway completeness from the cited publication"
488,pesticide_data.xlsx,CURATED_BIODEGRADATION_ONLY,Triazophos,Bacillus sp. TAP-1,Triazophos ,Experimental evidence,Contaminated water,China,2012,,,,10.1016/j.micres.2011.10.004,1,No,DOI,format_valid,No,"Verify substrate, product, reaction order, step evidence, and pathway completeness from the cited publication"
489,pesticide_data.xlsx,CURATED_BIODEGRADATION_ONLY,Triazophos,Klebsiella sp. E6,Triazophos ,Experimental evidence,Contaminated soil,China,2005,,,,10.1016/j.femsle.2005.09.044,1,No,DOI,format_valid,No,"Verify substrate, product, reaction order, step evidence, and pathway completeness from the cited publication"
490,pesticide_data.xlsx,CURATED_BIODEGRADATION_ONLY,Triazophos,Bacillus thuringiensis MB497,Triazophos ,Experimental evidence,Soil,Pakistan,2020,Phosphatases,Acidic organophosphorus phosphatase (OPP),,10.1016/j.heliyon.2020.e04221,2,Yes,DOI,format_valid,No,"Verify substrate, product, reaction order, step evidence, and pathway completeness from the cited publication"
491,pesticide_data.xlsx,CURATED_BIODEGRADATION_ONLY,Triazophos,Bacillus thuringiensis MB497,Triazophos ,Experimental evidence,Soil,Pakistan,2020,Phosphatases,Alkaline organophosphorus phosphatase (OPP),,10.1016/j.heliyon.2020.e04221,2,Yes,DOI,format_valid,No,"Verify substrate, product, reaction order, step evidence, and pathway completeness from the cited publication"
492,pesticide_data.xlsx,CURATED_BIODEGRADATION_ONLY,Triazophos,Diaphorobacter sp. TPD-1,Triazophos ,Experimental evidence,Contaminated soil,China,2011,Not specified,Hydrolytic enzymes (functional),,10.1007/s00284-010-9859-z,1,No,DOI,format_valid,No,"Verify substrate, product, reaction order, step evidence, and pathway completeness from the cited publication"
493,pesticide_data.xlsx,CURATED_BIODEGRADATION_ONLY,Triazophos,Burkholderia sp. SZL-1,Triazophos ,Experimental evidence,Contaminated soil,China,2016,Hydrolases,Triazophos hydrolase,trhA,10.1093/femsle/fnw108,1,No,DOI,format_valid,No,"Verify substrate, product, reaction order, step evidence, and pathway completeness from the cited publication"
494,pesticide_data.xlsx,CURATED_BIODEGRADATION_ONLY,Triazophos,Bacillus amyloliquefaciens YP6,Triazophos ,Experimental evidence,Soil,China,2019,Phosphatases,Alkaline phosphatase (AP3) (EC 3.1.3.1),Not specified,10.1080/03601234.2019.1571363,1,No,DOI,format_valid,No,"Verify substrate, product, reaction order, step evidence, and pathway completeness from the cited publication"
495,pesticide_data.xlsx,CURATED_BIODEGRADATION_ONLY,Triazophos,Enterobacter sp. Z1,Triazophos ,Experimental evidence,Wastewater,China,2020,,,"oph, paaC",10.1016/j.chemosphere.2020.128054,1,No,DOI,format_valid,No,"Verify substrate, product, reaction order, step evidence, and pathway completeness from the cited publication"
496,pesticide_data.xlsx,CURATED_BIODEGRADATION_ONLY,Triazophos,"Pseudomonas 
kilonensis MB490",Triazophos ,Experimental evidence,Agriculture soil,Pakistan,2020,,,,10.1080/03601234.2020.1823171,1,No,DOI,format_valid,No,"Verify substrate, product, reaction order, step evidence, and pathway completeness from the cited publication"
497,pesticide_data.xlsx,CURATED_BIODEGRADATION_ONLY,Triazophos,Pseudomonas kilonensis MB498,Triazophos ,Experimental evidence,Agriculture soil,Pakistan,2020,,,,10.1080/03601234.2020.1823171,1,No,DOI,format_valid,No,"Verify substrate, product, reaction order, step evidence, and pathway completeness from the cited publication"
498,pesticide_data.xlsx,CURATED_BIODEGRADATION_ONLY,Triazophos,Pseudomonas sp. MB504,Triazophos ,Experimental evidence,Agriculture soil,Pakistan,2020,,,,10.1080/03601234.2020.1823171,1,No,DOI,format_valid,No,"Verify substrate, product, reaction order, step evidence, and pathway completeness from the cited publication"
499,pesticide_data.xlsx,CURATED_BIODEGRADATION_ONLY,Triazophos,Cupriavidus nantongensis X1ᵀ,Triazophos ,Experimental evidence,Activated sludge,China,2019,Hydrolases,Organophosphorus hydrolase,opdB,10.1021/acs.jafc.9b06157,1,No,DOI,format_valid,No,"Verify substrate, product, reaction order, step evidence, and pathway completeness from the cited publication"
500,pesticide_data.xlsx,CURATED_BIODEGRADATION_ONLY,Thiabendazole,Sphingomonas phylotype (B13),Thiabendazole ,Experimental evidence,Wastewater,Greece,2017,,,,10.1007/s00253-017-8128-5,1,No,DOI,format_valid,No,"Verify substrate, product, reaction order, step evidence, and pathway completeness from the cited publication"
501,pesticide_data.xlsx,CURATED_BIODEGRADATION_ONLY,Diphenylamine,Burkholderia sp. JS667,Diphenylamine ,Experimental evidence,Contaminated sediment,USA,2009,Dioxygenases,Multicomponent ring-hydroxylating dioxygenase,"dpaAa, tdnC",10.1128/AEM.02198-08,1,No,DOI,format_valid,No,"Verify substrate, product, reaction order, step evidence, and pathway completeness from the cited publication"
502,pesticide_data.xlsx,CURATED_BIODEGRADATION_ONLY,Diphenylamine,Desulfovibrio sp. strain SHV,Diphenylamine ,Experimental evidence,Marine sediment,Germany,1998,,,,10.1007/PL00006754,1,No,DOI,format_valid,No,"Verify substrate, product, reaction order, step evidence, and pathway completeness from the cited publication"
503,pesticide_data.xlsx,CURATED_BIODEGRADATION_ONLY,Diphenylamine,Desulfococcus multivorans DSM 2059,Diphenylamine ,Experimental evidence,Marine sediment,Germany,1995,,,,10.1128/aem.61.9.3282-3287.1995,1,No,DOI,format_valid,No,"Verify substrate, product, reaction order, step evidence, and pathway completeness from the cited publication"
504,pesticide_data.xlsx,CURATED_BIODEGRADATION_ONLY,Diphenylamine, Desulfobacterium anilini DSM 4660,Diphenylamine ,Experimental evidence,Marine sediment,Germany,1995,,,,10.1128/aem.61.9.3282-3287.1995,1,No,DOI,format_valid,No,"Verify substrate, product, reaction order, step evidence, and pathway completeness from the cited publication"
505,pesticide_data.xlsx,CURATED_BIODEGRADATION_ONLY,Metalaxyl,Syncephalastrum racemosum,Metalaxyl,Experimental evidence,Agriculture soil,Spain,1997,,,,10.1128/aem.55.1.66-71.1989,1,No,DOI,format_valid,No,"Verify substrate, product, reaction order, step evidence, and pathway completeness from the cited publication"
506,pesticide_data.xlsx,CURATED_BIODEGRADATION_ONLY,Metalaxyl,Gongronella sp.,Metalaxyl,Experimental evidence,Not specified,Not specified,2017,,,,10.3390/molecules22122225,1,No,DOI,format_valid,No,"Verify substrate, product, reaction order, step evidence, and pathway completeness from the cited publication"
507,pesticide_data.xlsx,CURATED_BIODEGRADATION_ONLY,Metalaxyl,Rhizopus oryzae,Metalaxyl,Experimental evidence,Not specified,Not specified,2017,,,,10.3390/molecules22122225,1,No,DOI,format_valid,No,"Verify substrate, product, reaction order, step evidence, and pathway completeness from the cited publication"
508,pesticide_data.xlsx,CURATED_BIODEGRADATION_ONLY,Metalaxyl,Brevibacillus brevis,Metalaxyl,Experimental evidence,Agriculture soil,Germany,2013,,,,10.1002/chir.22158,1,No,DOI,format_valid,No,"Verify substrate, product, reaction order, step evidence, and pathway completeness from the cited publication"
509,pesticide_data.xlsx,CURATED_BIODEGRADATION_ONLY,Metalaxyl,Candida tropicalis,Metalaxyl,Experimental evidence,Conataminated soil,Not specified,2020,,,,10.1007/s00284-020-02121-0,1,No,DOI,format_valid,No,"Verify substrate, product, reaction order, step evidence, and pathway completeness from the cited publication"
510,pesticide_data.xlsx,CURATED_BIODEGRADATION_ONLY,Metalaxyl,Penicillium sp. 1,Metalaxyl,Experimental evidence,Agriculture soil,Portugal,2013,,,,10.1007/s00244-013-9877-5,1,No,DOI,format_valid,No,"Verify substrate, product, reaction order, step evidence, and pathway completeness from the cited publication"
511,pesticide_data.xlsx,CURATED_BIODEGRADATION_ONLY,Metalaxyl,Penicillium sp. 2,Metalaxyl,Experimental evidence,Agriculture soil,Portugal,2013,,,,10.1007/s00244-013-9877-5,1,No,DOI,format_valid,No,"Verify substrate, product, reaction order, step evidence, and pathway completeness from the cited publication"
512,pesticide_data.xlsx,CURATED_BIODEGRADATION_ONLY,Metalaxyl,Mycelium sterila 1,Metalaxyl,Experimental evidence,Agriculture soil,Portugal,2013,,,,10.1007/s00244-013-9877-5,1,No,DOI,format_valid,No,"Verify substrate, product, reaction order, step evidence, and pathway completeness from the cited publication"
513,pesticide_data.xlsx,CURATED_BIODEGRADATION_ONLY,Metalaxyl,Gongronella sp.,Metalaxyl,Experimental evidence,Agriculture soil,Portugal,2013,,,,10.1007/s00244-013-9877-5,1,No,DOI,format_valid,No,"Verify substrate, product, reaction order, step evidence, and pathway completeness from the cited publication"
514,pesticide_data.xlsx,CURATED_BIODEGRADATION_ONLY,Metalaxyl,Rhizopus stolonifer,Metalaxyl,Experimental evidence,Agriculture soil,Portugal,2013,,,,10.1007/s00244-013-9877-5,1,No,DOI,format_valid,No,"Verify substrate, product, reaction order, step evidence, and pathway completeness from the cited publication"
515,pesticide_data.xlsx,CURATED_BIODEGRADATION_ONLY,Bentazone,Trametes versicolor,Bentazone ,Experimental evidence,Culture collection strain,USA,2021,Peroxidases,Laccase ,,10.1016/j.jhazmat.2020.124476,1,No,DOI,format_valid,No,"Verify substrate, product, reaction order, step evidence, and pathway completeness from the cited publication"
516,pesticide_data.xlsx,CURATED_BIODEGRADATION_ONLY,Bentazone,Trametes versicolor,Bentazone ,Experimental evidence,Culture collection strain,USA,2021,P450,Cytochrome P450,,10.1016/j.jhazmat.2020.124476,1,No,DOI,format_valid,No,"Verify substrate, product, reaction order, step evidence, and pathway completeness from the cited publication"
517,pesticide_data.xlsx,CURATED_BIODEGRADATION_ONLY,Aldrin and Dieldrin,Pleurotus ostreatus,Aldrin and Dieldrin ,Experimental evidence,Culture collection strain,Japan ,2017,,,,10.1007/s00284-016-1184-8,1,No,DOI,format_valid,No,"Verify substrate, product, reaction order, step evidence, and pathway completeness from the cited publication"
518,pesticide_data.xlsx,CURATED_BIODEGRADATION_ONLY,Aldrin and Dieldrin,Wood-rot,Aldrin and Dieldrin ,Experimental evidence,Not specified,Not specified,2010,,,,10.1002/ps.1958,1,No,DOI,format_valid,No,"Verify substrate, product, reaction order, step evidence, and pathway completeness from the cited publication"
519,pesticide_data.xlsx,CURATED_BIODEGRADATION_ONLY,Aldrin and Dieldrin,Phlebia acanthocystis,Aldrin and Dieldrin ,Experimental evidence,Culture collection strain,Japan,2011,,,,10.1016/j.chemosphere.2011.06.028,1,No,DOI,format_valid,No,"Verify substrate, product, reaction order, step evidence, and pathway completeness from the cited publication"
520,pesticide_data.xlsx,CURATED_BIODEGRADATION_ONLY,Aldrin and Dieldrin,Phlebia brevispora,Aldrin and Dieldrin ,Experimental evidence,Culture collection strain,Japan,2011,,,,10.1016/j.chemosphere.2011.06.028,1,No,DOI,format_valid,No,"Verify substrate, product, reaction order, step evidence, and pathway completeness from the cited publication"
521,pesticide_data.xlsx,CURATED_BIODEGRADATION_ONLY,Aldrin and Dieldrin,Phlebia aurea,Aldrin and Dieldrin ,Experimental evidence,Culture collection strain,Japan,1971,,,,10.1016/j.chemosphere.2011.06.028,1,No,DOI,format_valid,No,"Verify substrate, product, reaction order, step evidence, and pathway completeness from the cited publication"
522,pesticide_data.xlsx,CURATED_BIODEGRADATION_ONLY,Aldrin and Dieldrin,Trichoderma koningi,Aldrin and Dieldrin ,Experimental evidence,Agriculture soil,Not specified,1971,,,,10.1007/BF01796853,1,No,DOI,format_valid,No,"Verify substrate, product, reaction order, step evidence, and pathway completeness from the cited publication"
523,pesticide_data.xlsx,CURATED_BIODEGRADATION_ONLY,Aldrin and Dieldrin,Phanerochaete chrysosporium,Aldrin and Dieldrin ,Experimental evidence,Laboratory strain,USA,1990,,,,10.1128/aem.56.8.2347-2353.1990,1,No,DOI,format_valid,No,"Verify substrate, product, reaction order, step evidence, and pathway completeness from the cited publication"
524,pesticide_data.xlsx,CURATED_BIODEGRADATION_ONLY,Aldrin and Dieldrin,Mucor racemosus strain DDF,Aldrin and Dieldrin ,Experimental evidence,Contaminated soil,Not specified,2018,,,,10.1584/jpestics.J18-03,1,No,DOI,format_valid,No,"Verify substrate, product, reaction order, step evidence, and pathway completeness from the cited publication"
525,pesticide_data.xlsx,CURATED_BIODEGRADATION_ONLY,Aldrin and Dieldrin,Aerobacter aerogenes,Aldrin and Dieldrin ,Experimental evidence,Laboratory strain,USA,1968,Hydrolases,Epoxide hydrolase,,10.1128/am.16.4.661-662.1968,1,No,DOI,format_valid,No,"Verify substrate, product, reaction order, step evidence, and pathway completeness from the cited publication"
526,pesticide_data.xlsx,CURATED_BIODEGRADATION_ONLY,Aldrin and Dieldrin,Clostridium sp.,Aldrin and Dieldrin ,Experimental evidence,River sediment,Taiwan,2005,,,,10.1016/j.chemosphere.2005.02.018,1,No,DOI,format_valid,No,"Verify substrate, product, reaction order, step evidence, and pathway completeness from the cited publication"
527,pesticide_data.xlsx,CURATED_BIODEGRADATION_ONLY,Aldrin and Dieldrin,Acidaminobacter sp.,Aldrin and Dieldrin ,Experimental evidence,River sediment,Taiwan,2005,,,,10.1016/j.chemosphere.2005.02.018,1,No,DOI,format_valid,No,"Verify substrate, product, reaction order, step evidence, and pathway completeness from the cited publication"
528,pesticide_data.xlsx,CURATED_BIODEGRADATION_ONLY,Aldrin and Dieldrin,Bacillus sp.,Aldrin and Dieldrin,Experimental evidence,Agriculture soil,Not specified,1977,Monooxygenases,Epoxidase-like ,,10.1128/aem.34.1.7-13.1977,1,No,DOI,format_valid,No,"Verify substrate, product, reaction order, step evidence, and pathway completeness from the cited publication"
529,pesticide_data.xlsx,CURATED_BIODEGRADATION_ONLY,Aldrin and Dieldrin,Micromonospora sp.,Aldrin and Dieldrin,Experimental evidence,Agriculture soil,Not specified,1977,Monooxygenases,Epoxidase-like ,,10.1128/aem.34.1.7-13.1977,1,No,DOI,format_valid,No,"Verify substrate, product, reaction order, step evidence, and pathway completeness from the cited publication"
530,pesticide_data.xlsx,CURATED_BIODEGRADATION_ONLY,Aldrin and Dieldrin,Mycobacterium sp.,Aldrin and Dieldrin,Experimental evidence,Agriculture soil,Not specified,1977,Monooxygenases,Epoxidase-like ,,10.1128/aem.34.1.7-13.1977,1,No,DOI,format_valid,No,"Verify substrate, product, reaction order, step evidence, and pathway completeness from the cited publication"
531,pesticide_data.xlsx,CURATED_BIODEGRADATION_ONLY,Aldrin and Dieldrin,Nocardia sp.,Aldrin and Dieldrin,Experimental evidence,Agriculture soil,Not specified,1977,Monooxygenases,Epoxidase-like ,,10.1128/aem.34.1.7-13.1977,1,No,DOI,format_valid,No,"Verify substrate, product, reaction order, step evidence, and pathway completeness from the cited publication"
532,pesticide_data.xlsx,CURATED_BIODEGRADATION_ONLY,Aldrin and Dieldrin,Streptomyces sp. ,Aldrin and Dieldrin,Experimental evidence,Agriculture soil,Not specified,1977,Monooxygenases,Epoxidase-like ,,10.1128/aem.34.1.7-13.1977,1,No,DOI,format_valid,No,"Verify substrate, product, reaction order, step evidence, and pathway completeness from the cited publication"
533,pesticide_data.xlsx,CURATED_BIODEGRADATION_ONLY,Aldrin and Dieldrin,Thermoactinomyces sp.,Aldrin and Dieldrin,Experimental evidence,Agriculture soil,Not specified,1977,Monooxygenases,Epoxidase-like ,,10.1128/aem.34.1.7-13.1977,1,No,DOI,format_valid,No,"Verify substrate, product, reaction order, step evidence, and pathway completeness from the cited publication"
534,pesticide_data.xlsx,CURATED_BIODEGRADATION_ONLY,Aldrin and Dieldrin,Pseudomonas  sp.,Aldrin and Dieldrin,Experimental evidence,Agriculture soil,Not specified,1977,Monooxygenases,Epoxidase-like ,,10.1128/aem.34.1.7-13.1977,1,No,DOI,format_valid,No,"Verify substrate, product, reaction order, step evidence, and pathway completeness from the cited publication"
535,pesticide_data.xlsx,CURATED_BIODEGRADATION_ONLY,Aldrin and Dieldrin,Pseudomonas fluorescens,Aldrin and Dieldrin,Experimental evidence,Laboratory strain,Not specified,2006,,,,10.1080/03601230600701700,1,No,DOI,format_valid,No,"Verify substrate, product, reaction order, step evidence, and pathway completeness from the cited publication"
536,pesticide_data.xlsx,CURATED_BIODEGRADATION_ONLY,Propylene oxide,Xanthobacter strain Py2,Propylene oxide,Experimental evidence,Not specified,Not specified,1995,,,,10.1128/jb.177.21.6170-6175.1995,1,No,DOI,format_valid,No,"Verify substrate, product, reaction order, step evidence, and pathway completeness from the cited publication"
537,pesticide_data.xlsx,CURATED_BIODEGRADATION_ONLY,Propylene oxide,Xanthobacter strain Py2,Propylene oxide,Experimental evidence,Not specified,Not specified,1995,,,,10.1128/aem.61.4.1507-1513.1995,1,No,DOI,format_valid,No,"Verify substrate, product, reaction order, step evidence, and pathway completeness from the cited publication"
538,pesticide_data.xlsx,CURATED_BIODEGRADATION_ONLY,Propylene oxide,Xanthobacter strain Py2,Propylene oxide,Enzymatic evidence,Not specified,Not specified,1996,Oxidoreductases,Pyridine nucleotide-disulfide oxidoreductase,,10.1128/jb.178.22.6644-6646.1996,1,No,DOI,format_valid,No,"Verify substrate, product, reaction order, step evidence, and pathway completeness from the cited publication"
539,pesticide_data.xlsx,CURATED_BIODEGRADATION_ONLY,Chlorantraniliprole,Pseudomonas sp. GW13,Chlorantraniliprole ,Experimental evidence,Agricultural soil,China,2019,Amidases,Amidase,,10.3390/bioengineering6040106,1,No,DOI,format_valid,No,"Verify substrate, product, reaction order, step evidence, and pathway completeness from the cited publication"
540,pesticide_data.xlsx,CURATED_BIODEGRADATION_ONLY,Chlorantraniliprole,Enterococcus mundtii E14,Chlorantraniliprole ,Experimental evidence,Insect gut,China,2024,,,,10.1016/j.pestbp.2024.106060,1,No,DOI,format_valid,No,"Verify substrate, product, reaction order, step evidence, and pathway completeness from the cited publication"
541,pesticide_data.xlsx,CURATED_BIODEGRADATION_ONLY,Dicamba,Pseudomonas paucimobilis,Dicamba ,Experimental evidence,Water ,USA,1995,Oxidoreductases,Dicamba demethylase,,10.1007/BF01569952,1,No,DOI,format_valid,No,"Verify substrate, product, reaction order, step evidence, and pathway completeness from the cited publication"
542,pesticide_data.xlsx,CURATED_BIODEGRADATION_ONLY,Dicamba,Rhizorhabdus dicambivorans Ndbn-20,Dicamba ,Experimental evidence,Agricultural soil,China,2020,Dioxygenases,"Gentisate 1,2-dioxygenase", DsmD and GtdA,10.1021/acs.jafc.0c01523,1,No,DOI,format_valid,No,"Verify substrate, product, reaction order, step evidence, and pathway completeness from the cited publication"
543,pesticide_data.xlsx,CURATED_BIODEGRADATION_ONLY,Dicamba,Pseudomonas maltophilia DI-6,Dicamba ,Enzymatic evidence,Soil,USA,1997,Monooxygenases,Dicamba monooxygenase,"ddmA, ddmB, ddmC",10.1128/aem.63.4.1623-1626.1997,1,No,DOI,format_valid,No,"Verify substrate, product, reaction order, step evidence, and pathway completeness from the cited publication"
544,pesticide_data.xlsx,CURATED_BIODEGRADATION_ONLY,Dicamba,Stenotrophomonas maltophilia DI-6,Dicamba ,Enzymatic evidence,Soil,USA,2009,Monooxygenases,Dicamba monooxygenase,dmo,10.1016/j.jmb.2009.07.021,1,No,DOI,format_valid,No,"Verify substrate, product, reaction order, step evidence, and pathway completeness from the cited publication"
545,pesticide_data.xlsx,CURATED_BIODEGRADATION_ONLY,Dicamba,Rhizorhabdus dicambivorans Ndbn-20 ,Dicamba ,Enzymatic evidence,Contaminated soil,China,2022,Oxidoreductases,THF-dependent demethylase,dmt06,10.3389/fmicb.2022.978577,1,No,DOI,format_valid,No,"Verify substrate, product, reaction order, step evidence, and pathway completeness from the cited publication"
546,pesticide_data.xlsx,CURATED_BIODEGRADATION_ONLY,Bifenthrin,Pseudomonas sp. CB2,Bifenthrin ,Experimental evidence,Activated sludge,China,2018,,,,10.1080/03601234.2018.1431458,1,No,DOI,format_valid,No,"Verify substrate, product, reaction order, step evidence, and pathway completeness from the cited publication"
547,pesticide_data.xlsx,CURATED_BIODEGRADATION_ONLY,Bifenthrin,Candida pelliculosa ZS-02,Bifenthrin ,Experimental evidence,Not specified,China,2012,Hydrolases,Esterase,,10.1371/journal.pone.0030862,1,No,DOI,format_valid,No,"Verify substrate, product, reaction order, step evidence, and pathway completeness from the cited publication"
548,pesticide_data.xlsx,CURATED_BIODEGRADATION_ONLY,Bifenthrin,Penicillium chrysogenum PC,Bifenthrin ,Experimental evidence,Laboratory strain,Pakistan,2023,Hydrolases,Esterase,,10.21203/rs.3.rs-2442920/v1,1,No,DOI,format_valid,No,"Verify substrate, product, reaction order, step evidence, and pathway completeness from the cited publication"
549,pesticide_data.xlsx,CURATED_BIODEGRADATION_ONLY,Bifenthrin,Pseudomonas aeruginosa PAO1,Bifenthrin ,Experimental evidence,Laboratory strain,China,2025,Hydrolases,Esterase,estA,10.1016/j.envint.2024.109221,1,No,DOI,format_valid,No,"Verify substrate, product, reaction order, step evidence, and pathway completeness from the cited publication"
550,pesticide_data.xlsx,CURATED_BIODEGRADATION_ONLY,Fipronil,Rhodococcus sp. FIP_B3,Fipronil,Experimental evidence,Agricultural soil,India,2025,P450,Cytochrome P450,CYP450 family genes,10.1016/j.envpol.2024.125320,1,No,DOI,format_valid,No,"Verify substrate, product, reaction order, step evidence, and pathway completeness from the cited publication"
551,pesticide_data.xlsx,CURATED_BIODEGRADATION_ONLY,Fipronil,Rhodococcus sp. FIP_B4,Fipronil,Experimental evidence,Agricultural soil,India,2025,Dehalogenases,Dehalogenase,,10.1016/j.envpol.2024.125320,1,No,DOI,format_valid,No,"Verify substrate, product, reaction order, step evidence, and pathway completeness from the cited publication"
552,pesticide_data.xlsx,CURATED_BIODEGRADATION_ONLY,Fipronil,Pseudomonas sp. FIP_A4,Fipronil,Experimental evidence,Contaminated soil,India,2024,P450,Cytochrome P450,CYP450-like genes,10.1016/j.chemosphere.2024.142944,1,No,DOI,format_valid,No,"Verify substrate, product, reaction order, step evidence, and pathway completeness from the cited publication"
553,pesticide_data.xlsx,CURATED_BIODEGRADATION_ONLY,Fipronil,Pseudomonas sp. FIP_A4,Fipronil,Experimental evidence,Contaminated soil,India,2024,Dioxygenases,Dioxygenase,,10.1016/j.chemosphere.2024.142944,1,No,DOI,format_valid,No,"Verify substrate, product, reaction order, step evidence, and pathway completeness from the cited publication"
554,pesticide_data.xlsx,CURATED_BIODEGRADATION_ONLY,Fipronil,Streptomyces rochei AJAG7 (NR),Fipronil,Experimental evidence,Contaminated soil,India,2019,,,,10.1016/j.pestbp.2019.01.011,1,No,DOI,format_valid,No,"Verify substrate, product, reaction order, step evidence, and pathway completeness from the cited publication"
555,pesticide_data.xlsx,CURATED_BIODEGRADATION_ONLY,Fipronil,Enterobacter chengduensis G2.8,Fipronil,Experimental evidence,Agricultural soil,China,2023,Hydrolases,Esterase,,10.3390/life13091935,1,No,DOI,format_valid,No,"Verify substrate, product, reaction order, step evidence, and pathway completeness from the cited publication"
556,pesticide_data.xlsx,CURATED_BIODEGRADATION_ONLY,Fipronil,Bacillus sp. FA4,Fipronil,Experimental evidence,Contaminated soil,India,2021,Hydrolases,Esterase,,10.1016/j.chemosphere.2021.130156,1,No,DOI,format_valid,No,"Verify substrate, product, reaction order, step evidence, and pathway completeness from the cited publication"
557,pesticide_data.xlsx,CURATED_BIODEGRADATION_ONLY,Fipronil,Bacillus firmus,Fipronil,Experimental evidence,Agircultural soil,India,2014,Peroxidases,Laccase,,10.1016/j.chemosphere.2013.11.043,1,No,DOI,format_valid,No,"Verify substrate, product, reaction order, step evidence, and pathway completeness from the cited publication"
558,pesticide_data.xlsx,CURATED_BIODEGRADATION_ONLY,Fipronil,Aspergillus glaucus strain AJAG1,Fipronil,Experimental evidence,Agricultural soil,India,2017,Peroxidases,Laccase,,10.1007/s13205-017-0820-8,2,Yes,DOI,format_valid,No,"Verify substrate, product, reaction order, step evidence, and pathway completeness from the cited publication"
559,pesticide_data.xlsx,CURATED_BIODEGRADATION_ONLY,Fipronil,Aspergillus glaucus strain AJAG1,Fipronil,Experimental evidence,Agricultural soil,India,2017,Peroxidases,Peroxidase,,10.1007/s13205-017-0820-8,2,Yes,DOI,format_valid,No,"Verify substrate, product, reaction order, step evidence, and pathway completeness from the cited publication"
560,pesticide_data.xlsx,CURATED_BIODEGRADATION_ONLY,Azoxystrobin,Ochrobactrum anthropi Strain SH14,Azoxystrobin ,Experimental evidence,Activated sludge,Not specified,2020,,,,10.3390/microorganisms8050625,1,No,DOI,format_valid,No,"Verify substrate, product, reaction order, step evidence, and pathway completeness from the cited publication"
561,pesticide_data.xlsx,CURATED_BIODEGRADATION_ONLY,Azoxystrobin,Hyphomicrobium sp. DY-1,Azoxystrobin ,Experimental evidence,Agricultural soil,China,2021,Hydrolases,Esterase,StrH ,10.1128/AEM.00103-21,1,No,DOI,format_valid,No,"Verify substrate, product, reaction order, step evidence, and pathway completeness from the cited publication"
562,pesticide_data.xlsx,CURATED_BIODEGRADATION_ONLY,Azoxystrobin,Bacillus subtilis MK101,Azoxystrobin ,Experimental evidence,Contaminated soil ,Not specified,2023,,,"benC, pcaG, pcaH",10.1016/j.scitotenv.2023.164375,1,No,DOI,format_valid,No,"Verify substrate, product, reaction order, step evidence, and pathway completeness from the cited publication"
563,pesticide_data.xlsx,CURATED_BIODEGRADATION_ONLY,Azoxystrobin,Pseudomonas kermanshahensis MK113,Azoxystrobin ,Experimental evidence,Contaminated soil ,Not specified,2023,,,"benC, pcaG, pcaH",10.1016/j.scitotenv.2023.164375,1,No,DOI,format_valid,No,"Verify substrate, product, reaction order, step evidence, and pathway completeness from the cited publication"
564,pesticide_data.xlsx,CURATED_BIODEGRADATION_ONLY,Azoxystrobin,Rhodococcus fascians MK144 ,Azoxystrobin ,Experimental evidence,Contaminated soil ,Not specified,2023,,,"benC, pcaG, pcaH",10.1016/j.scitotenv.2023.164375,1,No,DOI,format_valid,No,"Verify substrate, product, reaction order, step evidence, and pathway completeness from the cited publication"
565,pesticide_data.xlsx,CURATED_BIODEGRADATION_ONLY,Azoxystrobin,Rhodanobacter sp. (CCH1),Azoxystrobin ,Experimental evidence,Contaminated soil ,Not specified,2014,,,,10.1016/j.chemosphere.2013.09.048,1,No,DOI,format_valid,No,"Verify substrate, product, reaction order, step evidence, and pathway completeness from the cited publication"
566,pesticide_data.xlsx,CURATED_BIODEGRADATION_ONLY,Azoxystrobin,Cupriavidus sp. (CCH2),Azoxystrobin ,Experimental evidence,Contaminated soil ,Not specified,2014,,,,10.1016/j.chemosphere.2013.09.048,1,No,DOI,format_valid,No,"Verify substrate, product, reaction order, step evidence, and pathway completeness from the cited publication"
567,pesticide_data.xlsx,CURATED_BIODEGRADATION_ONLY,Azoxystrobin,Bacillus sp. LM655314.1,Azoxystrobin ,Experimental evidence,Contaminated soil ,Poland,2017,Dehalogenases,Dehydrogenases,,10.1007/s11270-016-3200-9,1,No,DOI,format_valid,No,"Verify substrate, product, reaction order, step evidence, and pathway completeness from the cited publication"
568,pesticide_data.xlsx,CURATED_BIODEGRADATION_ONLY,Azoxystrobin,Bacillus sp. LM655314.1,Azoxystrobin ,Experimental evidence,Contaminated soil ,Poland,2017,Oxidoreductases,Catalase,,10.1007/s11270-016-3200-9,1,No,DOI,format_valid,No,"Verify substrate, product, reaction order, step evidence, and pathway completeness from the cited publication"
569,pesticide_data.xlsx,CURATED_BIODEGRADATION_ONLY,Azoxystrobin,Bacillus sp. LM655314.1,Azoxystrobin ,Experimental evidence,Contaminated soil ,Poland,2017,Hydrolases,Urease,,10.1007/s11270-016-3200-9,1,No,DOI,format_valid,No,"Verify substrate, product, reaction order, step evidence, and pathway completeness from the cited publication"
570,pesticide_data.xlsx,CURATED_BIODEGRADATION_ONLY,Azoxystrobin,Bacillus sp. LM655314.1,Azoxystrobin ,Experimental evidence,Contaminated soil ,Poland,2017,Phosphotases,Acid phosphatase,,10.1007/s11270-016-3200-9,2,Yes,DOI,format_valid,No,"Verify substrate, product, reaction order, step evidence, and pathway completeness from the cited publication"
571,pesticide_data.xlsx,CURATED_BIODEGRADATION_ONLY,Azoxystrobin,Bacillus sp. LM655314.1,Azoxystrobin ,Experimental evidence,Contaminated soil ,Poland,2017,Phosphotases,Alkaline phosphatase (AP3) (EC 3.1.3.1),,10.1007/s11270-016-3200-9,2,Yes,DOI,format_valid,No,"Verify substrate, product, reaction order, step evidence, and pathway completeness from the cited publication"
572,pesticide_data.xlsx,CURATED_BIODEGRADATION_ONLY,Azoxystrobin,Bacillus cereus KC848897.1,Azoxystrobin ,Experimental evidence,Contaminated soil ,Poland,2017,Dehalogenases,Dehydrogenases,,10.1007/s11270-016-3200-9,1,No,DOI,format_valid,No,"Verify substrate, product, reaction order, step evidence, and pathway completeness from the cited publication"
573,pesticide_data.xlsx,CURATED_BIODEGRADATION_ONLY,Azoxystrobin,Bacillus cereus KC848897.1,Azoxystrobin ,Experimental evidence,Contaminated soil ,Poland,2017,Oxidoreductases,Catalase,,10.1007/s11270-016-3200-9,1,No,DOI,format_valid,No,"Verify substrate, product, reaction order, step evidence, and pathway completeness from the cited publication"
574,pesticide_data.xlsx,CURATED_BIODEGRADATION_ONLY,Azoxystrobin,Bacillus cereus KC848897.1,Azoxystrobin ,Experimental evidence,Contaminated soil ,Poland,2017,Hydrolases,Urease,,10.1007/s11270-016-3200-9,1,No,DOI,format_valid,No,"Verify substrate, product, reaction order, step evidence, and pathway completeness from the cited publication"
575,pesticide_data.xlsx,CURATED_BIODEGRADATION_ONLY,Azoxystrobin,Bacillus cereus KC848897.1,Azoxystrobin ,Experimental evidence,Contaminated soil ,Poland,2017,Phosphotases,Acid phosphatase,,10.1007/s11270-016-3200-9,2,Yes,DOI,format_valid,No,"Verify substrate, product, reaction order, step evidence, and pathway completeness from the cited publication"
576,pesticide_data.xlsx,CURATED_BIODEGRADATION_ONLY,Azoxystrobin,Bacillus cereus KC848897.1,Azoxystrobin ,Experimental evidence,Contaminated soil ,Poland,2017,Phosphotases,Alkaline phosphatase (AP3) (EC 3.1.3.1),,10.1007/s11270-016-3200-9,2,Yes,DOI,format_valid,No,"Verify substrate, product, reaction order, step evidence, and pathway completeness from the cited publication"
577,pesticide_data.xlsx,CURATED_BIODEGRADATION_ONLY,Azoxystrobin,Bacillus weihenstephanensis KF831381.1,Azoxystrobin ,Experimental evidence,Contaminated soil ,Poland,2017,Dehalogenases,Dehydrogenases,,10.1007/s11270-016-3200-9,1,No,DOI,format_valid,No,"Verify substrate, product, reaction order, step evidence, and pathway completeness from the cited publication"
578,pesticide_data.xlsx,CURATED_BIODEGRADATION_ONLY,Azoxystrobin,Bacillus weihenstephanensis KF831381.1,Azoxystrobin ,Experimental evidence,Contaminated soil ,Poland,2017,Oxidoreductases,Catalase,,10.1007/s11270-016-3200-9,1,No,DOI,format_valid,No,"Verify substrate, product, reaction order, step evidence, and pathway completeness from the cited publication"
579,pesticide_data.xlsx,CURATED_BIODEGRADATION_ONLY,Azoxystrobin,Bacillus weihenstephanensis KF831381.1,Azoxystrobin ,Experimental evidence,Contaminated soil ,Poland,2017,Hydrolases,Urease,,10.1007/s11270-016-3200-9,1,No,DOI,format_valid,No,"Verify substrate, product, reaction order, step evidence, and pathway completeness from the cited publication"
580,pesticide_data.xlsx,CURATED_BIODEGRADATION_ONLY,Azoxystrobin,Bacillus weihenstephanensis KF831381.1,Azoxystrobin ,Experimental evidence,Contaminated soil ,Poland,2017,Phosphotases,Acid phosphatase,,10.1007/s11270-016-3200-9,2,Yes,DOI,format_valid,No,"Verify substrate, product, reaction order, step evidence, and pathway completeness from the cited publication"
581,pesticide_data.xlsx,CURATED_BIODEGRADATION_ONLY,Azoxystrobin,Bacillus weihenstephanensis KF831381.1,Azoxystrobin ,Experimental evidence,Contaminated soil ,Poland,2017,Phosphotases,Alkaline phosphatase (AP3) (EC 3.1.3.1),,10.1007/s11270-016-3200-9,2,Yes,DOI,format_valid,No,"Verify substrate, product, reaction order, step evidence, and pathway completeness from the cited publication"
582,pesticide_data.xlsx,CURATED_BIODEGRADATION_ONLY,Azoxystrobin,Bacillus megaterium KJ843149.1,Azoxystrobin ,Experimental evidence,Contaminated soil ,Poland,2017,Dehalogenases,Dehydrogenases,,10.1007/s11270-016-3200-9,1,No,DOI,format_valid,No,"Verify substrate, product, reaction order, step evidence, and pathway completeness from the cited publication"
583,pesticide_data.xlsx,CURATED_BIODEGRADATION_ONLY,Azoxystrobin,Bacillus megaterium KJ843149.1,Azoxystrobin ,Experimental evidence,Contaminated soil ,Poland,2017,Oxidoreductases,Catalase,,10.1007/s11270-016-3200-9,1,No,DOI,format_valid,No,"Verify substrate, product, reaction order, step evidence, and pathway completeness from the cited publication"
584,pesticide_data.xlsx,CURATED_BIODEGRADATION_ONLY,Azoxystrobin,Bacillus megaterium KJ843149.1,Azoxystrobin ,Experimental evidence,Contaminated soil ,Poland,2017,Hydrolases,Urease,,10.1007/s11270-016-3200-9,1,No,DOI,format_valid,No,"Verify substrate, product, reaction order, step evidence, and pathway completeness from the cited publication"
585,pesticide_data.xlsx,CURATED_BIODEGRADATION_ONLY,Azoxystrobin,Bacillus megaterium KJ843149.1,Azoxystrobin ,Experimental evidence,Contaminated soil ,Poland,2017,Phosphotases,Acid phosphatase,,10.1007/s11270-016-3200-9,2,Yes,DOI,format_valid,No,"Verify substrate, product, reaction order, step evidence, and pathway completeness from the cited publication"
586,pesticide_data.xlsx,CURATED_BIODEGRADATION_ONLY,Azoxystrobin,Bacillus megaterium KJ843149.1,Azoxystrobin ,Experimental evidence,Contaminated soil ,Poland,2017,Phosphotases,Alkaline phosphatase (AP3) (EC 3.1.3.1),,10.1007/s11270-016-3200-9,2,Yes,DOI,format_valid,No,"Verify substrate, product, reaction order, step evidence, and pathway completeness from the cited publication"
587,pesticide_data.xlsx,CURATED_BIODEGRADATION_ONLY,Azoxystrobin,Aphanoascus terreus AB861677.1,Azoxystrobin ,Experimental evidence,Contaminated soil ,Poland,2017,Dehalogenases,Dehydrogenases,,10.1007/s11270-016-3200-9,1,No,DOI,format_valid,No,"Verify substrate, product, reaction order, step evidence, and pathway completeness from the cited publication"
588,pesticide_data.xlsx,CURATED_BIODEGRADATION_ONLY,Azoxystrobin,Aphanoascus terreus AB861677.1,Azoxystrobin ,Experimental evidence,Contaminated soil ,Poland,2017,Oxidoreductases,Catalase,,10.1007/s11270-016-3200-9,1,No,DOI,format_valid,No,"Verify substrate, product, reaction order, step evidence, and pathway completeness from the cited publication"
589,pesticide_data.xlsx,CURATED_BIODEGRADATION_ONLY,Azoxystrobin,Aphanoascus terreus AB861677.1,Azoxystrobin ,Experimental evidence,Contaminated soil ,Poland,2017,Hydrolases,Urease,,10.1007/s11270-016-3200-9,1,No,DOI,format_valid,No,"Verify substrate, product, reaction order, step evidence, and pathway completeness from the cited publication"
590,pesticide_data.xlsx,CURATED_BIODEGRADATION_ONLY,Azoxystrobin,Aphanoascus terreus AB861677.1,Azoxystrobin ,Experimental evidence,Contaminated soil ,Poland,2017,Phosphotases,Acid phosphatase,,10.1007/s11270-016-3200-9,2,Yes,DOI,format_valid,No,"Verify substrate, product, reaction order, step evidence, and pathway completeness from the cited publication"
591,pesticide_data.xlsx,CURATED_BIODEGRADATION_ONLY,Azoxystrobin,Aphanoascus terreus AB861677.1,Azoxystrobin ,Experimental evidence,Contaminated soil ,Poland,2017,Phosphotases,Alkaline phosphatase (AP3) (EC 3.1.3.1),,10.1007/s11270-016-3200-9,2,Yes,DOI,format_valid,No,"Verify substrate, product, reaction order, step evidence, and pathway completeness from the cited publication"
592,pesticide_data.xlsx,CURATED_BIODEGRADATION_ONLY,Azoxystrobin,Aphanoascus fulvescens JN943451.1,Azoxystrobin ,Experimental evidence,Contaminated soil ,Poland,2017,Dehalogenases,Dehydrogenases,,10.1007/s11270-016-3200-9,1,No,DOI,format_valid,No,"Verify substrate, product, reaction order, step evidence, and pathway completeness from the cited publication"
593,pesticide_data.xlsx,CURATED_BIODEGRADATION_ONLY,Azoxystrobin,Aphanoascus fulvescens JN943451.1,Azoxystrobin ,Experimental evidence,Contaminated soil ,Poland,2017,Oxidoreductases,Catalase,,10.1007/s11270-016-3200-9,1,No,DOI,format_valid,No,"Verify substrate, product, reaction order, step evidence, and pathway completeness from the cited publication"
594,pesticide_data.xlsx,CURATED_BIODEGRADATION_ONLY,Azoxystrobin,Aphanoascus fulvescens JN943451.1,Azoxystrobin ,Experimental evidence,Contaminated soil ,Poland,2017,Hydrolases,Urease,,10.1007/s11270-016-3200-9,1,No,DOI,format_valid,No,"Verify substrate, product, reaction order, step evidence, and pathway completeness from the cited publication"
595,pesticide_data.xlsx,CURATED_BIODEGRADATION_ONLY,Azoxystrobin,Aphanoascus fulvescens JN943451.2,Azoxystrobin ,Experimental evidence,Contaminated soil ,Poland,2017,Phosphotases,Acid phosphatase,,10.1007/s11270-016-3200-9,1,No,DOI,format_valid,No,"Verify substrate, product, reaction order, step evidence, and pathway completeness from the cited publication"
596,pesticide_data.xlsx,CURATED_BIODEGRADATION_ONLY,Azoxystrobin,Aphanoascus fulvescens JN943451.3,Azoxystrobin ,Experimental evidence,Contaminated soil ,Poland,2017,Phosphotases,Alkaline phosphatase (AP3) (EC 3.1.3.1),,10.1007/s11270-016-3200-9,1,No,DOI,format_valid,No,"Verify substrate, product, reaction order, step evidence, and pathway completeness from the cited publication"
597,pesticide_data.xlsx,CURATED_BIODEGRADATION_ONLY,Azoxystrobin,Bacillus licheniformis strain TAB7,Azoxystrobin ,Experimental evidence,Not specified,Not specified,2021,,,,10.1016/j.chemosphere.2021.129663,1,No,DOI,format_valid,No,"Verify substrate, product, reaction order, step evidence, and pathway completeness from the cited publication"
598,pesticide_data.xlsx,CURATED_BIODEGRADATION_ONLY,Thiacloprid,Ensifer adhaerens TMX-23,Thiacloprid,Experimental evidence,Not specified,Not specified,2021,,,"nhcA, nhpA, nhnR/nhnS, nhnH/nhnO",10.1111/jam.15172,1,No,DOI,format_valid,No,"Verify substrate, product, reaction order, step evidence, and pathway completeness from the cited publication"
599,pesticide_data.xlsx,CURATED_BIODEGRADATION_ONLY,Thiacloprid,Pseudomonas monteilii FC02,Thiacloprid,Experimental evidence,Contaminated soil,China,2022,,,,10.3389/fmicb.2022.906026,1,No,DOI,format_valid,No,"Verify substrate, product, reaction order, step evidence, and pathway completeness from the cited publication"
600,pesticide_data.xlsx,CURATED_BIODEGRADATION_ONLY,Dimethoate,Pseudomonas kilonensis MB498,Dimethoate,Experimental evidence,Agricultural soil,Pakistan,2022,,,,10.1080/03601234.2021.2017723,1,No,DOI,format_valid,No,"Verify substrate, product, reaction order, step evidence, and pathway completeness from the cited publication"
601,pesticide_data.xlsx,CURATED_BIODEGRADATION_ONLY,Dimethoate,Sphingomonas sp. DC-6,Dimethoate,Enzymatic evidence,Agricultural soil,China,2016,Hydrolases,Dimethoate amidohydrolase,dmhA,10.1007/s10529-015-2027-6,1,No,DOI,format_valid,No,"Verify substrate, product, reaction order, step evidence, and pathway completeness from the cited publication"
602,pesticide_data.xlsx,CURATED_BIODEGRADATION_ONLY,Dimethoate,Brevundimonas sp. MCM B-427,Dimethoate,Experimental evidence,Contaminated soil ,India,2004,Not specified,Organophosphorus-degrading enzymes (not purified),,10.1023/B:WIBI.0000040378.54329.18,1,No,DOI,format_valid,No,"Verify substrate, product, reaction order, step evidence, and pathway completeness from the cited publication"
603,pesticide_data.xlsx,CURATED_BIODEGRADATION_ONLY,Dimethoate,Raoultella sp. X1,Dimethoate,Experimental evidence,Agricultural soil,China,2009,,,,10.1007/s10532-008-9227-x,1,No,DOI,format_valid,No,"Verify substrate, product, reaction order, step evidence, and pathway completeness from the cited publication"
604,pesticide_data.xlsx,CURATED_BIODEGRADATION_ONLY,Dimethoate, Pseudomonas aeruginosa,Dimethoate,Enzymatic evidence,Water ,India,2008,Hydrolases,Dimethoate-degrading enzyme (unspecified esterase),,10.1007/s11274-008-9780-9,1,No,DOI,format_valid,No,"Verify substrate, product, reaction order, step evidence, and pathway completeness from the cited publication"
605,pesticide_data.xlsx,CURATED_BIODEGRADATION_ONLY,Dimethoate,Aeromonas hydrophila,Dimethoate,Enzymatic evidence,Water ,India,2008,Hydrolases,Dimethoate-degrading enzyme (unspecified esterase),,10.1007/s11274-008-9780-9,1,No,DOI,format_valid,No,"Verify substrate, product, reaction order, step evidence, and pathway completeness from the cited publication"
606,pesticide_data.xlsx,CURATED_BIODEGRADATION_ONLY,Dimethoate,Proteus mirabilis,Dimethoate,Enzymatic evidence,Water ,India,2008,Hydrolases,Dimethoate-degrading enzyme (unspecified esterase),,10.1007/s11274-008-9780-9,1,No,DOI,format_valid,No,"Verify substrate, product, reaction order, step evidence, and pathway completeness from the cited publication"
607,pesticide_data.xlsx,CURATED_BIODEGRADATION_ONLY,Dimethoate,Bacillus pumilus,Dimethoate,Enzymatic evidence,Water ,India,2008,Hydrolases,Dimethoate-degrading enzyme (unspecified esterase),,10.1007/s11274-008-9780-9,1,No,DOI,format_valid,No,"Verify substrate, product, reaction order, step evidence, and pathway completeness from the cited publication"
608,pesticide_data.xlsx,CURATED_BIODEGRADATION_ONLY,Dimethoate,Aspergillus niger ZHY256,Dimethoate,Enzymatic evidence,Sewage sludge,China,2001,Hydrolases,Dimethoate hydrolase,,10.1128/AEM.67.8.3746-3749.2001,1,No,DOI,format_valid,No,"Verify substrate, product, reaction order, step evidence, and pathway completeness from the cited publication"
609,pesticide_data.xlsx,CURATED_BIODEGRADATION_ONLY,MCPA,Comamonas acidovorans MC1,MCPA,Experimental evidence,Agriculture soil,Not specified,1999,Dioxygenases,α-ketoglutarate-dependent dioxygenase,tfdA,10.1016/S0944-5013(99)80021-4,1,No,DOI,format_valid,No,"Verify substrate, product, reaction order, step evidence, and pathway completeness from the cited publication"
610,pesticide_data.xlsx,CURATED_BIODEGRADATION_ONLY,MCPA,Cupriavidus necator AEO106 (pRO101),MCPA,Experimental evidence,Agriculture soil,Europe,2008,Dioxygenases,α-ketoglutarate-dependent dioxygenase,tfdA,10.1111/j.1462-2920.2007.01476.x,1,No,DOI,format_valid,No,"Verify substrate, product, reaction order, step evidence, and pathway completeness from the cited publication"
611,pesticide_data.xlsx,CURATED_BIODEGRADATION_ONLY,MCPA,Cupriavidus gilardii T1,MCPA,Experimental evidence,Agriculture soil,China,2022,Dioxygenases,Ether-cleaving dioxygenase,tfdA-like,10.1016/j.envpol.2022.119220,1,No,DOI,format_valid,No,"Verify substrate, product, reaction order, step evidence, and pathway completeness from the cited publication"
612,pesticide_data.xlsx,CURATED_BIODEGRADATION_ONLY,MCPA,Ralstonia eutropha JMP134,MCPA,Experimental evidence,Soil,Not specified,2002,Dioxygenases,Dioxygenases,"tfdA, tfdB, tfdC, tfdE",10.1128/jb.184.15.4054-4064.2002,1,No,DOI,format_valid,No,"Verify substrate, product, reaction order, step evidence, and pathway completeness from the cited publication"
613,pesticide_data.xlsx,CURATED_BIODEGRADATION_ONLY,MCPA,Ralstonia eutropha JMP134,MCPA,Experimental evidence,Soil,Not specified,2002,Hydrolases,Hydrolases,,10.1128/jb.184.15.4054-4064.2002,1,No,DOI,format_valid,No,"Verify substrate, product, reaction order, step evidence, and pathway completeness from the cited publication"
614,pesticide_data.xlsx,CURATED_BIODEGRADATION_ONLY,MCPA,Stenotrophomonas maltophilia PM,MCPA,Experimental evidence,Sediment,Denmark,1999,,,,10.1007/s002530000589,1,No,DOI,format_valid,No,"Verify substrate, product, reaction order, step evidence, and pathway completeness from the cited publication"
615,pesticide_data.xlsx,CURATED_BIODEGRADATION_ONLY,Imidacloprid,Pseudomonas sp. RPT 52,Imidacloprid,Experimental evidence,Agricultural soil,India,2016,,,,10.1016/j.jhazmat.2015.08.055,1,No,DOI,format_valid,No,"Verify substrate, product, reaction order, step evidence, and pathway completeness from the cited publication"
616,pesticide_data.xlsx,CURATED_BIODEGRADATION_ONLY,Imidacloprid,Mycobacterium sp. Strain MK6,Imidacloprid,Experimental evidence,Agricultural soil,Egypt,2015,Monooxygenases,Monooxygenase (proposed),,10.1021/acs.jafc.5b00754,1,No,DOI,format_valid,No,"Verify substrate, product, reaction order, step evidence, and pathway completeness from the cited publication"
617,pesticide_data.xlsx,CURATED_BIODEGRADATION_ONLY,Imidacloprid,Pseudoxanthomonas indica CGMCC 6648,Imidacloprid,Experimental evidence,Agricultural soil,China,2014,Hydrolases,Hydroxylase (proposed),,10.1080/03601234.2014.922766,1,No,DOI,format_valid,No,"Verify substrate, product, reaction order, step evidence, and pathway completeness from the cited publication"
618,pesticide_data.xlsx,CURATED_BIODEGRADATION_ONLY,Imidacloprid,Bacillus cereus,Imidacloprid,Experimental evidence,Agricultural soil,India,2023,Hydrolases,Esterase (proposed),,10.3390/bioengineering10080951,1,No,DOI,format_valid,No,"Verify substrate, product, reaction order, step evidence, and pathway completeness from the cited publication"
619,pesticide_data.xlsx,CURATED_BIODEGRADATION_ONLY,Imidacloprid,Hymenobacter latericoloratus CGMCC 16346,Imidacloprid,Experimental evidence,Surface water,China,2020,P450,Cytochrome P450 monooxygenase (implicated),,10.1186/s13568-019-0942-y,1,No,DOI,format_valid,No,"Verify substrate, product, reaction order, step evidence, and pathway completeness from the cited publication"
620,pesticide_data.xlsx,CURATED_BIODEGRADATION_ONLY,Imidacloprid,Sphingobacterium sp. InxBP1,Imidacloprid,Experimental evidence,Contaminated soil,India,2023,Monooxygenases,Nitronate monooxygenase,,10.1016/j.envpol.2023.121402,2,Yes,DOI,format_valid,No,"Verify substrate, product, reaction order, step evidence, and pathway completeness from the cited publication"
621,pesticide_data.xlsx,CURATED_BIODEGRADATION_ONLY,Imidacloprid,Sphingobacterium sp. InxBP1,Imidacloprid,Experimental evidence,Contaminated soil,India,2023,Amidohydrolase,Amidohydrolase,,10.1016/j.envpol.2023.121402,1,No,DOI,format_valid,No,"Verify substrate, product, reaction order, step evidence, and pathway completeness from the cited publication"
622,pesticide_data.xlsx,CURATED_BIODEGRADATION_ONLY,Imidacloprid,Sphingobacterium sp. InxBP1,Imidacloprid,Experimental evidence,Contaminated soil,India,2023,Monooxygenases,FAD-dependent monooxygenase,,10.1016/j.envpol.2023.121402,2,Yes,DOI,format_valid,No,"Verify substrate, product, reaction order, step evidence, and pathway completeness from the cited publication"
623,pesticide_data.xlsx,CURATED_BIODEGRADATION_ONLY,Chlorothalonil,Bacillus cereus strain NS1,Chlorothalonil,Experimental evidence,Contaminated water,USA,2007,,,,10.1016/j.scitotenv.2007.04.010,1,No,DOI,format_valid,No,"Verify substrate, product, reaction order, step evidence, and pathway completeness from the cited publication"
624,pesticide_data.xlsx,CURATED_BIODEGRADATION_ONLY,Chlorothalonil,Pseudomonas sp. Strain CDS-8,Chlorothalonil,Experimental evidence,Agricultural soil,China,2016,,,,10.1016/j.jhazmat.2016.07.063,1,No,DOI,format_valid,No,"Verify substrate, product, reaction order, step evidence, and pathway completeness from the cited publication"
625,pesticide_data.xlsx,CURATED_BIODEGRADATION_ONLY,Chlorothalonil,Stenotrophomonas acidaminiphila BJ1,Chlorothalonil,Experimental evidence,Agricultural soil,China,2017,,,,10.1186/s13568-017-0530-y,1,No,DOI,format_valid,No,"Verify substrate, product, reaction order, step evidence, and pathway completeness from the cited publication"
626,pesticide_data.xlsx,CURATED_BIODEGRADATION_ONLY,Chlorothalonil,Ochrobactrum sp. CTN-11,Chlorothalonil,Experimental evidence,Contaminated soil,China,2010,Dehalogenases,Hydrolytic dehalogenase,gst-like gene (non-functional),10.1007/s00284-010-9603-8,1,No,DOI,format_valid,No,"Verify substrate, product, reaction order, step evidence, and pathway completeness from the cited publication"
627,pesticide_data.xlsx,CURATED_BIODEGRADATION_ONLY,Chlorothalonil,Ochrobactrum lupini strain TP-D1,Chlorothalonil,Experimental evidence,Contaminated soil,China,2011,Dehalogenases,Dehalogenation system,,10.1007/s11274-010-0631-0,1,No,DOI,format_valid,No,"Verify substrate, product, reaction order, step evidence, and pathway completeness from the cited publication"
628,pesticide_data.xlsx,CURATED_BIODEGRADATION_ONLY,Chlorothalonil,Stenotrophomonas acidaminiphila BJ1,Chlorothalonil,Experimental evidence,Agricultural soil,China,2019,,,,10.1098/rsos.190562,1,No,DOI,format_valid,No,"Verify substrate, product, reaction order, step evidence, and pathway completeness from the cited publication"
629,pesticide_data.xlsx,CURATED_BIODEGRADATION_ONLY,Chlorothalonil,Paracoccus sp. XF-3,Chlorothalonil,Experimental evidence,Agricultural soil,China,2015,Dehalogenases,Hydrolytic dehalogenase,chd,10.1016/j.jbiosc.2015.03.013,1,No,DOI,format_valid,No,"Verify substrate, product, reaction order, step evidence, and pathway completeness from the cited publication"
630,pesticide_data.xlsx,CURATED_BIODEGRADATION_ONLY,Chlorothalonil,Pseudomonas sp. CTN-3,Chlorothalonil,Enzymatic evidence,Laboratory strain,China,2010,Dehalogenases,Hydrolytic Dehalogenase,Chd,10.1128/JB.01547-09,1,No,DOI,format_valid,No,"Verify substrate, product, reaction order, step evidence, and pathway completeness from the cited publication"
631,pesticide_data.xlsx,CURATED_BIODEGRADATION_ONLY,Chlorothalonil,Ochrobactrum anthropi sh35b,Chlorothalonil,Enzymatic evidence,Soil,South Korea,2004,Transferases,Glutathione S-transferase (GST),gst,10.1021/jf040047u,1,No,DOI,format_valid,No,"Verify substrate, product, reaction order, step evidence, and pathway completeness from the cited publication"
632,pesticide_data.xlsx,CURATED_BIODEGRADATION_ONLY,Chlorothalonil,Trametes versicolor,Chlorothalonil,Enzymatic evidence,White-rot fungus culture,China,2022,Peroxidases,Laccase,,10.1038/srep35787,1,No,DOI,format_valid,No,"Verify substrate, product, reaction order, step evidence, and pathway completeness from the cited publication"
633,pesticide_data.xlsx,CURATED_BIODEGRADATION_ONLY,Chlorothalonil,Metagenomics study,Chlorothalonil,Experimental evidence,Soil,India,2022,Peroxidases,laccase,,10.1016/j.micres.2022.127081,1,No,DOI,format_valid,No,"Verify substrate, product, reaction order, step evidence, and pathway completeness from the cited publication"
634,pesticide_data.xlsx,CURATED_BIODEGRADATION_ONLY,Tebuconazole,Trichoderma harzianum,Tebuconazole,Experimental evidence,Agricultural soil,Poland,2023,,,,10.1007/s11356-023-25669-3,1,No,DOI,format_valid,No,"Verify substrate, product, reaction order, step evidence, and pathway completeness from the cited publication"
635,pesticide_data.xlsx,CURATED_BIODEGRADATION_ONLY,Tebuconazole,Alcaligenes faecalis WZ-2,Tebuconazole,Experimental evidence,Contaminated soil,China,2020,,,,10.1016/j.jhazmat.2020.122941,1,No,DOI,format_valid,No,"Verify substrate, product, reaction order, step evidence, and pathway completeness from the cited publication"
636,pesticide_data.xlsx,CURATED_BIODEGRADATION_ONLY,Tebuconazole,Rhizophagus irregularis BEG 140,Tebuconazole,Experimental evidence,rhizosphere soil,Czech Republic,2024,,,"codA, NAD, deaD",10.1016/j.watres.2024.122129,1,No,DOI,format_valid,No,"Verify substrate, product, reaction order, step evidence, and pathway completeness from the cited publication"
637,pesticide_data.xlsx,CURATED_BIODEGRADATION_ONLY,Tebuconazole,Trametes versicolor ATCC 42530,Tebuconazole,Experimental evidence,Culture collection strain,Not specified,2020,Peroxidases,Laccase,,10.1016/j.ecoenv.2020.110419,1,No,DOI,format_valid,No,"Verify substrate, product, reaction order, step evidence, and pathway completeness from the cited publication"
638,pesticide_data.xlsx,CURATED_BIODEGRADATION_ONLY,Tebuconazole,Bacillus spp. ,Tebuconazole,Experimental evidence,biobed systems,Spain,2016,,,,10.1016/j.biortech.2016.04.105,1,No,DOI,format_valid,No,"Verify substrate, product, reaction order, step evidence, and pathway completeness from the cited publication"
639,pesticide_data.xlsx,CURATED_BIODEGRADATION_ONLY,Tebuconazole,Pseudomonas spp. ,Tebuconazole,Experimental evidence,biobed systems,Spain,2016,,,,10.1016/j.biortech.2016.04.105,1,No,DOI,format_valid,No,"Verify substrate, product, reaction order, step evidence, and pathway completeness from the cited publication"
640,pesticide_data.xlsx,CURATED_BIODEGRADATION_ONLY,Tebuconazole,Aspergillus spp. ,Tebuconazole,Experimental evidence,biobed systems,Spain,2016,,,,10.1016/j.biortech.2016.04.105,1,No,DOI,format_valid,No,"Verify substrate, product, reaction order, step evidence, and pathway completeness from the cited publication"
641,pesticide_data.xlsx,CURATED_BIODEGRADATION_ONLY,Tebuconazole,Fusarium spp.,Tebuconazole,Experimental evidence,biobed systems,Spain,2016,,,,10.1016/j.biortech.2016.04.105,1,No,DOI,format_valid,No,"Verify substrate, product, reaction order, step evidence, and pathway completeness from the cited publication"
642,pesticide_data.xlsx,CURATED_BIODEGRADATION_ONLY,Chlorpyrifos-methyl,Bacillus megaterium CM-Z19,Chlorpyrifos-methyl,Experimental evidence,Contaminated soil,China,2019,Phosphatases,Phosphoesterase,,10.1590/0001-3765201920180694,1,No,DOI,format_valid,No,"Verify substrate, product, reaction order, step evidence, and pathway completeness from the cited publication"
643,pesticide_data.xlsx,CURATED_BIODEGRADATION_ONLY,Chlorpyrifos-methyl,Pseudomonas syringae CM-Z6,Chlorpyrifos-methyl,Experimental evidence,Contaminated soil,China,2019,Phosphatases,Phosphoesterase,,10.1590/0001-3765201920180694,1,No,DOI,format_valid,No,"Verify substrate, product, reaction order, step evidence, and pathway completeness from the cited publication"
644,pesticide_data.xlsx,CURATED_BIODEGRADATION_ONLY,Carbendazim,Mycobacterium sp. strain djl-10,Carbendazim,Genomic evidence ,Contaminated soil,China,2017,Hydrolases,MBC-hydrolyzing esterase,mhe (mheI),10.1128/genomea.01683-16,1,No,DOI,format_valid,No,"Verify substrate, product, reaction order, step evidence, and pathway completeness from the cited publication"
645,pesticide_data.xlsx,CURATED_BIODEGRADATION_ONLY,Carbendazim,Bacillus velezensis HY-3479,Carbendazim,Experimental evidence,Rhizosphere soil,South Korea,2023,Hydrolases,Carbendazim-hydrolyzing esterase,"mheI, hdx",10.1007/s10123-023-00427-0,1,No,DOI,format_valid,No,"Verify substrate, product, reaction order, step evidence, and pathway completeness from the cited publication"
646,pesticide_data.xlsx,CURATED_BIODEGRADATION_ONLY,Carbendazim,Pseudomonas sp. CBW,Carbendazim,Experimental evidence,Agricultural soil,China,2010,,,,10.1007/s10532-010-9353-0,1,No,DOI,format_valid,No,"Verify substrate, product, reaction order, step evidence, and pathway completeness from the cited publication"
647,pesticide_data.xlsx,CURATED_BIODEGRADATION_ONLY,Carbendazim,Rhodococcus sp. djl-6,Carbendazim,Experimental evidence,Contaminated soil,China,2006,,,,10.1007/s00284-005-0474-3,1,No,DOI,format_valid,No,"Verify substrate, product, reaction order, step evidence, and pathway completeness from the cited publication"
648,pesticide_data.xlsx,CURATED_BIODEGRADATION_ONLY,Carbendazim,Klebsiella oxytoca,Carbendazim,Experimental evidence,Biofilm reactor,Mexico,2020,Hydrolases,MBC-hydrolyzing esterase,mheI,10.1007/s11356-019-07069-8,1,No,DOI,format_valid,No,"Verify substrate, product, reaction order, step evidence, and pathway completeness from the cited publication"
649,pesticide_data.xlsx,CURATED_BIODEGRADATION_ONLY,Carbendazim,Flavobacterium johnsoniae,Carbendazim,Experimental evidence,Biofilm reactor,Mexico,2020,Hydrolases,MBC-hydrolyzing esterase,mheI,10.1007/s11356-019-07069-8,1,No,DOI,format_valid,No,"Verify substrate, product, reaction order, step evidence, and pathway completeness from the cited publication"
650,pesticide_data.xlsx,CURATED_BIODEGRADATION_ONLY,Carbendazim,Stenotrophomonas maltophilia,Carbendazim,Experimental evidence,Biofilm reactor,Mexico,2020,Hydrolases,MBC-hydrolyzing esterase,mheI,10.1007/s11356-019-07069-8,1,No,DOI,format_valid,No,"Verify substrate, product, reaction order, step evidence, and pathway completeness from the cited publication"
651,pesticide_data.xlsx,CURATED_BIODEGRADATION_ONLY,Carbendazim,Mycobacterium sp. SD-4,Carbendazim,Experimental evidence,Contaminated soil,China,2017,,,mheI,10.1016/j.jhazmat.2017.02.007,1,No,DOI,format_valid,No,"Verify substrate, product, reaction order, step evidence, and pathway completeness from the cited publication"
652,pesticide_data.xlsx,CURATED_BIODEGRADATION_ONLY,Carbendazim,Rhodococcus qingshengii djl-6,Carbendazim,Enzymatic evidence,Not specified,Not specified,2022,Hydrolases,Carbendazim hydrolase,MheI ,10.1111/1462-2920.16139 ,1,No,DOI,format_valid,No,"Verify substrate, product, reaction order, step evidence, and pathway completeness from the cited publication"
653,pesticide_data.xlsx,CURATED_BIODEGRADATION_ONLY,Carbendazim,Rhodococcus jialingiae djl-6-2,Carbendazim,Enzymatic evidence,Not specified,Not specified,2022,Hydrolases,Carbendazim hydrolase,CbmA ,10.1111/1462-2920.16139 ,1,No,DOI,format_valid,No,"Verify substrate, product, reaction order, step evidence, and pathway completeness from the cited publication"
654,pesticide_data.xlsx,CURATED_BIODEGRADATION_ONLY,Carbendazim,Nocardioides sp. strain SG-4G,Carbendazim,Experimental evidence,Contaminated soil,Not specified,2010,,,native mhel:optimized mheI,10.1128/AEM.02990-09,1,No,DOI,format_valid,No,"Verify substrate, product, reaction order, step evidence, and pathway completeness from the cited publication"
655,pesticide_data.xlsx,CURATED_BIODEGRADATION_ONLY,Endosulfan,Klebsiella oxytoca KE-8,Endosulfan,Experimental evidence,Agriculture soil,China,2005,,,,10.1007/s00253-004-1879-9,1,No,DOI,format_valid,No,"Verify substrate, product, reaction order, step evidence, and pathway completeness from the cited publication"
656,pesticide_data.xlsx,CURATED_BIODEGRADATION_ONLY,Endosulfan,Pseudomonas sp. MSCAS-BT01,Endosulfan,Experimental evidence,Agriculture soil,India,2014,Hydrolases,Hydrolase,,10.1007/s12010-022-03869-w,1,No,DOI,format_valid,No,"Verify substrate, product, reaction order, step evidence, and pathway completeness from the cited publication"
657,pesticide_data.xlsx,CURATED_BIODEGRADATION_ONLY,Endosulfan,Bordetella petrii I GV 34,Endosulfan,Experimental evidence,Contaminated soil,India,2014,,,,10.1080/03601234.2015.975596,1,No,DOI,format_valid,No,"Verify substrate, product, reaction order, step evidence, and pathway completeness from the cited publication"
658,pesticide_data.xlsx,CURATED_BIODEGRADATION_ONLY,Endosulfan,Bordetella petrii II GV 36,Endosulfan,Experimental evidence,Contaminated soil,India,2014,,,,10.1080/03601234.2015.975596,1,No,DOI,format_valid,No,"Verify substrate, product, reaction order, step evidence, and pathway completeness from the cited publication"
659,pesticide_data.xlsx,CURATED_BIODEGRADATION_ONLY,Endosulfan,Klebsiella sp. M3,Endosulfan,Experimental evidence,Agricultural soil,India,2013,,,,10.1007/s00128-013-1168-3,1,No,DOI,format_valid,No,"Verify substrate, product, reaction order, step evidence, and pathway completeness from the cited publication"
660,pesticide_data.xlsx,CURATED_BIODEGRADATION_ONLY,Endosulfan,Achromobacter xylosoxidans strain CS5,Endosulfan,Experimental evidence,Activated sludge,China,2009,,,,10.1016/j.jhazmat.2008.12.111,1,No,DOI,format_valid,No,"Verify substrate, product, reaction order, step evidence, and pathway completeness from the cited publication"
661,pesticide_data.xlsx,CURATED_BIODEGRADATION_ONLY,Endosulfan,Stenotrophomonas maltophilia OG2,Endosulfan,Experimental evidence,Cockroach living in pesticide contaminated place,Not specified,2017,,,,10.1007/s13205-017-0765-y ,1,No,DOI,format_valid,No,"Verify substrate, product, reaction order, step evidence, and pathway completeness from the cited publication"
662,pesticide_data.xlsx,CURATED_BIODEGRADATION_ONLY,Endosulfan,Acinetobacter schindleri B7 ,Endosulfan,Experimental evidence,Grasshopper microflora,Not specified,2022,,,,10.1007/s00203-022-02765-5,1,No,DOI,format_valid,No,"Verify substrate, product, reaction order, step evidence, and pathway completeness from the cited publication"
663,pesticide_data.xlsx,CURATED_BIODEGRADATION_ONLY,Endosulfan,Botryosphaeria laricina JAS6,Endosulfan,Experimental evidence,Contaminated soil,India,2013,,,,10.1371/journal.pone.0077170,1,No,DOI,format_valid,No,"Verify substrate, product, reaction order, step evidence, and pathway completeness from the cited publication"
664,pesticide_data.xlsx,CURATED_BIODEGRADATION_ONLY,Endosulfan,Aspergillus tamarii JAS9,Endosulfan,Experimental evidence,Contaminated soil,India,2013,,,,10.1371/journal.pone.0077170,1,No,DOI,format_valid,No,"Verify substrate, product, reaction order, step evidence, and pathway completeness from the cited publication"
665,pesticide_data.xlsx,CURATED_BIODEGRADATION_ONLY,Endosulfan,Klebsiella pneumoniae KE-1,Endosulfan,Experimental evidence,Contaminated soil,South Korea,2002,,,,10.1016/S0378-1097(02)00954-0,1,No,DOI,format_valid,No,"Verify substrate, product, reaction order, step evidence, and pathway completeness from the cited publication"
666,pesticide_data.xlsx,CURATED_BIODEGRADATION_ONLY,Endosulfan,Pseudomonas sp. Strain IITR01,Endosulfan,Experimental evidence,Contaminated soil,India,2010,,,Non-homologous to esd,10.1111/j.1365-2672.2010.04845.x,1,No,DOI,format_valid,No,"Verify substrate, product, reaction order, step evidence, and pathway completeness from the cited publication"
667,pesticide_data.xlsx,CURATED_BIODEGRADATION_ONLY,Endosulfan,Klebsiella sp. M3,Endosulfan,Experimental evidence,Soil,India,2014,,,Endosulfan-metabolizing gene,10.1016/j.jhazmat.2013.11.061,1,No,DOI,format_valid,No,"Verify substrate, product, reaction order, step evidence, and pathway completeness from the cited publication"
668,pesticide_data.xlsx,CURATED_BIODEGRADATION_ONLY,Endosulfan,Achromobacter sp. M6,Endosulfan,Experimental evidence,Soil,India,2014,,,Endosulfan-metabolizing gene,10.1016/j.jhazmat.2013.11.061,1,No,DOI,format_valid,No,"Verify substrate, product, reaction order, step evidence, and pathway completeness from the cited publication"
669,pesticide_data.xlsx,CURATED_BIODEGRADATION_ONLY,Endosulfan,Rhodococcus sp. M2,Endosulfan,Experimental evidence,Soil,India,2014,,,Endosulfan-metabolizing gene,10.1016/j.jhazmat.2013.11.061,1,No,DOI,format_valid,No,"Verify substrate, product, reaction order, step evidence, and pathway completeness from the cited publication"
670,pesticide_data.xlsx,CURATED_BIODEGRADATION_ONLY,Endosulfan,Pseudomonas mendocina ZAM1,Endosulfan,Experimental evidence,Agriculture soil,Not specified,2017,,,,10.1007/s13205-017-0823-5,1,No,DOI,format_valid,No,"Verify substrate, product, reaction order, step evidence, and pathway completeness from the cited publication"
671,pesticide_data.xlsx,CURATED_BIODEGRADATION_ONLY,Endosulfan,Pseudomonas strain W15Feb9B,Endosulfan,Genomic evidence ,River sediment,USA,2016,,,,10.1016/j.gdata.2016.05.008,1,No,DOI,format_valid,No,"Verify substrate, product, reaction order, step evidence, and pathway completeness from the cited publication"
672,pesticide_data.xlsx,CURATED_BIODEGRADATION_ONLY,Endosulfan,Achromobacter xylosoxidans Strain C8B,Endosulfan,Experimental evidence,Agricultural soil,China,2011,Hydrolases,Hydrolase,,10.1007/s10532-010-9442-0,1,No,DOI,format_valid,No,"Verify substrate, product, reaction order, step evidence, and pathway completeness from the cited publication"
673,pesticide_data.xlsx,CURATED_BIODEGRADATION_ONLY,Endosulfan,Mortierella sp. strain W8,Endosulfan,Experimental evidence,Agricultural soil,Australia,2011,,,,10.1016/j.chemosphere.2011.08.021,1,No,DOI,format_valid,No,"Verify substrate, product, reaction order, step evidence, and pathway completeness from the cited publication"
674,pesticide_data.xlsx,CURATED_BIODEGRADATION_ONLY,Acetamiprid,Phanerochaete chrysosporium ME-446,Acetamiprid,Experimental evidence,Laboratory strain,Not specified,2019,P450,Cytochrome P450,CYP5147A3,10.1016/j.jhazmat.2019.03.042,1,No,DOI,format_valid,No,"Verify substrate, product, reaction order, step evidence, and pathway completeness from the cited publication"
675,pesticide_data.xlsx,CURATED_BIODEGRADATION_ONLY,Acetamiprid,Pigmentiphaga sp. strain AAP-1 ,Acetamiprid,Experimental evidence,Laboratory strain,China,2016,,,,10.1007/s11356-016-6482-y,1,No,DOI,format_valid,No,"Verify substrate, product, reaction order, step evidence, and pathway completeness from the cited publication"
676,pesticide_data.xlsx,CURATED_BIODEGRADATION_ONLY,Acetamiprid,Pseudoxanthomonas sp. AAP-7,Acetamiprid,Experimental evidence,Contaminated soil,China,2013,,,,10.1016/j.biortech.2013.10.008,1,No,DOI,format_valid,No,"Verify substrate, product, reaction order, step evidence, and pathway completeness from the cited publication"
677,pesticide_data.xlsx,CURATED_BIODEGRADATION_ONLY,Acetamiprid,Sphingobium sp.,Acetamiprid,Experimental evidence,Contaminated soil,China,2013,,,,10.3389/fmicb.2020.01429,1,No,DOI,format_valid,No,"Verify substrate, product, reaction order, step evidence, and pathway completeness from the cited publication"
678,pesticide_data.xlsx,CURATED_BIODEGRADATION_ONLY,Acetamiprid,Acinetobacter sp.,Acetamiprid,Experimental evidence,Contaminated soil,China,2013,,,,10.3389/fmicb.2020.01429,1,No,DOI,format_valid,No,"Verify substrate, product, reaction order, step evidence, and pathway completeness from the cited publication"
679,pesticide_data.xlsx,CURATED_BIODEGRADATION_ONLY,Acetamiprid,Afipia sp.,Acetamiprid,Experimental evidence,Contaminated soil,China,2013,,,,10.3389/fmicb.2020.01429,1,No,DOI,format_valid,No,"Verify substrate, product, reaction order, step evidence, and pathway completeness from the cited publication"
680,pesticide_data.xlsx,CURATED_BIODEGRADATION_ONLY,Acetamiprid,Stenotrophomonas sp.,Acetamiprid,Experimental evidence,Contaminated soil,China,2013,,,,10.3389/fmicb.2020.01429,1,No,DOI,format_valid,No,"Verify substrate, product, reaction order, step evidence, and pathway completeness from the cited publication"
681,pesticide_data.xlsx,CURATED_BIODEGRADATION_ONLY,Acetamiprid,Microbacterium  sp.,Acetamiprid,Experimental evidence,Contaminated soil,China,2013,,,,10.3389/fmicb.2020.01429,1,No,DOI,format_valid,No,"Verify substrate, product, reaction order, step evidence, and pathway completeness from the cited publication"
682,pesticide_data.xlsx,CURATED_BIODEGRADATION_ONLY,Acetamiprid,Fusarium sp. CS-3,Acetamiprid,Experimental evidence,Soil,China,2018,,,,10.1007/s10532-018-9855-8,1,No,DOI,format_valid,No,"Verify substrate, product, reaction order, step evidence, and pathway completeness from the cited publication"
683,pesticide_data.xlsx,CURATED_BIODEGRADATION_ONLY,Acetamiprid,Pigmentiphaga sp. strain AAP-1 ,Acetamiprid,Experimental evidence,Contaminated soil,China,2013,,,,10.1016/j.biortech.2013.03.193,1,No,DOI,format_valid,No,"Verify substrate, product, reaction order, step evidence, and pathway completeness from the cited publication"
684,pesticide_data.xlsx,CURATED_BIODEGRADATION_ONLY,Acetamiprid,Streptomyces canus CGMCC 13662,Acetamiprid,Experimental evidence,Soil,China,2019,Amidases,Nitrile hydratase,"AnhD,
9 AnhE, and AnhA",10.1021/acs.jafc.8b06513,1,No,DOI,format_valid,No,"Verify substrate, product, reaction order, step evidence, and pathway completeness from the cited publication"
685,pesticide_data.xlsx,CURATED_BIODEGRADATION_ONLY,Acetamiprid,Pigmentiphaga sp. strain D-2,Acetamiprid,Experimental evidence,Soil,China,2023,,,,10.1016/j.micres.2022.127278,1,No,DOI,format_valid,No,"Verify substrate, product, reaction order, step evidence, and pathway completeness from the cited publication"
686,pesticide_data.xlsx,CURATED_BIODEGRADATION_ONLY,Acetamiprid,Pigmentiphaga sp. strain D-2 ,Acetamiprid,Experimental evidence,Soil,China,2021,,,,10.1007/s10646-020-02336-8,1,No,DOI,format_valid,No,"Verify substrate, product, reaction order, step evidence, and pathway completeness from the cited publication"
687,pesticide_data.xlsx,CURATED_BIODEGRADATION_ONLY,Acetamiprid,Ensifer meliloti CGMCC 7333,Acetamiprid,Enzymatic evidence,Laboratory strain,China,2014,Amidases,Nitrile hydratase,Nhase,10.1021/jf503557t,1,No,DOI,format_valid,No,"Verify substrate, product, reaction order, step evidence, and pathway completeness from the cited publication"
688,pesticide_data.xlsx,CURATED_BIODEGRADATION_ONLY,Acetamiprid,Ensifer adhaerens CGMCC 6315,Acetamiprid,Experimental evidence,Soil,China,2019,Amidases,Nitrile hydratase,pnhA (highest activity),10.1021/acs.jafc.8b06154,1,No,DOI,format_valid,No,"Verify substrate, product, reaction order, step evidence, and pathway completeness from the cited publication"
689,pesticide_data.xlsx,CURATED_BIODEGRADATION_ONLY,Acetamiprid,Phanerochaete sordida YK-624,Acetamiprid,Experimental evidence,Not specified,Japan,2022,P450,Cytochrome P450s,Multiple CYP genes (11 upregulated),10.1080/09593330.2022.2026488,1,No,DOI,format_valid,No,"Verify substrate, product, reaction order, step evidence, and pathway completeness from the cited publication"
690,pesticide_data.xlsx,CURATED_BIODEGRADATION_ONLY,Acetamiprid,Pigmentiphaga sp. D-2,Acetamiprid,Experimental evidence,Contaminated water,China,2020,Amidases,Amidase ,AceAB,10.1128/AEM.02425-19,1,No,DOI,format_valid,No,"Verify substrate, product, reaction order, step evidence, and pathway completeness from the cited publication"
691,pesticide_data.xlsx,CURATED_BIODEGRADATION_ONLY,Acetamiprid,Stenotrophomonas maltophilia CGMCC 1.1788,Acetamiprid,Experimental evidence,Soil,China,2008,,,,10.1007/s10532-007-9170-2,1,No,DOI,format_valid,No,"Verify substrate, product, reaction order, step evidence, and pathway completeness from the cited publication"
692,pesticide_data.xlsx,CURATED_BIODEGRADATION_ONLY,Acetamiprid,Ochrobactrum sp. D-12,Acetamiprid,Experimental evidence,Conataminated soil,China,2013,,,,10.1371/journal.pone.0082603,1,No,DOI,format_valid,No,"Verify substrate, product, reaction order, step evidence, and pathway completeness from the cited publication"
693,pesticide_data.xlsx,CURATED_BIODEGRADATION_ONLY,Carbaryl,Pseudomonas sp. XWY-1,Carbaryl,Experimental evidence,Conataminated soil,China,2021,Hydrolases,Carbaryl hydrolase,"mcbA, mcbB-F, mcbG",10.1128/AEM.02970-20,1,No,DOI,format_valid,No,"Verify substrate, product, reaction order, step evidence, and pathway completeness from the cited publication"
694,pesticide_data.xlsx,CURATED_BIODEGRADATION_ONLY,Carbaryl,Rhizobium sp. X9,Carbaryl,Enzymatic evidence,Conataminated soil,China,2021,Hydrolases,1-naphthol hydroxylase,"CehA, CehC1, CehC2",10.1021/acs.jafc.0c03845 ,1,No,DOI,format_valid,No,"Verify substrate, product, reaction order, step evidence, and pathway completeness from the cited publication"
695,pesticide_data.xlsx,CURATED_BIODEGRADATION_ONLY,Carbaryl,Pseudomonas putida XWY-1,Carbaryl,Genomic evidence ,Soil,China,2019,Hydrolases,Carbaryl hydrolase,"mcbABCDEF, mcbIJKLM, mcbOPQ",10.1007/s00284-019-01637-4,1,No,DOI,format_valid,No,"Verify substrate, product, reaction order, step evidence, and pathway completeness from the cited publication"
696,pesticide_data.xlsx,CURATED_BIODEGRADATION_ONLY,Carbaryl,Bacillus licheniformis B-1,Carbaryl,Experimental evidence,Agricultural soil,China,2020,Phosphodiesterase,Phosphodiesterase,pde,10.1007/s10532-020-09899-7,1,No,DOI,format_valid,No,"Verify substrate, product, reaction order, step evidence, and pathway completeness from the cited publication"
697,pesticide_data.xlsx,CURATED_BIODEGRADATION_ONLY,Carbaryl,Xylaria sp. BNL1,Carbaryl,Experimental evidence,Soil,China,2020,Hydrolases,Carbaryl esterase,,10.1016/j.ecoenv.2018.10.051,1,No,DOI,format_valid,No,"Verify substrate, product, reaction order, step evidence, and pathway completeness from the cited publication"
698,pesticide_data.xlsx,CURATED_BIODEGRADATION_ONLY,Carbaryl,Xylaria sp. BNL1,Carbaryl,Experimental evidence,Soil,China,2019,P450,CYP450,,10.1016/j.ecoenv.2018.10.051,1,No,DOI,format_valid,No,"Verify substrate, product, reaction order, step evidence, and pathway completeness from the cited publication"
699,pesticide_data.xlsx,CURATED_BIODEGRADATION_ONLY,Carbaryl,Xylaria sp. BNL1,Carbaryl,Experimental evidence,Soil,China,2019,Peroxidases,Laccase,,10.1016/j.ecoenv.2018.10.051,1,No,DOI,format_valid,No,"Verify substrate, product, reaction order, step evidence, and pathway completeness from the cited publication"
700,pesticide_data.xlsx,CURATED_BIODEGRADATION_ONLY,Carbaryl,Rhizobium sp. X9,Carbaryl,Experimental evidence,Contaminated soil,China,2023,Hydrolases,Hydroxylase,"cehG, cehH, cehI, cehR4",10.1128/aem.00802-23,1,No,DOI,format_valid,No,"Verify substrate, product, reaction order, step evidence, and pathway completeness from the cited publication"
701,pesticide_data.xlsx,CURATED_BIODEGRADATION_ONLY,Carbaryl,Rhizobium sp. X9,Carbaryl,Experimental evidence,Contaminated soil,China,2023,,,,10.1128/aem.00802-23,1,No,DOI,format_valid,No,"Verify substrate, product, reaction order, step evidence, and pathway completeness from the cited publication"
702,pesticide_data.xlsx,CURATED_BIODEGRADATION_ONLY,Carbaryl,Pseudomonas sp. XWY-1,Carbaryl,Experimental evidence,Soil,China,2022,Hydrolases,Carbaryl hydrolase enzymes,"mcbG, mcbH, mcbN",10.1128/AEM.02060-21,1,No,DOI,format_valid,No,"Verify substrate, product, reaction order, step evidence, and pathway completeness from the cited publication"
703,pesticide_data.xlsx,CURATED_BIODEGRADATION_ONLY,Carbaryl,Stenotrophomonas sp. YC-1,Carbaryl,Enzymatic evidence,Contaminated soil,China,2017,Hydrolases,Carbaryl hydrolase (CH),cehA (heterologous display),10.1038/s41598-017-13788-0,1,No,DOI,format_valid,No,"Verify substrate, product, reaction order, step evidence, and pathway completeness from the cited publication"
704,pesticide_data.xlsx,CURATED_BIODEGRADATION_ONLY,Carbaryl,Pseudomonas sp. strains C5pp,Carbaryl,Enzymatic evidence,Soil,India,2018,Hydrolases,Carbaryl hydrolase,mcbA,10.1128/AEM.02115-17,1,No,DOI,format_valid,No,"Verify substrate, product, reaction order, step evidence, and pathway completeness from the cited publication"
705,pesticide_data.xlsx,CURATED_BIODEGRADATION_ONLY,Carbaryl,Pseudomonas sp. C5pp,Carbaryl,Experimental evidence,Soil,India,2018,Hydrolases,Carbaryl hydrolase,mcbA,10.1128/AEM.01866-18,1,No,DOI,format_valid,No,"Verify substrate, product, reaction order, step evidence, and pathway completeness from the cited publication"
706,pesticide_data.xlsx,CURATED_BIODEGRADATION_ONLY,Carbaryl,Blastobacter sp. M501,Carbaryl,Enzymatic evidence,Agricultural soil,Japan,1993,Hydrolases,Carbaryl hydrolase,,10.1128/AEM.59.7.2121-2125.1993,1,No,DOI,format_valid,No,"Verify substrate, product, reaction order, step evidence, and pathway completeness from the cited publication"
707,pesticide_data.xlsx,CURATED_BIODEGRADATION_ONLY,Carbaryl,Pseudomonas aeruginosa,Carbaryl,Enzymatic evidence,Soil,USA,1993,Hydrolases,Carbaryl hydrolase,,10.1128/jb.175.20.6711-6716.1993,1,No,DOI,format_valid,No,"Verify substrate, product, reaction order, step evidence, and pathway completeness from the cited publication"
708,pesticide_data.xlsx,CURATED_BIODEGRADATION_ONLY,Carbaryl,Arthrobacter sp. RC100,Carbaryl,Experimental evidence,Agricultural soil,Japan,1999,Hydrolases,Carbaryl hydrolase,,10.1128/AEM.65.3.1015-1019.1999,1,No,DOI,format_valid,No,"Verify substrate, product, reaction order, step evidence, and pathway completeness from the cited publication"
709,pesticide_data.xlsx,CURATED_BIODEGRADATION_ONLY,Thiamethoxam,Achromobacter sp.,Thiamethoxam,Experimental evidence,Agricultural soil,China,2014,,,,10.1080/03601234.2014.894761,1,No,DOI,format_valid,No,"Verify substrate, product, reaction order, step evidence, and pathway completeness from the cited publication"
710,pesticide_data.xlsx,CURATED_BIODEGRADATION_ONLY,Thiamethoxam,Agromyces sp.,Thiamethoxam,Experimental evidence,Agricultural soil,China,2014,,,,10.1080/03601234.2014.894761,1,No,DOI,format_valid,No,"Verify substrate, product, reaction order, step evidence, and pathway completeness from the cited publication"
711,pesticide_data.xlsx,CURATED_BIODEGRADATION_ONLY,Thiamethoxam,Ensifer sp.,Thiamethoxam,Experimental evidence,Agricultural soil,China,2014,,,,10.1080/03601234.2014.894761,1,No,DOI,format_valid,No,"Verify substrate, product, reaction order, step evidence, and pathway completeness from the cited publication"
712,pesticide_data.xlsx,CURATED_BIODEGRADATION_ONLY,Thiamethoxam,Mesorhizobium sp.,Thiamethoxam,Experimental evidence,Agricultural soil,China,2014,,,,10.1080/03601234.2014.894761,1,No,DOI,format_valid,No,"Verify substrate, product, reaction order, step evidence, and pathway completeness from the cited publication"
713,pesticide_data.xlsx,CURATED_BIODEGRADATION_ONLY,Thiamethoxam,Microbacterium  sp.,Thiamethoxam,Experimental evidence,Agricultural soil,China,2014,,,,10.1080/03601234.2014.894761,1,No,DOI,format_valid,No,"Verify substrate, product, reaction order, step evidence, and pathway completeness from the cited publication"
714,pesticide_data.xlsx,CURATED_BIODEGRADATION_ONLY,Thiamethoxam,Pseudoxanthomonas sp.,Thiamethoxam,Experimental evidence,Agricultural soil,China,2014,,,,10.1080/03601234.2014.894761,1,No,DOI,format_valid,No,"Verify substrate, product, reaction order, step evidence, and pathway completeness from the cited publication"
715,pesticide_data.xlsx,CURATED_BIODEGRADATION_ONLY,Thiamethoxam,Bacillus cereus strain S1,Thiamethoxam,Experimental evidence,Wastewater treatment plant,China,2024,Oxidoreductases,Demethylase ,,10.1016/j.envres.2023.117929,1,No,DOI,format_valid,No,"Verify substrate, product, reaction order, step evidence, and pathway completeness from the cited publication"
716,pesticide_data.xlsx,CURATED_BIODEGRADATION_ONLY,Thiamethoxam,Bacillus cereus strain S1,Thiamethoxam,Experimental evidence,Wastewater treatment plant,China,2024,Hydrolases,Hydrolase,,10.1016/j.envres.2023.117929,1,No,DOI,format_valid,No,"Verify substrate, product, reaction order, step evidence, and pathway completeness from the cited publication"
717,pesticide_data.xlsx,CURATED_BIODEGRADATION_ONLY,Thiamethoxam,Scenedesmus sp. TXH,Thiamethoxam,Experimental evidence,Wastewater treatment plant,China,2023,,,,10.1016/j.jenvman.2023.117388,1,No,DOI,format_valid,No,"Verify substrate, product, reaction order, step evidence, and pathway completeness from the cited publication"
718,pesticide_data.xlsx,CURATED_BIODEGRADATION_ONLY,Thiamethoxam,Phanerochaete chrysosporium,Thiamethoxam,Experimental evidence,Laboratory strain,China,2024,Peroxidases,Ligninolytic enzymes,,10.1016/j.jhazmat.2024.136327,1,No,DOI,format_valid,No,"Verify substrate, product, reaction order, step evidence, and pathway completeness from the cited publication"
719,pesticide_data.xlsx,CURATED_BIODEGRADATION_ONLY,Thiamethoxam,Phanerochaete chrysosporium,Thiamethoxam,Experimental evidence,Laboratory strain,China,2024,P450,Cytochrome P450,CYP-related genes,10.1016/j.jhazmat.2024.136327,1,No,DOI,format_valid,No,"Verify substrate, product, reaction order, step evidence, and pathway completeness from the cited publication"
720,pesticide_data.xlsx,CURATED_BIODEGRADATION_ONLY,Thiamethoxam, Acinetobacter sp.,Thiamethoxam,Experimental evidence,Wastewater ,China,2025,Oxidoreductases,Catalase,,10.1016/j.envres.2025.121813,1,No,DOI,format_valid,No,"Verify substrate, product, reaction order, step evidence, and pathway completeness from the cited publication"
721,pesticide_data.xlsx,CURATED_BIODEGRADATION_ONLY,Thiamethoxam,Delftia sp.,Thiamethoxam,Experimental evidence,Wastewater ,China,2025,Oxidoreductases,Catalase,,10.1016/j.envres.2025.121813,1,No,DOI,format_valid,No,"Verify substrate, product, reaction order, step evidence, and pathway completeness from the cited publication"
722,pesticide_data.xlsx,CURATED_BIODEGRADATION_ONLY,Thiamethoxam, Enterobacter sp. ,Thiamethoxam,Experimental evidence,Wastewater ,China,2025,Oxidoreductases,Catalase,,10.1016/j.envres.2025.121813,1,No,DOI,format_valid,No,"Verify substrate, product, reaction order, step evidence, and pathway completeness from the cited publication"
723,pesticide_data.xlsx,CURATED_BIODEGRADATION_ONLY,Thiamethoxam, Pseudomonas sp. ,Thiamethoxam,Experimental evidence,Wastewater ,China,2025,Oxidoreductases,Catalase,,10.1016/j.envres.2025.121813,1,No,DOI,format_valid,No,"Verify substrate, product, reaction order, step evidence, and pathway completeness from the cited publication"
724,pesticide_data.xlsx,CURATED_BIODEGRADATION_ONLY,Thiamethoxam,Ensifer adhaerens TMX-23,Thiamethoxam,Experimental evidence,Rhizosphere soil,China,2013,Oxidoreductases,Nitroreductase,nifH,10.1007/s00253-012-4638-3,1,No,DOI,format_valid,No,"Verify substrate, product, reaction order, step evidence, and pathway completeness from the cited publication"
725,pesticide_data.xlsx,CURATED_BIODEGRADATION_ONLY,Thiamethoxam,Labrys portucalensis F11,Thiamethoxam,Experimental evidence,Soil,Portugal,2022,Oxidoreductases,Nitro-reductase,,10.3390/ijms232214326,1,No,DOI,format_valid,No,"Verify substrate, product, reaction order, step evidence, and pathway completeness from the cited publication"
726,pesticide_data.xlsx,CURATED_BIODEGRADATION_ONLY,Thiamethoxam,Labrys portucalensis F11,Thiamethoxam,Experimental evidence,Soil,Portugal,2022,Dehalogenases,Dechlorinase,,10.3390/ijms232214326,1,No,DOI,format_valid,No,"Verify substrate, product, reaction order, step evidence, and pathway completeness from the cited publication"
727,pesticide_data.xlsx,CURATED_BIODEGRADATION_ONLY,Thiamethoxam,Phanerochaete chrysosporium,Thiamethoxam,Experimental evidence,Laboratory strain,China,2021,Peroxidases,Peroxidases,,10.1016/j.jhazmat.2021.126017,1,No,DOI,format_valid,No,"Verify substrate, product, reaction order, step evidence, and pathway completeness from the cited publication"
728,pesticide_data.xlsx,CURATED_BIODEGRADATION_ONLY,Thiamethoxam,Enterobacter cloacae TMX-6,Thiamethoxam,Experimental evidence,Plant,China,2021,,,,10.1016/j.chemosphere.2020.128751,1,No,DOI,format_valid,No,"Verify substrate, product, reaction order, step evidence, and pathway completeness from the cited publication"
729,pesticide_data.xlsx,CURATED_BIODEGRADATION_ONLY,Thiamethoxam,Pseudomonas putida IMBL 5.2,Thiamethoxam,Experimental evidence,Agricultural soil,India,2015,,,,10.1007/s10661-015-4532-4,1,No,DOI,format_valid,No,"Verify substrate, product, reaction order, step evidence, and pathway completeness from the cited publication"
730,pesticide_data.xlsx,CURATED_BIODEGRADATION_ONLY,Thiamethoxam,Bacillus aeromonas IMBL 4.1,Thiamethoxam,Experimental evidence,Agricultural soil,India,2015,,,,10.1007/s10661-015-4532-4,1,No,DOI,format_valid,No,"Verify substrate, product, reaction order, step evidence, and pathway completeness from the cited publication"
731,pesticide_data.xlsx,CURATED_BIODEGRADATION_ONLY,Lindane,Achromobacter sp. A3,Lindane,Experimental evidence,Root ,India,2019,,,,10.1080/15226514.2018.1524835,1,No,DOI,format_valid,No,"Verify substrate, product, reaction order, step evidence, and pathway completeness from the cited publication"
732,pesticide_data.xlsx,CURATED_BIODEGRADATION_ONLY,Lindane,Paracoccus sp. NITDBR1,Lindane,Experimental evidence,Agricultural soil,India,2018,,,,10.1007/s10123-018-00037-1,1,No,DOI,format_valid,No,"Verify substrate, product, reaction order, step evidence, and pathway completeness from the cited publication"
733,pesticide_data.xlsx,CURATED_BIODEGRADATION_ONLY,Lindane,Streptomyces sp. M7,Lindane,Experimental evidence,Wastewater ,Argentina,2016,Dehalogenases,Dechlorinase (implied),,10.1007/s11274-016-2037-0,1,No,DOI,format_valid,No,"Verify substrate, product, reaction order, step evidence, and pathway completeness from the cited publication"
734,pesticide_data.xlsx,CURATED_BIODEGRADATION_ONLY,Lindane,Kocuria sp. DAB-1Y,Lindane,Experimental evidence,Contaminated soil,India,2016,Dehalogenases,LinA-type dehydrochlorinase,linA,10.1186/s40643-016-0130-8,1,No,DOI,format_valid,No,"Verify substrate, product, reaction order, step evidence, and pathway completeness from the cited publication"
735,pesticide_data.xlsx,CURATED_BIODEGRADATION_ONLY,Lindane,Staphylococcus sp. DAB-1W,Lindane,Experimental evidence,Contaminated soil,India,2016,Dehalogenases,LinA-type dehydrochlorinase,linA,10.1186/s40643-016-0130-8,1,No,DOI,format_valid,No,"Verify substrate, product, reaction order, step evidence, and pathway completeness from the cited publication"
736,pesticide_data.xlsx,CURATED_BIODEGRADATION_ONLY,Lindane,Anabaena sp. PCC7120,Lindane,Experimental evidence,Water ,USA,1997,Oxidoreductases,Nitrite reductase system,"nirA, narB",10.1128/JB.179.10.3368-3370.1997,1,No,DOI,format_valid,No,"Verify substrate, product, reaction order, step evidence, and pathway completeness from the cited publication"
737,pesticide_data.xlsx,CURATED_BIODEGRADATION_ONLY,Lindane,Sphingomonas paucimobilis B90,Lindane,Enzymatic evidence,Rhizosphere soil,India,2002,Dehalogenases,HCH dehydrochlorinase,"linA, linB, linC, linD",10.1128/AEM.68.12.6021-6028.2002,1,No,DOI,format_valid,No,"Verify substrate, product, reaction order, step evidence, and pathway completeness from the cited publication"
738,pesticide_data.xlsx,CURATED_BIODEGRADATION_ONLY,Lindane,Clostridium sp. ,Lindane,Experimental evidence,Soil,Australia,1968,Dehalogenases,Dehalogenase (inferred),,10.1038/221859a0,1,No,DOI,format_valid,No,"Verify substrate, product, reaction order, step evidence, and pathway completeness from the cited publication"
739,pesticide_data.xlsx,CURATED_BIODEGRADATION_ONLY,Lindane,Pleurotus ostreatus,Lindane,Experimental evidence,Commercial strain,Greece,2005,Peroxidases,Manganese peroxidase,MnP,10.1016/j.envint.2004.09.024,1,No,DOI,format_valid,No,"Verify substrate, product, reaction order, step evidence, and pathway completeness from the cited publication"
740,pesticide_data.xlsx,CURATED_BIODEGRADATION_ONLY,Lindane,Pleurotus ostreatus,Lindane,Experimental evidence,Commercial strain,Greece,2005,Peroxidases,Laccase,,10.1016/j.envint.2004.09.024,1,No,DOI,format_valid,No,"Verify substrate, product, reaction order, step evidence, and pathway completeness from the cited publication"
741,pesticide_data.xlsx,CURATED_BIODEGRADATION_ONLY,Lindane,Fusarium sp.,Lindane,Experimental evidence,Agricultural soil,India,2011,Dehalogenases,Dehalogenase (implied),,10.1007/s11274-010-0628-8,1,No,DOI,format_valid,No,"Verify substrate, product, reaction order, step evidence, and pathway completeness from the cited publication"
742,pesticide_data.xlsx,CURATED_BIODEGRADATION_ONLY,Lindane,Trametes hirsutus,Lindane,Experimental evidence,Culture collection,India,1999,,,,10.1046/j.1365-2672.1999.00508.x,1,No,DOI,format_valid,No,"Verify substrate, product, reaction order, step evidence, and pathway completeness from the cited publication"
743,pesticide_data.xlsx,CURATED_BIODEGRADATION_ONLY,Lindane, Sphingomonas paucimobilis UT26 ,Lindane,Enzymatic evidence,Contaminated soil,Japan,1999,Dehalogenases,γ-hexachlorocyclohexane dehydrochlorinase,LinA,10.1128/JB.181.17.5409-5413.1999,1,No,DOI,format_valid,No,"Verify substrate, product, reaction order, step evidence, and pathway completeness from the cited publication"
744,pesticide_data.xlsx,CURATED_BIODEGRADATION_ONLY,Lindane, Sphingomonas paucimobilis UT26 ,Lindane,Enzymatic evidence,Contaminated soil,Japan,1999,Dehalogenases,"1,3,4,6-tetrachloro-1,4-cyclohexadiene halidohydrolase",LinB,10.1128/JB.181.17.5409-5413.1999,1,No,DOI,format_valid,No,"Verify substrate, product, reaction order, step evidence, and pathway completeness from the cited publication"
745,pesticide_data.xlsx,CURATED_BIODEGRADATION_ONLY,Lindane,Microbacterium sp. P27,Lindane,Experimental evidence,Rhizosphere soil,India,2019,Dehalogenases,Dehalogenase,,10.1007/s00284-019-01703-x,1,No,DOI,format_valid,No,"Verify substrate, product, reaction order, step evidence, and pathway completeness from the cited publication"
746,pesticide_data.xlsx,CURATED_BIODEGRADATION_ONLY,Lindane,Sphingobium sp. D4,Lindane,Experimental evidence,Contaminated soil,Spain,2022,Dehalogenases,HCH dehydrochlorinase,linA,10.1016/j.jhazmat.2022.128764,1,No,DOI,format_valid,No,"Verify substrate, product, reaction order, step evidence, and pathway completeness from the cited publication"
747,pesticide_data.xlsx,CURATED_BIODEGRADATION_ONLY,Lindane,Sphingobium sp. D4,Lindane,Experimental evidence,Contaminated soil,Spain,2022,Dehalogenases,Haloalkane Dehalogenase,linB,10.1016/j.jhazmat.2022.128764,1,No,DOI,format_valid,No,"Verify substrate, product, reaction order, step evidence, and pathway completeness from the cited publication"
748,pesticide_data.xlsx,CURATED_BIODEGRADATION_ONLY,Lindane,Cupriavidus malaysiensis,Lindane,Experimental evidence,Contaminated soil,India,2022,Dehalogenases,Dehalogenase,lin genes (discussed),10.1007/s11274-022-03284-7,1,No,DOI,format_valid,No,"Verify substrate, product, reaction order, step evidence, and pathway completeness from the cited publication"
749,pesticide_data.xlsx,CURATED_BIODEGRADATION_ONLY,Lindane,Novosphingobium barchaimii LL02,Lindane,Experimental evidence,Contaminated soil,Taiwan,2022,Dehalogenases,HCH dehydrochlorinase,linA,10.1016/j.chemosphere.2022.134063,1,No,DOI,format_valid,No,"Verify substrate, product, reaction order, step evidence, and pathway completeness from the cited publication"
750,pesticide_data.xlsx,CURATED_BIODEGRADATION_ONLY,Lindane,Novosphingobium barchaimii LL02,Lindane,Experimental evidence,Contaminated soil,Taiwan,2022,Dehalogenases,Haloalkane Dehalogenase,linB,10.1016/j.chemosphere.2022.134063,1,No,DOI,format_valid,No,"Verify substrate, product, reaction order, step evidence, and pathway completeness from the cited publication"
751,pesticide_data.xlsx,CURATED_BIODEGRADATION_ONLY,Lindane,Phanerochaete chrysosporium BKM-F-1767,Lindane,Experimental evidence,Culture collection,USA,1990,Peroxidases,Lignin peroxidase,,10.1128/aem.56.8.2347-2353.1990,1,No,DOI,format_valid,No,"Verify substrate, product, reaction order, step evidence, and pathway completeness from the cited publication"
752,pesticide_data.xlsx,CURATED_BIODEGRADATION_ONLY,Lindane,Dehalobacter spp.,Lindane,Experimental evidence,Contaminated soil,France,2021,Dehalogenases,Reductive dehalogenases,,10.1101/2020.10.25.354597,1,No,DOI,format_valid,No,"Verify substrate, product, reaction order, step evidence, and pathway completeness from the cited publication"
753,pesticide_data.xlsx,CURATED_BIODEGRADATION_ONLY,Lindane,Conidiobolus 03-1-56,Lindane,Experimental evidence,Litter,India,2008,Peroxidases,Lignin peroxidase,,10.1007/s12088-008-0013-6,1,No,DOI,format_valid,No,"Verify substrate, product, reaction order, step evidence, and pathway completeness from the cited publication"
754,pesticide_data.xlsx,CURATED_BIODEGRADATION_ONLY,Lindane,Rhodotorula sp. VITJzN03,Lindane,Experimental evidence,Agricultural soil,India,2013,Dehalogenases,Dehalogenase (implied),,10.1007/s11274-012-1201-4,1,No,DOI,format_valid,No,"Verify substrate, product, reaction order, step evidence, and pathway completeness from the cited publication"
755,pesticide_data.xlsx,CURATED_BIODEGRADATION_ONLY,Lindane,Sphingomonas sp. γ-1-7,Lindane,Experimental evidence,Contaminated soil,Belgium,2006,Dehalogenases,HCH dehydrochlorinase,LinA,10.1128/AEM.72.1.622-627.2006,1,No,DOI,format_valid,No,"Verify substrate, product, reaction order, step evidence, and pathway completeness from the cited publication"
756,pesticide_data.xlsx,CURATED_BIODEGRADATION_ONLY,Lindane,Paracoccus sp. NITDBR1 ,Lindane,Experimental evidence,Contaminated soil,India,2022,,,,10.1007/s10123-022-00232-1,1,No,DOI,format_valid,No,"Verify substrate, product, reaction order, step evidence, and pathway completeness from the cited publication"
757,pesticide_data.xlsx,CURATED_BIODEGRADATION_ONLY,Lindane,Rhodococcus rhodochrous NITDBS9,Lindane,Experimental evidence,Contaminated soil,India,2022,,,,10.1007/s10123-022-00232-1,1,No,DOI,format_valid,No,"Verify substrate, product, reaction order, step evidence, and pathway completeness from the cited publication"
758,pesticide_data.xlsx,CURATED_BIODEGRADATION_ONLY,Lindane,Ochrobactrum sp. NITDBR3,Lindane,Experimental evidence,Contaminated soil,India,2022,,,,10.1007/s10123-022-00232-1,1,No,DOI,format_valid,No,"Verify substrate, product, reaction order, step evidence, and pathway completeness from the cited publication"
759,pesticide_data.xlsx,CURATED_BIODEGRADATION_ONLY,Lindane,Azotobacter chroococcum JL102,Lindane,Experimental evidence,Agricultural soil,India,2009,,,,10.1080/03601230903404465,1,No,DOI,format_valid,No,"Verify substrate, product, reaction order, step evidence, and pathway completeness from the cited publication"
760,pesticide_data.xlsx,CURATED_BIODEGRADATION_ONLY,Lindane,Sphingobium japonicum UT26 (NBRC 101211),Lindane,Genomic evidence ,Contaminated soil,Japan,2013,,,,10.1007/s00244-013-9877-5,1,No,DOI,format_valid,No,"Verify substrate, product, reaction order, step evidence, and pathway completeness from the cited publication"
761,pesticide_data.xlsx,CURATED_BIODEGRADATION_ONLY,Lindane,Sphingomonas sp. MM-1,Lindane,Genomic evidence ,Contaminated soil,Japan,2013,,,,10.1007/s00244-013-9877-5,1,No,DOI,format_valid,No,"Verify substrate, product, reaction order, step evidence, and pathway completeness from the cited publication"
762,pesticide_data.xlsx,CURATED_BIODEGRADATION_ONLY,Lindane,Sphingobium sp. MI1205,Lindane,Genomic evidence ,Contaminated soil,Japan,2013,,,,10.1007/s00244-013-9877-5,1,No,DOI,format_valid,No,"Verify substrate, product, reaction order, step evidence, and pathway completeness from the cited publication"
763,pesticide_data.xlsx,CURATED_BIODEGRADATION_ONLY,Lindane,Sphingobium sp. TKS,Lindane,Genomic evidence ,Contaminated soil,Japan,2013,,,,10.1007/s00244-013-9877-5,1,No,DOI,format_valid,No,"Verify substrate, product, reaction order, step evidence, and pathway completeness from the cited publication"
764,pesticide_data.xlsx,CURATED_BIODEGRADATION_ONLY,Lindane,Genome study,Lindane,Genomic evidence ,Genome study,Genome study,2013,Dehalogenases,	Dehydrochlorinase	,linA,10.1007/s00244-013-9877-5,1,No,DOI,format_valid,No,"Verify substrate, product, reaction order, step evidence, and pathway completeness from the cited publication"
765,pesticide_data.xlsx,CURATED_BIODEGRADATION_ONLY,Lindane,Genome study,Lindane,Genomic evidence ,Genome study,Genome study,2013,Dehalogenases,Halidohydrolase, linB,10.1007/s00244-013-9877-5,1,No,DOI,format_valid,No,"Verify substrate, product, reaction order, step evidence, and pathway completeness from the cited publication"
766,pesticide_data.xlsx,CURATED_BIODEGRADATION_ONLY,Lindane,Genome study,Lindane,Genomic evidence ,Genome study,Genome study,2013,Oxidoreductases,Dehydrogenase, linC,10.1007/s00244-013-9877-5,1,No,DOI,format_valid,No,"Verify substrate, product, reaction order, step evidence, and pathway completeness from the cited publication"
767,pesticide_data.xlsx,CURATED_BIODEGRADATION_ONLY,Lindane,Genome study,Lindane,Genomic evidence ,Genome study,Genome study,2013,Dehalogenases,Reductive dechlorinase,linD,10.1007/s00244-013-9877-5,1,No,DOI,format_valid,No,"Verify substrate, product, reaction order, step evidence, and pathway completeness from the cited publication"
768,pesticide_data.xlsx,CURATED_BIODEGRADATION_ONLY,Lindane,Genome study,Lindane,Genomic evidence ,Genome study,Genome study,2013,Dioxygenases,Ring-cleavage dioxygenase, linE,10.1007/s00244-013-9877-5,1,No,DOI,format_valid,No,"Verify substrate, product, reaction order, step evidence, and pathway completeness from the cited publication"
769,pesticide_data.xlsx,CURATED_BIODEGRADATION_ONLY,Lindane,Genome study,Lindane,Genomic evidence ,Genome study,Genome study,2013,Oxidoreductases,Maleylactate reductase, linF,10.1007/s00244-013-9877-5,1,No,DOI,format_valid,No,"Verify substrate, product, reaction order, step evidence, and pathway completeness from the cited publication"
770,pesticide_data.xlsx,CURATED_BIODEGRADATION_ONLY,Lindane,Genome study,Lindane,Genomic evidence ,Genome study,Genome study,2013,Transferases,"Acyl-CoA transferase, alpha subunit",linG,10.1007/s00244-013-9877-5,1,No,DOI,format_valid,No,"Verify substrate, product, reaction order, step evidence, and pathway completeness from the cited publication"
771,pesticide_data.xlsx,CURATED_BIODEGRADATION_ONLY,Lindane,Genome study,Lindane,Genomic evidence ,Genome study,Genome study,2013,Transferases,"Acyl-CoA transferase, beta subunit",linH,10.1007/s00244-013-9877-5,1,No,DOI,format_valid,No,"Verify substrate, product, reaction order, step evidence, and pathway completeness from the cited publication"
772,pesticide_data.xlsx,CURATED_BIODEGRADATION_ONLY,Lindane,Genome study,Lindane,Genomic evidence ,Genome study,Genome study,2013,Hydrolases,Thiolase,linJ,10.1007/s00244-013-9877-5,1,No,DOI,format_valid,No,"Verify substrate, product, reaction order, step evidence, and pathway completeness from the cited publication"
773,pesticide_data.xlsx,CURATED_BIODEGRADATION_ONLY,Lindane,Sphingobium japonicum UT26,Lindane,Experimental evidence,Contaminated soil,Not specified,2010,,,"LinA, LinB, LinC, LinD, LinE, LinF",10.1128/JB.00961-10,1,No,DOI,format_valid,No,"Verify substrate, product, reaction order, step evidence, and pathway completeness from the cited publication"
774,pesticide_data.xlsx,CURATED_BIODEGRADATION_ONLY,Lindane,Bacillus cereus SJPS-2,Lindane,Experimental evidence,Water,India,2023,,,"linA, linB, linC, linD, linE, linX",10.1016/j.envpol.2022.120867,1,No,DOI,format_valid,No,"Verify substrate, product, reaction order, step evidence, and pathway completeness from the cited publication"
775,pesticide_data.xlsx,CURATED_BIODEGRADATION_ONLY,Lindane,Xanthomonas sp. ICH12,Lindane,Experimental evidence,Contaminated soil,India,2007,,,"LinA, LinB, LinC",10.1111/j.1365-2672.2006.03209.x,1,No,DOI,format_valid,No,"Verify substrate, product, reaction order, step evidence, and pathway completeness from the cited publication"
776,pesticide_data.xlsx,CURATED_BIODEGRADATION_ONLY,Lindane,Sphingopyxis sp. MC4,Lindane,Experimental evidence,Contaminated soil,India,2024,,,"LinA, LinB",10.1016/j.jhazmat.2023.132545,1,No,DOI,format_valid,No,"Verify substrate, product, reaction order, step evidence, and pathway completeness from the cited publication"
777,pesticide_data.xlsx,CURATED_BIODEGRADATION_ONLY,Lindane,Sphingobium sp. BHC-A,Lindane,Enzymatic evidence,Contaminated soil,China,2006,,,LinA and LinB,10.1111/j.1462-2920.2007.01350.x,1,No,DOI,format_valid,No,"Verify substrate, product, reaction order, step evidence, and pathway completeness from the cited publication"
778,pesticide_data.xlsx,CURATED_BIODEGRADATION_ONLY,Lindane,Arthrobacter fluorescens,Lindane,Experimental evidence,Contaminated soil,Italy,2013,,,,10.1007/s12010-013-0147-9,1,No,DOI,format_valid,No,"Verify substrate, product, reaction order, step evidence, and pathway completeness from the cited publication"
779,pesticide_data.xlsx,CURATED_BIODEGRADATION_ONLY,Lindane,Arthrobacter giacomelloi,Lindane,Experimental evidence,Contaminated soil,Italy,2013,,,,10.1007/s12010-013-0147-9,1,No,DOI,format_valid,No,"Verify substrate, product, reaction order, step evidence, and pathway completeness from the cited publication"
780,pesticide_data.xlsx,CURATED_BIODEGRADATION_ONLY,Lindane,Pandoraea sp. LIN-3,Lindane,Experimental evidence,Not specified,USA,2002,,,,10.1021/jf011422a,1,No,DOI,format_valid,No,"Verify substrate, product, reaction order, step evidence, and pathway completeness from the cited publication"
781,pesticide_data.xlsx,CURATED_BIODEGRADATION_ONLY,Lindane,Enzyme-kinetics study,Lindane,Enzymatic evidence,Enzyme-kinetics study,Enzyme-kinetics study,2015,Dehalogenases,Dehydrohalogenase,linA,10.1021/acs.jpcb.5b07538,1,No,DOI,format_valid,No,"Verify substrate, product, reaction order, step evidence, and pathway completeness from the cited publication"
782,pesticide_data.xlsx,CURATED_BIODEGRADATION_ONLY,Lindane,Sphingomonas paucimobilis ,Lindane,Experimental evidence,Not specified,India,2000,,,,10.1007/s002840010140,1,No,DOI,format_valid,No,"Verify substrate, product, reaction order, step evidence, and pathway completeness from the cited publication"
783,pesticide_data.xlsx,CURATED_BIODEGRADATION_ONLY,Lindane,Sphingobium indicum B90A,Lindane,Genomic evidence ,Not specified,Not specified,2017,Dehalogenases,HCH Dehydrochlorinase,linA,10.1093/gbe/evx133,1,No,DOI,format_valid,No,"Verify substrate, product, reaction order, step evidence, and pathway completeness from the cited publication"
784,pesticide_data.xlsx,CURATED_BIODEGRADATION_ONLY,Lindane,Sphingobium indicum B90A,Lindane,Enzymatic evidence,Not specified,Not specified,2006,Dehalogenases,Haloalkane Dehalogenase,linB,10.1128/AEM.00192-06,1,No,DOI,format_valid,No,"Verify substrate, product, reaction order, step evidence, and pathway completeness from the cited publication"
785,pesticide_data.xlsx,CURATED_BIODEGRADATION_ONLY,Lindane,Sphingobium indicum B90A,Lindane,Experimental evidence,Contaminated soil,India,2016,,,"LinA, LinB",10.1007/s10532-016-9765-6,1,No,DOI,format_valid,No,"Verify substrate, product, reaction order, step evidence, and pathway completeness from the cited publication"
786,pesticide_data.xlsx,CURATED_BIODEGRADATION_ONLY,Lindane,Sphingobium chinhatense IP26,Lindane,Experimental evidence,Contaminated soil,India,2016,,,"LinA, LinB",10.1007/s10532-016-9765-6,1,No,DOI,format_valid,No,"Verify substrate, product, reaction order, step evidence, and pathway completeness from the cited publication"
787,pesticide_data.xlsx,CURATED_BIODEGRADATION_ONLY,Lindane,Sphingobium lucknowense F2,Lindane,Experimental evidence,Contaminated soil,India,2016,,,"LinA, LinB",10.1007/s10532-016-9765-6,1,No,DOI,format_valid,No,"Verify substrate, product, reaction order, step evidence, and pathway completeness from the cited publication"
788,pesticide_data.xlsx,CURATED_BIODEGRADATION_ONLY,Lindane,Sphingobium sp. UM1,Lindane,Experimental evidence,Contaminated soil,India,2016,,,"LinA, LinB",10.1007/s10532-016-9765-6,1,No,DOI,format_valid,No,"Verify substrate, product, reaction order, step evidence, and pathway completeness from the cited publication"
789,pesticide_data.xlsx,CURATED_BIODEGRADATION_ONLY,Lindane,"Sphingobium sp.
HDIPO4",Lindane,Experimental evidence,Contaminated soil,India,2016,,,"LinA, LinB",10.1007/s10532-016-9765-6,1,No,DOI,format_valid,No,"Verify substrate, product, reaction order, step evidence, and pathway completeness from the cited publication"
790,pesticide_data.xlsx,CURATED_BIODEGRADATION_ONLY,Lindane,Sphingobium indicum B90A,Lindane,Experimental evidence,Contaminated soil,Japan,2013,,,"LinA, LinB",10.1111/1462-2920.12009,1,No,DOI,format_valid,No,"Verify substrate, product, reaction order, step evidence, and pathway completeness from the cited publication"
791,pesticide_data.xlsx,CURATED_BIODEGRADATION_ONLY,Lindane,Sphingobium japonicum UT26,Lindane,Experimental evidence,Contaminated soil,Japan,2013,,,"LinA, LinB",10.1111/1462-2920.12009,1,No,DOI,format_valid,No,"Verify substrate, product, reaction order, step evidence, and pathway completeness from the cited publication"
792,pesticide_data.xlsx,CURATED_BIODEGRADATION_ONLY,Lindane,Metagenomic LinA (no isolate),Lindane,Enzymatic evidence,Contaminated soil,India,2015,Dehalogenases,Type 3 δ-Hexachlorocyclohexane Dehydrochlorinase,LinA type-3,10.1128/AEM.01683-15,1,No,DOI,format_valid,No,"Verify substrate, product, reaction order, step evidence, and pathway completeness from the cited publication"
793,pesticide_data.xlsx,CURATED_BIODEGRADATION_ONLY,Lindane,Sphingomonas paucimobilis UT26,Lindane,Experimental evidence,Agricultural soil,Japan,2001,Dehalogenases,γ-hexachlorocyclohexane dehydrochlorinase,LinA,10.1074/jbc.M007452200,1,No,DOI,format_valid,No,"Verify substrate, product, reaction order, step evidence, and pathway completeness from the cited publication"
794,pesticide_data.xlsx,CURATED_BIODEGRADATION_ONLY,Lindane,Sphingobium japonicum UT26,Lindane,Experimental evidence,Agricultural soil,Japan,2006,,,"LinA, LinB, LinC",10.1271/bbb.70.1029,1,No,DOI,format_valid,No,"Verify substrate, product, reaction order, step evidence, and pathway completeness from the cited publication"
795,pesticide_data.xlsx,CURATED_BIODEGRADATION_ONLY,Lindane,Streptomyces sp. M7,Lindane,Experimental evidence,Contaminated soil,Argentina,2018,,,"linA, linB, linC, linD-J",10.1016/j.chemosphere.2018.08.035,1,No,DOI,format_valid,No,"Verify substrate, product, reaction order, step evidence, and pathway completeness from the cited publication"
796,pesticide_data.xlsx,CURATED_BIODEGRADATION_ONLY,Lindane,Penicillium simplicissimum ,Lindane,Experimental evidence,Contaminated soil,Czech Republic,2019,Oxidoreductases,Superoxide dismutase,SOD,10.1007/s11356-019-05679-w,1,No,DOI,format_valid,No,"Verify substrate, product, reaction order, step evidence, and pathway completeness from the cited publication"
797,pesticide_data.xlsx,CURATED_BIODEGRADATION_ONLY,Lindane,Penicillium simplicissimum ,Lindane,Experimental evidence,Contaminated soil,Czech Republic,2019,Oxidoreductases,Catalase,CAT,10.1007/s11356-019-05679-w,1,No,DOI,format_valid,No,"Verify substrate, product, reaction order, step evidence, and pathway completeness from the cited publication"
798,pesticide_data.xlsx,CURATED_BIODEGRADATION_ONLY,Lindane,Penicillium simplicissimum ,Lindane,Experimental evidence,Contaminated soil,Czech Republic,2019,Transferases,Glutathione S-transferase,GST,10.1007/s11356-019-05679-w,1,No,DOI,format_valid,No,"Verify substrate, product, reaction order, step evidence, and pathway completeness from the cited publication"
799,pesticide_data.xlsx,CURATED_BIODEGRADATION_ONLY,Lindane,Trichoderma harzianum,Lindane,Experimental evidence,Contaminated soil,Czech Republic,2019,Oxidoreductases,Superoxide dismutase,SOD,10.1007/s11356-019-05679-w,1,No,DOI,format_valid,No,"Verify substrate, product, reaction order, step evidence, and pathway completeness from the cited publication"
800,pesticide_data.xlsx,CURATED_BIODEGRADATION_ONLY,Lindane,Trichoderma harzianum,Lindane,Experimental evidence,Contaminated soil,Czech Republic,2019,Oxidoreductases,Catalase,CAT,10.1007/s11356-019-05679-w,1,No,DOI,format_valid,No,"Verify substrate, product, reaction order, step evidence, and pathway completeness from the cited publication"
801,pesticide_data.xlsx,CURATED_BIODEGRADATION_ONLY,Lindane,Trichoderma harzianum,Lindane,Experimental evidence,Contaminated soil,Czech Republic,2019,Transferases,Glutathione S-transferase,GST,10.1007/s11356-019-05679-w,1,No,DOI,format_valid,No,"Verify substrate, product, reaction order, step evidence, and pathway completeness from the cited publication"
802,pesticide_data.xlsx,CURATED_BIODEGRADATION_ONLY,Lindane,Penicillium griseofulvum,Lindane,Experimental evidence,Contaminated soil,Italy,2015,,,,10.1016/j.chemosphere.2015.05.074,1,No,DOI,format_valid,No,"Verify substrate, product, reaction order, step evidence, and pathway completeness from the cited publication"
803,pesticide_data.xlsx,CURATED_BIODEGRADATION_ONLY,Lindane,Sphingobium indicum B90A,Lindane,Experimental evidence,Rhizosphere soil,India,2021,,,"LinA, LinB, LinC, LinM, LinN",10.1007/s11356-021-13073-8,1,No,DOI,format_valid,No,"Verify substrate, product, reaction order, step evidence, and pathway completeness from the cited publication"
804,pesticide_data.xlsx,CURATED_BIODEGRADATION_ONLY,Lindane,Sphingomonas sp.,Lindane,Experimental evidence,Rhizosphere soil,Germany,2020,,,,10.1021/acs.est.9b07609,1,No,DOI,format_valid,No,"Verify substrate, product, reaction order, step evidence, and pathway completeness from the cited publication"
805,pesticide_data.xlsx,CURATED_BIODEGRADATION_ONLY,Lindane,Novosphingobium sp.,Lindane,Experimental evidence,Rhizosphere soil,Germany,2020,,,,10.1021/acs.est.9b07609,1,No,DOI,format_valid,No,"Verify substrate, product, reaction order, step evidence, and pathway completeness from the cited publication"
806,pesticide_data.xlsx,CURATED_BIODEGRADATION_ONLY,Lindane,Sphingobium indicum B90A,Lindane,Experimental evidence,Contaminated soil,India,2013,,,LinA,10.1021/es402197s,1,No,DOI,format_valid,No,"Verify substrate, product, reaction order, step evidence, and pathway completeness from the cited publication"
807,pesticide_data.xlsx,CURATED_BIODEGRADATION_ONLY,Lindane,Sphingobium japonicum UT26,Lindane,Experimental evidence,Contaminated soil,Japan,2013,,,LinA,10.1021/es402197s,1,No,DOI,format_valid,No,"Verify substrate, product, reaction order, step evidence, and pathway completeness from the cited publication"
808,pesticide_data.xlsx,CURATED_BIODEGRADATION_ONLY,Lindane,Sphingomonas sp.,Lindane,Experimental evidence,Agricultural soil,China,2018,,,"LinA, LinB",10.1016/j.envpol.2018.04.078,1,No,DOI,format_valid,No,"Verify substrate, product, reaction order, step evidence, and pathway completeness from the cited publication"
809,pesticide_data.xlsx,CURATED_BIODEGRADATION_ONLY,Lindane,Sphingobium sp.,Lindane,Experimental evidence,Agricultural soil,China,2018,,,"LinA, LinB",10.1016/j.envpol.2018.04.078,1,No,DOI,format_valid,No,"Verify substrate, product, reaction order, step evidence, and pathway completeness from the cited publication"
810,pesticide_data.xlsx,CURATED_BIODEGRADATION_ONLY,Lindane,Novosphingobium sp.,Lindane,Experimental evidence,Agricultural soil,China,2018,,,"LinA, LinB",10.1016/j.envpol.2018.04.078,1,No,DOI,format_valid,No,"Verify substrate, product, reaction order, step evidence, and pathway completeness from the cited publication"
811,pesticide_data.xlsx,CURATED_BIODEGRADATION_ONLY,Deltamethrin,Brevibacillus parabrevis BCP-09,Deltamethrin,Experimental evidence,Contaminated soil,Not specified,2024,Hydrolases,Esterase-related hydrolases,,10.1016/j.chemosphere.2023.141100,1,No,DOI,format_valid,No,"Verify substrate, product, reaction order, step evidence, and pathway completeness from the cited publication"
812,pesticide_data.xlsx,CURATED_BIODEGRADATION_ONLY,Deltamethrin,Nocardioides sp.,Deltamethrin,Experimental evidence,Agricultural soil,Not specified,2019,,,,10.1016/j.chemosphere.2019.01.004,1,No,DOI,format_valid,No,"Verify substrate, product, reaction order, step evidence, and pathway completeness from the cited publication"
813,pesticide_data.xlsx,CURATED_BIODEGRADATION_ONLY,Deltamethrin,Sphingomonas sp.,Deltamethrin,Experimental evidence,Agricultural soil,Not specified,2019,,,,10.1016/j.chemosphere.2019.01.004,1,No,DOI,format_valid,No,"Verify substrate, product, reaction order, step evidence, and pathway completeness from the cited publication"
814,pesticide_data.xlsx,CURATED_BIODEGRADATION_ONLY,Deltamethrin,Streptomyces aureus HP-S-01 (CCTCC M2010096),Deltamethrin,Experimental evidence,Activated sludge,China,2011,Hydrolases,Carboxylesterase,,10.1007/s00253-011-3136-3,1,No,DOI,format_valid,No,"Verify substrate, product, reaction order, step evidence, and pathway completeness from the cited publication"
815,pesticide_data.xlsx,CURATED_BIODEGRADATION_ONLY,Deltamethrin,Acinetobacter junii LH-1-1,Deltamethrin,Experimental evidence,Contaminated soil,China,2020,Hydrolases,Esterase-related,,10.1186/s13568-020-01043-1,1,No,DOI,format_valid,No,"Verify substrate, product, reaction order, step evidence, and pathway completeness from the cited publication"
816,pesticide_data.xlsx,CURATED_BIODEGRADATION_ONLY,Deltamethrin,Klebsiella pneumoniae BPBA052,Deltamethrin,Experimental evidence,Contaminated soil,China,2020,Hydrolases,Esterase-related,,10.1186/s13568-020-01043-1,1,No,DOI,format_valid,No,"Verify substrate, product, reaction order, step evidence, and pathway completeness from the cited publication"
817,pesticide_data.xlsx,CURATED_BIODEGRADATION_ONLY,Deltamethrin,Paracoccus sp. P-2,Deltamethrin,Experimental evidence,Sediment,China,2020,,,,10.1016/j.chemosphere.2020.127162,1,No,DOI,format_valid,No,"Verify substrate, product, reaction order, step evidence, and pathway completeness from the cited publication"
818,pesticide_data.xlsx,CURATED_BIODEGRADATION_ONLY,Deltamethrin,Lysinibacillus fusiformis ZJ6,Deltamethrin,Experimental evidence,Contaminated water,China,2018,Hydrolases,Putative esterases,,10.1007/s00284-018-1546-5,1,No,DOI,format_valid,No,"Verify substrate, product, reaction order, step evidence, and pathway completeness from the cited publication"
819,pesticide_data.xlsx,CURATED_BIODEGRADATION_ONLY,Parathion-Methyl,Agrobacterium sp. Yw12,Parathion-Methyl,Experimental evidence,Activated sludge,China,2012,,,,10.1007/s10532-011-9490-0,1,No,DOI,format_valid,No,"Verify substrate, product, reaction order, step evidence, and pathway completeness from the cited publication"
820,pesticide_data.xlsx,CURATED_BIODEGRADATION_ONLY,Parathion-Methyl,Burkholderia zhejiangensis strain CEIB S4-3,Parathion-Methyl,Experimental evidence,Agricultural soil,China,2017,Hydrolases,Organophosphate hydrolase,mpd,10.1007/s10532-017-9801-1,1,No,DOI,format_valid,No,"Verify substrate, product, reaction order, step evidence, and pathway completeness from the cited publication"
821,pesticide_data.xlsx,CURATED_BIODEGRADATION_ONLY,Parathion-Methyl,Burkholderia zhejiangensis CEIB S4–3,Parathion-Methyl,Experimental evidence,Agricultural soil,China,2022,Hydrolases,Organophosphate hydrolases,mpd,10.1016/j.pestbp.2022.105197,1,No,DOI,format_valid,No,"Verify substrate, product, reaction order, step evidence, and pathway completeness from the cited publication"
822,pesticide_data.xlsx,CURATED_BIODEGRADATION_ONLY,Parathion-Methyl,Burkholderia zhejiangensis CEIB S4–3,Parathion-Methyl,Experimental evidence,Agricultural soil,China,2022,Hydrolases,Esterases,,10.1016/j.pestbp.2022.105197,1,No,DOI,format_valid,No,"Verify substrate, product, reaction order, step evidence, and pathway completeness from the cited publication"
823,pesticide_data.xlsx,CURATED_BIODEGRADATION_ONLY,Parathion-Methyl,Burkholderia zhejiangensis CEIB S5–2,Parathion-Methyl,Experimental evidence,Agricultural soil,Mexico,2021,Hydrolases,Hydrolases,opd,10.1007/s11356-021-13647-6,1,No,DOI,format_valid,No,"Verify substrate, product, reaction order, step evidence, and pathway completeness from the cited publication"
824,pesticide_data.xlsx,CURATED_BIODEGRADATION_ONLY,Parathion-Methyl,Burkholderia zhejiangensis CEIB S5–2,Parathion-Methyl,Experimental evidence,Agricultural soil,Mexico,2021,Oxidoreductases,Oxidoreductases,,10.1007/s11356-021-13647-6,1,No,DOI,format_valid,No,"Verify substrate, product, reaction order, step evidence, and pathway completeness from the cited publication"
825,pesticide_data.xlsx,CURATED_BIODEGRADATION_ONLY,Parathion-Methyl,Cupriavidus nantongensis X1ᵀ,Parathion-Methyl,Experimental evidence,Activated sludge,China,2019,Hydrolases,organophosphate hydrolase,opdB,10.1021/acs.jafc.9b06157,1,No,DOI,format_valid,No,"Verify substrate, product, reaction order, step evidence, and pathway completeness from the cited publication"
826,pesticide_data.xlsx,CURATED_BIODEGRADATION_ONLY,Parathion-Methyl,Pseudomonas sp.(DLL-1),Parathion-Methyl,Experimental evidence,Agricultural soil,China,2002,Hydrolases,Parathion hydrolase,opd,DOI not available(Biodegradation of Parathion-methyl by Pseudomonas sp. (DLL-1) and Its Mechanism),1,No,citation_without_DOI,manual_citation_needed,No,"Verify substrate, product, reaction order, step evidence, and pathway completeness from the cited publication"
827,pesticide_data.xlsx,CURATED_BIODEGRADATION_ONLY,Parathion-Methyl,Sphingomonas paucimobilis UT26,Parathion-Methyl,Experimental evidence,Not specified,Japan,2014,Hydrolases,Organophosphorus hydrolase,opd,10.1007/s10646-014-1224-8,1,No,DOI,format_valid,No,"Verify substrate, product, reaction order, step evidence, and pathway completeness from the cited publication"
828,pesticide_data.xlsx,CURATED_BIODEGRADATION_ONLY,Parathion-Methyl,Acinetobacter radioresistens USTB-04,Parathion-Methyl,Experimental evidence,Contaminated soil,China,2008,Hydrolases,Hydrolase,,10.1016/S1001-0742(07)60205-8,1,No,DOI,format_valid,No,"Verify substrate, product, reaction order, step evidence, and pathway completeness from the cited publication"
829,pesticide_data.xlsx,CURATED_BIODEGRADATION_ONLY,Parathion-Methyl,Scytonema sp. BHUS-5,Parathion-Methyl,Experimental evidence,Water ,India,2017,,,,10.1080/15226514.2017.1303807,1,No,DOI,format_valid,No,"Verify substrate, product, reaction order, step evidence, and pathway completeness from the cited publication"
830,pesticide_data.xlsx,CURATED_BIODEGRADATION_ONLY,Parathion-Methyl,Escherichia coli DH5α (engineered),Parathion-Methyl,Enzymatic evidence,Laboratory strain,Not specified,2013,Hydrolases,Organophosphorus hydrolase,opd,10.1080/03601234.2013.761863,1,No,DOI,format_valid,No,"Verify substrate, product, reaction order, step evidence, and pathway completeness from the cited publication"
831,pesticide_data.xlsx,CURATED_BIODEGRADATION_ONLY,Folpet,Bacillus subtilis C5,Folpet,Experimental evidence,Marine sludge,China,2014,Hydrolases,Esterase B1,,10.1155/2014/863094,1,No,DOI,format_valid,No,"Verify substrate, product, reaction order, step evidence, and pathway completeness from the cited publication"
832,pesticide_data.xlsx,CURATED_BIODEGRADATION_ONLY,Folpet,Rhizopus stolonifer (isolate CCMI 1104),Folpet,Experimental evidence,Contaminated soil,Portugal,2013,,,,10.1007/s00244-013-9877-5,1,No,DOI,format_valid,No,"Verify substrate, product, reaction order, step evidence, and pathway completeness from the cited publication"
833,pesticide_data.xlsx,CURATED_BIODEGRADATION_ONLY,Folpet,Gongronella sp. (isolate CCMI 1100),Folpet,Experimental evidence,Contaminated soil,Portugal,2013,,,,10.1007/s00244-013-9877-5,1,No,DOI,format_valid,No,"Verify substrate, product, reaction order, step evidence, and pathway completeness from the cited publication"
834,pesticide_data.xlsx,CURATED_BIODEGRADATION_ONLY,DDT,Stenotrophomonas sp. DDT-1,DDT,Experimental evidence,Contaminated soil,China ,2016,Dehalogenases,Dehydrochlorinase,linl,10.1038/srep21332,1,No,DOI,format_valid,No,"Verify substrate, product, reaction order, step evidence, and pathway completeness from the cited publication"
835,pesticide_data.xlsx,CURATED_BIODEGRADATION_ONLY,DDT,Stenotrophomonas sp. DDT-1,DDT,Experimental evidence,Contaminated soil,China ,2016,Dioxygenase ,Dioxygenase ,,10.1038/srep21332,1,No,DOI,format_valid,No,"Verify substrate, product, reaction order, step evidence, and pathway completeness from the cited publication"
836,pesticide_data.xlsx,CURATED_BIODEGRADATION_ONLY,DDT,Fusarium solani,DDT,Experimental evidence,Contaminated soil,India,2001,Dehalogenases,Dehalogenase,,10.1023/a:1013117406216,1,No,DOI,format_valid,No,"Verify substrate, product, reaction order, step evidence, and pathway completeness from the cited publication"
837,pesticide_data.xlsx,CURATED_BIODEGRADATION_ONLY,DDT,Trichoderma hamatum FBL 587,DDT,Experimental evidence,Agricultural soil,Poland,2019,,,,10.1128/AEM.01720-19,1,No,DOI,format_valid,No,"Verify substrate, product, reaction order, step evidence, and pathway completeness from the cited publication"
838,pesticide_data.xlsx,CURATED_BIODEGRADATION_ONLY,DDT,Rhizopus arrhizus  FBL 578,DDT,Experimental evidence,Agricultural soil,Poland,2019,,,,10.1128/AEM.01720-19,1,No,DOI,format_valid,No,"Verify substrate, product, reaction order, step evidence, and pathway completeness from the cited publication"
839,pesticide_data.xlsx,CURATED_BIODEGRADATION_ONLY,DDT,Ochrobactrum sp. DDT-2,DDT,Experimental evidence,Contaminated soil,China,2017,Dehalogenases,Dehydrochlorinase,,10.1016/j.scitotenv.2017.03.052,1,No,DOI,format_valid,No,"Verify substrate, product, reaction order, step evidence, and pathway completeness from the cited publication"
840,pesticide_data.xlsx,CURATED_BIODEGRADATION_ONLY,DDT,Phlebia lindtneri GB-1027,DDT,Experimental evidence,Culture collection,Japan,2011,P450,Cytochrome P-450,,10.1007/s10532-010-9443-z,1,No,DOI,format_valid,No,"Verify substrate, product, reaction order, step evidence, and pathway completeness from the cited publication"
841,pesticide_data.xlsx,CURATED_BIODEGRADATION_ONLY,DDT,Phlebia brevispora TMIC34596,DDT,Experimental evidence,Culture collection,Japan,2011,P450,Cytochrome P-450,,10.1007/s10532-010-9443-z,1,No,DOI,format_valid,No,"Verify substrate, product, reaction order, step evidence, and pathway completeness from the cited publication"
842,pesticide_data.xlsx,CURATED_BIODEGRADATION_ONLY,DDT,Fomitopsis pinicola,DDT,Experimental evidence,Laboratory culture,Japan,2017,,,,10.1007/s00284-017-1286-y,1,No,DOI,format_valid,No,"Verify substrate, product, reaction order, step evidence, and pathway completeness from the cited publication"
843,pesticide_data.xlsx,CURATED_BIODEGRADATION_ONLY,DDT,Bacillus subtilis,DDT,Experimental evidence,Laboratory culture,Japan,2017,,,,10.1007/s00284-017-1286-y,1,No,DOI,format_valid,No,"Verify substrate, product, reaction order, step evidence, and pathway completeness from the cited publication"
844,pesticide_data.xlsx,CURATED_BIODEGRADATION_ONLY,DDT,Alcaligenes eutrophus A5,DDT,Experimental evidence,Contaminated soil,USA,1994,Dioxygenases,Dioxygenase,,10.1128/aem.60.1.51-55.1994,1,No,DOI,format_valid,No,"Verify substrate, product, reaction order, step evidence, and pathway completeness from the cited publication"
845,pesticide_data.xlsx,CURATED_BIODEGRADATION_ONLY,DDT,Pseudomonas sp.,DDT,Experimental evidence,Contaminated soil,India,2003,Dioxygenases,Dioxygenase,,10.1007/s00284-003-4053-1,1,No,DOI,format_valid,No,"Verify substrate, product, reaction order, step evidence, and pathway completeness from the cited publication"
846,pesticide_data.xlsx,CURATED_BIODEGRADATION_ONLY,DDT,Hydrogenomonas sp.,DDT,Experimental evidence,Sediment,USA,1972,Dehalogenases,Reductive dechlorinases (cell-free extracts),,10.1021/jf60182a045,1,No,DOI,format_valid,No,"Verify substrate, product, reaction order, step evidence, and pathway completeness from the cited publication"
847,pesticide_data.xlsx,CURATED_BIODEGRADATION_ONLY,DDT,Arthrobacter sp.,DDT,Experimental evidence,Sediment,USA,1972,Dehalogenases,Reductive dechlorinases (cell-free extracts),,10.1021/jf60182a045,1,No,DOI,format_valid,No,"Verify substrate, product, reaction order, step evidence, and pathway completeness from the cited publication"
848,pesticide_data.xlsx,CURATED_BIODEGRADATION_ONLY,DDT,Enterobacter cloacae,DDT,Experimental evidence,Contaminated soil,India,2021,,,,10.1177/11786361211024289,1,No,DOI,format_valid,No,"Verify substrate, product, reaction order, step evidence, and pathway completeness from the cited publication"
849,pesticide_data.xlsx,CURATED_BIODEGRADATION_ONLY,DDT,Alcaligenes sp. DG-5,DDT,Experimental evidence,Contaminated soil,China,2011,Oxidoreductases,Oxygenase,,10.1080/03601234.2011.540534,1,No,DOI,format_valid,No,"Verify substrate, product, reaction order, step evidence, and pathway completeness from the cited publication"
850,pesticide_data.xlsx,CURATED_BIODEGRADATION_ONLY,DDT,Phanerochaete  chrysosporium ME-446,DDT,Experimental evidence,Culture collection,USA,1987,Peroxidases,Lignin peroxidase,,10.1128/aem.53.9.2001-2008.1987,2,Yes,DOI,format_valid,No,"Verify substrate, product, reaction order, step evidence, and pathway completeness from the cited publication"
851,pesticide_data.xlsx,CURATED_BIODEGRADATION_ONLY,DDT,Phanerochaete  chrysosporium ME-446,DDT,Experimental evidence,Culture collection,USA,1987,Peroxidases,Manganese peroxidase,,10.1128/aem.53.9.2001-2008.1987,2,Yes,DOI,format_valid,No,"Verify substrate, product, reaction order, step evidence, and pathway completeness from the cited publication"
852,pesticide_data.xlsx,CURATED_BIODEGRADATION_ONLY,DDT,Phanerochaete  chrysosporium BKM-F-1767,DDT,Experimental evidence,Culture collection,USA,1987,Peroxidases,Lignin peroxidase,,10.1128/aem.53.9.2001-2008.1987,2,Yes,DOI,format_valid,No,"Verify substrate, product, reaction order, step evidence, and pathway completeness from the cited publication"
853,pesticide_data.xlsx,CURATED_BIODEGRADATION_ONLY,DDT,Phanerochaete  chrysosporium BKM-F-1767,DDT,Experimental evidence,Culture collection,USA,1987,Peroxidases,Manganese peroxidase,,10.1128/aem.53.9.2001-2008.1987,2,Yes,DOI,format_valid,No,"Verify substrate, product, reaction order, step evidence, and pathway completeness from the cited publication"
854,pesticide_data.xlsx,CURATED_BIODEGRADATION_ONLY,DDT,Pleurotus ostreatus,DDT,Experimental evidence,Culture collection,USA,1987,Peroxidases,Lignin peroxidase,,10.1128/aem.53.9.2001-2008.1987,2,Yes,DOI,format_valid,No,"Verify substrate, product, reaction order, step evidence, and pathway completeness from the cited publication"
855,pesticide_data.xlsx,CURATED_BIODEGRADATION_ONLY,DDT,Pleurotus ostreatus,DDT,Experimental evidence,Culture collection,USA,1987,Peroxidases,Manganese peroxidase,,10.1128/aem.53.9.2001-2008.1987,2,Yes,DOI,format_valid,No,"Verify substrate, product, reaction order, step evidence, and pathway completeness from the cited publication"
856,pesticide_data.xlsx,CURATED_BIODEGRADATION_ONLY,DDT,Phellinus weirii,DDT,Experimental evidence,Culture collection,USA,1987,Peroxidases,Lignin peroxidase,,10.1128/aem.53.9.2001-2008.1987,2,Yes,DOI,format_valid,No,"Verify substrate, product, reaction order, step evidence, and pathway completeness from the cited publication"
857,pesticide_data.xlsx,CURATED_BIODEGRADATION_ONLY,DDT,Phellinus weirii,DDT,Experimental evidence,Culture collection,USA,1987,Peroxidases,Manganese peroxidase,,10.1128/aem.53.9.2001-2008.1987,2,Yes,DOI,format_valid,No,"Verify substrate, product, reaction order, step evidence, and pathway completeness from the cited publication"
858,pesticide_data.xlsx,CURATED_BIODEGRADATION_ONLY,DDT,Polyporus versicolor,DDT,Experimental evidence,Culture collection,USA,1987,Peroxidases,Lignin peroxidase,,10.1128/aem.53.9.2001-2008.1987,2,Yes,DOI,format_valid,No,"Verify substrate, product, reaction order, step evidence, and pathway completeness from the cited publication"
859,pesticide_data.xlsx,CURATED_BIODEGRADATION_ONLY,DDT,Polyporus versicolor,DDT,Experimental evidence,Culture collection,USA,1987,Peroxidases,Manganese peroxidase,,10.1128/aem.53.9.2001-2008.1987,2,Yes,DOI,format_valid,No,"Verify substrate, product, reaction order, step evidence, and pathway completeness from the cited publication"
860,pesticide_data.xlsx,CURATED_BIODEGRADATION_ONLY,DDT,Sphingobacterium sp. DDT-6,DDT,Experimental evidence,Agricultural soil,China,2010,Dioxygenases,Dioxygenase,,10.1016/j.jhazmat.2010.08.034,1,No,DOI,format_valid,No,"Verify substrate, product, reaction order, step evidence, and pathway completeness from the cited publication"
861,pesticide_data.xlsx,CURATED_BIODEGRADATION_ONLY,DDT,Stenotrophomonas sp. DXZ9,DDT,Experimental evidence,Agricultural soil,China,2018,Dehalogenases,Dechlorination enzymes,,10.1007/s11356-018-1236-7,1,No,DOI,format_valid,No,"Verify substrate, product, reaction order, step evidence, and pathway completeness from the cited publication"
862,pesticide_data.xlsx,CURATED_BIODEGRADATION_ONLY,DDT,Xerocomus chrysenteron ,DDT,Experimental evidence,Soil,China,2013,Peroxidases,Ligninolytic enzymes,,10.1016/j.chemosphere.2013.04.002,1,No,DOI,format_valid,No,"Verify substrate, product, reaction order, step evidence, and pathway completeness from the cited publication"
863,pesticide_data.xlsx,CURATED_BIODEGRADATION_ONLY,DDT,Acanthamoeba castellanii ATCC 30010,DDT,Experimental evidence,Soil,Argentina,1978,,,,10.1007/BF01685809,1,No,DOI,format_valid,No,"Verify substrate, product, reaction order, step evidence, and pathway completeness from the cited publication"
864,pesticide_data.xlsx,CURATED_BIODEGRADATION_ONLY,DDT,Pleurotus ostreatus,DDT,Experimental evidence,Laboratory cultures,Indonesia,2017,Peroxidases,Ligninolytic enzymes,,10.4014/jmb.1701.01073,1,No,DOI,format_valid,No,"Verify substrate, product, reaction order, step evidence, and pathway completeness from the cited publication"
865,pesticide_data.xlsx,CURATED_BIODEGRADATION_ONLY,DDT, Pseudomonas aeruginosa,DDT,Experimental evidence,Laboratory cultures,Indonesia,2017,Peroxidases,Ligninolytic enzymes,,10.4014/jmb.1701.01073,1,No,DOI,format_valid,No,"Verify substrate, product, reaction order, step evidence, and pathway completeness from the cited publication"
866,pesticide_data.xlsx,CURATED_BIODEGRADATION_ONLY,DDT,Bacillus subtilis,DDT,Experimental evidence,Laboratory cultures,Indonesia,2017,Peroxidases,Ligninolytic enzymes,,10.4014/jmb.1701.01073,1,No,DOI,format_valid,No,"Verify substrate, product, reaction order, step evidence, and pathway completeness from the cited publication"
867,pesticide_data.xlsx,CURATED_BIODEGRADATION_ONLY,DDT,Chryseobacterium sp. PYR2,DDT,Experimental evidence,Contaminated soil,China,2015,,,,10.1016/j.jenvman.2015.07.025,1,No,DOI,format_valid,No,"Verify substrate, product, reaction order, step evidence, and pathway completeness from the cited publication"
868,pesticide_data.xlsx,CURATED_BIODEGRADATION_ONLY,DDT,Phanerochaete chrysosporium ,DDT,Experimental evidence,Culture collection,China,2012,Peroxidases,Ligninolytic enzymes,,10.1016/j.biortech.2012.02.141,1,No,DOI,format_valid,No,"Verify substrate, product, reaction order, step evidence, and pathway completeness from the cited publication"
869,pesticide_data.xlsx,CURATED_BIODEGRADATION_ONLY,DDT,Pseudoxanthomonas jiangsuensis waxT (DSM 22398T),DDT,Experimental evidence,Contaminated soil,China,2011,,,,10.1007/s00284-011-9925-1,1,No,DOI,format_valid,No,"Verify substrate, product, reaction order, step evidence, and pathway completeness from the cited publication"
870,pesticide_data.xlsx,CURATED_BIODEGRADATION_ONLY,DDT,Pleurotus eryngii NBRC 32798,DDT,Experimental evidence,Laboratory culture,Indonesia,2019,Peroxidases,Lignin peroxidase,,10.4014/jmb.1906.06030,2,Yes,DOI,format_valid,No,"Verify substrate, product, reaction order, step evidence, and pathway completeness from the cited publication"
871,pesticide_data.xlsx,CURATED_BIODEGRADATION_ONLY,DDT,Pleurotus eryngii NBRC 32798,DDT,Experimental evidence,Laboratory culture,Indonesia,2019,Peroxidases,Laccase,,10.4014/jmb.1906.06030,2,Yes,DOI,format_valid,No,"Verify substrate, product, reaction order, step evidence, and pathway completeness from the cited publication"
872,pesticide_data.xlsx,CURATED_BIODEGRADATION_ONLY,DDT,Pleurotus eryngii NBRC 32798,DDT,Experimental evidence,Laboratory culture,Indonesia,2019,Peroxidases,Manganese peroxidase,MnP,10.4014/jmb.1906.06030,1,No,DOI,format_valid,No,"Verify substrate, product, reaction order, step evidence, and pathway completeness from the cited publication"
873,pesticide_data.xlsx,CURATED_BIODEGRADATION_ONLY,DDT,Ralstonia pickettii NBRC 102503,DDT,Experimental evidence,Laboratory culture,Indonesia,2019,Peroxidases,Lignin peroxidase,,10.4014/jmb.1906.06030,2,Yes,DOI,format_valid,No,"Verify substrate, product, reaction order, step evidence, and pathway completeness from the cited publication"
874,pesticide_data.xlsx,CURATED_BIODEGRADATION_ONLY,DDT,Ralstonia pickettii NBRC 102503,DDT,Experimental evidence,Laboratory culture,Indonesia,2019,Peroxidases,Laccase,,10.4014/jmb.1906.06030,2,Yes,DOI,format_valid,No,"Verify substrate, product, reaction order, step evidence, and pathway completeness from the cited publication"
875,pesticide_data.xlsx,CURATED_BIODEGRADATION_ONLY,DDT,Ralstonia pickettii NBRC 102503,DDT,Experimental evidence,Laboratory culture,Indonesia,2019,Peroxidases,Manganese peroxidase,MnP,10.4014/jmb.1906.06030,1,No,DOI,format_valid,No,"Verify substrate, product, reaction order, step evidence, and pathway completeness from the cited publication"
876,pesticide_data.xlsx,CURATED_BIODEGRADATION_ONLY,DDT,Fomitopsis pinicola NBRC 8705,DDT,Experimental evidence,Laboratory culture,Indonesia,2020,Oxidoreductases,Oxidoreductase,,10.1016/j.heliyon.2020.e04027,1,No,DOI,format_valid,No,"Verify substrate, product, reaction order, step evidence, and pathway completeness from the cited publication"
877,pesticide_data.xlsx,CURATED_BIODEGRADATION_ONLY,DDT,Fomitopsis pinicola NBRC 8705,DDT,Experimental evidence,Laboratory culture,Indonesia,2020,Peroxidases,Laccase,,10.1016/j.heliyon.2020.e04027,1,No,DOI,format_valid,No,"Verify substrate, product, reaction order, step evidence, and pathway completeness from the cited publication"
878,pesticide_data.xlsx,CURATED_BIODEGRADATION_ONLY,DDT,Ralstonia pickettii NBRC 102503,DDT,Experimental evidence,Laboratory culture,Indonesia,2020,Oxidoreductases,Oxidoreductase,,10.1016/j.heliyon.2020.e04027,1,No,DOI,format_valid,No,"Verify substrate, product, reaction order, step evidence, and pathway completeness from the cited publication"
879,pesticide_data.xlsx,CURATED_BIODEGRADATION_ONLY,DDT,Ralstonia pickettii NBRC 102503,DDT,Experimental evidence,Laboratory culture,Indonesia,2020,Peroxidases,Laccase,,10.1016/j.heliyon.2020.e04027,1,No,DOI,format_valid,No,"Verify substrate, product, reaction order, step evidence, and pathway completeness from the cited publication"
880,pesticide_data.xlsx,CURATED_BIODEGRADATION_ONLY,DDT,Bacillus subtilis,DDT,Experimental evidence,Laboratory culture,Indonesia,2023,Oxidoreductases,Fenton-related enzymes,,10.1016/j.heliyon.2023.e18216,1,No,DOI,format_valid,No,"Verify substrate, product, reaction order, step evidence, and pathway completeness from the cited publication"
881,pesticide_data.xlsx,CURATED_BIODEGRADATION_ONLY,DDT,Pseudomonas aeruginosa,DDT,Experimental evidence,Laboratory culture,Indonesia,2023,Oxidoreductases,Fenton-related enzymes,,10.1016/j.heliyon.2023.e18216,1,No,DOI,format_valid,No,"Verify substrate, product, reaction order, step evidence, and pathway completeness from the cited publication"
882,pesticide_data.xlsx,CURATED_BIODEGRADATION_ONLY,DDT,Ralstonia pickettii ,DDT,Experimental evidence,Laboratory culture,Indonesia,2023,Oxidoreductases,Fenton-related enzymes,,10.1016/j.heliyon.2023.e18216,1,No,DOI,format_valid,No,"Verify substrate, product, reaction order, step evidence, and pathway completeness from the cited publication"
883,pesticide_data.xlsx,CURATED_BIODEGRADATION_ONLY,DDT,Boletus edulis,DDT,Experimental evidence,Soil,China,2007,,,,10.1016/j.scitotenv.2007.04.023,1,No,DOI,format_valid,No,"Verify substrate, product, reaction order, step evidence, and pathway completeness from the cited publication"
884,pesticide_data.xlsx,CURATED_BIODEGRADATION_ONLY,DDT,Gomphidius viscidus,DDT,Experimental evidence,Soil,China,2007,,,,10.1016/j.scitotenv.2007.04.023,1,No,DOI,format_valid,No,"Verify substrate, product, reaction order, step evidence, and pathway completeness from the cited publication"
885,pesticide_data.xlsx,CURATED_BIODEGRADATION_ONLY,DDT,Laccaria bicolor,DDT,Experimental evidence,Soil,China,2007,,,,10.1016/j.scitotenv.2007.04.023,1,No,DOI,format_valid,No,"Verify substrate, product, reaction order, step evidence, and pathway completeness from the cited publication"
886,pesticide_data.xlsx,CURATED_BIODEGRADATION_ONLY,DDT, Leccinum scabrum,DDT,Experimental evidence,Soil,China,2007,,,,10.1016/j.scitotenv.2007.04.023,1,No,DOI,format_valid,No,"Verify substrate, product, reaction order, step evidence, and pathway completeness from the cited publication"
887,pesticide_data.xlsx,CURATED_BIODEGRADATION_ONLY,DDT,Rhodococcus sp. IITR03,DDT,Experimental evidence,Contaminated soil,India,2014,Dioxygenases,"Catechol 1,2-dioxygenase",catA (cat),10.1016/j.biortech.2014.06.007,1,No,DOI,format_valid,No,"Verify substrate, product, reaction order, step evidence, and pathway completeness from the cited publication"
888,pesticide_data.xlsx,CURATED_BIODEGRADATION_ONLY,DDT,Aspergillus conicus,DDT,Experimental evidence,Not specified,USA,1985,Oxidoreductases,Oxygenases,,10.1128/aem.49.3.509-516.1985,1,No,DOI,format_valid,No,"Verify substrate, product, reaction order, step evidence, and pathway completeness from the cited publication"
889,pesticide_data.xlsx,CURATED_BIODEGRADATION_ONLY,DDT,Aspergillus niger,DDT,Experimental evidence,Not specified,USA,1985,Oxidoreductases,Oxygenases,,10.1128/aem.49.3.509-516.1985,1,No,DOI,format_valid,No,"Verify substrate, product, reaction order, step evidence, and pathway completeness from the cited publication"
890,pesticide_data.xlsx,CURATED_BIODEGRADATION_ONLY,DDT,Penicillium brefeldianum,DDT,Experimental evidence,Not specified,USA,1985,Oxidoreductases,Oxygenases,,10.1128/aem.49.3.509-516.1985,1,No,DOI,format_valid,No,"Verify substrate, product, reaction order, step evidence, and pathway completeness from the cited publication"
891,pesticide_data.xlsx,CURATED_BIODEGRADATION_ONLY,DDT,Paracoccus sp. DDT-21,DDT,Experimental evidence,Seawater,Saudi Arabia,2021,,,,10.1016/j.chemosphere.2020.129474,1,No,DOI,format_valid,No,"Verify substrate, product, reaction order, step evidence, and pathway completeness from the cited publication"
892,pesticide_data.xlsx,CURATED_BIODEGRADATION_ONLY,DDT,Sphingobacterium sp. D-6,DDT,Experimental evidence,Contaminated soil,China,2012,,,,10.1016/S1001-0742(11)60895-4,1,No,DOI,format_valid,No,"Verify substrate, product, reaction order, step evidence, and pathway completeness from the cited publication"
893,pesticide_data.xlsx,CURATED_BIODEGRADATION_ONLY,DDT,Pseudomonas putida,DDT,Experimental evidence,Soil,USA,1970,Dioxygenases,Dioxygenase,,10.1128/aem.35.2.364-367.1978,1,No,DOI,format_valid,No,"Verify substrate, product, reaction order, step evidence, and pathway completeness from the cited publication"
894,pesticide_data.xlsx,CURATED_BIODEGRADATION_ONLY,DDT,Clostridium sp. BXM,DDT,Experimental evidence,Agricultural soil,China,2012,,,,10.1016/j.envpol.2011.11.037,1,No,DOI,format_valid,No,"Verify substrate, product, reaction order, step evidence, and pathway completeness from the cited publication"
895,pesticide_data.xlsx,CURATED_BIODEGRADATION_ONLY,DDT,Mucor alternans ,DDT,Experimental evidence,Soil,USA,1971,,,,10.1139/m71-208,1,No,DOI,format_valid,No,"Verify substrate, product, reaction order, step evidence, and pathway completeness from the cited publication"
896,pesticide_data.xlsx,CURATED_BIODEGRADATION_ONLY,DDT,Shewanella decolorationis S12,DDT,Experimental evidence,Sediment,China,2010,,,,10.1016/j.envpol.2009.11.020,1,No,DOI,format_valid,No,"Verify substrate, product, reaction order, step evidence, and pathway completeness from the cited publication"
897,pesticide_data.xlsx,CURATED_BIODEGRADATION_ONLY,DDT,Pandoraea pnomenusa B356,DDT,Enzymatic evidence,Laboratory strain,Canada,2011,Dioxygenases,Biphenyl dioxygenase,bphA,10.1016/j.abb.2011.09.016,1,No,DOI,format_valid,No,"Verify substrate, product, reaction order, step evidence, and pathway completeness from the cited publication"
898,pesticide_data.xlsx,CURATED_BIODEGRADATION_ONLY,DDT,Burkholderia xenovorans LB400,DDT,Enzymatic evidence,Laboratory strain,Canada,2011,Dioxygenases,Biphenyl dioxygenase,bphA,10.1016/j.abb.2011.09.016,1,No,DOI,format_valid,No,"Verify substrate, product, reaction order, step evidence, and pathway completeness from the cited publication"
899,pesticide_data.xlsx,CURATED_BIODEGRADATION_ONLY,DDT,Alcaligenes denitrificans ITRC-4 (MTCC 3697),DDT,Experimental evidence,Contaminated soil,India,2003,Dioxygenase,Dioxygenase,,10.1007/s00284-002-3819-1,1,No,DOI,format_valid,No,"Verify substrate, product, reaction order, step evidence, and pathway completeness from the cited publication"
900,pesticide_data.xlsx,CURATED_BIODEGRADATION_ONLY,DDT,Alcaligenes denitrificans ITRC-4 (MTCC 3697),DDT,Experimental evidence,Contaminated soil,India,2003,Dehalogenases,Reductive dechlorination,,10.1007/s00284-002-3819-1,1,No,DOI,format_valid,No,"Verify substrate, product, reaction order, step evidence, and pathway completeness from the cited publication"
901,pesticide_data.xlsx,CURATED_BIODEGRADATION_ONLY,DDT,Pseudomonas sp.,DDT,Experimental evidence,Sewage,USA,1976,Oxidoreductases,Oxygenase,,10.1128/aem.32.2.213-216.1976,1,No,DOI,format_valid,No,"Verify substrate, product, reaction order, step evidence, and pathway completeness from the cited publication"
902,pesticide_data.xlsx,CURATED_BIODEGRADATION_ONLY,DDT,Lysinibacillus fusiformis,DDT,Experimental evidence,Contaminated soil,Mexico,2021,,,,10.1007/s12223-020-00848-8,1,No,DOI,format_valid,No,"Verify substrate, product, reaction order, step evidence, and pathway completeness from the cited publication"
903,pesticide_data.xlsx,CURATED_BIODEGRADATION_ONLY,DDT,Bacillus mycoides,DDT,Experimental evidence,Contaminated soil,Mexico,2021,,,,10.1007/s12223-020-00848-8,1,No,DOI,format_valid,No,"Verify substrate, product, reaction order, step evidence, and pathway completeness from the cited publication"
904,pesticide_data.xlsx,CURATED_BIODEGRADATION_ONLY,DDT,Bacillus pumilus,DDT,Experimental evidence,Contaminated soil,Mexico,2021,,,,10.1007/s12223-020-00848-8,1,No,DOI,format_valid,No,"Verify substrate, product, reaction order, step evidence, and pathway completeness from the cited publication"
905,pesticide_data.xlsx,CURATED_BIODEGRADATION_ONLY,DDT,Bacillus cereus,DDT,Experimental evidence,Contaminated soil,Mexico,2021,,,,10.1007/s12223-020-00848-8,1,No,DOI,format_valid,No,"Verify substrate, product, reaction order, step evidence, and pathway completeness from the cited publication"
906,pesticide_data.xlsx,CURATED_BIODEGRADATION_ONLY,DDT,Enzyme study (non-microbial),DDT,Enzymatic evidence,Enzyme study (non-microbial),USA,1970,Oxidoreductases,Alcohol dehydrogenase,ADH,10.1126/science.168.3931.582.a,1,No,DOI,format_valid,No,"Verify substrate, product, reaction order, step evidence, and pathway completeness from the cited publication"
907,pesticide_data.xlsx,CURATED_BIODEGRADATION_ONLY,DDT,Sphingobium japonicum UT26,DDT,Enzymatic evidence,Contaminated soil,Japan,2024,Dehalogenases,γ-HCH dehydrochlorinase,linA,10.1093/bbb/zbad141,1,No,DOI,format_valid,No,"Verify substrate, product, reaction order, step evidence, and pathway completeness from the cited publication"
908,pesticide_data.xlsx,CURATED_BIODEGRADATION_ONLY,DDT,Pseudomonas putida T5,DDT,Enzymatic evidence,Soil,India,2012,Dehalogenases,DDT-dehydrohalogenase,,10.1080/10826068.2011.563639,1,No,DOI,format_valid,No,"Verify substrate, product, reaction order, step evidence, and pathway completeness from the cited publication"
909,pesticide_data.xlsx,CURATED_BIODEGRADATION_ONLY,Carbofuran,Pseudomonas spp.,Carbofuran,Experimental evidence,Agricultural soil,USA,1988,,,,10.1128/aem.54.6.1414-1419.1988,1,No,DOI,format_valid,No,"Verify substrate, product, reaction order, step evidence, and pathway completeness from the cited publication"
910,pesticide_data.xlsx,CURATED_BIODEGRADATION_ONLY,Carbofuran,Flavobacterium spp.,Carbofuran ,Experimental evidence,Agricultural soil,USA,2023,,,,10.1128/aem.54.6.1414-1419.1988,1,No,DOI,format_valid,No,"Verify substrate, product, reaction order, step evidence, and pathway completeness from the cited publication"
911,pesticide_data.xlsx,CURATED_BIODEGRADATION_ONLY,Carbofuran,Pseudomonas aeruginosa S07,Carbofuran ,Experimental evidence,Contaminated soil,India,2023,,,,10.1007/s11356-023-30466-z,1,No,DOI,format_valid,No,"Verify substrate, product, reaction order, step evidence, and pathway completeness from the cited publication"
912,pesticide_data.xlsx,CURATED_BIODEGRADATION_ONLY,Carbofuran,Paracoccus sp. YM3,Carbofuran ,Experimental evidence,Contaminated soil,China,2008,,,,10.1080/03601230802234492,1,No,DOI,format_valid,No,"Verify substrate, product, reaction order, step evidence, and pathway completeness from the cited publication"
913,pesticide_data.xlsx,CURATED_BIODEGRADATION_ONLY,Carbofuran,Pseudomonas sp. NJ-101,Carbofuran ,Experimental evidence,Agricultural soil,India,2004,,,,10.1016/S0378-1097(03)00894-2,1,No,DOI,format_valid,No,"Verify substrate, product, reaction order, step evidence, and pathway completeness from the cited publication"
914,pesticide_data.xlsx,CURATED_BIODEGRADATION_ONLY,Carbofuran,Azospirillum lipoferum,Carbofuran ,Experimental evidence,Soil,India,1984,,,,No DOI ( Degradation of carbofuran byAzospirillum lipoferum andStreptomyces spp. isolated from flooded alluvial soil.),1,No,citation_without_DOI,manual_citation_needed,No,"Verify substrate, product, reaction order, step evidence, and pathway completeness from the cited publication"
915,pesticide_data.xlsx,CURATED_BIODEGRADATION_ONLY,Carbofuran,Streptomyces spp.,Carbofuran ,Experimental evidence,Soil,India,1984,,,,No DOI ( Degradation of carbofuran byAzospirillum lipoferum andStreptomyces spp. isolated from flooded alluvial soil.),1,No,citation_without_DOI,manual_citation_needed,No,"Verify substrate, product, reaction order, step evidence, and pathway completeness from the cited publication"
916,pesticide_data.xlsx,CURATED_BIODEGRADATION_ONLY,Carbofuran,Enterobacter sp. LC368285,Carbofuran ,Experimental evidence,Agricultural soil,Bangladesh,2020,,,,10.1002/jobm.201900570,1,No,DOI,format_valid,No,"Verify substrate, product, reaction order, step evidence, and pathway completeness from the cited publication"
917,pesticide_data.xlsx,CURATED_BIODEGRADATION_ONLY,Carbofuran,Enterobacter sp. BRC05,Carbofuran ,Experimental evidence,Agricultural soil,Malaysia,2020,,,,10.3390/molecules25122771,1,No,DOI,format_valid,No,"Verify substrate, product, reaction order, step evidence, and pathway completeness from the cited publication"
918,pesticide_data.xlsx,CURATED_BIODEGRADATION_ONLY,Carbofuran,Chryseobacterium sp. BSC2-3,Carbofuran ,Experimental evidence,Agricultural soil,China,2022,,,,10.3390/metabo12030219,1,No,DOI,format_valid,No,"Verify substrate, product, reaction order, step evidence, and pathway completeness from the cited publication"
919,pesticide_data.xlsx,CURATED_BIODEGRADATION_ONLY,Carbofuran,Sphingomonas sp. SB5,Carbofuran ,Experimental evidence,Contaminated soil,Korea,2004,,,,10.1021/jf035502l,1,No,DOI,format_valid,No,"Verify substrate, product, reaction order, step evidence, and pathway completeness from the cited publication"
920,pesticide_data.xlsx,CURATED_BIODEGRADATION_ONLY,Carbofuran,Arthrobacter sp.,Carbofuran ,Experimental evidence,Contaminated soil,India,1988,,,,10.1128/aem.54.8.2129-2133.1988,1,No,DOI,format_valid,No,"Verify substrate, product, reaction order, step evidence, and pathway completeness from the cited publication"
921,pesticide_data.xlsx,CURATED_BIODEGRADATION_ONLY,Carbofuran,Sphingomonas sp. CF06,Carbofuran ,Experimental evidence,Agricultural soil,USA,1977,Hydrolases,Carbofuran hydrolase,"mcd (hydrolase); catA, xylE probed",10.1128/aem.63.4.1332-1337.1997,1,No,DOI,format_valid,No,"Verify substrate, product, reaction order, step evidence, and pathway completeness from the cited publication"
922,pesticide_data.xlsx,CURATED_BIODEGRADATION_ONLY,Carbofuran,Sphingomonas sp. CDS-1,Carbofuran ,Experimental evidence,Agricultural soil,China,2018,Hydrolases,Hydrolase,cehA,10.1128/AEM.00805-18,1,No,DOI,format_valid,No,"Verify substrate, product, reaction order, step evidence, and pathway completeness from the cited publication"
923,pesticide_data.xlsx,CURATED_BIODEGRADATION_ONLY,Carbofuran,Sphingomonas sp. CDS-1,Carbofuran ,Experimental evidence,Agricultural soil,China,2018,Monooxygenases,FMN/FAD-dependent monooxygenase,cfdC,10.1128/AEM.00805-18,1,No,DOI,format_valid,No,"Verify substrate, product, reaction order, step evidence, and pathway completeness from the cited publication"
924,pesticide_data.xlsx,CURATED_BIODEGRADATION_ONLY,Carbofuran,Sphingbium sp. CFD-1,Carbofuran ,Experimental evidence,Agricultural soil,China,2020,Hydrolases,Carbofuran hydrolase,cehA,10.1016/j.ecoenv.2019.109938,1,No,DOI,format_valid,No,"Verify substrate, product, reaction order, step evidence, and pathway completeness from the cited publication"
925,pesticide_data.xlsx,CURATED_BIODEGRADATION_ONLY,Carbofuran,Pseudomonas sp. 50432,Carbofuran ,Experimental evidence,Soil,USA,2002,Monooxygenases,Hydroxylase,,10.1016/S0378-1097(02)00851-0,1,No,DOI,format_valid,No,"Verify substrate, product, reaction order, step evidence, and pathway completeness from the cited publication"
926,pesticide_data.xlsx,CURATED_BIODEGRADATION_ONLY,Carbofuran,Pseudomonas sp. 50432,Carbofuran ,Experimental evidence,Soil,USA,2002,Hydrolases,Hydrolase,,10.1016/S0378-1097(02)00851-0,1,No,DOI,format_valid,No,"Verify substrate, product, reaction order, step evidence, and pathway completeness from the cited publication"
927,pesticide_data.xlsx,CURATED_BIODEGRADATION_ONLY,Carbofuran,Burkholderia cepacia PCL3,Carbofuran ,Experimental evidence,Rhizosphere soil,Thailand,2011,Hydrolases,Carbamate hydrolase,,10.1016/j.nbt.2011.04.005,1,No,DOI,format_valid,No,"Verify substrate, product, reaction order, step evidence, and pathway completeness from the cited publication"
928,pesticide_data.xlsx,CURATED_BIODEGRADATION_ONLY,Carbofuran, Sphingomonas sp. CFO6,Carbofuran ,Experimental evidence,Agricultural soil,USA,2000,Hydrolases,Carbofuran hydrolase,mcd-like,10.1016/S0168-6496(00)00024-6,1,No,DOI,format_valid,No,"Verify substrate, product, reaction order, step evidence, and pathway completeness from the cited publication"
929,pesticide_data.xlsx,CURATED_BIODEGRADATION_ONLY,Carbofuran,Achromobacter sp. WM111,Carbofuran ,Experimental evidence,Agricultural soil,USA,1989,Hydrolases,Carbofuran hydrolase,mcd,10.1128/jb.171.7.4038-4044.1989,1,No,DOI,format_valid,No,"Verify substrate, product, reaction order, step evidence, and pathway completeness from the cited publication"
930,pesticide_data.xlsx,CURATED_BIODEGRADATION_ONLY,Carbofuran,Sphingobium sp. CFD-1,Carbofuran ,Experimental evidence,Agricultural soil,China,2022,Hydrolases,Carbofuran hydrolase,CehA,10.1128/aem.01024-22,1,No,DOI,format_valid,No,"Verify substrate, product, reaction order, step evidence, and pathway completeness from the cited publication"
931,pesticide_data.xlsx,CURATED_BIODEGRADATION_ONLY,Carbofuran,Sphingobium sp. CFD-1,Carbofuran ,Experimental evidence,Agricultural soil,China,2022,Monooxygenases,FMN/FAD-dependent monooxygenase,CfdC,10.1128/aem.01024-22,1,No,DOI,format_valid,No,"Verify substrate, product, reaction order, step evidence, and pathway completeness from the cited publication"
932,pesticide_data.xlsx,CURATED_BIODEGRADATION_ONLY,Carbofuran,Sphingobium sp. CFD-1,Carbofuran ,Experimental evidence,Agricultural soil,China,2022,Dioxygenase,Dioxygenase,CfdE,10.1128/aem.01024-22,1,No,DOI,format_valid,No,"Verify substrate, product, reaction order, step evidence, and pathway completeness from the cited publication"
933,pesticide_data.xlsx,CURATED_BIODEGRADATION_ONLY,Carbofuran,Sphingobium sp. CFD-1,Carbofuran ,Experimental evidence,Agricultural soil,China,2022,Oxidoreductases,Oxidoreductases,CfdF,10.1128/aem.01024-22,1,No,DOI,format_valid,No,"Verify substrate, product, reaction order, step evidence, and pathway completeness from the cited publication"
934,pesticide_data.xlsx,CURATED_BIODEGRADATION_ONLY,Carbofuran,Pseudomonas putida KT2440,Carbofuran ,Experimental evidence,Engineered strain,China,2016,Hydrolases,Carbofuran hydrolase,mcd,10.1111/1751-7915.12381,1,No,DOI,format_valid,No,"Verify substrate, product, reaction order, step evidence, and pathway completeness from the cited publication"
935,pesticide_data.xlsx,CURATED_BIODEGRADATION_ONLY,Carbofuran,Novosphingobium sp. KN65.2,Carbofuran ,Experimental evidence,Engineered strain,Vietnam,2014,Monooxygenases,FMN/FAD-dependent monooxygenase,cfdC,10.1007/s00253-014-5858-5,1,No,DOI,format_valid,No,"Verify substrate, product, reaction order, step evidence, and pathway completeness from the cited publication"
936,pesticide_data.xlsx,CURATED_BIODEGRADATION_ONLY,Carbofuran,Novosphingobium sp. KN65.2,Carbofuran ,Experimental evidence,Agricultural soil,Vietnam,2014,Dioxygenase,Dioxygenase,CfdE,10.1007/s00253-014-5858-5,1,No,DOI,format_valid,No,"Verify substrate, product, reaction order, step evidence, and pathway completeness from the cited publication"
937,pesticide_data.xlsx,CURATED_BIODEGRADATION_ONLY,Carbofuran,Novosphingobium sp. KN65.2,Carbofuran ,Experimental evidence,Agricultural soil,Vietnam,2014,Monooxygenase,Monooxygenase,cfdI,10.1007/s00253-014-5858-5,1,No,DOI,format_valid,No,"Verify substrate, product, reaction order, step evidence, and pathway completeness from the cited publication"
938,pesticide_data.xlsx,CURATED_BIODEGRADATION_ONLY,Carbofuran,Pseudomonas putida GM,Carbofuran ,Experimental evidence,Engineered microorganism,China,2007,Hydrolases,Carbofuran hydrolase,mcd,10.1007/s10532-006-9075-5,1,No,DOI,format_valid,No,"Verify substrate, product, reaction order, step evidence, and pathway completeness from the cited publication"
939,pesticide_data.xlsx,CURATED_BIODEGRADATION_ONLY,Carbofuran,Pseudomonas stutzeri PS21,Carbofuran ,Experimental evidence,Agricultural soil,China,2023,,,,10.1016/j.envres.2023.115894,1,No,DOI,format_valid,No,"Verify substrate, product, reaction order, step evidence, and pathway completeness from the cited publication"
940,pesticide_data.xlsx,CURATED_BIODEGRADATION_ONLY,Carbofuran,Bacillus spp.,Carbofuran ,Experimental evidence,Agricultural soil,Kenya,2015,,,,10.1080/03601234.2015.1011965,1,No,DOI,format_valid,No,"Verify substrate, product, reaction order, step evidence, and pathway completeness from the cited publication"
941,pesticide_data.xlsx,CURATED_BIODEGRADATION_ONLY,Carbofuran,Sphingomonas spp.,Carbofuran ,Experimental evidence,Agricultural soils,USA,2002,Hydrolases,Carbofuran hydrolase,mcd,10.4014/jmb.1108.08087,1,No,DOI,format_valid,No,"Verify substrate, product, reaction order, step evidence, and pathway completeness from the cited publication"
942,pesticide_data.xlsx,CURATED_BIODEGRADATION_ONLY,Carbofuran,Pseudomonas spp.,Carbofuran ,Experimental evidence,Agricultural soils,USA,2002,Hydrolases,Carbofuran hydrolase,mcd,10.4014/jmb.1108.08087,1,No,DOI,format_valid,No,"Verify substrate, product, reaction order, step evidence, and pathway completeness from the cited publication"
943,pesticide_data.xlsx,CURATED_BIODEGRADATION_ONLY,Carbofuran,Pseudomonas spp.,Carbofuran ,Experimental evidence,Agricultural soils,India,2000,Hydrolases,Carbamate hydrolase (functional),,10.1046/j.1472-765x.2000.00823.x,1,No,DOI,format_valid,No,"Verify substrate, product, reaction order, step evidence, and pathway completeness from the cited publication"
944,pesticide_data.xlsx,CURATED_BIODEGRADATION_ONLY,Carbofuran,Flavobacterium spp.,Carbofuran ,Experimental evidence,Agricultural soils,India,2000,Hydrolases,Carbamate hydrolase (functional),,10.1046/j.1472-765x.2000.00823.x,1,No,DOI,format_valid,No,"Verify substrate, product, reaction order, step evidence, and pathway completeness from the cited publication"
945,pesticide_data.xlsx,CURATED_BIODEGRADATION_ONLY,Carbofuran,Arthrobacter spp.,Carbofuran ,Experimental evidence,Agricultural soils,India,2000,Hydrolases,Carbamate hydrolase (functional),,10.1046/j.1472-765x.2000.00823.x,1,No,DOI,format_valid,No,"Verify substrate, product, reaction order, step evidence, and pathway completeness from the cited publication"
946,pesticide_data.xlsx,CURATED_BIODEGRADATION_ONLY,Carbofuran,Sphingomonas spp.,Carbofuran ,Experimental evidence,Agricultural soil,USA,2000,Hydrolases,Carbofuran hydrolase,mcd-like genes,10.1016/S0168-6496(00)00092-1,1,No,DOI,format_valid,No,"Verify substrate, product, reaction order, step evidence, and pathway completeness from the cited publication"
947,pesticide_data.xlsx,CURATED_BIODEGRADATION_ONLY,Malathion,Agrobacterium radiobacter,Malathion ,Enzymatic evidence,Not specified,Not specified,2014,Hydrolases,Phosphotriesterase (PTEAr),pte (engineered variants),10.1371/journal.pone.0094177,1,No,DOI,format_valid,No,"Verify substrate, product, reaction order, step evidence, and pathway completeness from the cited publication"
948,pesticide_data.xlsx,CURATED_BIODEGRADATION_ONLY,Malathion,Fusarium oxysporum f. sp. Pisi,Malathion ,Experimental evidence,Plant-associated fungus,South Korea,2005,,,,10.1016/j.chemosphere.2005.02.023,1,No,DOI,format_valid,No,"Verify substrate, product, reaction order, step evidence, and pathway completeness from the cited publication"
949,pesticide_data.xlsx,CURATED_BIODEGRADATION_ONLY,Malathion,Brevibacillus sp. KB2,Malathion ,Experimental evidence,Contaminated soil,India,2012,Hydrolases,Carboxylesterase,,10.1007/s11274-011-0916-y,1,No,DOI,format_valid,No,"Verify substrate, product, reaction order, step evidence, and pathway completeness from the cited publication"
950,pesticide_data.xlsx,CURATED_BIODEGRADATION_ONLY,Malathion,Bacillus cereus PU,Malathion ,Experimental evidence,Contaminated soil,India,2012,Hydrolases,Carboxylesterase,,10.1007/s11274-011-0916-y,1,No,DOI,format_valid,No,"Verify substrate, product, reaction order, step evidence, and pathway completeness from the cited publication"
951,pesticide_data.xlsx,CURATED_BIODEGRADATION_ONLY,Malathion,Micrococcus aloeverae MAGK3,Malathion ,Experimental evidence,Agricultural soil,India,2022,,,,10.1007/s00203-022-03106-2,1,No,DOI,format_valid,No,"Verify substrate, product, reaction order, step evidence, and pathway completeness from the cited publication"
952,pesticide_data.xlsx,CURATED_BIODEGRADATION_ONLY,Malathion,Pseudomonas sp. M-3,Malathion ,Enzymatic evidence,water ,India,1989,Hydrolases,Carboxylesterase,,10.1007/BF01701627,1,No,DOI,format_valid,No,"Verify substrate, product, reaction order, step evidence, and pathway completeness from the cited publication"
953,pesticide_data.xlsx,CURATED_BIODEGRADATION_ONLY,Malathion,Rossellomorea marisflavi DL-A,Malathion ,Experimental evidence,water ,USA,2025,Hydrolases,Carboxylesterase,D1CarE5,10.1128/mra.00220-25,1,No,DOI,format_valid,No,"Verify substrate, product, reaction order, step evidence, and pathway completeness from the cited publication"
954,pesticide_data.xlsx,CURATED_BIODEGRADATION_ONLY,Malathion,Alicyclobacillus tengchongensis,Malathion ,Experimental evidence,Hot spring,China,2013,,,,10.1007/s10529-013-1195-5,1,No,DOI,format_valid,No,"Verify substrate, product, reaction order, step evidence, and pathway completeness from the cited publication"
955,pesticide_data.xlsx,CURATED_BIODEGRADATION_ONLY,Malathion,Pseudomonas aeruginosa AA112,Malathion ,Experimental evidence,Agricultural soil,Egypt,2007,,,,10.1556/AMicr.54.2007.3.3,1,No,DOI,format_valid,No,"Verify substrate, product, reaction order, step evidence, and pathway completeness from the cited publication"
956,pesticide_data.xlsx,CURATED_BIODEGRADATION_ONLY,Malathion,Ochrobactrum sp. M1D,Malathion ,Experimental evidence,Agricultural soil,India,2021,,,,10.1111/lam.13517,1,No,DOI,format_valid,No,"Verify substrate, product, reaction order, step evidence, and pathway completeness from the cited publication"
957,pesticide_data.xlsx,CURATED_BIODEGRADATION_ONLY,Malathion,Aspergillus niger,Malathion ,Experimental evidence,Soil,Egypt,1972,,,,10.1515/znb-1972-0944,1,No,DOI,format_valid,No,"Verify substrate, product, reaction order, step evidence, and pathway completeness from the cited publication"
958,pesticide_data.xlsx,CURATED_BIODEGRADATION_ONLY,Malathion, Penicillium notatum,Malathion ,Experimental evidence,Soil,Egypt,1972,,,,10.1515/znb-1972-0944,1,No,DOI,format_valid,No,"Verify substrate, product, reaction order, step evidence, and pathway completeness from the cited publication"
959,pesticide_data.xlsx,CURATED_BIODEGRADATION_ONLY,Malathion,Rhizoctonia solani,Malathion ,Experimental evidence,Soil,Egypt,1972,,,,10.1515/znb-1972-0944,1,No,DOI,format_valid,No,"Verify substrate, product, reaction order, step evidence, and pathway completeness from the cited publication"
960,pesticide_data.xlsx,CURATED_BIODEGRADATION_ONLY,Malathion,Bacillus sp. AGM5,Malathion ,Experimental evidence,Contaminated soil,India,2022,,,,10.1007/s10532-022-09986-x,1,No,DOI,format_valid,No,"Verify substrate, product, reaction order, step evidence, and pathway completeness from the cited publication"
961,pesticide_data.xlsx,CURATED_BIODEGRADATION_ONLY,Malathion,Pseudomonas putida (IS2),Malathion ,Experimental evidence,Agricultural soil,Egypt,2010,Hydrolases,Carboxylesterase,CE (carboxylesterase gene),10.1007/s10532-010-9350-3,1,No,DOI,format_valid,No,"Verify substrate, product, reaction order, step evidence, and pathway completeness from the cited publication"
962,pesticide_data.xlsx,CURATED_BIODEGRADATION_ONLY,Malathion,Lysinibacillus sp. KB1,Malathion ,Experimental evidence,Contaminated soil,India,2012,Hydrolases,Esterase,,10.1007/s10529-011-0837-8,1,No,DOI,format_valid,No,"Verify substrate, product, reaction order, step evidence, and pathway completeness from the cited publication"
963,pesticide_data.xlsx,CURATED_BIODEGRADATION_ONLY,Malathion,Chroococcus sp.,Malathion ,Experimental evidence,water ,Mexico,2018,,,,10.1080/03601234.2018.1505070,1,No,DOI,format_valid,No,"Verify substrate, product, reaction order, step evidence, and pathway completeness from the cited publication"
964,pesticide_data.xlsx,CURATED_BIODEGRADATION_ONLY,Malathion,Acinetobacter spp.,Malathion ,Experimental evidence,Agricultural soil,Egypt,2015,,,,10.1002/jobm.201300220,1,No,DOI,format_valid,No,"Verify substrate, product, reaction order, step evidence, and pathway completeness from the cited publication"
965,pesticide_data.xlsx,CURATED_BIODEGRADATION_ONLY,Malathion,Bacillus spp.,Malathion ,Experimental evidence,Wastewater,Egypt,2015,,,,10.1002/jobm.201300220,1,No,DOI,format_valid,No,"Verify substrate, product, reaction order, step evidence, and pathway completeness from the cited publication"
966,pesticide_data.xlsx,CURATED_BIODEGRADATION_ONLY,Malathion,Pseudidiomarina homiensis FG2,Malathion ,Experimental evidence,Hydrothermal sediment,Western Pacific Ocean,2022,Hydrolases,Carboxylesterase,Multiple CE genes,10.3390/microorganisms10091797,1,No,DOI,format_valid,No,"Verify substrate, product, reaction order, step evidence, and pathway completeness from the cited publication"
967,pesticide_data.xlsx,CURATED_BIODEGRADATION_ONLY,Malathion,Pseudidiomarina sp. CB1,Malathion ,Experimental evidence,Hydrothermal sediment,Western Pacific Ocean,2022,Hydrolases,Carboxylesterase,Multiple CE genes,10.3390/microorganisms10091797,1,No,DOI,format_valid,No,"Verify substrate, product, reaction order, step evidence, and pathway completeness from the cited publication"
968,pesticide_data.xlsx,CURATED_BIODEGRADATION_ONLY,Malathion,Aspergillus flavus,Malathion ,Experimental evidence,Water,Egypt,2020,,,,10.1007/s11274-020-02869-4,1,No,DOI,format_valid,No,"Verify substrate, product, reaction order, step evidence, and pathway completeness from the cited publication"
969,pesticide_data.xlsx,CURATED_BIODEGRADATION_ONLY,Malathion,Trichoderma viride,Malathion ,Experimental evidence,Agricultural soil,USA,1966,Hydrolases,Carboxylesterase,,10.1126/science.153.3741.1278,1,No,DOI,format_valid,No,"Verify substrate, product, reaction order, step evidence, and pathway completeness from the cited publication"
970,pesticide_data.xlsx,CURATED_BIODEGRADATION_ONLY,Malathion,Pseudomonas sp.,Malathion ,Experimental evidence,Agricultural soil,USA,1966,Hydrolases,Carboxylesterase,,10.1126/science.153.3741.1278,1,No,DOI,format_valid,No,"Verify substrate, product, reaction order, step evidence, and pathway completeness from the cited publication"
971,pesticide_data.xlsx,CURATED_BIODEGRADATION_ONLY,Malathion,Nostoc muscorum,Malathion ,Experimental evidence,Water,Egypt,2014,,,,10.1155/2014/392682,1,No,DOI,format_valid,No,"Verify substrate, product, reaction order, step evidence, and pathway completeness from the cited publication"
972,pesticide_data.xlsx,CURATED_BIODEGRADATION_ONLY,Malathion,Bacillus safensis,Malathion ,Experimental evidence,Contaminated soil,Sudan,2016,,,,10.1021/acs.jafc.6b03334,1,No,DOI,format_valid,No,"Verify substrate, product, reaction order, step evidence, and pathway completeness from the cited publication"
973,pesticide_data.xlsx,CURATED_BIODEGRADATION_ONLY,Malathion,B. subtilis,Malathion ,Experimental evidence,Contaminated soil,Sudan,2016,,,,10.1021/acs.jafc.6b03334,1,No,DOI,format_valid,No,"Verify substrate, product, reaction order, step evidence, and pathway completeness from the cited publication"
974,pesticide_data.xlsx,CURATED_BIODEGRADATION_ONLY,Malathion,B. cereus,Malathion ,Experimental evidence,Contaminated soil,Sudan,2016,,,,10.1021/acs.jafc.6b03334,1,No,DOI,format_valid,No,"Verify substrate, product, reaction order, step evidence, and pathway completeness from the cited publication"
975,pesticide_data.xlsx,CURATED_BIODEGRADATION_ONLY,Malathion,Enterobacter cloacae PMM16,Malathion ,Experimental evidence,Agricultural soil,Mexico,2016,,,,10.1080/03601234.2016.1211906,1,No,DOI,format_valid,No,"Verify substrate, product, reaction order, step evidence, and pathway completeness from the cited publication"
976,pesticide_data.xlsx,CURATED_BIODEGRADATION_ONLY,Malathion, Enterobacter amnigenus XGL214,Malathion ,Experimental evidence,Agricultural soil,Mexico,2016,,,,10.1080/03601234.2016.1211906,1,No,DOI,format_valid,No,"Verify substrate, product, reaction order, step evidence, and pathway completeness from the cited publication"
977,pesticide_data.xlsx,CURATED_BIODEGRADATION_ONLY,Malathion,Aspergillus oryzae,Malathion ,Experimental evidence,Freshwater pond,USA,1975,,,,10.1007/BF01685186,1,No,DOI,format_valid,No,"Verify substrate, product, reaction order, step evidence, and pathway completeness from the cited publication"
978,pesticide_data.xlsx,CURATED_BIODEGRADATION_ONLY,Malathion,Micrococcus sp.,Malathion ,Experimental evidence,Agricultural soil,India,1998,,,,10.1007/BF02815536,1,No,DOI,format_valid,No,"Verify substrate, product, reaction order, step evidence, and pathway completeness from the cited publication"
979,pesticide_data.xlsx,CURATED_BIODEGRADATION_ONLY,Malathion,Pseudomonas sp.,Malathion ,Experimental evidence,Agricultural soil,India,1988,,,,10.1007/BF02815536,1,No,DOI,format_valid,No,"Verify substrate, product, reaction order, step evidence, and pathway completeness from the cited publication"
980,pesticide_data.xlsx,CURATED_BIODEGRADATION_ONLY,Malathion,Pseudomonas sp.,Malathion ,Experimental evidence,Activated sludge,Pakistan,2002,,,,pjbs.2002.699.703,1,No,other_reference,review_required,No,"Verify substrate, product, reaction order, step evidence, and pathway completeness from the cited publication"
981,pesticide_data.xlsx,CURATED_BIODEGRADATION_ONLY,Glyphosate,Enterobacter cloacae K7,Glyphosate,Experimental evidence,Rhizoplane,Russia,2014,Lyases,C–P lyase,,10.1016/j.micres.2013.03.002,1,No,DOI,format_valid,No,"Verify substrate, product, reaction order, step evidence, and pathway completeness from the cited publication"
982,pesticide_data.xlsx,CURATED_BIODEGRADATION_ONLY,Glyphosate,Arthrobacter sp. GLP-1/Nit-1,Glyphosate,Experimental evidence,Soil (Modified stain),Germany,1988,Lyases,C–P lyase,phn operon (implied),10.1128/aem.54.11.2868-2870.1988,1,No,DOI,format_valid,No,"Verify substrate, product, reaction order, step evidence, and pathway completeness from the cited publication"
983,pesticide_data.xlsx,CURATED_BIODEGRADATION_ONLY,Glyphosate,Bacillus cereus CB4,Glyphosate,Experimental evidence,Contaminated soil,China,2012,Lyases,C–P lyase,Not specied,10.2323/jgam.58.263,1,No,DOI,format_valid,No,"Verify substrate, product, reaction order, step evidence, and pathway completeness from the cited publication"
984,pesticide_data.xlsx,CURATED_BIODEGRADATION_ONLY,Glyphosate,Bacillus cereus CB4,Glyphosate,Experimental evidence,Contaminated soil,China,2012,Oxidoreductases,Glyphosate oxidoreductase,,10.2323/jgam.58.263,1,No,DOI,format_valid,No,"Verify substrate, product, reaction order, step evidence, and pathway completeness from the cited publication"
985,pesticide_data.xlsx,CURATED_BIODEGRADATION_ONLY,Glyphosate,Ochrobactrum sp. BTU1,Glyphosate,Experimental evidence,Not specified,Germany,2024,Lyases,C–P lyase,phnCDEFGHIJKLMNOP,10.1016/j.micres.2024.127600,1,No,DOI,format_valid,No,"Verify substrate, product, reaction order, step evidence, and pathway completeness from the cited publication"
986,pesticide_data.xlsx,CURATED_BIODEGRADATION_ONLY,Glyphosate,Burkholderia vietnamiensis AQ5-12,Glyphosate,Experimental evidence,Contaminated soil,Malaysia,2018,,,,10.1007/s13205-018-1141-2,1,No,DOI,format_valid,No,"Verify substrate, product, reaction order, step evidence, and pathway completeness from the cited publication"
987,pesticide_data.xlsx,CURATED_BIODEGRADATION_ONLY,Glyphosate, Burkholderia sp. AQ5-13,Glyphosate,Experimental evidence,Contaminated soil,Malaysia,2018,,,,10.1007/s13205-018-1141-2,1,No,DOI,format_valid,No,"Verify substrate, product, reaction order, step evidence, and pathway completeness from the cited publication"
988,pesticide_data.xlsx,CURATED_BIODEGRADATION_ONLY,Glyphosate,Pseudomonas sp. PG2982,Glyphosate,Experimental evidence,Soil,USA,1987,Glyphosate oxidase,Sarcosine oxidase,,PMID: 2442160 (no DOI),1,No,PMID,format_valid,No,"Verify substrate, product, reaction order, step evidence, and pathway completeness from the cited publication"
989,pesticide_data.xlsx,CURATED_BIODEGRADATION_ONLY,Glyphosate,Pseudomonas sp. QJX-1,Glyphosate,Experimental evidence,Water,China,2023,Oxidoreductases,Oxidoreductases,,10.1016/j.jhazmat.2023.130902,1,No,DOI,format_valid,No,"Verify substrate, product, reaction order, step evidence, and pathway completeness from the cited publication"
990,pesticide_data.xlsx,CURATED_BIODEGRADATION_ONLY,Glyphosate,Stenotrophomonas acidaminiphila Y4B,Glyphosate,Experimental evidence,Activated sludge,China,2022,Oxidoreductases,Glyphosate oxidase,,10.1021/acs.jafc.2c05612,1,No,DOI,format_valid,No,"Verify substrate, product, reaction order, step evidence, and pathway completeness from the cited publication"
991,pesticide_data.xlsx,CURATED_BIODEGRADATION_ONLY,Glyphosate,Pseudomonas sp. PG2982,Glyphosate,Experimental evidence,Soil,USA,1986,Oxidoreductases,Sarcosine oxidase,,10.1128/jb.168.2.702-707.1986,1,No,DOI,format_valid,No,"Verify substrate, product, reaction order, step evidence, and pathway completeness from the cited publication"
992,pesticide_data.xlsx,CURATED_BIODEGRADATION_ONLY,Glyphosate,Ensifer sp.,Glyphosate,Experimental evidence,Stream biofilms,France,2021,Lyases,C-P lyase,phn operon,10.1016/j.jhazmat.2021.126651,1,No,DOI,format_valid,No,"Verify substrate, product, reaction order, step evidence, and pathway completeness from the cited publication"
993,pesticide_data.xlsx,CURATED_BIODEGRADATION_ONLY,Glyphosate, Acidovorax sp.,Glyphosate,Experimental evidence,Stream biofilms,France,2021,Lyases,C-P lyase,phn operon,10.1016/j.jhazmat.2021.126651,1,No,DOI,format_valid,No,"Verify substrate, product, reaction order, step evidence, and pathway completeness from the cited publication"
994,pesticide_data.xlsx,CURATED_BIODEGRADATION_ONLY,Glyphosate,Ochrobactrum spp.,Glyphosate,Experimental evidence,Stream biofilms,France,2021,Lyases,C-P lyase,phn operon,10.1016/j.jhazmat.2021.126651,1,No,DOI,format_valid,No,"Verify substrate, product, reaction order, step evidence, and pathway completeness from the cited publication"
995,pesticide_data.xlsx,CURATED_BIODEGRADATION_ONLY,Glyphosate,Providencia rettgeri GDB1,Glyphosate,Experimental evidence,Contaminated soil,China,2019,Oxidoreductases,Glyphosate oxidoreductase,,10.1016/j.jbiosc.2019.01.012,1,No,DOI,format_valid,No,"Verify substrate, product, reaction order, step evidence, and pathway completeness from the cited publication"
996,pesticide_data.xlsx,CURATED_BIODEGRADATION_ONLY,Glyphosate,Pseudomonas 4ASW,Glyphosate,Experimental evidence,Soil,France,2008,Lyases,C–P lyase,,10.1007/s00253-007-1259-3,1,No,DOI,format_valid,No,"Verify substrate, product, reaction order, step evidence, and pathway completeness from the cited publication"
997,pesticide_data.xlsx,CURATED_BIODEGRADATION_ONLY,Glyphosate,Arthrobacter sp. N4,Glyphosate,Experimental evidence,Soil,France,2008,Lyases,C–P lyase,,10.1007/s00253-007-1259-3,1,No,DOI,format_valid,No,"Verify substrate, product, reaction order, step evidence, and pathway completeness from the cited publication"
998,pesticide_data.xlsx,CURATED_BIODEGRADATION_ONLY,Glyphosate,Pseudomonas sp. PG2982,Glyphosate,Experimental evidence,Soil,USA,1985,Lyases,C–P lyase (pathway inferred),Not specified,PMID: 3997803 (No DOI),1,No,PMID,format_valid,No,"Verify substrate, product, reaction order, step evidence, and pathway completeness from the cited publication"
999,pesticide_data.xlsx,CURATED_BIODEGRADATION_ONLY,Glyphosate,Rhodococcus soli G41,Glyphosate,Experimental evidence,Contaminated soil,Vietnam,2022,Oxidoreductases,Sarcosine pathway enzymes,soxB,10.1007/s00203-022-02875-0,1,No,DOI,format_valid,No,"Verify substrate, product, reaction order, step evidence, and pathway completeness from the cited publication"
1000,pesticide_data.xlsx,CURATED_BIODEGRADATION_ONLY,Glyphosate,Arthrobacter sp. GLP-1,Glyphosate,Experimental evidence,Soil,Germany,1987,Lyases,C–P lyase,,10.1111/j.1432-1033.1987.tb11437.x,1,No,DOI,format_valid,No,"Verify substrate, product, reaction order, step evidence, and pathway completeness from the cited publication"
1001,pesticide_data.xlsx,CURATED_BIODEGRADATION_ONLY,Glyphosate,Pseudomonas sp. LBr,Glyphosate,Experimental evidence,Contaminated water,USA,1988,Oxidoreductases,Glyphosate oxidoreductase,,10.1128/AEM.54.12.2953-2958.1988,1,No,DOI,format_valid,No,"Verify substrate, product, reaction order, step evidence, and pathway completeness from the cited publication"
1002,pesticide_data.xlsx,CURATED_BIODEGRADATION_ONLY,Glyphosate,Bacillus cereus AKAD 3-1,Glyphosate,Experimental evidence,Rhizosphere soil,India,2023,Oxidoreductases,Oxidoreductases,,10.1016/j.ecoenv.2023.114628,1,No,DOI,format_valid,No,"Verify substrate, product, reaction order, step evidence, and pathway completeness from the cited publication"
1003,pesticide_data.xlsx,CURATED_BIODEGRADATION_ONLY,Glyphosate,Ochrobactrum sp. GDOS,Glyphosate,Experimental evidence,Agricultural soil,Iran,2013,Oxidoreductases,Glyphosate oxidoreductase,,10.1080/03601234.2013.730319,1,No,DOI,format_valid,No,"Verify substrate, product, reaction order, step evidence, and pathway completeness from the cited publication"
1004,pesticide_data.xlsx,CURATED_BIODEGRADATION_ONLY,Glyphosate,Ochrobactrum anthropi LBAA,Glyphosate,Experimental evidence,Soil,USA,1997,,,,10.1080/004982597240235,1,No,DOI,format_valid,No,"Verify substrate, product, reaction order, step evidence, and pathway completeness from the cited publication"
1005,pesticide_data.xlsx,CURATED_BIODEGRADATION_ONLY,Glyphosate,Ochrobactrum anthropi S5,Glyphosate,Experimental evidence,Soil,USA,1997,,,,10.1080/004982597240235,1,No,DOI,format_valid,No,"Verify substrate, product, reaction order, step evidence, and pathway completeness from the cited publication"
1006,pesticide_data.xlsx,CURATED_BIODEGRADATION_ONLY,Glyphosate,Pseudomonas spp. GA07,Glyphosate,Experimental evidence,Contaminated soil,China,2015,Lyases,C–P lyase,,10.2323/jgam.61.165,1,No,DOI,format_valid,No,"Verify substrate, product, reaction order, step evidence, and pathway completeness from the cited publication"
1007,pesticide_data.xlsx,CURATED_BIODEGRADATION_ONLY,Glyphosate,Pseudomonas spp. GA07,Glyphosate,Experimental evidence,Contaminated soil,China,2015,Oxidoreductases,Glyphosate oxidoreductase,,10.2323/jgam.61.165,1,No,DOI,format_valid,No,"Verify substrate, product, reaction order, step evidence, and pathway completeness from the cited publication"
1008,pesticide_data.xlsx,CURATED_BIODEGRADATION_ONLY,Glyphosate,Pseudomonas spp. GA09,Glyphosate,Experimental evidence,Contaminated soil,China,2015,Lyases,C–P lyase,,10.2323/jgam.61.165,1,No,DOI,format_valid,No,"Verify substrate, product, reaction order, step evidence, and pathway completeness from the cited publication"
1009,pesticide_data.xlsx,CURATED_BIODEGRADATION_ONLY,Glyphosate,Pseudomonas spp. GA09,Glyphosate,Experimental evidence,Contaminated soil,China,2015,Oxidoreductases,Glyphosate oxidoreductase,,10.2323/jgam.61.165,1,No,DOI,format_valid,No,"Verify substrate, product, reaction order, step evidence, and pathway completeness from the cited publication"
1010,pesticide_data.xlsx,CURATED_BIODEGRADATION_ONLY,Glyphosate,Pseudomonas spp. GC04,Glyphosate,Experimental evidence,Contaminated soil,China,2015,Lyases,C–P lyase,,10.2323/jgam.61.165,1,No,DOI,format_valid,No,"Verify substrate, product, reaction order, step evidence, and pathway completeness from the cited publication"
1011,pesticide_data.xlsx,CURATED_BIODEGRADATION_ONLY,Glyphosate,Pseudomonas spp. GC04,Glyphosate,Experimental evidence,Contaminated soil,China,2015,Oxidoreductases,Glyphosate oxidoreductase,,10.2323/jgam.61.165,1,No,DOI,format_valid,No,"Verify substrate, product, reaction order, step evidence, and pathway completeness from the cited publication"
1012,pesticide_data.xlsx,CURATED_BIODEGRADATION_ONLY,Glyphosate,Chryseobacterium sp Y16C,Glyphosate,Experimental evidence,Contaminated sludge,China,2022,Hydrolases,C–N bond cleavage enzymes,,10.1016/j.jhazmat.2022.128689,1,No,DOI,format_valid,No,"Verify substrate, product, reaction order, step evidence, and pathway completeness from the cited publication"
1013,pesticide_data.xlsx,CURATED_BIODEGRADATION_ONLY,Glyphosate,Pseudomonas pseudomallei Strain 22,Glyphosate,Experimental evidence,Agricultural soil,Mexico,1995,Lyases,C–P lyase-associated proteins,"glpA, glpB",10.1128/AEM.61.2.538-543.1995,1,No,DOI,format_valid,No,"Verify substrate, product, reaction order, step evidence, and pathway completeness from the cited publication"
1014,pesticide_data.xlsx,CURATED_BIODEGRADATION_ONLY,Glyphosate,Enterobacter sp. Bisph2,Glyphosate,Genomic evidence ,Soil,Algeria,2016,Lyases,Phosphonate-related enzymes (genomic study based),,10.1016/j.gdata.2016.03.005,1,No,DOI,format_valid,No,"Verify substrate, product, reaction order, step evidence, and pathway completeness from the cited publication"
1015,pesticide_data.xlsx,CURATED_BIODEGRADATION_ONLY,Glyphosate,Pseudomonas sp. PG2982,Glyphosate,Experimental evidence,Soil,USA,1988,Transferases,Phosphate transport system,,10.1128/AEM.54.7.1886-1888.1988,1,No,DOI,format_valid,No,"Verify substrate, product, reaction order, step evidence, and pathway completeness from the cited publication"
1016,pesticide_data.xlsx,CURATED_BIODEGRADATION_ONLY,Glyphosate,Pseudomonas sp. PG2982,Glyphosate,Experimental evidence,Soil,USA,1984,Lyases,C–P lyase,,10.1128/AEM.48.5.1049-1050.1984,1,No,DOI,format_valid,No,"Verify substrate, product, reaction order, step evidence, and pathway completeness from the cited publication"
1017,pesticide_data.xlsx,CURATED_BIODEGRADATION_ONLY,Glyphosate,Bacillus licheniformis ST401,Glyphosate,Enzymatic evidence,Not specified,USA,2007,Transferases,Glyphosate N-acetyltransferase (GAT),gat,10.1074/jbc.M610267200,1,No,DOI,format_valid,No,"Verify substrate, product, reaction order, step evidence, and pathway completeness from the cited publication"
