pmid,doi,year,title,journal,authors,publication_types,abstract,manual_review_status,database_match_status,matched_database_sections
42402015,10.1080/15287394.2026.2694074,2026,Assessment of molecular and biochemical biomarkers in,Journal of toxicology and environmental health. Part A,Favarin JC; Lisarb Velasquez Bastolla C; de Barros Vilas Bôas LO; Sampaio Lanzarin L; Saldaña-Serrano M; Nogueira D; Locatelli C; Hoff R,Journal Article,"The increasing use of pyrethroids and neonicotinoids, such as those present in the commercial formulation ZEUSⓇ (Ihara, Brazil), has raised environmental concerns attributed to enhanced risk of aquatic contamination. Fish are valuable bioindicators due to their ability to bioaccumulate and metabolically respond to contaminants. This study evaluated the acute effects of ZEUSⓇ exposure in Nile tilapia (Oreochromis niloticus) using biochemical and molecular biomarkers. Male juvenile fish (n = 10 per treatment) were exposed for 24 hr to ZEUSⓇ at 0.05, 0.1, or 0.2 mg/L. Hepatic gene transcription of genes related to xenobiotic biotransformation, antioxidant defense, inflammation, and apoptosis was assessed, together with glutathione S-transferase (Gst) and catalase (Cat) activities and lipid peroxidation levels. Lambda-cyhalothrin and dinotefuran were not detected in the muscle tissue. Biomarker responses revealed a significant 4-fold downregulation of carboxylesterase (cbe3) transcription at 0.1 mg/L, and a 40% reduction in Gst activity at 0.2 mg/L. Lipid peroxidation increased approximately 6-fold and 8-fold at 0.05 and 0.2 mg/L, respectively. No significant changes were observed in antioxidant-, inflammatory-, or apoptosis-related gene transcription. These findings indicate that acute ZEUSⓇ exposure alters detoxification processes and induces oxidative lipid damage, indicating the need for longer-term studies evaluating tissue-specific responses and bioaccumulation dynamics.",Needs manual review before database use,NEW_CANDIDATE,
42379105,10.1016/j.aquatox.2026.107917,2026,Fenvalerate toxicity in Haliotis discus hannai: Gill damage and organ responses under food and water exposure.,"Aquatic toxicology (Amsterdam, Netherlands)",Liu X; Wu G; Hua S; Qin H; Li X; Xie Z; Liu X; Chen L,Journal Article,"Fenvalerate (FEN), a widely used synthetic pyrethroid pesticide that poses substantial risks to aquatic ecosystems. This study systematically compared the toxic effects of FEN exposure through food and water pathways in the abalone Haliotis discus hannai, with specific focus on the gills. Our results demonstrated detectable FEN accumulation in the gills under both exposure routes, and water exposure led to significantly higher accumulation, particularly at higher concentrations. Proteomic analysis revealed that both exposure routes induced substantial molecular alterations, with food exposure primarily disrupting Metabolic processes, while water exposure caused more extensive disruptions, including Genetic Information Processing pathways. Both exposure routes induced oxidative stress in the gills, evidenced by significantly elevated superoxide dismutase (SOD) and glutathione S-transferase (GST) activities and increased malondialdehyde (MDA) levels, though acetylcholinesterase (AChE) activity remained unchanged across all groups. Molecular analysis showed that both food and water exposure upregulated genes related to antioxidant defense (Nuclear factor erythroid 2-related factor 2, Nrf2), apoptosis (BCL2-Associated X Protein, BAX; Cysteine-Aspartic Acid Protease 3, Caspase-3), immune inflammation (Toll-Like Receptor 2, TLR2; Toll-Like Receptor 4, TLR4; Tumor Necrosis Factor Alpha, TNF-α), and cellular signaling (Phosphatidylinositol 3-Kinase, PI3K), while downregulating the anti-apoptotic gene (B-cell Lymphoma 2, Bcl-2), with these effects being most pronounced under water exposure. Integrated biomarker response (IBR) and principal component analysis (PCA) consistently demonstrated that both exposure routes disrupted gill physiological homeostasis, with water exposure causing the most severe toxicological effects. These findings establish that while food exposure induces significant toxicity in abalone gills, water exposure represents the predominant risk factor through interconnected oxidative, immune, and apoptotic pathways.",Needs manual review before database use,NEW_CANDIDATE,
42378389,10.1002/arch.70184,2026,Delta-Class Glutathione S-Transferase Modulates the Susceptibility of Myzus persicae to λ-Cyhalothrin.,Archives of insect biochemistry and physiology,Shen WX; Yu JM; Liu XY; Zhang YX; Li MY; Chen DX; Liu S,Journal Article,"Glutathione S-transferases (GSTs) constitute a critical enzyme superfamily responsible for xenobiotic detoxification in insects. The green peach aphid, Myzus persicae, is a globally significant agricultural pest that has exhibited declining field susceptibility to λ-cyhalothrin (LCT), a widely applied pyrethroid insecticide. While elevated GST activity has been correlated with LCT tolerance in various aphid populations, the precise molecular mechanisms driving this process have not been fully elucidated. In this study, we functionally characterized a delta-class GST gene (designated MpGSTd1) from M. persicae. The encoded protein possesses hallmark structural motifs of the GST family, including distinct glutathione-binding (G-site) and hydrophobic substrate-binding (H-site) pockets. Transcriptional profiling revealed maximal MpGSTd1 expression during the late nymphal to adult stages, and its transcript levels were markedly induced following LCT challenge. Biochemical analysis of the recombinant MpGSTd1 protein confirmed its catalytic competency toward the model substrate CDNB, exhibiting a Vmax of 0.91 µmol/min/mg and a Km of 2.73 mM. Notably, LCT exposure inhibited the enzyme's activity in vitro with an IC50 of 0.02 mM, and high-performance liquid chromatography (HPLC) assays demonstrated that MpGSTd1 can directly deplete LCT by 11.4%. Furthermore, RNA interference (RNAi)-mediated suppression of MpGSTd1 in vivo significantly elevated aphid mortality upon subsequent LCT exposure. Collectively, these findings delineate an essential role for MpGSTd1 in modulating LCT susceptibility in M. persicae and underscore its potential utility as a molecular target for future aphid management strategies.",Needs manual review before database use,NEW_CANDIDATE,
42362044,10.1016/j.jinsphys.2026.105021,2026,Dietary lipids shape honey bee (Apis mellifera) feeding and resilience to pesticide stress.,Journal of insect physiology,Mokkapati JS; Grozinger CM,Journal Article,"Pesticides are important for crop production but can have negative impacts on beneficial insects such as pollinators. In insects, physiological lipid stores may serve to sequester pesticides, while pesticide metabolism and detoxification often involve fatty acid pathways. Previous studies in Apis mellifera found that honey bees fed pollen with a specific protein-to-lipid ratio had improved survival when exposed to an insecticide. Here, we comprehensively investigate whether and how the type of dietary fat influences survival, energy reserves, and enzymatic biomarkers, following exposure to an organophosphate insecticide, chlorpyrifos. Newly emerged bees were fed protein-based diets enriched with either saturated (SFA), monounsaturated (MUFA), or polyunsaturated fatty acids (PUFA) for 5 days and then exposed orally to chlorpyrifos (at LC₅₀). Bees fed MUFA and PUFA diets consumed significantly more food than those fed SFA-supplemented diet, indicating a clear preference for unsaturated fats. However, under chlorpyrifos exposure, only PUFA-fed bees exhibited significantly higher survival rates, and also maintained greater lipid reserves and acetylcholine esterase activity compared to SFA- and MUFA-fed groups. These results suggest that PUFA-enriched diets may mitigate pesticide toxicity by preserving neural enzyme function and energy homeostasis. No significant changes in glutathione-S-transferase activity were observed across treatments, suggesting limited dietary modulation of this detoxification pathway. Collectively, our findings demonstrate that dietary fatty acid composition influences honey bee physiological resilience to chlorpyrifos and highlight the potential for PUFA-based nutritional interventions or the design of pollinator habitats, to improve resilience to pesticides.",Needs manual review before database use,NEW_CANDIDATE,
42355381,10.3390/insects17060648,2026,Comparative Transcriptomic Analysis of Detoxification Enzyme Gene Families in Parent and Offspring Riptortus pedestris After Sublethal Thiamethoxam Treatment.,Insects,Zhao S; Wang Z; Chen S; Li R; Du Z; Huang X; Yuan H; Shi S,Journal Article,"Thiamethoxam is the main neonicotinoid insecticide used for controlling Riptortus pedestris (Fabricius) (Hemiptera: Alydidae). However, sublethal concentration stress may induce intergenerational transcriptional memory, leading to transcriptional patterns that may contribute to the intergenerational accumulation of metabolic tolerance, and evaluating only the toxicity of the current generation would underestimate the long-term risk. Therefore, this study investigated the effect of parental exposure on the expression of detoxification enzyme genes in offspring. Using transcriptome sequencing, we systematically identified three detoxification enzyme gene families (cytochrome P450 monooxygenases (CYPs), carboxylesterases (CCEs), and glutathione S-transferases (GSTs)) in R. pedestris and compared their differential expression patterns between the parental and filial generations after thiamethoxam treatment at three sublethal concentrations (LC10, LC30, and LC50). In the parental generation, a Theta family GST was consistently upregulated, while in the filial generation, detoxification genes were predominantly downregulated, and the genes upregulated in the parents were not also upregulated in the offspring. Comparisons of parents and offspring at the same concentration revealed that the medium concentration induced the highest number of intergenerationally upregulated genes, exhibiting a non-linear response pattern. These results indicate that parental exposure to sublethal thiamethoxam leaves an intergenerational transcriptional imprint in the offspring, and the transmission pattern involves transcriptional reprogramming rather than simple replication of the parental response, the mechanism of which remains to be determined. This study provides transcriptomic evidence for understanding the metabolic adaptation and intergenerational resistance evolution of R. pedestris to thiamethoxam, offering important reference value for field resistance monitoring and rational insecticide application.",Needs manual review before database use,NEW_CANDIDATE,
42332171,10.1038/s41598-026-59265-5,2026,Combined toxicity of pesticides and heavy metals on Rhizoglyphus robini (Acari: Acaridae).,Scientific reports,Samadieh H; Khajehali J,Journal Article,"This study investigates the combined effects of heavy metals (lead and nickel) and three pesticides (abamectin, propargite, and chlorpyrifos) on the bulb mite, Rhizoglyphus robini (Acaridae). Toxicity bioassays were conducted to determine the heavy metal ratios (HMR) and the LC50 of pesticide alone divided by LC50 of pesticide with heavy metal pretreatment. The results revealed that exposure to lead and nickel enhanced the toxicity of propargite and chlorpyrifos but significantly reduced the toxicity of abamectin, indicating an antagonistic effect. Specifically, for propargite, lead increased toxicity by 2.67-fold and nickel by 1.73-fold. For chlorpyrifos, lead increased toxicity by 1.75-fold and nickel by 1.17-fold. In contrast, for abamectin, lead and nickel reduced toxicity by 0.82-fold and 0.86-fold, respectively (HMR < 1), confirming an antagonistic interaction. Biochemical analyses showed that lead exposure significantly increased cytochrome P450 activity, while nickel reduced glutathione S-transferase (GST) activity. The observed changes in enzyme activities suggest that heavy metals may affect detoxification pathways. Our results highlight the importance of considering environmental contaminants when designing pest management strategies, as combined exposure to heavy metals and pesticides can either enhance or reduce the efficacy of control measures.",Needs manual review before database use,NEW_CANDIDATE,
42298900,10.1021/acs.jafc.6c02903,2026,Resistance to Fenoxaprop-P-ethyl in Wild Oats May Involve GST-Mediated Enhanced Antioxidant Capacity.,Journal of agricultural and food chemistry,Qing J; Cao Z; Lu H; Pan L; Liu M,Journal Article,"Avena fatua (wild oat), a globally invasive weed threatening cereal production, has evolved herbicide resistance, complicating field management. A previous study identified an Australian resistant population (R1) with moderate resistance to the acetyl-CoA carboxylase (ACCase)-inhibiting herbicide fenoxaprop-P-ethyl via nontarget-site resistance (NTSR). RNA-seq revealed that a glutathione S-transferase (GST) gene, AfGSTU16, was upregulated in R1. Transgenic rice overexpressing AfGSTU16 (AfGSTU16-OE) exhibited an enhanced tolerance to fenoxaprop-P-ethyl. However, in vitro assays of recombinant AfGSTU16 in Escherichia coli showed no metabolic activity toward fenoxaprop-P-ethyl, indicating resistance independent of direct herbicide degradation. Alternatively, AfGSTU16-OE rice accumulated lower hydrogen peroxide levels and displayed higher antioxidant enzyme activities under herbicide stress. Transcriptome analysis further showed enrichment in xenobiotic detoxification and antioxidant defense pathways. Collectively, these findings suggest that AfGSTU16 confers fenoxaprop-P-ethyl resistance in the wild oat mainly by enhancing antioxidant capacity to alleviate herbicide-induced oxidative damage rather than via direct herbicide metabolic degradation.",Needs manual review before database use,NEW_CANDIDATE,
42290144,10.1002/mnfr.70519,2026,Enhanced Protective Potential of a Pea Protein-Fortified Fermented Almond Beverage Against Paraquat-Induced Oxidative Stress.,Molecular nutrition & food research,Charif SE; Gozzi MS; Branca BE; Roiffe G; Dorfman VB,Journal Article,"Oxidative stress, arising from an imbalance between reactive oxygen species and antioxidant defenses, drives numerous diseases. Paraquat (PQ) induces oxidative damage through free radical generation. Developing antioxidant-rich products from natural sources may mitigate these effects. We evaluated the antioxidant content and protective effects of a plant-based fermented beverage (PBFB) based on almond milk and plant protein. Methanolic extracts were analyzed for total phenolic (TPC) and flavonoid (TFC) content, as well as DPPH and ABTS assays. Fermentation enhanced antioxidant properties, increasing phenolic content (80.20 ± 0.81 vs. 119.60 ± 1.43 mg GAE/mg), total flavonoid content (9.32 ± 1.32 vs. 22.35 ± 1.52 mg CAE/mg), DPPH (4.97 ± 0.17% vs. 10.43 ± 0.15%), and ABTS (23.57 ± 1.46% vs. 44.30 ± 0.51%) radical scavenging capacity (p < 0.05). In vitro, PQ increased catalase (CAT) (16.36 ± 3.33 vs. 36.70 ± 5.52 units/min/mg, p < 0.05) and decreased glutathione S-transferase (GST) activities (39.42 ± 2.92 vs. 18.27 ± 2.37 µmol/min/mL, p < 0.05) in CHO-K1 cells. PBFB treatment partially restored GST activity (26.04 ± 2.30 µmol/min/mL, p < 0.05) and normalized CAT levels (21.25 ± 2.95 units/min/mg, p < 0.05). Cell viability remained unchanged. These findings highlight the synergistic effect of fermentation and plant protein enrichment, yielding a functional food with cytoprotective potential.",Needs manual review before database use,NEW_CANDIDATE,
42287693,10.1093/ee/nvag060,2026,Contact toxicity and mechanisms of 4 compounds from Evodia rutaecarpa against Tribolium castaneum (Coleoptera: Tenebrionidae).,Environmental entomology,Yang W; Wang Y; Cao J,Journal Article,"Tribolium castaneum causes significant damage to grains and their products. Increased resistance to synthetic insecticides poses a further challenge to pest control, highlighting botanical insecticides as an alternative. Evodia rutaecarpa is rich in anti-insect compounds and possesses insecticidal activity against T. castaneum. However, the underlying mechanism of action remains unclear. We evaluated the contact toxicity of 4 active compounds from E. rutaecarpa, linalool, caryophyllene oxide, α-terpineol, and rutaecarpine, against T. castaneum via topical application, and assessed their effects on neural and detoxification enzymes using spectrophotometry. α-Terpineol showed the highest contact toxicity, followed by rutaecarpine (LD50 = 63.42 μg/adult), linalool (LD50 = 74.07 μg/adult), and caryophyllene oxide (LD50 = 105.60 μg/adult). All 4 compounds affected key enzymes, with decreased AChE and increased GST activity. CES activity initially increased and then declined, suggesting neurotoxic disruption and detoxification induction. Transcriptomic and proteomic analyses were conducted to identify pathways affected by α-terpineol, indicating that the mechanism involves dysregulation of detoxification, neurotransmission, and developmental pathways, ultimately disrupting physiological and metabolic processes in T. castaneum. After cuticular penetration, α-terpineol activated detoxification genes (CYPs, ESTs, GSTs, and UGTs) and ATP-binding cassette transporters, while downregulating genes involved in cuticle formation (CHTs, CP63, Obstructor-B), energy metabolism (Treh), and neurotransmission (AChE). Molecular docking analysis revealed that the 4 compounds formed stable complexes with AChE, CES, and GST by hydrogen bonding, π-interactions, and hydrophobic contacts (binding energies ranged from -9.4 to -4.8 kcal/mol). Therefore, α-terpineol from E. rutaecarpa is a promising insecticide for controlling stored-product insects.",Needs manual review before database use,NEW_CANDIDATE,
42280262,10.3390/molecules31111960,2026,Pioneering Investigation on the Larvicidal Mechanism and Chemical Profile of,"Molecules (Basel, Switzerland)",de Oliveira AC; da Costa MLL; Marcusso GM; Simões RC; Serrão RNG; Figueira ÉAG; de Lima GS; Vasconcelos ADS,Journal Article,"Aedes aegypti and Anopheles darlingi represent health challenges due to synthetic insecticide resistance. Hence, the essential oil from Piper humillimum is an alternative for vector control. In this study, the essential oil (3.5 ± 0.4% yield) alongside germacrene D (61.51%) and δ-cadinene (17.46%) showed larvicidal activity (LC50 of 34.75 to 46.04 µg/mL), accompanied by an increase of hydrogen peroxide (H2O2) production (36.67 ± 1.52 to 81.33 ± 1.52 µmol H2O2 min-1 mg-1 protein), causing lipid (43.3 ± 6.02 to 81.67 ± 3.05 nmol malondialdehyde mg-1 protein) and protein damages (61.67 ± 6.80 to 83.00 ± 2.64 nmol carbonyls mg-1 protein). Further triggering an increase in superoxide dismutase (83.31 ± 6.80 to 95.00 ± 3.60 U mg-1 protein) and catalase (74.31 ± 7.02 to 82.09 ± 1.00 µmol H2O2 min-1 mg-1 protein) activities. In addition, mixed-function oxidases (61.17 ± 11.37 to 73.52 ± 6.42 nmol cyt c min-1 mg-1 protein), α- and β-esterase (38.41 ± 4.04 to 61.31 ± 9.29 µmol min-1 mg-1 protein) levels increased. Conversely, glutathione S-transferase (GST) (11.01 ± 2.00 to 9.67 ± 3.05 µmol min-1 mg-1 protein) and acetylcholinesterase (AChE) (14.33 ± 3.78 to 17.00 ± 1.00 μmol min-1 mg-1 protein) were inhibited, corroborated by molecular docking, with germacrene D and δ-cadinene showing binding energies of -7.9 and -7.9 kcal/mol, 1.63 and 1.94 Ki for AChE, while for GST were -6.4 and 6.6 kcal/mol, and 20.5 and 15.50 Ki, respectively. These results demonstrate that the essential oil from P. humillimum is a promising multi-target alternative for the control of the investigated vectors.",Needs manual review before database use,NEW_CANDIDATE,
42264743,10.1016/j.pestbp.2026.107142,2026,Resistance to cyhalofop-butyl and metamifop in Echinochloa crus-galli var. mitis conferred by the Cys-2088-Arg mutation in ACCase gene and GST-mediated enhanced metabolism.,Pesticide biochemistry and physiology,Yu X; Xie C; Guo Q; Sun J; Yang Y; Tang W,Journal Article,"Echinochloa crus-galli var. mitis (ECM) is one of the major Echinochloa species in the rice field, with increasing reports of herbicide resistance. This study identified an ECM population (ECM_2312) exhibiting cross-resistance to four acetyl-CoA carboxylase (ACCase)-inhibiting herbicides, including cyhalofop-butyl (8.7-fold), metamifop (15.8-fold), clodinafop-propargyl (16.1-fold) and fenoxaprop-P-ethyl (25.0-fold)，compared with the susceptible population ECM_2201. A Cys-2088-Arg mutation was detected in ACCase2C gene copy in ECM_2312, confirming the involvement of that target-site resistance. Liquid chromatography-tandem mass spectrometry (HPLC-MS) analysis revealed that the degradation of the herbicides active forms (cyhalofop-acid and metamifop) were faster in the resistant population than in the susceptible population. Pretreatment with the glutathione S-transferase (GST) inhibitor, 4-chloro-7-nitrobenzoxadiazole (NBD-Cl) reduced the resistance level from 8.7-fold to 4.9 fold for cyhalofop-butyl and from 15.8-fold to 3.0-fold for metamifop. Moreover, GST activity was consistently higher in the resistant population than the susceptible population, both in the absence and presence of herbicide treatment. Furthermore, five GST genes exhibited sustained overexpression for 96 h in the resistant plants following exposure to either cyhalofop-butyl or metamifop. This study demonstrated an ECM population possesses both a target-site mutation (Cys-2088-Arg) and GST-mediated enhanced metabolic resistance to ACCase-inhibiting herbicides.",Needs manual review before database use,NEW_CANDIDATE,
42264721,10.1016/j.pestbp.2026.107179,2026,"Insecticide resistance and metabolic detoxification patterns in geographically distinct populations of the brown planthopper, Nilaparvata lugens from India.",Pesticide biochemistry and physiology,Naik VCB; Akhilesh K; Rakhesh S; Padmavathi C; Rao DS; Kumar J; Sundaram RM,Journal Article,"The brown planthopper is a major rice pest in India and intensive insecticide use has led to widespread resistance development. To assess the current resistance status, we evaluated 14 field populations of Nilaparvata lugens collected from eight states across India against five commonly used insecticides - imidacloprid, dinotefuran, pymetrozine, triflumezopyrim and buprofezin- using rice stem dipping method during 2024-2025 at ICAR- Indian Institute of Rice Research, Hyderabad, India. The results revealed considerable variation in resistance levels among populations. Moderate to high resistance was recorded to imidacloprid (RR: 24.81-63.61) and buprofezin (RR: 11.85-56.53), particularly in Maruteru, Nalgonda, and Gangavathi populations. Dinotefuran (RR: 6.82-21.99) and pymetrozine (RR: 4.17-25.96) exhibited low to moderate resistance, while triflumezopyrim remained effective and recorded low resistance ratio (3.28-13.13 folds). Biochemical assays revealed significant elevation in detoxification enzyme activities among field populations. Cytochrome P450 monooxygenase activity was strongly correlated with resistance to imidacloprid, dinotefuran and buprofezin, indicating a central role of cytochrome P450 monooxygenases in metabolic resistance. Esterase activity exhibited a moderate and significant association with resistance to imidacloprid and triflumezopyrim, whereas glutathione S-transferase activity was significantly associated only with imidacloprid. Cluster analysis grouped populations into distinct biochemical clusters, indicating variability in metabolic resistance patterns among regions. The findings highlight increasing resistance in N. lugens populations and emphasize the importance of continuous resistance monitoring and integrated resistance management strategies for sustainable rice production.",Needs manual review before database use,NEW_CANDIDATE,
42257755,10.1007/s10653-026-03279-5,2026,Multi-level assessment of chronic toxicity of the insect growth regulator lufenuron in the non-target aquatic organism Daphnia magna.,Environmental geochemistry and health,Dane H; Aksakal Ö; Şişman T; Gür C; Alat Ö,Journal Article,"Lufenuron, a benzoylurea insect growth regulator, is widely used against various pest species. Despite its broad application, multi-level studies addressing the chronic and sublethal effects of lufenuron on Daphnia magna remain limited. In this study, we evaluated the physiological, biochemical, and transcriptional responses of D. magna exposed to three lufenuron concentrations (0.01, 0.025, and 0.06 µg/L) over 21 days. The 48-h EC50 was determined as 0.383 µg/L. Chronic exposure was associated with decreased survival, body length, molting frequency, and heart rate. Reproductive performance was also impaired, as shown by a reduced total number of offspring per female and delayed first brood. Biochemical analyses showed increased MDA levels and elevated SOD and CAT activities, along with decreased GST activity. Transcriptional analyses revealed significant induction of Nrf2, upregulation of SOD and CAT, suppression of GST at low concentrations, and significant upregulation of CYP360A8, CYP4, HR96P, and P-gp, while CYP314 expression remained unchanged. In addition, VTG expression increased, whereas CUT and DMRT expression decreased, indicating modulation of genes associated with reproduction and development. These results suggest that chronic lufenuron exposure can adversely affect multiple biological endpoints in D. magna and highlight the importance of considering sublethal effects in ecological risk assessment.",Needs manual review before database use,NEW_CANDIDATE,
42243155,10.1038/s41598-026-54655-1,2026,Larvicidal activity of essential oils and nanoemulsions against Culex pipiens larvae (Diptera: Culicidae).,Scientific reports,Abdel-Ghany HSM; Ayoob F; Baiome BA; Allam SA; Youssef AA; Kabadaia MM; Abdel-Shafy S,"Journal Article; Research Support, Non-U.S. Gov't","Mosquitoes and mosquito-borne diseases are a growing global challenge. Vector control strategies have recently transitioned from chemical insecticides to botanical products. This study evaluated the larvicidal efficacy of dill, lime, and wormwood essential oils (EOs), along with their combinations and nanoemulsions (NEs), against Culex pipiens third-instar larvae over 48 h. Gas chromatography mass spectrometry (GC-MS) analysis revealed major components for dill EO (Apiol 25.46%, Carvone 24.13%, and D-Limonene 23.47%), lime EO (D-Limonene 24.16%, α-Terpineol 13.12%, and β-Pinene 11.98%), and wormwood EO (davanone 33.8%, and camphor 25.67%). The TEM image showed spherical NE droplets (40-160 nm). The droplet size and polydispersity index (PDI) were (164 nm and 0.2), (211.6 nm and 0.2), and (160.8 nm and 0.6) for dill, lime, and wormwood NEs, respectively. Based on LC50 values after 30 min, the dill EO showed the highest larvicidal activity (LC50 = 286.9 ppm; confidence interval (CI) 226.85-341.52 ppm), followed by dill NE (LC50 = 518.9 ppm; CI 290.4 -765.1 ppm) and then (dill + lime) binary combination (LC50 = 1502 ppm; CI 1403.9-1605.4 ppm). The EO showed faster larvicidal activity than NEs, particularly within 30 min. NEs didn't significantly enhance efficacy over crude EOs. Enzyme assays showed variable effects: dill, lime, and wormwood EOs reduced GST activity, whereas their corresponding NEs generally increased enzyme activity at most exposure times. These findings indicate that botanical formulations, particularly those derived from dill, may serve as promising biodegradable alternatives for vector control. However, optimizing essential oil ratios is needed to maximize synergistic effects, and comprehensive assessments of toxicity and environmental impact are required before large-scale application.",Needs manual review before database use,NEW_CANDIDATE,
42205059,10.1021/acs.jafc.6c03265,2026,Structural and Functional Insights into a Honey Bee Omega-Class Glutathione S-Transferase Mediating Chemical Sequestration and Antioxidative Stress.,Journal of agricultural and food chemistry,Koirala S; Moural TW; Bhattarai G; Phan NT; Rajotte EG; Biddinger DJ; Zhu F,Journal Article,"The European honey bee (Apis mellifera L.) is an essential crop pollinator and is frequently exposed to pesticide residues that may compromise bee health. Mechanisms underlying chemical adaptation and detoxification in honey bees remain incompletely understood, particularly those involving glutathione S-transferases (GSTs). Here, we structurally and functionally characterized omega-class GST AmGSTO1. AmGSTO1 was highly expressed in the fat bodies of nurse and forager bees. X-ray crystallography resolved the glutathione (GSH)-bound AmGSTO1 structure, revealing an active-site cysteine characteristic of omega GSTs. Enzyme assays showed greater catalytic efficiency toward the thioltransferase substrate HED than toward CDNB or PNA. Disc diffusion and bacterial survival assays demonstrated antioxidant activity against cumene hydroperoxide, hydrogen peroxide, and paraquat. Fluorescence binding assays indicated agrochemical binding, while HPLC detected no significant substrate depletion, suggesting a sequestration rather than catalytic role. Overall, AmGSTO1 may contribute to the protection against agrochemical toxicity and oxidative stress in honey bees.",Needs manual review before database use,NEW_CANDIDATE,
42202517,10.1016/j.jhazmat.2026.142448,2026,"Differential effects of a novel mesoionic insecticide, triflumezopyrim, on Apis mellifera and Apis cerana.",Journal of hazardous materials,Zhang ML; Wang SW; Li WM; Krongdang S; Wu YY; Dai PL; Li SS; Gao J,Journal Article,"This study investigates the toxicological effects of Triflumezopyrim (TRF), a novel mesoionic insecticide, on two closely related honey bee species, Apis mellifera and Apis cerana. In acute oral toxicity assays, A. cerana exhibited a lower LC50 value (3.413 mg/L) compared to A. mellifera (17.495 mg/L), indicating approximately 5-fold higher sensitivity to TRF. Transcriptomic analysis revealed differential gene expression patterns related to detoxification, neurotransmission, and immune responses between A. mellifera and A. cerana following TRF exposure, suggesting potential differences in molecular responses that require further validation. A. mellifera displayed enhanced cytochrome P450 and UGT expression, which likely contribute to its higher tolerance, while A. cerana showed obvious downregulation of genes involved in neurotransmission and immune function. Additionally, sublethal TRF exposure caused an initial oxidative imbalance, as indicated by significantly upregulated P450 activity in A. mellifera but a strong reduction in A. cerana, while GST activity was significantly upregulated in both species, alongside decreased GSH levels and reduced LPO, suggesting that different antioxidant and detoxification responses may occur in the two species after TRF exposure. Moreover, the downregulation of neurotransmission related genes (i.e., ACHE, GAD, and GLS) indicated the disruption of synaptic transmission in A. cerana. Consistent with the molecular differences, both the two honey bees exhibited reduced climbing ability and sucrose responsiveness after chronic TRF exposure, with the effects being more pronounced in A. cerana. These laboratory-based hazard identification findings reveal the differential susceptibility of A. mellifera and A. cerana to TRF under controlled conditions, providing foundational data for future refinements of pollinator hazard assessment protocols in regions where both species coexist.",Needs manual review before database use,NEW_CANDIDATE,
42144774,10.1093/jisesa/ieag034,2026,Chemical composition of Deverra scoparia essential oil under different drying conditions and its insecticidal properties against Parlatoria blanchardi (Hemiptera: Diaspididae).,Journal of insect science (Online),Hammoudi R; Chebrouk F; Benameur-Saggou H; Belkhalfa H; Hadj Mahammed M; Abou-Mustapha M; Rashwan AK; El-Harairy A,Journal Article,"Parlatoria blanchardi Targ. (Hemiptera: Diaspididae) is a destructive scale insect that causes serious damage to date palm plantations. The essential oil (EO) of Deverra scoparia Coss. & Durieu was investigated for its insecticidal activity against P. blanchardi under different drying methods. This is the first time to our knowledge that the insecticidal activity against P. blanchardi has been reported for the plant species D. scoparia. This study evaluates, for the first time, the bioactivity of D. scoparia EO, as well as its insecticidal activity against P. blanchardi under different drying techniques (air drying, sun drying, and microwave drying at 264, 400, and 800 W). The chemical composition of D. scoparia EO was identified and characterized using gas chromatography mass spectrometry (GC-MS). In addition, the responses of the target enzyme acetylcholinesterase (AChE) and 2 key detoxification enzymes, carboxylesterase (CarE) and glutathione S-transferase (GST), in P. blanchardi were investigated to elucidate the underlying mechanisms of toxicity. Our data showed that a total of 32 compounds were identified, with myristicin (43.44% to 69.73%), D-limonene (6.61% to 12.57%), dillapiole (0.74% to 10.87%), α-phellandrene (0.47% to 8.16%), and α-pinene (4.36% to 8.10%) as the dominant constituents. Insecticidal activity varied markedly with drying technique; microwave drying at 264 W produced the most toxic EO against adult stages (LC50 = 0.12 to 0.13 µl/ml), while sun-dried EO showed the highest efficacy against immature stages. Enzyme assays revealed that microwave-derived oils significantly increased AChE activity while strongly suppressing CarE and GST activities. Our findings suggest that this plant might be efficient as a potential alternative control agent for P. blanchardi.",Needs manual review before database use,NEW_CANDIDATE,
42138572,10.1002/arch.70163,2026,Integrated Transcriptomic and Enzymatic Analysis Reveals the Detoxification Response of Asian Spongy Gypsy Moth Lymantria dispar asiatica to Chlorantraniliprole.,Archives of insect biochemistry and physiology,Wagan S; Zhang J; Khoso MA; Batool Y; Sun L; Cao C,Journal Article,"The Asian spongy moth, Lymantria dispar asiatica, is a polyphagous defoliator capable of damaging a wide range of tree species and is recognized as a major forest pest worldwide. Chlorantraniliprole, a widely used anthranilic diamide insecticide, is highly effective against lepidopteran pests; however, the molecular detoxification mechanisms employed by L. dispar asiatica in response to this compound remain poorly understood. In this study we investigated the integrated transcriptomic and enzymatic detoxification response of third-instar L. dispar asiatica larvae following exposure to response to acute LC₅₀ exposure concentrations of chlorantraniliprole. Toxicity was first determined using a leaf-dip bioassay. Transcriptomic analysis identified 167769 differentially expressed genes (DEGs), which were significantly enriched in metabolic and detoxification-related pathways, including drug metabolism, glutathione metabolism, and cytochrome P450 pathways. Quantitative real-time PCR (q-RT-PCR) further validated the upregulation of several key detoxification genes, including CYP6AN15v1, CYP6AE51, GSTe1, and UGT2. Interestingly, transcriptome-wide analysis also revealed a broad downregulation of numerous genes within the cytochrome P450 and UDP-glycosyltransferase (UGT) families. Consistent with these transcriptional patterns, enzyme activity assays demonstrated significant inhibition of cytochrome P450, glutathione S-transferase (GST), and UDP-glycosyltransferase (UGT) enzyme activities, whereas carboxylesterase (CarE) activity was markedly induced. Collectively, these findings demonstrated that chlorantraniliprole elicits a multifaceted detoxification response in L. dispar asiatica characterized by selective transcriptional activation of specific detoxification genes alongside the broad suppression of major detoxification enzymes. The inhibition of CYP450, GST and, UGT activities, appears to represent a key mechanistic basis underlying the high efficacy of chlorantraniliprole against this pest.",Needs manual review before database use,NEW_CANDIDATE,
42127512,10.1016/j.plaphy.2026.111361,2026,Unlocking the interactive role of GABA and NO in alleviating chlorpyrifos induced toxicity in Solanum melongena L. through modulation of physio-biochemical traits.,Plant physiology and biochemistry : PPB,Kumar U; Patel OS; Siddiqui S; Kumar KS; Prasad SM,Journal Article,"Injudicious application of pesticides has a detrimental effect on vegetable productivity and food safety. Gamma-aminobutyric acid (GABA) and nitric oxide (NO) are key signaling molecules known to exhibit crosstalk in plant stress responses; however, their interaction under chlorpyrifos (CP) stress in eggplant (Solanum melongena L.) remains unexplored. Their synergistic action is essential for maintaining redox balance and enhancing stress resilience. Thus, the present study evaluates the effect of exogenous GABA and NO, individually and in combination (GABA + NO), on growth, physiological and biochemical attributes of eggplant seedlings under CP stress. CP stress significantly reduced the growth attributes (48% biomass, 21% stomatal density and 15% trichome density), pigments (35% Chl a and 44% Chl b with 27% rise in Car), and photosynthetic performance (34% A, 9% Fv/Fm, and 52% PIABS with an increase of 37% in DI0/RC), while oxidative biomarkers (100% O2●-, 147% H2O2 and 114% MDA) were exacerbated as compared to control (CK). Exogenous GABA and NO together increased growth attributes (6% biomass, 17% stomatal density and 21% trichome density), pigments (24% Chl a and 18% Chl b with 20% decreased in Car) and photosynthetic performance (16% A, 6% Fv/Fm and 37% PIABS, with a reduction of 21% in DI0/RC) as compared to control. This alleviating effect could be attributed to GABA-NO mediated regulation of ROS detoxification by increased activity of catalase, superoxide dismutase, peroxidase and glutathione-s-transferase, and also by stabilization of photosynthetic machinery. Inhibitors/scavenger (MPA, L-NAME, and c-PTIO) elevated stress impact with a stronger effect of MPA, indicating the dominant role of GABA. The findings reveal that GABA-NO interaction plays a crucial role in mitigating CP toxicity through regulation of antioxidants and photosynthetic machinery, providing a potential strategy to enhance crop tolerance under pesticide stress.",Needs manual review before database use,NEW_CANDIDATE,
42107540,10.1016/j.plantsci.2026.113206,2026,Comparative proteomic analysis of seed germination in five crop species.,Plant science : an international journal of experimental plant biology,Huang Z; Peng Z; Li S; Wan C,Journal Article; Comparative Study,"Seed germination is a critical process in the plant life cycle, regulated through complex molecular processes. Although proteomic studies have elucidated germination mechanisms in individual species, cross-species comparisons remain limited. Here, we performed a systematic comparative proteomic analysis of five crop species across distinct germination stages. We identified 538 orthogroups conserved across five species, along with several species-specific orthogroups, which participate in stress-response pathways, early responses to abscisic acid, and the subsequent mobilization of storage reserves. However, the expression patterns of these proteins differ between monocots and dicots. Several species-specific proteins and pathways have also been identified, such as lipid metabolism in Glycine max, Sesamum indicum Yuzhi No.10 (YZ10), and Setaria italica; nitrogen metabolism in Triticum aestivum Jimai 22 (JM22); and the pentose phosphate pathway in Triticum aestivum JM22 and Bainong 207 (BN207). Proteins involved in glutathione metabolism were identified in all species, including members of the glutathione S-transferase family. Heat shock proteins, nonspecific lipid transfer proteins, peroxidases, and late embryogenesis abundant proteins constitute the largest proportion of stress-related proteins, indicating their importance in maintaining protein homeostasis, antioxidant defense, and pathogen resistance during seed germination. However, their expression patterns differ across species. For example, compared with the wheat variety BN207, JM22 contains more LEA proteins. LEA proteins in JM22 are expressed throughout the entire germination process, whereas in BN207 their abundance declines more rapidly. These findings not only provide insights into germination characteristics across species but also offer guidance for enhancing seed vigor and breeding strategies.",Needs manual review before database use,NEW_CANDIDATE,
42106895,10.1002/ps.70907,2026,Field-dose fenitrothion impairs gut function and survival in the bumble bees (Bombus terrestris).,Pest management science,Liu Y; Yang Y; Wang J; Yang S; Li Z; Bai L; Huang ZY; Ma C,Journal Article,"BACKGROUND: Fenitrothion is a widely used insecticide, yet its effects on the health of bumble bees (Bombus terrestris) have not been reported until now. We carried out experiments to investigate the impact of field-realistic concentrations of fenitrothion on food consumption, body weight, survival probability, gut structure, gut detoxification enzyme activity, gut microbial diversity, gut transcriptional and gut metabolic profiles of Bombus terrestris. RESULTS: Exposure to 500 μg kg-1 fenitrothion significantly reduced survival probability, induced gut damage as evidenced by hematoxylin and eosin staining, decreased cytochrome P450 (P450) activity while increasing glutathione S-transferase (GST) activity, and down-regulated AChE1 expression in gut tissue. Furthermore, 16S rRNA sequencing revealed a decline in gut microbial diversity, while transcriptomic and metabolomic analyses indicated disruptions in gut gene and metabolic expression. Molecular docking revealed that fenitrothion binds within a hydrophobic pocket formed by residues Trp148, Ser186, Tyr185, and Gly182 of the AChE1 protein. CONCLUSION: These multiple sublethal alterations in bee behavior and physiology indicate that fenitrothion is likely to exert complex yet detrimental effects on Bombus terrestris health under field conditions. © 2026 Society of Chemical Industry.",Needs manual review before database use,NEW_CANDIDATE,
42097054,10.1016/j.ecoenv.2026.120209,2026,6-Hydroxycoumarin from Artemisia lavandulaefolia Induces Multimodal Toxicity in Solenopsis invicta via behavioral inhibition and mitochondrial disruption.,Ecotoxicology and environmental safety,Luo R; Zhou Y; Wu M; Yin D; Li C; Xu C; Gao X; Wu G,Journal Article,"Solenopsis invicta is a globally invasive species with serious ecological and economic impacts. As limitations of conventional chemical control become evident, botanical insecticides offer a promising alternative. This study identifies 6-hydroxycoumarin as the key insecticidal compound from Artemisia lavandulaefolia and systematically elucidates its multi-mechanistic toxicity. The compound exhibited potent gastric toxicity (LC₅₀ = 55.144 mg/L at 72 h) and caused complete behavioral disruption at 125 mg/L, eliminating grasping/walking capacity and nearly suppressing all aggregation/climbing activities. Metabolomic analysis revealed extensive metabolic dysregulation, with significant disruption of CYP450-mediated xenobiotic metabolism pathways. Corresponding enzyme assays confirmed 23% CYP450 inhibition alongside 119-422% induction of GST, CarE, and SOD activities. Histo-pathological and ultra-structural examinations demonstrated dose-dependent midgut epithelial damage, mitochondrial cristae disintegration, and cellular vacuolization. These findings collectively demonstrate that 6-hydroxycoumarin induces mortality through synchronized behavioral incapacitation, metabolic dysfunction, CYP450 enzymes inhibition, and induction of apoptotic pathways, positioning it as an effective botanical insecticide for sustainable S. invicta management.",Needs manual review before database use,NEW_CANDIDATE,
42091975,10.1038/s41598-026-47487-6,2026,Effect of nanoemulsions of Araucaria heterophylla and Azadirachta indica leaf extracts against Culex pipiens: biochemical impacts and phytochemical profile.,Scientific reports,Alkeridis LA; Al-Shuraym LAM; Alharbi HM; Baz MM; Selim A; Elhawary EA,Journal Article,"Botanical extracts and essential oils derived from medicinal plants have attracted increasing interest as eco-friendly alternatives to synthetic insecticides for mosquito control. In the present study, nanoemulsion formulations of Araucaria heterophylla and Azadirachta indica leaf extracts were developed to enhance their insecticidal efficacy against Culex pipiens and their biochemical impacts. Nanoemulsions were characterized using UV-Vis spectroscopy, dynamic light scattering, zeta potential analysis, and transmission electron microscopy, confirming stable nanoscale droplets with spherical morphology. Biochemical analyses revealed significant inhibition of detoxification (acetylcholinesterase, α- and β-esterases), metabolic (GABA-T, amylase, lipase), and antioxidant enzymes (SOD, GST, CAT, GSH). Elevated lipid peroxidation and protein carbonyl levels reflected severe oxidative stress, with A. indica nanoemulsion inducing the most potent effects. The phytochemical profiling of the two plants leads to the identification of 28 and 42 volatile components from the AIW and AH n-hexane extracts, respectively. The identified components belonged to the alkyl benzene and hydrocarbons in common between the two plants. However, AH-Hex was rich with sesquiterpenoids and oxygenated terpenoids such as caryophyllene, humulene, β-bisabolene, carotol, and kaurene derivatives, while AIW-Hex showed methyl esters of palmitic and stearic acids, along with long-chain branched alkanes and alcohols, as its main components. In addition, the UPLC/MS-assisted profiling of Me, Eth. Ac., and Aq. extracts revealed a vast array of metabolites, counted as 56 and 55 for AIW and AH extracts, respectively. The AH extracts were presented with a rich diterpenoid profile together with several flavonoids, fatty acids, and phenolic acids, while the AIW extracts were particularly rich with flavonoids, followed by limonoids, cinnamic acid derivatives, and fatty acids. Overall, this study demonstrates that nanoemulsions of A. indica and A. heterophylla leaves significantly enhance larvicidal efficacy against Cx. pipiens through biochemical disruption and oxidative stress induction.",Needs manual review before database use,NEW_CANDIDATE,
42087407,10.1002/cbdv.202503318,2026,"Insecticidal Potential of Essential Oils from Origanum onites, Lavandula angustifolia, and Foeniculum vulgare Against Agonoscena pistaciae: Integrated In Vitro and In Silico Approaches.",Chemistry & biodiversity,Yaş C; Dilmen H; Gok M; Başar Y,Journal Article,"This study evaluated the insecticidal potential of essential oils (EOs) obtained from Origanum onites, Lavandula angustifolia, and Foeniculum vulgare against Agonoscena pistaciae. The phytochemical content of the essential oils was determined by GC-MS. Furthermore, molecular docking analyses were performed to theoretically investigate the inhibitory properties of the dominant compounds against the detoxification enzymes glutathione S-transferase (GST) and cytochrome P450. In the GC-MS analysis, the dominant components were identified as follows: O. onites (60.51% carvacrol, 9.73% linalool, and 7.53% cis-cymene); L. angustifolia (25.44% linalyl acetate, 23.47% linalool, and 7.37% cis-cymene); and F. vulgare (49.41% anethol, 14.62% p-anisaldehyde, and 9.35% estragol). As a result of molecular docking, carvacrol showed the strongest binding affinity to both enzymes, surpassing the reference inhibitors metronidazole and coniferil ferulate, achieving docking scores of -5.40 kcal/mol and -5.70 kcal/mol, respectively. Visualization of molecular interactions revealed strong hydrogen bonds and hydrophobic contacts between carvacrol and the enzyme active sites. Biological analyses confirmed that carvacrol-rich O. onites EOs caused significantly higher mortality rates in A. pistaciae larvae compared to other applications and controls. These results demonstrate that carvacrol derived from O. onites is a promising natural insecticide targeting detoxification enzymes in pests and offering a sustainable alternative to synthetic pesticides.",Needs manual review before database use,NEW_CANDIDATE,
42086709,10.1038/s41598-026-51780-9,2026,Life-stage-specific resistance to imidacloprid and thiamethoxam in COI-confirmed Bemisia tabaci MEAM1 and adult detoxification enzyme activity.,Scientific reports,Mohammad Nejad Havestin M; Sabahi Q; Amiri A; Sheikhi Garjan A; Bandani AR,Journal Article,"Neonicotinoids such as imidacloprid and thiamethoxam remain widely used for managing the whitefly, Bemisia tabaci, yet intensive applications have selected for resistance in many production systems. Here, we quantified stage-resolved susceptibility to imidacloprid and thiamethoxam across eggs, second-instar nymphs, and adults in five field populations of B. tabaci molecularly confirmed as MEAM1 by COI sequencing and phylogenetic analysis. The study further examined whether population-level resistance patterns were associated with detoxification enzyme activity measured in adults. Standardized leaf-dip bioassays on colonies reared on eggplant under controlled conditions were analyzed by probit methods to estimate LC50 values and resistance ratios (RRs) relative to a field-derived reference population (Marand). Across life stages, among-population differences were consistent, with Jiroft showing the highest LC50 and RR values. In adults, imidacloprid resistance in Jiroft approached ~ 60-fold, whereas thiamethoxam resistance reached ~ 24-fold. Second-instar nymphs showed lower RRs than adults but still exhibited meaningful resistance (imidacloprid RR ≈ 15-fold in Jiroft), and eggs also displayed elevated tolerance relative to the reference population. In adult biochemical assays, resistant populations showed increased cytochrome P450 monooxygenase and glutathione S-transferase activities and/or elevated carboxylesterase activity, consistent with a metabolic component to resistance. These results delineate a life-stage-resolved resistance profile within a single MEAM1 lineage and under the present assay framework, second-instar nymphs appeared to be the most operationally responsive stage for potential intervention, but are no longer fully susceptible in highly selected populations, underscoring the value of stage-explicit monitoring in intensive vegetable systems.",Needs manual review before database use,NEW_CANDIDATE,
42085734,10.1016/j.ecoenv.2026.120199,2026,Parasitic interactions modulate the physiological responses of Gammarus fossarum to the herbicide metazachlor.,Ecotoxicology and environmental safety,Nahar N; Asghar A; Schmidt TC; Sures B,Journal Article,"Parasites are ubiquitous in natural environments, yet their role in shaping host responses to chemical stressors remains largely underexplored in ecotoxicology. We investigated how natural infections by cystacanths of the acanthocephalan Polymorphus minutus and microsporidians modulate the toxicity of the chloroacetamide herbicide metazachlor (MTZ) in Gammarus fossarum during a high-exposure scenario. We exposed P. minutus- and/or microsporidia-infected and uninfected G. fossarum to 1 and 10 mg/L MTZ, assessing behavioral and physiological responses. We observed significantly higher mortality at 10 mg/L, with slightly lower values for P. minutus-infected individuals. Although locomotion was unaffected by MTZ or infection, both MTZ and parasites significantly influenced biochemical responses with significant interactions. We found distinct physiological response patterns associated with parasite infection and MTZ exposure. Two major infection-dependent response clusters were (i) coinfected (with P. minutus and microsporidians) and P. minutus-infected individuals, and (ii) uninfected and microsporidia-infected individuals, suggesting distinct physiological strategies for coping with parasites and MTZ. Coinfection and P. minutus appeared to elevate glutathione S-transferase (GST) and phenoloxidase (PO) activities compared to the other cluster at high MTZ and control, while catalase activity decreased. In contrast, microsporidia infection and the absence of parasites were associated with increased catalase activity at the highest MTZ treatment. Decreased GST activity across infection groups at high MTZ suggested reduced detoxification capacity, while MTZ induced depletion of glycogen and lipids indicated metabolic costs. The complex interactions observed between MTZ and parasites highlight the importance of considering multiple stressors when assessing the ecological impacts of environmental contaminants like MTZ.",Needs manual review before database use,NEW_CANDIDATE,
42083257,10.1093/etojnl/vgag114,2026,Cypermethrin and perfluorooctane sulfonate co-exposure: Synergistic immunotoxicity in ex vivo stimulated whole blood of Nile tilapia (Oreochromis niloticus).,Environmental toxicology and chemistry,Aparo R; Natale S; Iaria C; Peritore AF; Crupi R; Lanteri G; Capparucci F,Journal Article,"Environmental contaminants pose an increasing threat to aquatic organisms, with potential consequences for fish health, aquaculture, and food safety. This study investigated the cytotoxic and immunotoxic effects of perfluorooctane sulfonate (PFOS) and the synthetic pyrethroid cypermethrin (CYP) in Nile tilapia (Oreochromis niloticus) using ex vivo peripheral blood mononuclear cell (PBMC) cultures and whole blood assays. High concentrations of PFOS and CYP reduced PBMC viability in a concentration and time-dependent manner, with CYP exhibiting stronger cytotoxicity. Reactive oxygen species-related oxidative burst and reverse transcriptase quantitative polymerase chain reaction analyses revealed that PFOS (10 μM) and CYP (1 μM) induced oxidative stress and modulated the expression of antioxidant catalase, superoxide dismutase, glutathione peroxidase, glutathione S-transferase, and cytokine cytokines tumor necrosis factor-α, interleukin-1β, and transforming growth factor- β genes, indicating disruption of immune regulation. Importantly, co-exposure to subtoxic concentrations of PFOS (1 μM) and CYP (100 nM) elicited significant cytotoxic and immunotoxic responses, including reduced PBMC viability, increased myeloperoxidase and malondialdehyde levels, increased oxidative burst activity and nitrite production, and altered gene expression. These effects were comparable to those induced by lipopolysaccharide, a proinflammatory control, suggesting a potential interaction between the two contaminants. Although single exposures at these concentrations were largely inactive, the combined treatment revealed the enhanced toxic potential of chemical mixtures in aquatic environments. Overall, these findings emphasize the importance of evaluating combined exposures, as interactions between environmental contaminants may pose greater risks to fish health, aquaculture sustainability, and food safety than individual pollutants alone.",Needs manual review before database use,NEW_CANDIDATE,
42069273,10.1016/j.cbpc.2026.110558,2026,Toxic effects of acute atrazine exposure on the physiological functions and transcriptional levels in non-targeted marine invertebrates (Chlamys nobilis).,Comparative biochemistry and physiology. Toxicology & pharmacology : CBP,Sun J; Yan B; Liu Y; Lin Q; Wang W; Zhang H; Zheng H,Journal Article,"Atrazine (ATZ), the second most widely used pesticide globally, poses potential risks to non-target aquatic organisms. However, its toxicological impacts on the economically valuable Chlamys nobilis remain unknown. This study investigates the toxicological effects of ATZ on the economically important C. nobilis. We assessed tissue integrity, physiological functions, and transcriptional profiles following ATZ exposure. Mortality in C. nobilis was observed to be time- and dose-dependent. Gill tissue damage was first noted at 5 μg/L ATZ, with severity increasing at higher concentrations. Superoxide dismutase (SOD) and catalase (CAT) activities were significantly elevated at 5 μg/L and 50 μg/L compared to controls but declined at 500 μg/L (P < 0.05). Glutathione S-transferase (GST) activity increased in all exposed groups except at 500 μg/L, peaking at 5 μg/L (P < 0.05). Malondialdehyde (MDA) levels rose significantly at 0.5 μg/L and further increased with higher ATZ concentrations (P < 0.05). RNA-seq analysis revealed 167 and 282 differentially expressed genes (DEGs) at 0.5 μg/L and 50 μg/L, respectively, enriched in pathways related to the endocrine, sensory, and digestive systems. Our findings highlight the toxic effects of ATZ on C. nobilis and contribute to the environmental risk assessment of this pesticide.",Needs manual review before database use,NEW_CANDIDATE,
42069028,10.1016/j.etap.2026.105035,2026,Species-specific responses of bees to Flupyradifurone: Enzymatic stress biomarkers reveal higher sensitivity in Neotropical larvae compared to Apis mellifera.,Environmental toxicology and pharmacology,Dorigo AS; Miotelo L; Grella TC; Antonia Tavares D; Nocelli RCF; Malaspina O; de Souza Rosa-Fontana A,Journal Article,"Bees are essential pollinators facing increasing anthropogenic threats, particularly pesticide exposure. Flupyradifurone has sublethal impacts on non-Apis bees that remain poorly understood. This study incorporates Neotropical stingless bees as model organisms and uses field-realistic concentrations to evaluate physiological stress through enzymatic biomarkers, including acetylcholinesterase (AChE), carboxylesterase (CaE-3), glutathione S-transferase (GST), glucose-6-phosphate dehydrogenase (G6PDH), alkaline phosphatase (ALP), glucose oxidase (GOX), and glutathione reductase (GR) in larvae of Apis mellifera, Melipona scutellaris, and Scaptotrigona postica. In A. mellifera, only AChE activity decreased at the highest concentration. In M. scutellaris, AChE activity decreased at both concentrations, while GR increased at the lowest. S. postica was the most affected, showing increased GST and G6PDH at both concentrations and elevated ALP at the highest. These results reveal species-specific physiological responses, with stingless bees exhibiting more pronounced stress, highlighting the need to include native species in risk assessment frameworks.",Needs manual review before database use,NEW_CANDIDATE,
42068957,10.1016/j.jhazmat.2026.142190,2026,Molecular mechanism of PnGSTU2-mediated brassinosteroid signaling pathway to promote degradation of propiconazole residues in Panax notoginseng.,Journal of hazardous materials,Yu Y; Wan X; Zheng Z; Meng T; Guo L; An Y; Yang Q; Cui X,Journal Article,"Propiconazole (PPC), as a highly effective triazole fungicide, is widely used in disease management in Panax notoginseng. However, residues resulting from its improper application pose a serious threat to the quality and safety of the medicinal herb. Brassinosteroids (BRs) have been proven to effectively mitigate pesticide stress and facilitate its degradation, but their molecular regulatory mechanisms remain poorly understood. Glutathione S-transferases (GSTs) play a key role in plant detoxification and stress response. This study aims to decipher the functional roles and regulatory networks of the GST gene family in the BR-mediated degradation of PPC in P. notoginseng. Based on transcriptome analysis, 47 GST genes were identified in P. notoginseng, of which 17 possess complete conserved domains. The key differentially expressed gene PnGSTU2, which responds to both PPC and BR treatments, was identified. The tobacco transgenic line with overexpression of PnGSTU2 was successfully constructed. Physiological and molecular experiments showed that overexpression of PnGSTU2 significantly promotes the transport and degradation of PPC, increases endogenous BR content, improves photosynthetic parameters, and enhances the activity of antioxidant enzymes and the expression of glutathione metabolism-associated genes. Field trials further confirmed that BR treatment could reduce residues of multiple pesticides. This study provides the first systematic elucidation of the molecular mechanism by which PnGSTU2 promotes PPC degradation in P. notoginseng through positively modulating the BR signaling pathway and coordinated activation of antioxidant and detoxification metabolic pathways, offering novel strategies and genetic resources for the safe production of P. notoginseng and the green control of pesticide residues.",Needs manual review before database use,NEW_CANDIDATE,
42066024,10.1002/jsfa.70694,2026,trans-2-Hexenal exposure enhances disease resistance against Penicillium digitatum by stimulating phenylpropanoid biosynthesis and antioxidant capacity in postharvest citrus fruit.,Journal of the science of food and agriculture,Duan B; Zhu C; Meng K; Tan Y; Tao N,Journal Article,"BACKGROUND: trans-2-Hexenal (TH) is a promising alternative to chemical fungicide in controlling postharvest disease in fruits. This research sought to disclose how TH controls citrus green mold and induces fruit resistance through RNA-Seq, physiochemical and natural decay. RESULTS: TH effectively delayed green mold incidence in citrus fruits. RNA-Seq showed that multiple genes involved in the redox balance, ascorbic acid and aldehyde acid, and phenylpropanoid pathways were greatly influenced. In particular, the expression levels of genes involved in lignin and flavonoid biosynthesis - namely phenylalanine ammonia-lyase, cinnamate-4-hydroxylase, 4-coumarate-CoA ligase, peroxidase 31, cinnamoyl-CoA reductase 1, cinnamyl-alcohol dehydrogenase1, chalcone synthase2, flavanone 3- hydroxylase, and flavonol synthase - were increased by TH treatment, which thereby promoted flavonoids and lignin accumulation. Meanwhile, the antioxidant capacity of TH-treated citrus fruit was improved, as demonstrated by elevated levels of ascorbic acid and glutathione, and increased activities of enzymes and gene expression pertaining to the AsA-GSH cycle, including ascorbate peroxidase 2, glutathione reductases, monodehydroascorbate reductase 4, dehydroascorbate reductase 2, and glutathione s-transferase, resulting in reduction of H2O2. Correspondingly, the protective effects of TH on citrus fruits decreased its susceptibility to Penicillium digitatum. CONCLUSION: TH exposure at 5 μL L-1 induces disease resistance against P. digitatum by stimulating the biosynthesis of lignin and flavonoid, along with the AsA-GSH cycle in the peel of citrus fruit, thus improving antioxidant capacity and maintaining redox balance in the citrus fruit. These findings suggest that TH has potential for use as a protective measure against P. digitatum in citrus fruit. © 2026 Society of Chemical Industry.",Needs manual review before database use,NEW_CANDIDATE,
42053973,10.1021/acs.jafc.5c13032,2026,Synergistic Effects of Oxytetracycline on Pendimethalin Persistence and Ecological Risks in a Soybean-Soil System.,Journal of agricultural and food chemistry,Li H; Zhai W; Liu X; Liu D; Wang P; Zhou Z,Journal Article,"The frequent detection of oxytetracycline in agricultural soils may alter the environmental behavior and risks of coexisting pesticides. This study investigated the influence of oxytetracycline on the degradation and phytotoxicity of pendimethalin in a soil-soybean system. Results demonstrated that oxytetracycline at 50 mg/kg prolonged the half-life of pendimethalin in soil from 33.0 days to 40.8 days. Coexposure inhibited the activities of urease, dehydrogenase, and catalase in the soil. While pendimethalin alone showed no adverse effects on soybean growth, coexposure with oxytetracycline induced pronounced growth inhibition and enhanced oxidative stress. Ecological risk assessment confirmed significantly elevated risks to earthworms. Further analysis revealed suppressed CYP450 and GST activities in both soil and soybean plants, with more pronounced reductions observed in the plants. These findings indicate that the coexistence of antibiotic-herbicide can enhance herbicide persistence and increase environmental contamination risks.",Needs manual review before database use,NEW_CANDIDATE,
42047551,10.1021/acs.jafc.5c17635,2026,LrGSTU181 Contributes to Glufosinate Resistance in the Multiple Resistant,Journal of agricultural and food chemistry,Zeng Y; Qian H; Zhao H; Fu M; Pan L; Liu M,Journal Article,"Glufosinate is increasingly applied alongside glyphosate to control glyphosate-resistant weeds, a practice that has led to emerging resistance issues. Here, glufosinate resistance was confirmed in two multiple-resistant Lolium rigidum (glyphosate, ALS- and ACCase inhibitors) populations, NLR70 and WALR70 (RIs of 4.47 and 2.17, respectively), with no target-site GS resistance mutations. GST and P450 inhibitor studies identified distinct mechanisms: NBD-Cl reversed glufosinate resistance in both populations, while malathion reversed resistance only in population NLR70. Resistance in population NLR70 involved both the overexpression of LrGS1-2 and LrGS2 and the upregulation of LrGSTU181, CYP94B3, and possibly other GSTs and P450s. Whereas in population WALR70, resistance likely involved LrGSTU181 and possibly other GSTs. Transgenic validation demonstrated that LrGSTU181 contributes to glufosinate resistance and clodinafop-propargyl. These findings suggest a possible preadaptation scenario wherein detoxification genes selected under long-term herbicide pressure contribute to the evolution of resistance to chemically distinct herbicides.",Needs manual review before database use,NEW_CANDIDATE,
42036834,10.1080/08923973.2026.2662624,2026,"Myricetin attenuates atrazine-induced dysregulation of the hypothalamic-pituitary-adrenal axis of rats via anti-oxidative, anti-inflammatory, and anti-apoptotic mechanisms.",Immunopharmacology and immunotoxicology,Akpan MM; Ikeji CN; Arije CM; Mohammed KA; Salaudeen FA; Adedara IA; Owumi SE; Farombi EO,Journal Article,"BACKGROUND: The hypothalamic-pituitary-adrenal (HPA) axis is an important part of the stress response system that produces a biological reaction to stressful stimuli and can be activated by stressors such as atrazine. Atrazine (ATZ) is a common triazine herbicide used in the management of weeds in corn and sugarcane, and its persistence in the environment through runoff and leaching leads to frequent contamination of soil and water, with subsequent adverse health implications. Myricetin (MYR) is a biologically active compound with various pharmacological potentials against noxious agents. OBJECTIVE AND METHODS: This study evaluated the effects of MYR on the HPA axis of male Wistar rats sub-chronically exposed to atrazine (ATZ), gavaged with either atrazine (50 mg/kg), myricetin (20 mg/kg), or a combination of both for 45 consecutive days. RESULT: Exposure to ATZ increased serum levels of adrenocorticotropin-releasing hormone (ACTH) and corticosterone, and significantly decreased the activities of hypothalamic and adrenal antioxidant enzymes (catalase, glutathione S-transferase, glutathione peroxidase, reduced glutathione), and hypothalamic acetylcholinesterase (AChE). More so, ATZ-challenged rats showed increased levels of reactive oxygen species and lipid peroxidation, Nitric oxide, tumor necrosis factor-α, interleukin-1β, and caspase-3 in both tissues. Conversely, treatment with myricetin significantly restored the serum levels of ACTH and corticosterone, enhanced the antioxidant enzyme activities, reduced the oxidative-inflammatory and apoptotic markers in both tissues, and increased the hypothalamic AChE activity of the treated animals. Myricetin also reversed the histological abnormalities that atrazine elicited in the treated animals. CONCLUSION: Overall, MYR, through its antioxidant, anti-inflammatory, and anti-apoptotic properties, attenuated the ATZ-induced disruption of the HPA axis of rats.",Needs manual review before database use,NEW_CANDIDATE,
42036825,10.1002/ps.70794,2026,Asp-2078-Gly mutation confers ACCase-inhibiting herbicide resistance in Leptochloa chinensis (L.) Nees.,Pest management science,Qu X; Liu K; Sun P; Cui H; Chen J; Yu H; Zhang C; Li X,Journal Article,"BACKGROUND: Chinese sprangletop (Leptochloa chinensis (L.) Nees), a dominant weed species in Chinese rice fields, poses a significant threat to rice yield and quality because of its increasing resistance to herbicides. In particular, resistance to cyhalofop-butyl (Cyb) has become a major concern in weed control. The mechanism by which the Asp-2078-Gly mutation confers resistance to acetyl-CoA carboxylase (ACCase) inhibitors in L. chinensis remains unclear. In this study, we collected Cyb-resistant L. chinensis populations from rice-growing regions and characterized their resistance mechanisms. RESULTS: Through molecular analysis, we identified a resistant population harboring the Asp-2078-Gly mutation. Whole-plant dose-response experiments showed that the resistant (R) population exhibited varying levels of resistance compared with the susceptible (S) population: resistance indices values were 15.42 for FOP herbicides Cyb, 12.77 for metamifop, 11.50 for fenoxaprop-P-ethyl; 13.13 for the DIM herbicide clethodim; and 8.61 for the DEN herbicide pinoxaden. Quantitative real-time polymerase chain reaction (qRT-PCR) analysis revealed no significant difference in ACCase gene expression between the Asp-2078-Gly mutant and the susceptible (S) population, indicating that resistance to Cyb was not due to target enzyme overexpression. Furthermore, the resistance of the mutant was not alleviated by P450 or glutathione S-transferase inhibitors, suggesting non-metabolic mechanisms. CONCLUSION: Structural analysis confirmed that the Asp-2078-Gly mutation induces significant conformational changes in the herbicide-binding pocket, which reduces herbicide sensitivity and confers resistance. This study elucidates the resistance mechanism conferred by the Asp-2078-Gly mutation in L. chinensis, providing valuable insights for managing herbicide-resistant weeds. © 2026 Society of Chemical Industry.",Needs manual review before database use,NEW_CANDIDATE,
42034441,10.1016/j.pestbp.2026.107085,2026,Target-site and metabolic mechanisms confer broad resistance to PPO-inhibiting herbicides in Amaranthus retroflexus.,Pesticide biochemistry and physiology,Sun Z; Cao W; Wang S; Du L; Liu C; Li D; Li C; Feng Y,Journal Article,"Amaranthus retroflexus is among the most problematic and widely distributed weed species in soybean production systems across China. Fomesafen (FSA), a herbicide that blocks protoporphyrinogen oxidase (PPO), has been extensively used for its control. However, repeated applications of FSA have promoted the evolution of resistance in A. retroflexus. In this study, two resistant genotypes of A. retroflexus (R1 and R2) were identified, both exhibiting resistance indices (GR50 R/S) exceeding 20-fold relative to the wild type. The results of PPO enzyme activity assays were consistent with those obtained from whole-plant bioassays. Sequence analysis of the PPX2 gene revealed that genotype R2 harbored an Arg-128-Gly mutation. Inhibitors of CYP450 and GST significantly reversed resistance to FSA; however, CYP450 inhibitors produced a stronger reversal effect, whereas GST inhibitors were less effective. The reduced uptake and enhanced metabolic degradation of FSA observed in R2 (R128G) likely account for its high level of resistance. High-resolution LC-Q-TOF-MS/MS analysis identified four primary FSA metabolites in A. retroflexus (C13H7ClF3NO3, C14H7ClF3NO5, C15H11ClF3NO5S, C7H4ClF3O). To identify candidate resistance genes, transcriptome sequencing combined with RT-qPCR validation revealed two common CYP450 genes (ArCYP76AD1, ArCYP77A2) and one glucosyltransferase gene (ArUGT88B1) shared by both R1 and R2. Molecular docking analysis further supported ArCYP77A2 as candidate genes involved in resistance. Heterologous expression of ArCYP77A2 in Arabidopsis thaliana conferred resistance to FSA. These findings indicate the importance of CYP450 genes in non-target-site resistance to FSA in A. retroflexus through enhanced metabolic detoxification, although further functional characterization is still required.",Needs manual review before database use,NEW_CANDIDATE,
42014581,10.1007/s13744-026-01390-x,2026,Mosquitocidal Activity and Enzyme Inhibition of Citrus sinensis Essential Oil Against Anopheles gambiae: In Vivo and In Silico Insights.,Neotropical entomology,Solomon AO; Okunowo WO; Osuntoki AA; Ogunleye FA; Jimoh RO; Nnopu SO; Vanlare TO; Linus EC,Journal Article,"The growing resistance of Anopheles gambiae Giles, 1902 to synthetic insecticides poses a major challenge to malaria control, driving interest in botanical alternatives. This study assessed the mosquitocidal and enzyme-inhibitory potential of Citrus sinensis (L.) Osbeck, 1765 essential oil (CiSEO) and its primary constituents through in vivo bioassays and in silico analyses. Larvicidal and adulticidal activities were evaluated following World Health Organization (WHO) protocols, and biochemical assays measured acetylcholinesterase (AChE) and glutathione S-transferase (GST) inhibition, along with superoxide dismutase (SOD) and catalase (CAT) activities. Molecular docking and molecular dynamics (MD) simulations examined interactions with A. gambiae AChE and GST. CiSEO showed strong toxicity against larvae (LC50 = 45.68 µg/mL) and adults (LC50 = 10.06 µg/mL). Limonene and L-carvone were the most potent constituents, with LC50 values of 17.31 µg/mL and 6.53 µg/mL, respectively. CiSEO and some of its compounds significantly inhibited AChE and GST, while limonene, geraniol, L-carvone, and linalool increased SOD and CAT activities, suggesting induced oxidative stress. Docking identified L-carvone, citral, Naphthalene,1,2,3,5,6,8a hexahydro-4,7-dimethyl-1-methyl ethyl (NHDME), 1-methyl-4-(ethyl-ethylene trans-2-cyclohexen-1-ol (MEET), and 3-carene as strong AChE binders, and NHDME, geraniol, 3-carene, MEET, and limonene as top GST binders. MD simulations revealed MEET formed the most stable AChE complex, supported by low root mean square deviation (RMSD), root mean square fluctuation (RMSF), and radius of gyration values (Rg), and the highest hydrogen-bond (H-Bond) stability. These results demonstrate that CiSEO and its bioactive constituents possess potent mosquitocidal activity and target key detoxification and neural enzymes in A. gambiae. Their efficacy, combined with potential environmental safety, supports further development as eco-friendly alternatives for malaria vector control.",Needs manual review before database use,NEW_CANDIDATE,
42012804,10.1111/tpj.70890,2026,Genomic insights into herbicide resistance evolution in allopolyploid Monochoria korsakowii.,The Plant journal : for cell and molecular biology,Wang J; Du Y; Zhang L; Deng Y; Wang T; Xiong Z; Li Y; Qin P,Journal Article,"Monochoria korsakowii, a common broadleaf weed in rice paddies, has evolved resistance to acetolactate synthase-inhibiting herbicides (e.g., bensulfuron-methyl [BSM]). However, genomic information for M. korsakowii remains scarce. Here, the first chromosome-scale genome assembly of the allotetraploid M. korsakowii is presented. Comparative genomics reveals a complex genomic architecture that explains its enhanced adaptation to herbicides. No evidence of global subgenome dominance is found; instead, the two subgenomes exhibit functional specialization. Genes preferentially expressed in subgenome A are enriched in pathways related to maintaining energy and physiological homeostasis, whereas those in subgenome B are mainly associated with non-target-site pathways, particularly reactive oxygen species scavenging. Furthermore, sequence analysis shows that tandem duplicates are significantly enriched for herbicide metabolism-related functions, suggesting a potential role for tandem duplication in the evolution of herbicide resistance. Transcriptomic and functional analyses identify a glutathione S-transferase gene (MkoA03G003170) as a key factor conferring metabolic resistance to BSM. This study identifies polyploidy-induced genomic plasticity as a potential factor in resistance, providing a foundational genomic resource for understanding weed adaptation and developing sustainable management strategies.",Needs manual review before database use,NEW_CANDIDATE,
42012572,10.1007/s12640-026-00799-x,2026,"Trifloxystrobin-Induced Neurotoxicity in Wistar Rats: Biomarkers of Oxidative Stress, Cholinergic Dysfunction, and DNA Damage.",Neurotoxicity research,Chaabani H; Mnassri A; Rich S; Rjiba K; Massoudi I; Guedri Y; Mokni M; Abid S,Journal Article,"Trifloxystrobin (TFX), a broad-spectrum fungicide, inhibits mitochondrial Complex III. While widely used, its neurotoxic mechanisms in mammalian systems remain poorly characterized. This study investigated TFX-induced neurotoxicity in male Wistar rats following 28-day oral exposure to 3, 6, 12, and 24 mg/kg/bw (corresponding to NOAEL/2, NOAEL, NOAEL × 2, and NOAEL × 4). We evaluated dose-dependent effects on brain histopathology, cholinergic function, lipid metabolism, oxidative stress, and DNA integrity. TFX exposure induced significant histopathological alterations, including neurodegeneration, cellular infiltraion, and blood congestion. It also produced a dose-dependent impairment of cholinergic neurotransmission, indicated by suppressed acetylcholinesterase activity, which correlated with observed reduced motor activity and hindlimb strength. Furthermore, TFX disrupted lipid homeostasis by elevating total cholesterol, LDL-C, and HDL-C, while reducing triglycerides. Oxidative stress was evident through increased lipid peroxidation and protein carbonylation, accompanied by altered activities of key antioxidant enzymes (SOD, CAT, GPx, GST). The Comet assay confirmed dose-dependent DNA fragmentation, demonstrating TFX's genotoxic potential. These findings elucidate multiple pathways of TFX-induced neurotoxicity and highlight the need for further investigation into the long-term neurological risks of this fungicide.",Needs manual review before database use,NEW_CANDIDATE,
42009740,10.1038/s41598-026-45372-w,2026,"Biochemical and molecular responses of Spodoptera frugiperda to insecticide exposure: detoxification enzymes, gene expression, and genotoxic effects.",Scientific reports,El-Ansary RE; El-Lebody KA; Aburawash RA; Mahmoud SH; El-Sayed GM; Hussein MI,Journal Article,"Spodoptera frugiperda (fall armyworm) is a highly destructive agricultural pest with a remarkable ability to develop resistance to insecticides, posing a severe threat to global food security. Understanding the physiological and molecular responses of this species to insecticide exposure is crucial for improving resistance monitoring and developing effective management strategies. In this study, the toxicity and the associated biochemical, molecular, and genotoxic responses of third-instar S. frugiperda larvae were investigated following exposure to four commonly used insecticides: emamectin benzoate, indoxacarb, methomyl, and a binary mixture of acetamiprid + bifenthrin. Toxicity bioassays showed that emamectin benzoate was the most potent insecticide (LC50 = 0.188 ppm/L), whereas the binary mixture exhibited the highest resistance coefficient (RC = 12.86) relative to the recommended field dose. Biochemical analyses conducted over a seven-day exposure period, significant metabolic alterations were observed. Reduced acetylcholinesterase (AChE) and carboxylesterase (CarE) activities suggested neurotoxic stress, Whereas elevated glutathione S-transferase (GST) and peroxidase (POD) activities reflected enhanced detoxification and oxidative stress responses. Gene expression analyses revealed significant upregulation of SFCYP1, SFCYP2, SFCYP4, SFCYP5, SFRYR, and EF1α, while SFCYP3 was consistently downregulated, indicating activation of detoxification and stress-related pathways. Genotoxic effects were assessed using the comet assay, which demonstrated significant DNAdamage in hemocytes of treated larvae. This damage was characterized by increased tail length, tail DNApercentage, and tail moment, particularly in individuals exposed to emamectin benzoate. Collectively, these findings indicate that sublethal insecticides exposure not only disrupts enzymatic homeostasis but also induces genotoxic stress. These findings demonstrate that S. frugiperda exhibits complex adaptive physiological and molecular responses that may contribute to resistance development under sustained insecticide selection pressure. Overall, the results provide integrated biochemical and molecular insights that can support future investigation into insecticide response mechanisms and improve resistance monitoring strategies for this economically important pest.",Needs manual review before database use,NEW_CANDIDATE,
42009148,10.1016/j.etap.2026.105027,2026,"Synergistic effects of two commonly used personal care products, benzophenone-3 (BP-3) and N,N-diethyl-meta-toluamide (DEET), on amphibian survival and development.",Environmental toxicology and pharmacology,Peluso J; de la Torre M; Teglia CM; Gutierrez FA; Aronzon CM,Journal Article,"The UV filter benzophenone 3 (BP-3) and the insect repellent N,N-diethyl-meta-toluamide (DEET) are considered emerging contaminants due to the growing concern about their release in aquatic environments and possible risks. The single and mixture toxicity of BP-3 and DEET in embryos and larvae of Rhinella arenarum was assessed. Lethality bioassays were conducted, and biomarkers (catalase, glutathione S-transferase, reduced glutathione, lipid peroxidation, acetylcholinesterase, and butyrylcholinesterase) were analyzed at environmentally relevant concentrations (1 and 5 µg/L). Toxicity was time and stage-dependent, with embryos more sensitive than larvae. BP-3 was more toxic, (504h-LC50: 0.076 mg/L for embryos, 1.22 mg/L for larvae) than DEET (504h-LC50: 24.35 mg/L for embryos, 55.23 mg/L for larvae). Mixture exposure produced synergistic effects. Oxidative stress and cholinergic alterations were observed for both compounds. The 1 µg/L mixture potentiated GST and AChE responses. These results emphasize the need to monitor these contaminants and evaluate their ecological risks.",Needs manual review before database use,NEW_CANDIDATE,
41996798,10.1016/j.jhazmat.2026.142062,2026,Toxic effects induced by individual and combined exposures of glyphosate and POEA in honey bees.,Journal of hazardous materials,Gao Z; Zhou X; Liu D; Yuan H; Xu X; Zhu J; Sen Pang; Lu H,Journal Article,"Pesticide exposure remains a major driver of pollinator population decline. However, there is limited understanding of the combined toxicity of active ingredients and their adjuvants, particularly regarding its environmental risks to honey bees (Apis mellifera L.). In this study, we found that the POEA exhibited significantly higher toxicity than glyphosate. Acute toxicity tests showed that the 48-hour oral LD₅₀ for POEA and co-exposure with glyphosate was 51.306 μg·bee⁻¹ and 41.548 μg·bee⁻¹ , respectively, significantly lower than that of glyphosate (>200 μg·bee⁻¹). Both the adjuvant POEA and the co-exposure treatments with glyphosate were more toxic than glyphosate alone, while indicating a synergistic toxic effect of the co-exposure. Following chronic exposure to medium and high doses of Gly, POEA or co-exposure, it exhibited significant midgut damage and an increased rate of apoptotic cells. Further biochemical analysis revealed that the co-exposure induced oxidative stress (elevated SOD and MDA), suppressed immune (PPO) and detoxification (GST, CarE) enzyme activities, an effect which was significantly more pronounced than that induced by Gly or POEA individual exposure. Transcriptomic analysis to define the toxicity mechanisms revealed that all treatments disrupted the tricarboxylic acid cycle. Notably, the co-exposure uniquely upregulated phototransduction and visual perception pathways, implying a potential risk to foraging and homing behaviors. These findings demonstrate that POEA and its co-exposure with glyphosate threaten honey bee survival and cause tissue damage. This work provides critical methodologies and insights for improving pesticide risk assessments and guiding the rational use of adjuvants to safeguard pollinators.",Needs manual review before database use,NEW_CANDIDATE,
41990667,10.1016/j.marpolbul.2026.119725,2026,Impact of glyphosate and atrazine combined exposure on the physiological and molecular integrity of Mytilus galloprovincialis.,Marine pollution bulletin,Davì F; Pellegrino T; Vinci G; Iaconis A; Inferrera F; Tranchida N; Fusco R; Cordaro M,Journal Article,"Glyphosate (GLY) and Atrazine (ATZ) rank among the most widely used herbicides globally and frequently co-occur in coastal waters. These substances threaten the physiological integrity of filter-feeding bivalves like Mytilus galloprovincialis, which bioaccumulate contaminants, with consequent implications for the overall health of coastal ecosystems. Mussels were exposed for 14 days under controlled laboratory conditions to individual herbicides and their mixture. Biomarkers of metabolic function (electron transport system, ETS), antioxidant defense (SOD, GPx, TAC), detoxification (GST, CbE), oxidative damage (lipid peroxidation, LPO), and neurotoxicity (AChE) were analyzed in the digestive gland and gills. Furthermore, the transcriptional expression of stress-response genes (MT10, MT20, HSP70) and the DNA-damage marker p53 were analyzed via RT-qPCR to elucidate the molecular mechanisms of toxicity. The combined exposure to GLY and ATZ significantly elevated ETS activity and LPO levels while disrupting antioxidant and detoxification enzymes in both tissues, with responses most evident under the mixture treatment. At the molecular level, the combined treatment induced a significant upregulation of all tested genes, with p53 and HSP70 showing the most pronounced increases, indicating significant genotoxic and proteotoxic impairment. AChE inhibition in these organs indicated sublethal neurotoxicity. These findings reveal the complex toxicological effects of combined herbicide residues at environmentally relevant levels, providing data for ecological risk assessment in contaminated coastal ecosystems.",Needs manual review before database use,NEW_CANDIDATE,
41985103,10.1021/acs.est.5c16855,2026,,Environmental science & technology,Hu S; Lu Y; Wang C; Lu C; Wang Y; Wang Y; Hu Z; Zhang Q,Journal Article,"Dinotefuran, a widely used chiral neonicotinoid, persists in soil and may threaten non-target soil fauna. However, its enantioselective behavior and ecological effects in the earthworm-soil system remain unclear. Herein, we comprehensively investigated the degradation, bioaccumulation, toxicity, and underlying mechanisms of chiral dinotefuran at an environmentally relevant concentration (0.5 mg/kg) in Eisenia fetida. Compared with R-dinotefuran, S-dinotefuran persisted 1.5-fold longer in soil and accumulated up to 6.0-fold more in earthworms. It also exhibited markedly higher toxicity, increasing lethality by 9.9-fold in 48 h filter paper assays and 13.3-fold in 14 day soil exposure tests, coupled with 18.0-fold higher avoidance behavior. Additionally, sub-chronic 28 day exposure caused significant weight loss, reduced survival, and pronounced disturbances in CYP450, GST, and CarE activities. Transcriptomic profiling showed that S-dinotefuran induced stronger metabolic stress by activating cytochrome P450-mediated and glutathione pathways while suppressing cellular homeostasis and immune defense pathways, with qRT-PCR confirming upregulation of CYP3A4, CYP2, and GPx. Notably, earthworm activity reshaped soil microbial communities and partially buffered chiral dinotefuran-induced disturbances at the community level. These findings support enantiomer-specific regulation and suggest that chirally resolved formulations may help safeguard soil ecosystem function.",Needs manual review before database use,NEW_CANDIDATE,
41984092,10.1007/s00204-026-04390-3,2026,In vitro mechanistic study of human CYP2B6-catalyzed bioactivation and GSTs-mediated detoxification of chlorfenapyr.,Archives of toxicology,Deng L; Yan H; Qian Z; Zhong J; Xie W; Wang J; Xu J; Gao H,Journal Article,"Chlorfenapyr (CFP) is a halogenated pyrrole insecticide that requires metabolic activation to exert toxicity and has been associated with severe poisoning in humans. However, the metabolic pathways underlying CFP bioactivation and detoxification in humans remain poorly defined. In this study, we systematically investigated the metabolic fate of CFP and its toxic metabolite tralopyril (TLP) using in vitro human drug-metabolizing enzyme systems. Screening of ten human cytochrome P450 (CYP) isoforms at 5 and 50 µM CFP indicated that CYP2B6 is the major contributor to CFP bioactivation, which was further supported by selective inhibition and correlation analyses. CFP metabolism by CYP2B6 followed Michaelis-Menten kinetics, with showing a Km of 1.80 ± 0.57 μM, a Vmax of 0.24 ± 0.02 pmol/min/pmol P450, and an CLint of 139.78 ± 33.70 nL/min/pmol P450. In addition, incubations using 50 or 100 µM TLP and varying concentrations of glutathione (0.1 to 1 mM GSH) showed the formation of a novel GSH conjugate of TLP (TLP-GSH), of which level was markedly enhanced by human glutathione S-transferases (GSTs). Among six recombinant human GST isoforms tested, GSTA1, GSTA2, GSTM1, and GSTP1 showed significant catalytic activity in TLP-GSH formation compared with non-enzymatic reactions. Moreover, extracellular flux analysis revealed that TLP dose-dependently inhibited basal and maximal oxygen consumption rates, an effect exacerbated by GST inhibition, indicating a protective role of GSTs in TLP-induced mitochondrial toxicity. Together, these findings delineated metabolic enzymes-mediated bioactivation and detoxification pathways governing CFP toxicity in humans and provided a new perspective on clinical management strategies for CFP poisoning.",Needs manual review before database use,NEW_CANDIDATE,
41974106,10.1093/jee/toag093,2026,"Biochemical, in silico, and field evaluation of emerging insecticide chemistries and their binary mixtures with orange oil against Aphis gossypii (Glover) (Hemiptera: Aphididae).",Journal of economic entomology,Moustafa MAM; El-Said NA; Mahmoud MY; Mohamed MI; Abd Elallem KAK; El-Mogy MM; Ahmed FS,Journal Article,"Aphis gossypii (Glover 1877) remains a major constraint to cotton production worldwide, necessitating effective, resistance-conscious management strategies. This study systematically evaluated three emerging insecticide chemistries: flupyradifurone, flonicamid, and cyantraniliprole, both individually and in binary mixtures with a commercial orange oil formulation against adult A. gossypii. The evaluation integrated laboratory toxicity bioassays, biochemical enzyme profiling, computational (in silico) docking, and multiseason field validation. Probit analysis revealed pronounced differences in insecticidal potency, with LC50 values ranging from 0.095 mg L-1 for flupyradifurone to 2.210 mg L-1 for cyantraniliprole, and corresponding toxicity indices (TI) of 100 and 11.1, respectively, confirming flupyradifurone as the most active compound. Biochemical assays demonstrated treatment-specific modulation of major detoxification enzymes. Orange oil alone significantly induced esterase, glutathione S-transferase, cytochrome P450, and acetylcholinesterase activities at LC25, whereas most insecticides and their mixtures markedly suppressed esterase activity at LC50. Molecular docking analyses corroborated these findings, showing that cyantraniliprole exhibited the highest binding affinity toward the esterase active site (-6.6949 kcal mol-1), followed by flupyradifurone and flonicamid, while d-limonene displayed the weakest affinity (-4.3736 kcal mol-1), consistent with its limited direct enzymatic interaction. Critically, two-season field trials demonstrated consistently high aphid suppression (>90% population reduction) across all treatments, with no significant interannual variation, proving that laboratory-detected antagonism in mixtures did not compromise field efficacy. Collectively, these results demonstrate the robust field performance of emerging insecticide chemistries and support their strategic integration with botanical products as sustainable components of resistance-aware integrated pest management (IPM) programs targeting A. gossypii.",Needs manual review before database use,NEW_CANDIDATE,
41963269,10.1002/ps.70792,2026,"Sublethal exposure to thiacloprid disrupts intestinal microbiota, digestion and detoxification functions in silkworms (Bombyx mori).",Pest management science,Bai L; Sun R; Song X; Wang D; Shan Y; Hu H; Ren X; Ma Y,Journal Article,"BACKGROUND: Concerns about neonicotinoids are growing due to their potential toxicity to non-target organisms. The toxic effects of trace residues in the environment may reveal the causes of their toxicity to non-target organisms. RESULTS: In this study, the toxicity of sublethal dose of thiacloprid to silkworm was studied, and the potential mechanism of toxicity was analyzed from the four dimensions of intestinal electron microscopy structure, microbe, enzyme activity changes, and gene expression. Firstly, sublethal doses of thiacloprid inhibited the weight growth of silkworms by 40.9% and reduced the pre-pupation survival rate by 14.3%. Meanwhile, it caused structural damage to the midgut cells of silkworms. Exposure also altered the microbial community structure of the intestinal tract, increasing species richness while reducing species diversity and uniformity. The proportion of beneficial bacteria with anti-stress functions, such as Firmicutes (from 39.44% to 16.47%) and Staphylococcus (from 38.85% to 1.27%), was greatly reduced. Conversely, the proportions of pathogenic bacteria, including Tyzzerella (from 0.01% to 14.07%) and Achromobacter (from 2.76% to 7.16%), increased markedly. In addition, exposure significantly inhibited the gene expression and enzyme activity of digestion-related enzymes (amylase, lipase, and trypsin), among which the inhibition of lipase was particularly significant; it significantly activated the gene expression and enzyme activity of detoxification-related enzymes (P450, GST, and CarE). CONCLUSIONS: In summary, these findings offer significant insights into the toxicity mechanisms of non-target organisms exposed to neonicotinoids at sublethal doses. © 2026 Society of Chemical Industry.",Needs manual review before database use,NEW_CANDIDATE,
41956187,10.1016/j.ijbiomac.2026.151886,2026,Expression of a recombinant peptide with bioinsecticidal potential for the control of agricultural pests.,International journal of biological macromolecules,de Andrade RJ; Meriño-Cabrera Y; Castro JS; Paulo DGS; Lima MG; Schultz H; Mariano GA; Rodriges MCNG,Journal Article,"Soybean production faces persistent pressure from the defoliating pest Anticarsia gemmatalis. Here, we report the design, production, and characterization of a recombinant chimeric peptide (GORE 1-2 T) with bioinsecticidal potential targeting digestive trypsins from Anticarsia gemmatalis (A. gemmatalis). A synthetic gene encoding GORE 1-2 T-based on trypsin-binding tripeptides-was cloned into pET-41(a)+ and expressed in Escherichia coli; among the strains tested, BL21(DE3)pLysS yielded the most consistent production as a GST fusion, predominantly in the insoluble fraction. The peptide was purified after GST cleavage, and its identity was confirmed by Tris-tricine SDS-PAGE with silver staining and LC-MS (≈4.6 kDa). Enzyme kinetics using midgut trypsin-like fractions demonstrated competitive inhibition by GORE 1-2 T with an apparent Kᵢ ≈ 100 μM, consistent with prior tripeptide data and indicative of engagement of multiple subsites (S1-S3). In silico analyses supported the experimental findings: docking located GORE 1-2 T at/near the catalytic cleft, and 100-ns molecular dynamics simulations showed a stable backbone RMSD, a compact radius of gyration, and persistent hydrogen bonds, consistent with a well-structured, inhibitory complex. Collectively, these results validate GORE 1-2 T as a selective inhibitor of lepidopteran digestive serine proteases and establish a reproducible framework that integrates molecular modeling with heterologous expression for the development of next-generation bioinsecticidal peptides. This approach offers a more sustainable alternative to conventional insecticides and a plausible route toward crop protection applications.",Needs manual review before database use,NEW_CANDIDATE,
41950340,10.1002/arch.70154,2026,"Resveratrol Mitigates Imidacloprid-Induced Neurotoxicity, Intestinal Dysfunction and Other Stresses in Newly Emerged Bees (Apis mellifera).",Archives of insect biochemistry and physiology,Hao J; Han W; Li F; Liu Y; Wang Q; Zhang L; Wang S; Dai P,Journal Article,"Neonicotinoid imidacloprid is an environmentally contaminant that poses a high toxicity to non-target organisms, honey bees (Apis mellifera). Newly emerged bees are critical for colony resilience but vulnerable. This study evaluated the potential of phytochemical resveratrol in mitigating the toxicity induced by imidacloprid in newly emerged bees. To simulate a combined-stress scenario, bees were exposed to imidacloprid at a concentration (0.25 mg/L) that represents elevated field residues. Newly emerged bees were administered a diet supplemented with resveratrol. A series of assays were conducted to evaluate survival rate, physiological indices, histomorphological alterations, enzyme activities, and transcriptomic profiles. The results demonstrated that dietary supplementation with resveratrol (0.6 mg/L resveratrol and 0.25 mg/L imidacloprid) exhibited significantly higher survival rates and improved food utilization efficiency compared to bees exposed to imidacloprid alone. Resveratrol mitigated imidacloprid-induced midgut injury, aberrant sucrose enzyme activity, and restored homeostasis of genes involved in energy and nutrient metabolism (e.g. ATP synthesis, lipid, carbohydrate, and tyrosine metabolism), which were dysregulated by imidacloprid. Resveratrol alleviated oxidative stress via modulated CAT/GST activity and normalized MDA level, and upregulated genes in phase I and II detoxification pathways (e.g. GST, UGTs, P450). Notably, resveratrol attenuated imidacloprid-induced brain injury and alleviated neurotoxicity by preserving cholinergic integrity and modulating gene expression associated with neural signaling pathway (e.g. AChE activity and the expression of nAChR and GABA receptor genes). The present work suggested the protective effects of resveratrol on the newly emerged bees in agroecosystems contaminated with neonicotinoid and provided a promising practical strategy.",Needs manual review before database use,NEW_CANDIDATE,
41930952,10.1021/acs.jafc.5c16988,2026,High Temperatures Are Required for Expression of Metabolic Resistance to Cyhalofop-Butyl in a Biotype of,Journal of agricultural and food chemistry,Cutti L; Simões Araujo AL; Menegol Turra G; Gonsiorkiewicz Rigon CA; Sinigaglia Angonese P; Gallon M; Dayan FE; Gaines TA,Journal Article,"Rising average global temperatures due to climate change may affect weed survival to herbicides. The metabolic resistance of Echinochloa crus-galli to cyhalofop-butyl was characterized at 25/20 °C and 35/30 °C. The biotype SAOJER-R was resistant at 35/30 °C with GR50 > 525 g ai ha-1 but was susceptible at 25/20 °C with GR50 < 52 g ai ha-1. SAOJER-R biotype needed at least 48 h of exposure to 35/30 °C after application to express the resistant phenotype. The resistant biotype metabolizes cyhalofop-butyl and acid faster than the susceptible, and faster at 35/30 °C than at 25/20 °C. The application of a cytochrome P450 monooxygenase inhibitor with cyhalofop-butyl increased the amount of active herbicide recovered in plants at 25/20 °C. Seven cytochrome P450 monooxygenase, seven glutathione-S-transferase, and five UDP-glycosyltransferase genes were upregulated. Temperature is critical for expression of SAOJER-R metabolic resistance to cyhalofop-butyl at label rate. We suggest that temperature conditions should be standardized when evaluating metabolic herbicide resistance.",Needs manual review before database use,NEW_CANDIDATE,
41918020,10.1186/s13071-026-07339-8,2026,"Presence of localized elevated metabolic enzymes and kdr mutations in the voltage-gated sodium channel gene indicate early evidence of resistance of Phlebotomus argentipes to alpha-cypermethrin in Bihar, India.",Parasites & vectors,Shukla A; Chaubey R; Kushwaha AK; Rai UG; Kumar R; Petersen C; Lawyer P; Rowton E,Journal Article,"BACKGROUND: Visceral leishmaniasis, caused by Leishmania donovani and transmitted by Phlebotomus argentipes, remains a major public health challenge in the Indian subcontinent. Sand fly populations are controlled by using different insecticides, particularly dichlorodiphenyltrichloroethane (DDT) and pyrethroids such as alpha-cypermethrin. Prolonged and irregular use of these insecticides raises concern about the development of resistance in sand fly populations. METHODS: This study aimed to compare metabolic detoxification and knockdown resistance (kdr) mutations in Vgsc and ace-1 between nine sprayed (indoor residual spray, IRS) villages and one unsprayed (non-IRS) village in Muzaffarpur, Bihar, India. A total of 10 Ph. argentipes from each village were used for metabolic detoxification and 10-25 Ph. argentipes were used for target site insensitivity mutations. Homogenized Ph. argentipes aliquots were used for different enzymes activity and DNA was used for the sequence analysis of Vgsc and ace-1 genes to access the presence of kdr mutations. RESULTS: Biochemical assays revealed that levels of detoxification enzymes, including glutathione S-transferase (GST), esterase (PNPA), and cytochrome P450 monooxygenase, were elevated in IRS villages, suggesting localized metabolic resistance. Molecular screening of the voltage-gated sodium channel (Vgsc) gene revealed high frequencies of knockdown resistance (kdr) mutations at codon 1014, with serine (L1014S) (48.5%) being the most prevalent, followed by wild type leucine (L1014) (39.5%). No mutations were detected at codon 119 of the ace-1 gene, indicating the sensitivity to organophosphates in the sand fly population. CONCLUSIONS: The results suggested that continuous and repeated exposure to the synthetic pyrethroid may exert selective pressure, leading to early signs of resistance in Ph. argentipes, mediated through metabolic detoxification mechanisms and mutation in the kdr gene. These findings underscore the importance of ongoing resistance monitoring and the implementation of rotational insecticide strategies to support sustained efforts toward the elimination of visceral leishmaniasis.",Needs manual review before database use,NEW_CANDIDATE,
41906269,10.1002/ps.70766,2026,Non-triazine photosystem II inhibitors provide effective control of metabolic atrazine-resistant Amaranthus tuberculatus.,Pest management science,Lopez AJ; Henry RS; Jacobs KE; Raiyemo DA; Werle IS; Tranel PJ,Journal Article,"BACKGROUND: Overexpression of the Phi-class glutathione S-transferase (GST) AtuGSTF2 has been implicated in the detoxification of atrazine in Amaranthus tuberculatus (Moq.) Sauer (waterhemp). However, little is known about this GST and the susceptibility of resistant populations to other Photosystem II (PSII)-inhibitors remains unclear. Therefore, this study evaluated the efficacy of non-triazine PSII-inhibitors amicarbazone and metribuzin against atrazine-resistant A. tuberculatus. Molecular docking analysis with these molecules was also conducted at the PSII target-site to further investigate differences in their relative potencies and recommended field-use rates. Furthermore, the AtuGSTF2 gene and translated protein structure were analyzed to identify potential regulatory relationships and characterize the active site. RESULTS: Compared to atrazine, amicarbazone improved the control of metabolic atrazine resistant populations to a greater extent than metribuzin, and control was further improved when amicarbazone and metribuzin were applied in a 1.75:1 mixture. Molecular docking indicated that amicarbazone interacts with the target site similarly to atrazine and metribuzin but with greater predicted affinity. Genomic and structural analyses suggest that AtuGSTF2 may be regulated by multiple transcription factors and the encoded protein exhibits substrate recognition promiscuity consistent with other GSTs. CONCLUSION: Together, these findings indicate that amicarbazone is a potent molecule and offers a more effective alternative to atrazine than metribuzin for managing at least some NTS atrazine-resistant A. tuberculatus populations. However, tank-mixing amicarbazone with metribuzin can provide even more effective control than either herbicide alone. Furthermore, substrate recognition promiscuity could possibly endow AtuGSTF2 with the potential for broader metabolic cross-resistance. © 2026 The Author(s). Pest Management Science published by John Wiley & Sons Ltd on behalf of Society of Chemical Industry.",Needs manual review before database use,NEW_CANDIDATE,
41904232,10.1038/s41598-026-43791-3,2026,Synergistic activity of carvacrol in combination with permethrin against permethrin resistant Rhipicephalus annulatus.,Scientific reports,Youssefi M; Rad MK; Tabari MA,Journal Article,"The rapid escalation of acaricide resistance in Rhipicephalus annulatus poses a significant threat to livestock health and productivity, necessitating the development of effective resistance-breaking tools. This study characterized the high-level resistance status of R. annulatus populations in Mazandaran Province, Iran, and evaluated the synergistic potential of carvacrol in combination with permethrin. Field-collected ticks and a susceptible reference strain were evaluated in triplicate using adult immersion tests (AIT), ovicidal assays, larval immersion tests (LIT), and larval packet tests (LPT). Results revealed widespread permethrin resistance; resistance ratios (RR50) reached 111.32 in the LPT, with RR90 values in the LIT reaching 253.75. Biochemical assays indicated a robust metabolic basis for this resistance, with significantly elevated activities of alpha-esterase, beta-esterase, and glutathione-S-transferase (GST) in the resistant larvae (p < 0.01–0.0001). Importantly, carvacrol demonstrated potent synergism when combined with permethrin. The 1:4 (permethrin: carvacrol) ratio yielded the highest synergistic rates (SR), reaching 38.00 in adults and 47.46 in larvae, with isobologram analysis confirming strong synergistic interactions (FIC < 1) across all tested combinations. These findings provide the first report of carvacrol-permethrin synergism against R. annulatus. Integrating carvacrol into pest management strategies may provide a promising, sustainable approach to overcoming metabolic resistance and restoring the efficacy of conventional pyrethroids.",Needs manual review before database use,NEW_CANDIDATE,
41873185,10.1111/1744-7917.70270,2026,Molecular basis of polyphagy: The detoxification gene HcGST18 underlies host plant adaptation in the Hyphantria cunea.,Insect science,Yuan L; Li T; Jiang D; Yan S,Journal Article,"A broad host range facilitates the rapid spread of Hyphantria cunea. This study explored the mechanism underlying the multi-host adaptability of H. cunea larvae, focusing on glutathione S-transferase (GST), and developed nucleic acid pesticides targeting key GST genes to disrupt larval adaptability. The results revealed that GST enzyme activity in H. cunea larvae is specifically responsive to host plants. Inhibition of GST enzyme activity significantly reduced larval body weight and food consumption across various host plant groups. qPCR analysis demonstrated differential expression patterns of GST family genes in response to different host plants, with HcGST18 showing the highest expression in moderately and less preferred host plant groups. Silencing HcGST18 significantly reduced larval body weight across all host plant groups and increased cumulative mortality in moderately and less preferred host plant groups. Further validation confirmed that transgenic Drosophila and Sf9 cells overexpressing HcGST18 exhibited significantly reduced sensitivity to the plant secondary metabolites coumarin and cytisine. Additionally, a nucleic acid pesticide targeting HcGST18, CS-dsHcGST18, was developed using the natural nanomaterial chitosan (CS). CS effectively protected dsHcGST18 from degradation by H. cunea larval gut fluid. Treatment with CS-dsHcGST18 significantly reduced weight of H. cunea larvae after feeding on different hosts, but there was no significant change in mortality. In addition, Treatment with CS-dsHcGST18 treatment significantly increased larval sensitivity to plant secondary metabolites (coumarin). In conclusion, HcGST18 is a key detoxification gene mediating the multi-host adaptability of H. cunea.",Needs manual review before database use,NEW_CANDIDATE,
41872340,10.1038/s41598-026-41290-z,2026,Pathophysiology and histological anomalies in testicular tissues of Calosoma olivieri exposed to heavy metals generated by pesticide industries.,Scientific reports,El-Samad LM; Arafat EA; Hussein HK; Kheirallah N; Radwan EH; Meshaal H; Hassan MA,Journal Article,"Recently, there has been a critical demand for continuous investigations into environmental contamination with heavy metals to evaluate their detrimental impacts on different species inhabiting these contaminated areas. Therefore, we used Calosoma olivieri (Coleoptera, Carabidae) in the present study as a bioindicator for investigating pollution with heavy metals generated by pesticide industries in Kafr El-Zayat, Egypt. Toward this end, we probed the pathophysiological, histopathological, and ultrastructure anomalies of C. olivieri testicular tissues from the contaminated area in comparison to the clean site. Evaluation of heavy metal accumulation within testicular tissues was conducted employing energy-dispersive X-ray spectroscopy analysis. Furthermore, various biochemical parameters were measured to evaluate oxidative stress and the detoxification state of C. olivieri. Notably, significant inhibitions in antioxidant and detoxifying enzymes, including superoxide dismutase, catalase, glutathione S-transferase, glutathione peroxidase, reduced glutathione, and glutathione reductase, combined with elevated lipid peroxidation and protein carbonyl content were detected in testicular tissue of C. olivieri obtained from a polluted area due to the accumulation of multiple heavy metals. Additionally, severe structural aberrations were observed in the testicular tissues of C. olivieri obtained from the contaminated site compared to the control, including mitochondrial and nuclear destruction and deformed spermatogenic elements, along with obvious signs of tissue necrosis. Collectively, these results evinced impairment of male testicular tissues in beetles from the polluted location, which could serve as a reliable indicator of heavy-metal pollution in industrial areas.",Needs manual review before database use,NEW_CANDIDATE,
41865462,10.1016/j.chemosphere.2026.144905,2026,"Recycling waste, recycling risk: cypermethrin-contaminated poultry litter triggers sublethal toxicity in Folsomia candida at realistic environmental concentrations.",Chemosphere,Vannuci-Silva M; Gomes CCS; Sousa-Lima LV; Sales Junior SF; Silva EO; Maia MF; Lucena F; Torres JPM,Journal Article,"This study for the first time investigated the effects of poultry litter containing cypermethrin (740 μg kg-1 d.w.) and metals on Folsomia candida, assessing lethality, behavior, reproduction, and oxidative stress biomarkers, which were combined into an Integrated Biomarker Response (IBR) assessment. The sublethal effects covered application rates equivalent to those reported for different cropping systems (2.0-25.0 t ha-1). Compared to control soil, poultry litter showed elevated concentrations in mg kg-1 of Cu (27.5), Zn (36.6), Mn (37.7), and Cr (0.93). The median lethal concentrations (LC50) were 10.82% at 7 days and decreased to 3.59% at 14 days. Significant avoidance and reproductive effects were detected at poultry litter concentrations of 0.5% (10 t ha-1) and 0.1% (2 t ha-1), respectively. The corresponding median effective concentrations (EC50) were 1.38% for avoidance and 0.188% for reproduction. Antioxidant biomarkers, superoxide dismutase (SOD), catalase (CAT), glutathione S-transferase (GST), reduced glutathione (GSH), and metallothionein (MT), together with oxidative damage indicators, malondialdehyde (MDA) and protein carbonyls (CARB), revealed a response pattern: at intermediate concentrations (0.75-1.0%), an increase in enzyme activities and antioxidant defenses levels was observed; however, at 0.75% and 1.25%, oxidative damage occurred. Principal Component Analysis and correlation analyses indicate that higher litter concentrations impair antioxidant defenses, increase oxidative damage, and trigger compensatory detoxification in F. candida, while the IBR revealed progressive changes in the antioxidant system in response to increasing poultry litter concentrations. Notably, to the best of our knowledge, this study provides the first evidence of pyrethroid occurrence in poultry litter, revealing a previously unrecognized contamination pathway and underscoring potential risks to soil ecosystems.",Needs manual review before database use,NEW_CANDIDATE,
41864247,10.1016/j.ibmb.2026.104538,2026,"Novel mutations and gene duplication detected in diamide-resistant field populations of rice leaf folder, Cnaphalocrocis medinalis.",Insect biochemistry and molecular biology,Subhagan SR; Pathrose B; Nair S; Chellappan M; Dharaneedharan D,Journal Article,"The widespread emergence of resistance to diamide insecticides poses a significant threat to sustainable pest management. Rice, being one of the most important global staple crops, the emergence of insecticide resistance in key pests, poses a serious threat to food security and sustainable crop protection. This study investigates the mechanisms underlying resistance to chlorantraniliprole and flubendiamide in Cnaphalocrocis medinalis field populations. Bioassays revealed moderate to high levels of resistance for chlorantraniliprole (RR 71.75- to 1089.63-fold) and flubendiamide (RR 67.91- to 1572.64-fold). Synergism and biochemical assays indicated limited involvement of metabolic detoxification enzymes (Cyt, CarE, GST) in most resistant populations. Molecular characterization of the RyR gene identified multiple target-site mutations, including the novel I4712N substitution and a premature stop codon (Y4692∗), as well as indications of gene duplication events. Notably, this study reports, for the first time, the field-evolved resistance to flubendiamide in C. medinalis globally. Our findings underscore the predominance of target-site-mediated resistance and highlight the need for functional validation of identified mutations. Continued monitoring, combined with molecular and genomic approaches, is crucial for guiding effective insecticide resistance management strategies in rice ecosystems.",Needs manual review before database use,NEW_CANDIDATE,
41862985,10.1186/s13071-026-07360-x,2026,Knockout of aminopeptidase N3 confers resistance to low concentrations of Bacillus thuringiensis Cry4Ba protoxin in Aedes aegypti.,Parasites & vectors,Yang X; Huang W; Wei J; Xu X; Champer J; Zhang L; Wang J,Journal Article,"BACKGROUND: Bacillus thuringiensis is widely employed for biological control. It can effectively suppress populations of various mosquito species, including Aedes aegypti. However, the precise mechanism underlying the action of Cry protein produced by Bacillus thuringiensis on Ae. aegypti remains elusive. On the basis of our previous research findings, five Aedes aminopeptidase N proteins (AeAPNs) were identified from the brush border membrane vesicles (BBMV) of Ae. aegypti that could bind to Cry4Ba or Cry11Aa. Further analysis confirmed that AeAPN1 and AeAPN2 are not functional receptors for these proteins. In this study, we investigated an additional aminopeptidase N (AeAPN3, AAEL012774) as a potential binding receptor for Cry proteins. METHODS: Comprehensive bioinformatics analysis involving whole-genome screening, genetic mapping, structural characterization, phylogenetic analysis, and spatiotemporal expression profiling were used to identify Ae. aegypti aminopeptidase N homologs. Ligand blotting and enzyme-linked immunosorbent assay (ELISA) were used to measure binding affinity to Cry4Ba. To elucidate its functional role as a potential receptor mediating Cry4Ba activity in Ae. aegypti midgut cells, AeAPN3 was knocked out with CRISPR/Cas9 technology. RESULTS: A total of 29 homologs of Ae. aegypti aminopeptidase N were identified in this study. Then, we expressed GST-APN3 fusion protein in E. coli and found that it had high-affinity binding to Cry4Ba protein (Kd = 20.53 nM). Mosquito larvae had approximately threefold higher resistance against Cry4Ba after AeAPN3 knockout, indicating its significant involvement as an active receptor mediating Cry4Ba activity. CONCLUSIONS: Overall, this study provides a foundation for elucidating the specific larvicidal mechanisms of Bacillus thuringiensis (Bt) against mosquito populations.",Needs manual review before database use,NEW_CANDIDATE,
41832874,10.1016/j.ecoenv.2026.120002,2026,Glycine alleviates the intestinal epithelial barrier damage induced by imidacloprid via promoting metabolic detoxification.,Ecotoxicology and environmental safety,Cheng W; Wang Y; Li Y; Zhao G,Journal Article,"Imidacloprid, a neonicotinoid pesticide that was reported to induce intestinal damage at low doses, necessitating effective intervention strategies. As a common component in food, glycine (GLY) has the capacity to alleviate intestinal damage. However, whether it can relieve the damage caused by imidacloprid leave to be clarified. This study investigated the protective effects of GLY (2% and 5%) against imidacloprid induced (0.06 mg/kg bw/day) intestinal injury in male Wistar rats. GLY supplementation attenuated intestinal permeability and enhanced the expression of tight junction proteins. Further, the pregnane X receptor-myosin light chain 2 signaling pathway that mediating imidacloprid-induced intestinal toxicity was also found repaired. GLY intervention increased the enzyme activities of cytochrome P450 3A4 and glutathione-S-transferase, which were responding for phase I and phase Ⅱ imidacloprid metabolism. Meanwhile, reduced levels of imidacloprid and its phase I metabolites, as well as increased phase Ⅱ detoxifying glutathione conjugates, both suggesting the protective role of GLY intervention through enhancing imidacloprid detoxification metabolism. Importantly, the amino acid signaling pathway related fecal metabolic profiles and microbiota composition in imidacloprid treated rats were also modulated and improved by GLY. Totally, our findings demonstrated the protective effect of GLY on intestinal damage caused by imidacloprid exposure, which provided ideas for preventing and controlling the toxicity of food contaminants.",Needs manual review before database use,NEW_CANDIDATE,
41831905,10.1016/j.pestbp.2026.107037,2026,"Thiamethoxam resistance evolution, fitness cost, and transcriptome-based functional insights in the whitefly Bemisia tabaci.",Pesticide biochemistry and physiology,Yang J; Tan Q; Wei X; Liang J; Fu B; Yin C; Zhang Y; Yang X,Journal Article,"The evolution of insecticide resistance in Bemisia tabaci poses a serious threat to the sustainable control of this globally important pest. In this study, a thiamethoxam-resistant strain (TMX-G15) was established through 15 consecutive generations of laboratory selection, resulting in a 32.46-fold increase in LC₅₀ compared with the susceptible strain (TMX-G0). Realized heritability analysis indicated that thiamethoxam resistance can evolve rapidly under continuous selection pressure, particularly at higher mortality levels. Comparative life-history and age-stage, two-sex life table analyses revealed pronounced fitness costs associated with resistance, including prolonged preadult development, reduced adult longevity, shortened oviposition period, and decreased fecundity, leading to significantly lower intrinsic and net reproductive rates in TMX-G15. Cross-resistance assays showed that the resistant strain exhibited moderate to high resistance to several neonicotinoids, especially clothianidin, but remained largely susceptible to non‑neonicotinoid insecticides. Transcriptome profiling identified 2450 differentially expressed genes between TMX-G15 and TMX-G0, with enrichment in detoxification- and metabolism-related pathways. qRT-PCR validation confirmed the significant overexpression of multiple detoxification genes, including cytochrome P450s, glutathione S-transferase, and UDP-glycosyltransferases. RNA interference further demonstrated that knockdown of CYP4G15, the most strongly induced detoxification gene, significantly increased susceptibility of TMX-G15 adults to thiamethoxam and clothianidin, while no resistance-associated mutations were detected in nicotinic acetylcholine receptor subunits. Collectively, these results indicate that thiamethoxam resistance in B. tabaci is primarily mediated by enhanced metabolic detoxification and is accompanied by substantial fitness costs, providing important implications for resistance monitoring and the design of insecticide rotation strategies to delay resistance evolution.",Needs manual review before database use,NEW_CANDIDATE,
41831887,10.1016/j.pestbp.2026.107019,2026,"Laboratory selection reveals flubendiamide resistance, fitness costs, and detoxification-related mechanisms in Spodoptera frugiperda: Insights for insecticide resistance management.",Pesticide biochemistry and physiology,Wang X; Song P; An B; Smagghe G; Han S; Feng S; Qin Q; Wang D,Journal Article,"Flubendiamide, a diamide insecticide, is widely used for controlling the fall armyworm (FAW), Spodoptera frugiperda (J.E. Smith) (Lepidoptera: Noctuidae). This study evaluated the resistance risk, associated fitness costs, and underlying metabolic mechanisms of flubendiamide resistance in FAW. After 20 generations of laboratory selection, FAW developed a 22-fold increase in resistance, with a realized heritability (h2) of 0.099. Compared with the unselected strain (UN-SEL, F0), the flubendiamide-selected populations (Flu-SEL, F10 and F20) exhibited significantly prolonged larval (1st-6th instars) and pupal developmental times, extended total pre-oviposition period (TPOP) and mean generation time (T), and reduced pupal weight, fecundity, and egg hatchability. Biochemical assays revealed elevated activities of cytochrome P450 monooxygenases (P450), carboxylesterases (CarE), and glutathione S-transferases (GST) in the Flu-SEL populations. Synergist assays further indicated that the P450 inhibitor piperonyl butoxide (PBO) significantly enhanced flubendiamide toxicity in the Flu-SEL (F20) population. Transcriptome analysis identified 3292 differentially expressed genes (DEGs) between Flu-SEL (F10/F20) and UN-SEL (F0) populations, including multiple detoxification-related genes. These findings provide new insights into the molecular basis of flubendiamide resistance in FAW and offer critical information for the development of more effective insecticide resistance management strategies.",Needs manual review before database use,NEW_CANDIDATE,
41831868,10.1016/j.pestbp.2026.107000,2026,Discovery of juglone derivatives as potential nematicides by exacerbating oxidative damage.,Pesticide biochemistry and physiology,Guo X; Zhao R; Wang J; Li Y; Gan X,Journal Article,"Plant-parasitic nematodes impose a severe risk to crops, affecting their yield and quality. To discover new nematicides, a series of natural juglone derivatives containing amide fragments, sulfonyl or ester groups were designed and synthesized with the activity-oriented strategy. Bioassays showed that most compounds exhibit good nematicidal activity against Bursaphelenchus xylophilus, Aphelenchoides besseyi, and Ditylenchus destructor. Especially, compound 4r exhibited outstanding nematicidal activity against B. xylophilus with an LC50 value of 9.4 ± 0.3 μg/mL at 48 h, outperforming juglone (LC50 = 15.7 ± 0.3 μg/mL) and fosthiazate (LC50 > 400 μg/mL). The preliminary results of the mechanism study revealed that compound 4r can not only disrupt structure but also affect the behavior, feeding, reproduction, and eggs hatching of B. xylophilus. Especially, compound 4r can promote the production of reactive oxygen species and lipofuscin and lipids within nematodes, leading to elevated malondialdehyde levels and reduced activity of antioxidant enzymes like superoxide dismutase, glutathione-S-transferase, and catalase, thereby exacerbating oxidative damage in nematodes. These findings indicate that natural juglone skeleton is a valuable template for discovering new nematicides, with compound 4r being a promising nematicides candidate.",Needs manual review before database use,NEW_CANDIDATE,
41831858,10.1016/j.pestbp.2026.106981,2026,Functional characterization of two delta-class glutathione S-transferases genes in detoxifying acaricides in Sarcoptes scabiei.,Pesticide biochemistry and physiology,Wang H; Lei B; Bao X; Gu X; Xia J; Huang Y; Tang H; Shi F,Journal Article,"Scabies (or Sarcoptic mange) is a highly contagious skin disease caused by the ectoparasite Sarcoptes scabiei. The resistance of S. scabiei to common acaricides like permethrin has been reported, yet their precise mechanisms remain elusive. Glutathione S-Transferase (GSTs) constitute an important class of detoxification enzymes. In this study, we found that the expression levels of SsGSTd3 and SsGSTd5 in S. scabiei were significantly up-regulated after exposure to LC30 of permethrin, amitraz, and selamectin, suggesting that SsGSTd3 and SsGSTd5 are involved in the detoxification of these acaricides. Therefore, we used in vitro metabolic assay and bacterial survival assays to further investigate their specific detoxification mechanisms. Co-incubation with the acaricides reduced the 1-Chloro-2,4-dinitrobenzene (CDNB) activities of both recombinant proteins to varying degrees. HPLC analysis revealed that SsGSTd3 and SsGSTd5 metabolized 35.24% and 53.28% of permethrin, respectively, but did not metabolize amitraz. SsGSTd3 metabolized a small fraction of selamectin (3.25%). In addition, bacterial survival assays demonstrated that under oxidative stress induced by CHP and H2O2, the OD600 values of E. coli overexpressing SsGSTd3 or SsGSTd5 were significantly higher than those of control group, indicating robust antioxidant activity for both proteins. In conclusion, our findings demonstrate that SsGSTd3 and SsGSTd5 facilitate permethrin detoxification via a dual mechanism-metabolic and alleviation of oxidative stress, and may represent an early warning sign of decreased susceptibility to amitraz and selamectin through their antioxidant functions.",Needs manual review before database use,NEW_CANDIDATE,
41797150,10.1016/j.aquatox.2026.107777,2026,Oxidative stress induction of mixtures of commercial pesticide formulations with a copper hydroxide nanopesticide in Daphnia magna is mediated by copper speciation.,"Aquatic toxicology (Amsterdam, Netherlands)",Nelles J; Fortes P; Rother A; Fischer J; Filser J,Journal Article,"Current application levels of organic and nanoparticle-based pesticide formulations expose aquatic non-target organisms to complicated mixtures. Acute toxicity tests revealed unpredictable mixture effects of a copper hydroxide particle-based nanopesticide with commercial fungicide, herbicide and insecticide formulations, mediated by speciation of copper nanoparticles. Induction of oxidative stress is one of the suspected mechanisms of action of copper-based nanoparticles. As the first study to assess oxidative stress responses of antioxidant enzymes in daphnids after short-term exposure to mixtures of the copper hydroxide-based nanopesticide Funguran progress (FP) with either acetamiprid (ACE), glyphosate (GLY) or prochloraz (PRO) formulations, this study employed an exploratory design by pooling 20 daphnids from four biological replicates to provide sufficient biomass. Results revealed preliminary trends in mixture interactions. All single formulations showed signs of altered oxidative stress responses. PRO and FP likely induced glutathione S-transferase (GST) and catalase (CAT) activity, GLY additionally indicated GST activity reduction. For ACE, an increase of GST and CAT activity was suggested. In mixtures, expectations differed from single formulation test results. No additive or synergistic effects were observed. Mixture effects were likely mediated by copper speciation. In FP and PRO, stabilization and low dissolution of copper nanoparticles into copper ions may have induced GST and CAT. For FP with GLY and ACE, increased dissolution into copper ions at lower concentrations likely caused GST and CAT inhibition. Alterations of oxidative stress responses caused by the mixtures occurred after short-term exposures at sublethal and environmentally relevant concentrations and may affect D. magna populations in the environment.",Needs manual review before database use,NEW_CANDIDATE,
41786339,10.1002/ps.70673,2026,"Demographic, physiological, and transcriptomic responses of Fopius arisanus to sublethal beta-cypermethrin and thiamethoxam.",Pest management science,Lin J; Ding W; Liang Y; Yue G; Chen J; Song Y; Li Y; Ji Q,Journal Article,"BACKGROUND: Beta-cypermethrin (BC) and thiamethoxam (TH) are widely applied insecticides in cover spray programs targeting tephritid pests, yet their sublethal effects on Fopius arisanus, a major fruit fly parasitoid, remain largely unexplored. Therefore, we evaluated the impacts of BC and TH on the demographics, detoxifying enzymes, nutrients, and transcriptome of F. arisanus. RESULTS: Our results demonstrated that both insecticides exerted profound adverse impacts on the fecundity, longevity, and oviposition period of F. arisanus adults. In the F1 generation, exposure to LC30 BC and TH significantly prolonged preadult duration, impaired preadult survival, and decreased fecundity, lifespan, APOP, R0, λ, and r. Nutritional analyses revealed a time-dependent depletion across all treatments, with all nutrients significantly diminished at 5 days post-exposure compared with the control. Concurrently, glutathione S-transferase (GST) and cytochrome P450 O-deethylation activities were markedly elevated under LC30 treatment relative to the control throughout 1-3 days post-exposure. Carboxylesterase (CarE) activity was significantly increased following LC30 BC exposure across all observation periods. In addition, lipid and carbohydrate levels were negatively correlated with CarE and GST activities at specific time points, indicating that the maintenance of detoxification occurred at the expense of nutrients. Regarding the transcriptome, 562 and 190 DEGs were identified in the BC versus control and TH versus control comparisons, respectively, with KEGG enrichment highlighting shared pathways in xenobiotic metabolism, including P450 and other enzymes. CONCLUSION: These results demonstrate that sublethal BC and TH compromises the fitness and ecological function of F. arisanus, underscoring the need for environmentally compatible pest management strategies. © 2026 Society of Chemical Industry.",Needs manual review before database use,NEW_CANDIDATE,
41771756,10.1002/ps.70672,2026,Target-site and non-target-site mechanisms confer multiple herbicide resistance in waterhemp (Amaranthus tuberculatus) accessions from Wisconsin.,Pest management science,Faleco FA; Werle IS; Lopez AJ; Raiyemo DA; Tranel PJ; Colquhoun JB; Renz MJ; Stoltenberg DE,Journal Article,"BACKGROUND: A preliminary screening identified a multiple herbicide-resistant waterhemp, Amaranthus tuberculatus (Moq.) Sauer, accession (A101) exhibiting resistance to 2,4-D and atrazine despite no prior exposure to these herbicides. Therefore, our objective was to characterize resistance to 2,4-D, atrazine, glyphosate, fomesafen, and mesotrione in A101, along with two additional multiple herbicide-resistant accessions (A75 and A103). RESULTS: A101 exhibited low to medium levels of resistance to all five herbicides evaluated (ranging from 1.8-fold for mesotrione to 8.5-fold for fomesafen). Both A75 and A103 also had multiple resistance to glyphosate and atrazine, with A75 and A103 additionally resistant to 2,4-D and fomesafen, respectively. Amplification of EPSPS and the P106S substitution accounted for some of the glyphosate resistance, and some of the fomesafen resistance was explained by the G210 deletion in the target enzyme. Moreover, the use of cytochrome P450 monooxygenases (P450s) and glutathione S-transferases (GSTs) inhibitors indicated that non-target-site resistance (NTSR) mechanisms also contribute to at least some of the resistance traits. CONCLUSION: Metabolic resistance to 2,4-D and atrazine suggests that the use of other herbicides may have contributed to the selection of enhanced P450s and GSTs activity in A101 accession. To our knowledge, this is the first report of P450s associated with atrazine resistance in A. tuberculatus globally. A101 is the first confirmed case of A. tuberculatus resistance to hydroxyphenyl pyruvate dioxygenase inhibitors in Wisconsin, exhibiting a low-level resistance likely associated with P450s and GSTs activity. Our results suggest the coexistence of target-site resistance and NTSR mechanisms associated with glyphosate resistance in A101. © 2026 The Author(s). Pest Management Science published by John Wiley & Sons Ltd on behalf of Society of Chemical Industry.",Needs manual review before database use,NEW_CANDIDATE,
41769774,10.1093/jee/toag041,2026,"Characterization of abamectin resistance in Grapholita molesta (Lepidoptera: Tortricidae): cross-resistance, inheritance, fitness costs, and biochemical mechanisms.",Journal of economic entomology,Ignatus AD; Su S; Xu Z; Zhou Y; Suo J; Wang X; Qiu C; Piñero JC,Journal Article,"The oriental fruit moth, Grapholita molesta (Busck) (Lepidoptera: Tortricidae), is a globally significant pest of fruit crops. Its management has long relied on abamectin, yet resistance evolution threatens its effectiveness. In this study, a laboratory relative susceptible strain (AM-S) was subjected to 19 consecutive generations of selection with abamectin, resulting in a resistant strain (AM-R) showing a 132.5-fold increase in LD50. The AM-R strain displayed significant cross-resistance to emamectin benzoate (43.8-fold), imidacloprid (16.5-fold), but little to no cross-resistance to lambda-cyhalothrin, bifenthrin, thiamethoxam, or chlorpyrifos. Genetic analyses indicated that abamectin resistance was autosomal, incompletely dominant (D = 0.11-0.30), and polygenic, as shown by significant deviations from monogenic inheritance in backcross tests. Resistance incurred substantial fitness costs, including extended larval and pupal durations, reduced larval and pupal weights (by 20-25%), lower fecundity (1.45-fold fewer eggs), and shortened adult longevity. Synergism assays revealed that piperonyl butoxide (SR = 2.87) and diethyl maleate (SR = 2.23) significantly enhanced abamectin toxicity, and biochemical assays showed 3.65-fold higher cytochrome P450 and 2.75-fold higher glutathione S-transferase activities in the resistant strain, implicating metabolic detoxification as the major mechanism. These results demonstrate that abamectin resistance in G. molesta evolves rapidly under continuous exposure, is polyfactorial and metabolically mediated, and imposes measurable biological trade-offs. Together, these insights clarify how physiological trade-offs and metabolic adaptation shape abamectin resistance in G. molesta, informing longer-term strategies for more sustainable pest management systems.",Needs manual review before database use,NEW_CANDIDATE,
41764334,10.1038/s41598-026-41086-1,2026,"Green synthesis and characterization of Annona squamosa seed chemical constituents derived silver nanoparticles against Tuta absoluta (Meyrick, 1917) larvae, non-target effect, and confirmed through molecular docking.",Scientific reports,Swathy K; Vivekanandhan P; Siripan T; Sarayut P; Supamit M; Han P; Krutmuang P,Journal Article,"The tomato leaf miner, Tuta absoluta, is a devastating pest that causes severe yield losses in tomato cultivation, threatening food security (SDG 2: Zero Hunger). Reliance on chemical insecticides has led to resistance development and environmental concerns, highlighting the need for sustainable pest management strategies that promote responsible consumption and production (SDG 12). In this context, the present study focused on the green synthesis of silver nanoparticles (AgNPs) using hexane extracts of Annona squamosa seeds and evaluated their potential as an eco-friendly insecticidal agent. The synthesized AgNPs were characterized physiochemically and structurally using UV–Vis spectroscopy, FTIR, XRD, EDX, and SEM analyses. The UV–Vis spectrum confirmed nanoparticle formation; FTIR analysis identified functional groups responsible for reduction and stabilization; XRD revealed the crystalline nature; and SEM/EDX showed spherical morphology with elemental silver signals. Insecticidal bioassays against T. absoluta demonstrated significant larval mortality of up to 96.66% within 48 h at 90 ppm. Biochemical assays revealed alterations in detoxification enzymes, with catalase (CAT) and glutathione S-transferase (GST) showing enhanced activity after 24 h of exposure, suggesting oxidative stress induction and enzyme modulation. Safety evaluation on the non-target organism Eudrilus eugeniae revealed low toxicity of 8.33% after  24 h when treated with nanoparticles synthesized from the hexane extract, highlighting environmental safety and supporting life on land and biodiversity conservation (SDG 15). Furthermore, molecular docking studies indicated strong binding affinities of bioactive phytochemicals from A. squamosa with key insect enzyme targets, such as acetylcholinesterase (AChE), supporting their role in nanoparticle-mediated toxicity. This study demonstrates the insecticidal efficacy and mode of action of A. squamosa-derived AgNPs. The findings support their potential as safe, sustainable nano-pesticides for managing T. absoluta, contributing to sustainable agriculture (SDG 2), promoting innovative, eco-friendly technologies (SDG 9), and fostering environmental sustainability (SDG 12, 15).",Needs manual review before database use,NEW_CANDIDATE,
41762984,10.1016/j.ecoenv.2026.119919,2026,Aged polyethylene microplastics modulate herbicide and antibiotic bioavailability and plant responses: A case study with glyphosate and tetracycline.,Ecotoxicology and environmental safety,Lisiecka N; Wyrwicka-Drewniak A; Bernat P; Parus A; Roccaro P; Cajthaml T; Chrzanowski Ł,Journal Article,"Microplastics (MPs), increasingly prevalent in agricultural soils, represent an overlooked factor influencing the environmental behavior of xenobiotics and their phytotoxic effects. The present work examines interactions between aged polyethylene microplastics (MP PE), herbicide, and antibiotic under controlled hydroponic conditions using Brassica napus L. as a model plant. It highlights how MP PE influence the bioavailability and toxicity of tetracycline, a glyphosate-based ionic liquid with a surfactant cation, and humic acids. Despite the absence of tissue penetration, MP PE adhered to roots and triggered measurable stress responses, including ∼30 % reductions in chlorophylls and > 20 % decreases in carotenoids, along with shifts in antioxidant enzyme activities - catalase (CAT) reduced by 40 %, ascorbate peroxidase (APx) by 70 %, while peroxidase (POx) increased by 20 %. Co-exposure with herbicide or antibiotic intensified these adverse effects. MP PE demonstrated compound-specific sorption capacity, reducing freely dissolved tetracycline and surfactant cation concentrations by ∼20 %, whereas the glyphosate anion showed marginal affinity. MP PE alone did not significantly alter parameters such as proline content or glutathione S-transferase (GST) activity. While individual xenobiotics exhibited clear toxicity, partial mitigation occurred when sorbed onto MP PE, indicating bioavailability-dependent effects. However, this attenuation was not consistent across endpoints, emphasizing the dual role of MPs as environmental stressors and modulators. Integrating sorption data with physiological and biochemical responses, the results provide evidence that aged microplastics reshape plant exposure to agrochemicals. These findings underscore the need to include MPs in risk assessments to accurately evaluate contaminant behavior and crop health in MP-impacted agroecosystems.",Needs manual review before database use,NEW_CANDIDATE,
41762912,10.1016/j.tice.2026.103412,2026,"Azoxystrobin induces progressive testicular damage in dose-dependent manners via disrupting androgen receptor and TGF-β signaling pathway: A biochemical, histological, and hormonal evidence.",Tissue & cell,Alnafesah GM; Alissa M; Binshaya AS; Juraybi TN; Alshammari MS; Altarjami LR; Abalkhail A; Alghamdi SA,Journal Article,"Azoxystrobin (AZO) is a broad-spectrum fungicide that has been reported to induce severe organ toxicity in non-target organisms. The current research project explored the dose-response toxic effects of AZO on testicular tissues. Forty-eight male Sprague Dawley rats were divided into control, AZO (125 mg/kg), AZO (250 mg/kg), and AZO (500 mg/kg) treated group. AZO intoxication at all the tested doses upregulated the gene expression of TGF-β1, SMAD2, CYP19A1, FKBP5, SMAD3, COL1A1 and TGFBR1 while suppressing the expression of 3β-HSD, AR, SRD5A1, StAR, 17β-HSD, and KLK3. The levels of ROS and MDA were promoted coupled with significant reduction in the activities of HO-1, CAT, GPx, GSR, GST, and SOD after AZO administration. Besides, AZO exposure adversely altered sperm count, viability, and morphology at all the administered doses. Similarly, the levels of LH, FSH, and testosterone were suppressed following the administration of AZO. Testicular tissues showed severe pro-inflammatory response as indicated by high levels of NF-κB, TNF-α, IL-6, IL-1β, and COX-2 in response to AZO exposure. Histopathological analysis showed testicular disruptions including reduced diameter of seminiferous tubules, degeneration of Leydig cells, thinning of germinal epithelium, vascular congestion, and necrosis in dose-dependent manners of AZO exposure. Our biochemical and histological findings are further supported by computation analysis which revealed that AZO have strong affinity to bind with key regulatory genes thereby influencing their expressions.",Needs manual review before database use,NEW_CANDIDATE,
41762466,10.1016/j.jhazmat.2026.141615,2026,Carbon source-dependent activation of herbicide-mixture degradation in a synthetic microbial community enriched from black soil.,Journal of hazardous materials,Ma Q; López MJ; Zhang S; Jin L; Wei D; Yang J; Liu J; Ruan Z,Journal Article,"The extensive use of herbicides in agriculture has resulted in persistent soil contamination. Although microbial degradation of single herbicides has been extensively investigated, the responses and co-metabolism of microbial consortia to complex herbicide mixtures remain unclear. This study aimed to investigate the influence of a simple carbon source (glucose) on herbicide degradation by a natural microbial consortium (NMC) and identify key degraders for constructing an efficient synthetic microbial community (SynCom). An NMC enriched from herbicide-stressed agricultural black soil in Northeast China was inoculated into mineral salt media containing a mixture of herbicides (atrazine, nicosulfuron and mesotrione) as the sole carbon/nitrogen source, without (MSM) or with glucose supplementation (GSM). Significant herbicide degradation occurred only in the GSM system, with degradation rates of 97.27% for nicosulfuron, 68.00% for mesotrione, and 22.91% for atrazine after 8 days. Integrated 16S rRNA gene sequencing and metagenomic analysis linked the glucose amendment to a specific shift in the microbial community structure and activation of central carbon metabolism (tricarboxylic acid [TCA] and glycolytic), which enhanced cellular energy supply and environmental acidification for co-metabolic degradation of herbicides. In contrast, metabolism in the MSM system was biased toward biosynthesis. Combined random forest (RF) and co-occurrence network analyses identified the Burkholderia-Caballeronia-Paraburkholderia complex, Rhodanobacter, and Achromobacter as the keystone taxa. Metagenomic screening showed that these taxa were enriched for functional genes associated with herbicide degradation, including atzF (allophanate hydrolase) and gst (glutathione S-transferase). A simplified four-isolate SynCom, constructed based on these functional associations, degraded the herbicide mixtures more efficiently than either the individual isolates or the NMC in the GSM system. These findings elucidate the role of labile carbon in driving the co-metabolism of complex herbicides and provide direct candidate strains and a construction strategy, facilitating practical bioremediation applications.",Needs manual review before database use,NEW_CANDIDATE,
41762234,10.1007/s00122-026-05184-y,2026,Gene mapping and identification of candidate genes associated with fomesafen herbicide tolerance in Mung bean (Vigna radiata L.).,TAG. Theoretical and applied genetics. Theoretische und angewandte Genetik,Shi H; Liu C; Wang S; Wang Y; Zhang Z; Shen Y; Paramasivam S; Tian J,Journal Article,"Through an integrated approach of genetic mapping, transcriptomics, and functional validation, we identified VrGSTU18 as the primary gene associated with fomesafen resistance in mung bean, providing a genetic resource for breeding herbicide-resistant varieties. Herbicides are widely applied for weed control in mung bean cultivation, and the development of new varieties with herbicide resistance is critical for weed management. In this study, a recombinant inbred line (RIL) population, derived from a cross between the fomesafen-resistant variety LZ177 and susceptible variety LD235, was used to map the genes related to fomesafen herbicide resistance. Genetic segregation analysis indicated that fomesafen resistance is controlled by a single dominant gene, following a 3:1 ratio. Genetic mapping combined BSA-seq revealed a candidate region of 1.17 Mb on chromosome 11. RNA-seq analysis of residual heterozygous line 198-comparing resistant (RHL198-R) and susceptible (RHL198-S) bulks at 0, 12, 24, 48, and 72 h after fomesafen treatment-identified 14,402 herbicide-responsive genes. Weighted gene coexpression network analysis (WGCNA) further identified nine modules highly correlated with fomesafen resistance, of which 13 potential candidate genes were selected within the 1.17 Mb interval. Among these, one-base (A) insertion/deletion in the exon of jg37117, which encode a tau-class glutathione S-transferase U18 (GSTU18), emerged as the most promising candidate gene. Heterologous expression of VrGSTU18 cloned from LZ177 in Arabidopsis conferred enhanced fomesafen resistance in T1 transgenic seedlings compared to wild-type plants. These findings identified VrGSTU18 as a key candidate gene responsible for fomesafen resistance and provided a theoretical basis for molecular breeding in mung bean.",Needs manual review before database use,NEW_CANDIDATE,
41745850,10.3390/toxics14020176,2026,Evaluation of the Health Status of,Toxics,Campani T; Di Noi A; Manieri G; Caliani I; Casini S,Journal Article,"The global pollinator decline is linked to intensive farming and the high use of plant protection products (PPPs), necessitating risk assessment and mitigation. This study investigates the potential negative impacts of agricultural practices on pollinator health, specifically focusing on the effects of PPPs used in viticulture on the honey bee, Apis mellifera, despite grapevines' lack of reliance on bee pollination. The beehives sampled were from two farms with vineyards under different management regimes: one transitioning from conventional to organic practices and an organic-biodynamic site with pollinator mitigation measures. Sampling was conducted during three phases, pre-, during, and post-PPP application, to evaluate biomarkers of neurotoxicity (AChE), detoxification enzymes (CaE, GST), metabolic stress (ALP), and immune markers (Lys, PO, proPO). Comparison between the organic-biodynamic farm and the transitioning one revealed a pattern suggesting significant neurotoxic effects in the transitioning farm characterised by a trend of decreased AChE activity during treatments and the subsequent induction of GST post exposure. Crucially, both PO and proPO were induced post treatment, but with a lower PO/proPO ratio compared to previous seasons, suggesting inefficient proPO activation and potentially weakened immune competence that could favour pathogen proliferation. Bee health appeared to deteriorate most at the transitioning farm post treatment, while the biodynamic site remained relatively stable; these differences are likely associated with legacy residues and drift, exacerbated by overwintering stress and summer heat. Given the specific environmental and management characteristics of these two farms, the results provide an indicative comparison of how different agronomic approaches may influence bee health. Moreover, these results support the multi-biomarker approach for detecting potential PPP impacts, suggesting that organic transitions and mitigation strategies could play a role in pollinator conservation.",Needs manual review before database use,NEW_CANDIDATE,
41734831,10.1016/j.tox.2026.154430,2026,"Proquinazid, a new-generation fungicide, induces DNA damage and apoptosis via oxidative stress process in liver and kidney tissues of adult Wistar rats.",Toxicology,Rich S; Rjiba K; Ayed I; Torrens C; Babajko S; Taihi I; Abid S,Journal Article,"Proquinazid (PROQ) is a new fungicide used against powdery mildew infections, but little is known about PROQ toxicity. The aim of this study was to investigate the effects of PROQ in liver and kidney. Male Wistar rats were daily exposed for 28 days to 1, 2, 4, and 8 mg PROQ / kg body weight, corresponding to No-Observable Adverse Effect Level (NOAEL)/ 2, NOAEL, NOAEL × 2, and NOAEL × 4, respectively. PROQ caused histopathological disruptions in both hepatic and renal functions associated with increased plasmatic activities of alkaline phosphatase (ALP), lactate dehydrogenase (LDH), and transaminases (AST and ALT), and levels of creatinine, uric acid, and urea. Oxidative stress analysis showed that PROQ induced an increase in malondialdehyde (MDA) and protein carbonyl levels with a conspicuous disruption of superoxide dismutase, catalase, glutathione S-transferase and glutathione peroxidase activities. Oxidative stress generation was accompanied with DNA damage assessed by comet and TUNEL assays. PROQ down-regulated Bcl-2 and PCNA expression and up-regulated p53, Bax and caspase-3 expression evaluated by immunohistochemistry and western blotting. Overall, our outcomes highlighted that PROQ is a hepatotoxic and nephrotoxic fungicide that exerts its toxic effects through disruption of oxidative balance which causes genotoxic damage leading to apoptotic cell death.",Needs manual review before database use,NEW_CANDIDATE,
41724726,10.1002/ps.70677,2026,"Control failure risk, resistance and enzymatic activity of neurotoxic insecticides in Brazilian populations of Leucoptera coffeella (Lepidoptera: Lyonetiidae).",Pest management science,Costa DP; Cruz CGD; Silva RFSE; Visôtto LE; Gomez JE; Giraldo-Jaramillo M; Fernandes FL,Journal Article,"BACKGROUND: Leucoptera coffeella is a key pest of coffee crops in Brazil, causing significant damage by mining coffee leaves. Reports of reduced effectiveness of chemical control measures highlight the need to investigate potential resistance mechanisms. This study aimed to evaluate the risk of control failure, resistance levels and enzymatic activity in Brazilian field populations of L. coffeella exposed to neurotoxic insecticides. RESULTS: A total of 35 field populations of L. coffeella were collected and tested in the laboratory using filter paper discs treated with insecticide solutions. After 48 h of exposure, mortality rates, median and 95% lethal concentrations (LC50 and LC95), and median resistance ratios (RR50) were determined. Control failure risk was identified in 34.3% and 62.9% of populations for abamectin, chlorpyrifos, deltamethrin and profenophos. Five populations exhibited low to very high resistance to abamectin (RR50 = 5.5-794), and two populations showed very high resistance to chlorpyrifos (RR50 = 142 and 727) and deltamethrin (RR50 = 1281 and 1656). Enzymatic assays revealed lower acetylcholinesterase activity in Rio Paranaíba II and higher glutathione S-transferase activity in Rio Paranaíba I, followed by Carmo do Paranaíba populations. CONCLUSION: Our findings demonstrate widespread resistance and altered enzymatic activity in L. coffeella populations across Brazilian coffee-growing regions. These results highlight the urgent need to incorporate resistance monitoring and alternative control strategies into integrated pest management programs to ensure sustainable coffee production. © 2026 The Author(s). Pest Management Science published by John Wiley & Sons Ltd on behalf of Society of Chemical Industry.",Needs manual review before database use,NEW_CANDIDATE,
41717770,10.1002/jbt.70752,2026,"Nephroprotective Potential of Tectorigenin Against Thiamethoxam Instigated Renal Toxicity Via Regulating HMGB1/RAGE, TLR4/MyD88, and NF-κB Pathway in Sprague Dawley Rats: An In-Vivo and In-Silico Investigation.",Journal of biochemical and molecular toxicology,Haider N; Otifi HM; Hayat MF; Akbar A; Zahara SS; Al-Emam A; Hassan HM,Journal Article,"Thiamethoxam (TMX) is a systemic neonicotinoid insecticidal agent that has been reported to damage different organs including the kidneys. Tectorigenin (TRG) is a novel isoflavone that exhibits substantial pharmacological properties. The present research trial was conducted to elucidate the nephroprotective potential of TRG to avert TMX induced renal impairments. Thirty-six male albino rats (n = 36) were categorized into following groups i.e., control, TMX (31.26 mg kg-1), TMX (31.26 mg kg-1) + TRG (25 mg kg-1), and TRG (25 mg kg-1) treated group. Our results showed that TMX intoxication increased the expression of interleukin-6 (IL-6), Receptor for Advanced Glycation End-products (RAGE), Toll-like receptor 4 (TLR4), tumor necrosis factor-alpha (TNF-α), High-Mobility Group Box 1 (HMGB1), Cyclooxygenase-2 (COX-2), Myeloid Differentiation Primary Response Gene 88 (MyD88), nuclear homoeotic factor beta (NF-κB), and interleukin-1 beta (IL-1β). The enzymatic activities of heme-oxygenase-1 (HO-1), glutathione S-transferase (GST), catalase (CAT), glutathione reductase (GSR), glutathione (GSH), glutathione peroxidase (GPx), and superoxide dismutase (SOD) were promoted while the concentration of MDA and ROS in renal tissues. Besides, TMX induces severe alterations in renal health profile as indicated by high concentrations of cystatin C (Cys C), NGAL, creatinine, serum uric acid, KIM-1, BUN coupled with suppressed levels of creatinine clearance. The levels of Bax, Caspase-3, and Caspase-9 were found to be elevated while the levels of Bcl-2 were reduced following the TMX exposure. Furthermore, TMX exposure disrupted renal morphology, including tubular necrosis, glomerular atrophy, interstitial inflammation, and epithelial desquamation. However, TRG therapy restored renal impairments via regulating antioxidative, anti-apoptotic, anti-inflammatory, and histo-architecture. Our findings were strongly supported by in-silico findings that demonstrated the potential binding of TRG with key regulatory genes.",Needs manual review before database use,NEW_CANDIDATE,
41714161,10.1002/ps.70681,2026,"Semisynthesis, pesticidal properties, and toxicological study of osthole ether derivatives containing isoxazoline/isoxazole fragments at the C-7 position.",Pest management science,Wen H; Lv M; Dou Z; Xu H,Journal Article,"BACKGROUND: Agricultural pests such as Mythimna separata Walker, Hyalopterus arundimis Fabricius, and Plutella xylostella Linnaeus pose significant threats to crops and trees. Due to overuse of chemical pesticides resulting in pest resistance and safety concerns, nowadays development of new pesticides is highly desirable. Therefore, new osthole ether derivatives containing isoxazoline/isoxazole fragments at the C-7 position were studied as pesticidal agents. RESULTS: Against M. separata, compounds 4d (R = 4-ClPh), 5f (R = 2-BrPh), 5 g (R = 4-BrPh) and 5o (R = 1,3-diphenylpyrazol-4-yl) showed 2.2 to 2.5 folds insecticidal activity compared to osthole; they showed delayed insecticidal activity and most of M. separata treated with them all died at the larval period. Against H. arundimis, compound 4d exhibited 4.4 times aphicidal activity compared to osthole. Against P. xylostella, an intermediate 3b showed 1.8-fold effective insecticidal activity compared to osthole. Moreover, according to the toxicological study of 3b-treated P. xylostella, the changes in activities of three insect detoxification enzymes such as carboxylesterase (CarE), mixed function oxidase (MFO), and glutathione S-transferase (GST) over time were observed. CONCLUSION: Compounds 3b and 4d can be further studied as leads for controlling P. xylostella, and M. separata and H. arundimis, respectively. © 2026 Society of Chemical Industry.",Needs manual review before database use,NEW_CANDIDATE,
41713069,10.1016/j.aquatox.2026.107751,2026,What are the toxicological effects of mixing nanoplastics with a nanopesticide on Daphnia magna and Aliivibrio fischeri?,"Aquatic toxicology (Amsterdam, Netherlands)",Hennig TB; Bandeira FO; Gabe H; Puerari RC; Vicentini DS; Dafré AL; Fraceto LF; Matias WG,Journal Article,"Nanotechnology has enhanced the efficiency of pesticides such as nanoatrazine (nATZ), but it also raises concerns regarding potential toxicity to non-target organisms, particularly in aquatic environments already threatened by increasing nanoplastic pollution. This study assessed the individual and combined effects of nATZ and polystyrene nanoplastics (PSNP) on the freshwater microcrustacean Daphnia magna and the marine bacterium Aliivibrio fischeri. Acute tests with D. magna evaluated lethality and interactions in mixture scenarios. Chronic exposure over 21 days examined lethality, reproduction, growth, and swimming behavior. For acute and chronic exposures, reactive oxygen species (ROS) and the activity of antioxidant enzymes, including superoxide dismutase (SOD), glutathione S-transferase (GST), and glutathione peroxidase (GPx), were evaluated. Tests with A. fischeri measured changes in bacterial bioluminescence in response to contamination. Acute toxicity tests with D. magna indicated lowest observed effect concentration (LOEC) values of 4 mg l-1 for nATZ, 130.7 mg l-1 for PSNP, and 1.15 + 65.4 mg l-1 for the mixture, with predominantly synergistic responses under the Abbott reference model. Chronic exposure led to growth inhibition in D. magna at concentrations as low as 0.0228 mg l-1 for nATZ and 0.98 mg l-1 for PSNP, with reproductive effects appearing at even lower concentrations. Both contaminants increased ROS production, and their combination further amplified this response. GST activity increased, whereas SOD and GPx remained at basal levels. For A. fischeri, the toxicity of the nATZ + PSNP mixture (EC50-15min= 0.53 + 37.79 mg l-1) resembled that of PSNP alone (EC50-15min= 34.10 mg l-1), suggesting a dominant PSNP effect. These findings highlight the complexity of interactions between emerging contaminants.",Needs manual review before database use,NEW_CANDIDATE,
41706345,10.1007/s10646-026-03039-2,2026,Evaluation of acute toxicity and enzyme activity of commonly used pesticides in rice fields to Chironomus kiiensis and Chironomus javanus.,"Ecotoxicology (London, England)",Chen L; Guo J; Yang Y; Xu H; Lu Z; Zheng X; Wu Y; Lu Y,Journal Article,"Various chemical pesticides are commonly applied in rice field ecosystems to control insect pests, diseases, and weeds. However, pesticide residues and the resulting environmental pollution pose serious threats to the safety of farmland ecosystems. This study evaluated the acute toxicity of five insecticides (chlorantraniliprole, abamectin, pymetrozine, nitenpyram, and indoxacarb), five fungicides (trifloxystrobin, validamycin, tebuconazole, thiamethoxam, and propiconazole), and three herbicides (pretilachlor, cyhalofop-butyl, and penoxsulam) on the fourth-instar larvae of two chironomid species (Chironomus kiiensis and Chironomus javanus) commonly found in rice fields. Both species exhibited similar sensitivity patterns and were most sensitive to abamectin, trifloxystrobin, and pretilachlor. The 24 h-LC₅₀ values for C. kiiensis were 0.56, 1.07, and 11.25 mg/L, respectively, while those for C. javanus were 0.34, 0.19, and 9.01 mg/L, respectively. C. javanus was more sensitive to chlorantraniliprole, abamectin, pymetrozine, nitenpyram, trifloxystrobin, tebuconazole, propiconazole, and pretilachlor, whereas C. kiiensis was more sensitive to indoxacarb, validamycin, thiamethoxam, cyhalofop-butyl, and penoxsulam. Assays of detoxifying enzyme activities revealed that exposure to abamectin, pretilachlor, and trifloxystrobin significantly increased the activities of carboxylesterase (CarE) and glutathione S-transferase (GSTs), but decreased mixed-function oxidase (MFO) activity in both species. These results showed pesticide sensitivity differences between these two chironomid species, underscoring the importance of selecting appropriate bioindicator species according to the specific pesticides being evaluated. This study provided a scientific basis for the ecotoxicological and environmental safety assessment of pesticides in rice field ecosystems.",Needs manual review before database use,NEW_CANDIDATE,
41706326,10.1007/s10646-026-03031-w,2026,Assessing the effects of high concentration of pure Cry proteins exposure on the Eisenia fetida by allying transcriptome analysis with toxicological evaluation.,"Ecotoxicology (London, England)",He M; Huang Z; Pooe OJ; Chen W; Shen C; Zhang X; Xu C; Xie Y,Journal Article,"Most of eco-toxicity studies of Bacillus thuringiensis (Bt) proteins on terrestrial organism were conducted with Bt-crops straw or leaves on earthworm Eisenia fetida. Nevertheless, extra nutrition from straw or leaves degradation affected the assessment results. Meanwhile, there is limited understanding of the toxicological effects of Bt-Cry proteins on E. fetida at the molecular level. Thus, in this study, adult and juvenile earthworms were treated with ten times the highest expected environmental concentration (EEC) of purified Cry1Ac and Cry1F, then analyzed using systematic toxicity tests, including transcriptome analysis. Earthworms in all test groups survived treatment, and the relative growth rate (RGR) of juvenile earthworms showed non-significant changes after Cry toxin protein treatment. Cocoons and offspring in all groups were first observed on the 15th and 45th day of the adult earthworm reproduction tests, respectively. Although a higher number was counted in the control than in the Cry toxin treatments, the differences were not significant. For the biochemical response analysis, glutathione S-transferase (GST) activity increased significantly in Cry toxin-treated groups, whereas no significant changes were observed for superoxide dismutase (SOD), catalase (CAT), and total protein content analysis. Transcriptome analysis identified a limited number of differentially expressed genes (DEGs), suggesting a minimal impact for the tested Cry toxins on earthworms. In the enrichment analysis of differentially expressed genes (DEGs), it was shown that Cry1Ac and Cry1F treatments shared overlapping categories in the Gene Ontology (GO) database and pathways in the Kyoto Encyclopedia of Genes and Genomes (KEGG). In conclusion, our study showed that even at exceptionally high concentrations, purified Cry1Ac and Cry1F proteins exert minimal side effects on E. fetida earthworms.",Needs manual review before database use,NEW_CANDIDATE,
41703125,10.1038/s41598-026-40310-2,2026,Functional analysis of major detoxification gene superfamilies driving flubendiamide resistance in South Indian Tuta absoluta field populations.,Scientific reports,Mohan MLBC; Marimuthu M; Venkatasamy B; Muthu A; Muguntharajan P,Journal Article,"The tomato pinworm Tuta absoluta (Meyrick), a major pest, has spread worldwide and caused substantial economic losses in tomato cultivation. Repeated insecticide use has resulted in widespread resistance, especially to the diamide insecticide flubendiamide. This study explored the molecular mechanisms underlying flubendiamide resistance in a field population of T. absoluta from South India, focusing on detoxification-related gene families, such as cytochrome P450 monooxygenases (CYP450s), glutathione S-transferases (GSTs), and carboxyl/choline esterases (CCEs). Phylogenetic analysis was performed using 26 gene sequences from T. absoluta and related lepidopteran species. Bioassays revealed that the Krishnagiri (KNG) population is highly resistant, and gene expression analysis was conducted on KNG and susceptible populations treated with sublethal LC25 doses of flubendiamide. Quantitative real-time PCR showed significant overexpression of CYP248f in resistant larvae at 24 and 48 h after treatment, suggesting a role in metabolic detoxification. Among the GSTs, TaGSTe and TaGSTd were notably upregulated, whereas TaGSTs, TaGSTt, and TaGSTz were not differentially expressed. CCE genes (TaCCE1 and TaCCE2) showed no significant expression, indicating a limited role in resistance. Molecular docking supported these findings, showing strong ligand-binding affinities for the overexpressed CYP and GST proteins, highlighting potential molecular targets for resistance monitoring and management.",Needs manual review before database use,NEW_CANDIDATE,
41699402,10.1038/s41598-026-36055-7,2026,Monitoring insecticide resistance in cotton leafhopper in relation to enzymatic activity in major cotton growing areas of central India.,Scientific reports,Chinna Babu Naik V; Chowdary LR; Nagaharish G; Nagarare VS; Murthy JSV; Supreeth GS; Madhu TN; Kumbhare S,Journal Article,"Insecticide resistance complicates pest management by reducing chemical effectiveness and increasing environmental pollution from higher application rates. Monitoring resistance is essential before recommending chemicals in any agro-ecological region. The present study evaluated the extent and mechanisms of insecticide resistance in the cotton leafhopper, Amrasca biguttula biguttula (Ishida) (Hemiptera: Cicadellidae), across major cotton-growing regions of Maharashtra, India over five consecutive years, from 2015-16 to 2019-20 at ICAR-Central Institute for Cotton Research (CICR) in Nagpur. The bioassay studies using IRAC protocols revealed that populations collected from the Amravati district of Maharashtra exhibited higher LC50 values for all tested insecticides, including Flonicamid 50WG, Thiamethoxam 25WG, Acetamiprid 20SP, Imidacloprid 17.8SL, Monocrotophos 36SL, Acephate 75SP, Clothianidin 50WDG, and Spiromesifen 22.9SC. The tentative discriminating doses were established based on a susceptible population of A. biguttula at 1, 0.2, 0.05, 0.01, 0.001, 0.0001, and a control of 0 ppm. Using standardized IRAC bioassay protocols, we assessed resistance levels for eight insecticides and noted significant increases in LC50 values. Notably, the A. biguttula biguttula populations from Yavatmal, Chandrapur, and Amravati exhibited critical resistance to neonicotinoids and other classes of insecticides. Biochemical assays revealed elevated activities of detoxifying enzymes, including cytochrome P450 monooxygenases, carboxylesterases, and glutathione S-transferases (GST), indicating metabolic resistance as a key mechanism. Notably, Amravati populations displayed the highest enzyme activities (e.g., GST up to 555.56 pmol/min/mg protein), correlating with intense insecticide use. These findings emphasize the need for integrated pest management (IPM) strategies, including insecticide rotation, biological controls, and resistant cotton hybrids, to mitigate insecticide resistance and minimise environmental impact. Regular monitoring of resistance and enzyme activity is essential for sustainable pest control in cotton ecosystems.",Needs manual review before database use,NEW_CANDIDATE,
41652424,10.1186/s13071-026-07252-0,2026,Pyrethroids and organophosphate resistance in Aedes aegypti (Diptera: Culicidae) and their underlying mechanisms.,Parasites & vectors,Zuharah WF; Lee SD; Abdullah FN; Azman ANZ; Guswenrivo I; Ernawan B; Kartika T; Pengsakul T,Journal Article,"BACKGROUND: For decades, insecticides have been central to controlling the yellow fever mosquito, Aedes aegypti (L.), but extensive use has driven resistance development. This study investigates resistance of Ae. aegypti to pyrethroids (permethrin, deltamethrin) and organophosphates (malathion, pirimiphos-methyl) and their underlying mechanisms across Malaysia, Thailand, Indonesia, and the USA. METHODS: Adult female Ae. aegypti (3-5 days old, non-blood-fed) were subjected to World Health Organization (WHO) tube bioassays using 0.4% permethrin, 0.03% deltamethrin, 5% malathion, and 60 mg/m2 pirimiphos-methyl. Each assay included four replicates of 25 mosquitoes, with mortality assessed at 24 h post-exposure. Genomic DNA was extracted from 10 resistant individuals per population, and two coding regions of the voltage-gated sodium channel (VGSC) gene (domains II and III) were amplified and sequenced to detect known and novel kdr mutations. For biochemical analysis, 40 newly emerged, non-blood-fed females per strain were individually homogenized to quantify mixed-function oxidase (MFO), esterase (α- and β-EST), glutathione S-transferase (GST), and acetylcholinesterase (AChE) activity. RESULTS: High resistance levels were recorded in Malaysian and US Ae. aegypti strains, with low mortality ranging between 9% and 22% for pyrethroids. New mutations T1520I (8-15%) and I1011M (10-15%) were identified in Malaysian populations, the first detection of T1520I in the country, while V1016I (10%) was newly detected in Indonesian strains. Malaysian mosquitoes had multiple kdr mutations (S989P, V1016G, F1534C, and T1520I) in triple- and quadruple-haplotype combinations. The US Riverside strain showed a nine- to 10-fold increase in β-EST and three- to fivefold increase in MFO and GST activity compared to the VCRU susceptible strain, indicating strong metabolic resistance. In contrast, the highly resistant Malaysian Hamna strain exhibited no significant upregulation (P > 0.05) in detoxifying enzymes, suggesting resistance was driven primarily by kdr mutations. Thai strains lacked kdr mutations but exhibited altered AChE (20-35% remaining activity) and elevated GST (2-3 times higher than control). CONCLUSIONS: The detection of novel kdr mutations and diverse resistance mechanisms underscores the adaptability of Ae. aegypti to insecticide pressure and highlights the urgent need for continuous monitoring and integrated resistance management strategies.",Needs manual review before database use,NEW_CANDIDATE,
41636930,10.1007/s10735-026-10728-z,2026,Therapeutic effect of naringenin against fenamiphos‑induced testicular damage in male rats: a histological and biochemical study.,Journal of molecular histology,Demirkol E; Apaydin FG,Journal Article,"Fenamiphos (FNP) is an organophosphate compound used to control many agricultural pests. Naringenin (NAR) is a compound that has been recognized as a having physiologically potent antioxidant activity. This study was made to detect the possible therapeutic effects of NAR in preventing fenamiphos-induced reproductive toxicity. For this purpose, rats were treated with Fenamiphos (FNP) and Naringenin (NAR) for 4 weeks. This study was conducted on a total of 24 adult male albino rats. The rats were divided in an equally random manner into four groups: Group 1 was determined as the control group; group II received a dose of 50 mg/kg naringenin orally; group III received fenamiphos in a dose of 0.76 mg/kg/day orally; group IV received both naringenin and fenamiphos in the same stated doses. The results obtained in the testis showed a significant increase in the malondialdehyde, 8-OHdG, IL-17, and a significant decrease in superoxide dismutase, catalase, glutathione-S-transferase, glutathione peroxidase, acetylcholine esterase activities, testosterone, FSH, and LH contents in the FNP-treated group. Tissue damage induced significant histopathological/immunohistochemical changes following exposure to FNP. Treatment with NAR reduced malondialdehyde, 8-OHdG, and IL-17 contents, and naringenin treatment caused an increase in superoxide dismutase, catalase, glutathione-S-transferase, glutathione peroxidase, acetylcholine esterase, testosterone, FSH, and LH parameters compared with the FNP-treated groups. Micrographs of testis sections in FNP plus NAR-treated rats showed fewer histopathological and immunohistochemical changes. Flavonoids could effectively protect against fenamiphos-induced damage, offering a potential solution for pesticide-related toxicity. In this investigation, it was shown that fenamiphos caused testicular toxicity, and naringenin reduced this toxicity.",Needs manual review before database use,NEW_CANDIDATE,
41629024,10.1016/j.pestbp.2026.106956,2026,"(+)-Catechin from Prunus padus disrupts detoxification pathways and provides field-level control of the bird cherry-oat aphid, Rhopalosiphum padi.",Pesticide biochemistry and physiology,Hou W; Yuan X; Xia L; Wang N; Tang H; Piñero JC; Peng X; Chen M,Journal Article,"Plant-derived compounds, which act through diverse biochemical pathways, can be used for pest insect control to help reduce the risk of insecticide resistance. Here, we evaluated the insecticidal activity of (+)-catechin, isolated from Prunus padus, against the bird cherry-oat aphid (Rhopalosiphum padi), a major cereal pest worldwide. (+)-catechin significantly reduced aphid survival, with an LC50 of 2.99 mg/L at 48 h, and suppressed reproduction, lowering total fecundity by 34% at sublethal doses. Sublethal exposure also shortened adult longevity and the reproductive period. Transcriptomic analyses revealed strong induction of detoxification-related genes, particularly UDP-glycosyltransferases (UGTs) and cytochrome P450s. Enzyme assays confirmed elevated P450 and UGT activity but reduced activities of glutathione S-transferase and ATP-binding cassette transporter, suggesting a dual mode of action that overwhelms detoxification capacity. RNA interference validated the key roles of RpUGT344D5 and RpCYP15A1, whose knockdown lowered LC50 values by 76% and 39%, respectively, whereas RpCYP4CH8 knockdown had no effect. Field trials showed that foliar applications of (+)-catechin reduced aphid populations by up to 84%, with efficacy comparable to imidacloprid. Non-target assays indicated ≤5% mortality of the predator Harmonia axyridis. Taken together, these results demonstrate that (+)-catechin disrupts detoxification pathways and suppresses aphid population growth under both laboratory and field conditions, indicating it as a botanical insecticide candidate for integration into sustainable management of R. padi.",Needs manual review before database use,NEW_CANDIDATE,
41628990,10.1016/j.pestbp.2025.106909,2026,"Risk assessment, resistance monitoring and mechanism of field-evolved resistance to broflanilide in the tobacco cutworm, Spodoptera litura.",Pesticide biochemistry and physiology,Guo X; Tong Y; Li R; Zhang S; Zhang D; Qu C; Ma X; Wang R,Journal Article,"Spodoptera litura, a globally destructive agricultural pest, has evolved significant resistance to many popular insecticides. Broflanilide, a new meta-diamide pesticide that targets the specific site of γ-aminobutyric acid (GABA) receptor, provides broad-spectrum control against pests in the orders Lepidoptera and Thysanoptera. However, its potential resistance risk in S. litura remains unclear. In this study, a laboratory-selected strain was generated through ten consecutive generations of selection with broflanilide, revealing a low overall risk for resistance development. Concurrently, field resistance monitoring across China indicated that most S. litura populations remained highly susceptible, while the Sanya (SY) population exhibited moderate resistance (26.8-fold). Following seven additional generations of selection, the SY population evolved high resistance (56.2-fold) and was designated the SY-R strain. Using SY-R, we investigated inheritance, cross-resistance, and mechanism of detoxification underlying field-evolved resistance. Broflanilide showed minimal cross-resistance to the tested pesticides. Genetic and synergistic analyses indicated that resistance was incompletely dominant, autosomal, and polygenic, primarily associated with detoxification of glutathione S-transferase (GST) and cytochrome P450 (P450). These findings provide a comprehensive assessment of broflanilide resistance risk and provide valuable information and data for developing effective strategies of pesticide resistance management.",Needs manual review before database use,NEW_CANDIDATE,
41628987,10.1016/j.pestbp.2025.106905,2026,Both target-site and non-target-site resistance mechanisms confer mesosulfuron-methyl resistance in Silene conoidea L.,Pesticide biochemistry and physiology,Xue X; Cui H; Hu S; Ma H; Wei S; Huang H; Li X; Huang Z,Journal Article,"Silene conoidea L., a common weed in wheat fields, is mainly controlled by acetolactate synthase (ALS)-inhibiting herbicides such as mesosulfuron-methyl. In this study, we investigated a mesosulfuron-methyl resistant population to elucidate the resistance mechanisms. The resistant (R) population displayed a high level of resistance to mesosulfuron-methyl, with the resistance index (RI) of 18.87. It also exhibited cross-resistance to halosulfuron-methyl, florasulam, flumetsulam, and flucarbazone‑sodium. In vitro ALS enzyme activity in the R population was 22.85-fold higher than in the susceptible (S) population. A W574L mutation (leucine replaced tryptophan) was identified in the ALS gene of the R population. Through molecular docking, this substitution of amino acid weakened the π-π stacking interaction between mesosulfuron-methyl molecule and the non-mutated ALS enzyme. The R population also showed significantly higher ALS expression than the S population, while the ALS gene copy number did not differ between the two populations. Pretreatment with malathion (cytochrome P450 inhibitor) and NBD-Cl (glutathione S-transferases inhibitor) reduced mesosulfuron-methyl resistance by 43.92 % and 29.20 %, respectively. Indicating that CYP450s and GSTs are involved in resistance. Transcriptome and qPCR analyses identified significant upregulation of three ABC transporter genes, three CYP450 genes, and one GST gene in the R population. Meanwhile, KEGG pathway analysis indicated that the photosynthetic pathways were significantly affected after mesosulfuron-methyl treatment. This is the first report of mesosulfuron-methyl resistance in S. conoidea, involves both target site resistance and non-target site resistance mechanisms.",Needs manual review before database use,NEW_CANDIDATE,
41627542,10.1007/s10646-026-03025-8,2026,Biochemical responses in tail tissue of the insectivorous lizard Uta stansburiana in agricultural areas.,"Ecotoxicology (London, England)",Villa-Muñoz MC; Blázquez-Moreno MC; Meza-Montenegro MM; Lara-Reséndiz RA; Ortega-Rubio A; Zenteno-Savín T,Journal Article,"Agricultural expansion and pesticide use pose significant threats to wildlife. Reptiles are often overlooked in ecotoxicological studies despite their ecological importance. This study assessed the biochemical responses in the side-blotched lizard (Uta stansburiana) by analyzing tail tissue across three agricultural sites (C1: agave and citrus crops, C2: corn and alfalfa, C3: vegetables) and a reference site in La Paz, Baja California Sur, Mexico. Soil samples were analyzed for organochlorine pesticide concentrations. A total of 15 individuals per site were captured (55 adults and 5 juveniles). Morphometric parameters showed that adult males and females from C2 were significantly larger and heavier than those from C1 and C3, and body condition index (BCI) was significantly higher in adult males from C2. Tail tissue was used to measure glutathione S-transferase (GST) activity, acetylcholinesterase (AChE) activity, superoxide anion (O2•−) production rate, and protein carbonyl concentrations. Results revealed the presence of the pp’-DDT metabolite pp’-DDE in an agricultural site (C1), indicating historical contamination. GST activity was significantly higher in the agricultural areas compared to the reference site, suggesting a detoxification response. No significant differences were found in AChE activity or O2•− production rate between sites. Protein carbonyl levels were higher in males than in females, reflecting sex-specific oxidative damage. This study supports the utility of tail tissue as a minimally invasive method, emphasizes the importance of considering sex-specific responses in ecotoxicology, and highlights the need for improved pesticide monitoring and regulation in agricultural landscapes.",Needs manual review before database use,NEW_CANDIDATE,
41619245,10.47665/tb.42.4.011,2025,Larvicidal and enzyme-inhibitory effects of essential oils from Eucalyptus globulus and Eucalyptus radiata against Culex pipiens.,Tropical biomedicine,Toubal S; El Haddad D; Sadaoui N; Aliboudhar H; Boumaza S; Benhabyles N; Chaabane N; Maleki A,Journal Article,"Culex pipiens is among the most abundant mosquitoes in Algeria. This mosquito poses a significant public health risk as a vector of various diseases. Developing efficient and eco-friendly pesticides has also become a highly important issue to reduce the risks associated with conventional insecticides. In this context, the present study aimed to evaluate the responses of fourth-instar larvae of Culex pipiens (C. pipiens) to the effects of two essential oils (EOs) Eucalyptus globulus (E. globulus) and Eucalyptus radiata (E. radiata), both known for their bioinsecticidal properties. The oils were obtained by steam distillation and their chemical composition was determined using gas chromatography coupled to mass spectrometry (GC-MS). Larvicidal bioassays were conducted under laboratory conditions, and in silico analyses were performed to evaluate interactions between the major essential oils constituents and two detoxification enzymes acetylcholinesterase (AChE; PDB ID: 5X61) and glutathione S-transferase (GST; PDB ID: 18GS). E. radiata yielded a higher oil content (1.25 ± 0.36% w/w) than E. globulus (0.92 ± 0.48% w/w). GC-MS profiling revealed marked compositional differences: E. globulus EO was dominated by 1,8-cineole (72.05%), whereas E. radiata contained o-cymene (32.23%) as the main compound. Both EOs showed significant larvicidal activity (p<0.001) against C. pipiens, with E. globulus demonstrating greater potency (LC50 = 23.74 ppm) compared to E. radiata (LC50 = 53.42 ppm). In silico studies demonstrated that the major constituents of both essential oils exhibit strong insecticidal potential through various interactions with acetylcholinesterase and glutathione S-transferase. Compounds from Eucalyptus globulus showed slightly better binding affinities overall. These results support the development of safe and eco-friendly insecticides, offering a sustainable strategy for protecting both public health and the environment, especially through natural larvicides derived from essential oils targeting Culex pipiens mosquitoes.",Needs manual review before database use,NEW_CANDIDATE,
41611097,10.1016/j.molbiopara.2026.111735,2026,In vitro and in silico evaluation of plant compounds as inhibitors of glutathione S-transferase from Rhipicephalus microplus and R. decoloratus.,Molecular and biochemical parasitology,Dos Santos Bezerra WA; da Rocha CQ; da Silva Vaz Junior I; Ullah S; de Azevedo Junior WF; Soares AMDS,"Journal Article; Research Support, Non-U.S. Gov't","Ticks are widely distributed ectoparasites that transmit several pathogens and cause significant losses in livestock production. Resistance to commercial acaricides has become increasingly common, stimulating the search for new molecules with potential for tick control. Among possible targets, glutathione S-transferases (GSTs) play a central role in detoxification processes and are therefore attractive candidates for overcoming acaricide resistance. In this work, the inhibitory activity of plant compounds on recombinant GSTs from Rhipicephalus microplus (rGST-Rm) and R. decoloratus (rGST-Rd) was examined using in vitro and in silico approaches. Compounds tested included 3β-stearioxy-olean-12-ene, diosgenin, quercitrin, naringenin, ellagic acid, rutin, and quercetin, which belong to different chemical classes, including triterpenes, steroids, polyphenols, and flavonoids. In vitro assays showed that 3β-stearioxy-olean-12-ene and naringenin inhibited rGST-Rm with IC₅₀ values of 148.2 μM and 160.7 μM, respectively. For rGST-Rd, inhibition by quercitrin (IC₅₀ = 37.7 μM), naringenin (IC₅₀ = 177.7 μM), and rutin (IC₅₀ = 115.0 μM) was observed. Docking analyses predicted interactions between these molecules and tick GSTs. Overall, the results support the potential of GST inhibition as a strategy for acaricide development and indicate that some plant compounds may serve as starting points for future tick control methods.",Needs manual review before database use,NEW_CANDIDATE,
41610531,10.1016/j.marpolbul.2026.119339,2026,Azadirachtin-induced oxidative stress in early life stages of the endangered horseshoe crab Tachypleus tridentatus: Implications for coastal conservation.,Marine pollution bulletin,Chen B; Wu R; Zhu P; Liu J; Liu Y; Yan L; Ma Z; Gao F,Journal Article,"The horseshoe crab Tachypleus tridentatus, listed as ""Endangered"" by the IUCN, is a keystone species in Asian coastal ecosystems and is critical for biomedical applications. This species currently faces multiple threats, including an emerging but overlooked hazard: botanical pesticide contamination in nursery habitats. Azadirachtin, a novel biopesticide, can trigger increased accumulation of reactive oxygen species. However, regulation of gene expression under environmental stress and their synergistic relationship with developmental processes in T. tridentatus remain unclear. We investigated the conservation implications of azadirachtin exposure in the most vulnerable life stages critical for population recruitment. Using embryonic (Stages IV-V) and first-instar larvae, we documented dose- and time-dependent mortality with heightened sensitivity in later developmental stages-periods crucial for successful recruitment. Azadirachtin induced oxidative stress through disruption of antioxidant defense systems, with rapid SOD activation (peaking at 12 h), elevated MDA levels indicating cellular damage, and biphasic T-AOC responses. Molecular analysis results revealed stage-specific expression patterns of key stress-responsive genes, including antioxidant enzymes (Mn-SOD, CAT), a Phase II detoxification enzyme (GST), and a neurotoxicity biomarker (AchE), suggesting limited adaptive capacity in early life stages. These findings challenge the assumption that plant-derived pesticides are environmentally benign and reveal a significant threat to horseshoe crab conservation. High sensitivity during embryonic development, when animals are confined to beach sediments, is particularly concerning given the overlap between agricultural runoff zones and spawning habitats. We recommend establishing pesticide-free buffer zones (minimum 500 m) around known spawning sites, implementing azadirachtin monitoring in horseshoe crab protection areas, and revising coastal pesticide regulations to account for endangered species vulnerability. Our results underscore the need to integrate emerging contaminant assessments into conservation strategies for this ecologically irreplaceable species.",Needs manual review before database use,NEW_CANDIDATE,
41609977,10.1007/s11686-025-01202-z,2026,Insecticidal and Repellent Effects of Selected Botanicals against Tribolium Castaneum (Herbst) (Coleoptera: Tenebrionidae) with Reference To their Effect on Detoxifying Enzymes.,Acta parasitologica,Kumar A; Devee A; Thokchom S; Yadav A; Zeb J; Gad ME; Selim A; Gattan HS,Journal Article,"The excessive application of various synthetic pesticides led to control difficulties, including insect resistance and environmental contamination. This study aimed to evaluate the insecticidal and repellent activities of twelve botanical powders and aqueous extracts against Tribolium castaneum, with a focus on acetylcholinesterase and glutathione-S-transferase detoxification enzyme activities. Toxicity tests revealed that Azadirachta indica dry powder was the most harmful, having the lowest LD50 value of 2.09% w/w, while in aqueous extract A. indica was the most toxic, with an LC50 of 2.20% after 24 h. Repellency tests demonstrated that A. indica exhibited the highest repellent effect in both powder and aqueous forms (86.66%). As a result of the most effective botanical application, biochemical analyses showed that acetylcholinesterase activity remained highest (6.17 ± 0.17 U/min/g) in A. indica-treated insects, whereas glutathione-S-transferase enzyme activity peaked in response to Eucalyptus tereticornis (85.00 U/min/g), indicating a strong physiological defense response. These results indicate that plants like A. indica, D. stramonium, E. tereticornis, and Ar. nilagirica can be used as promising bio-insecticides options for controlling T. castaneum in stored products.",Needs manual review before database use,NEW_CANDIDATE,
41603083,10.1002/ps.70592,2026,Bibenzyls and flavone glycosides from Dendrobium nobile as potential plant-derived insecticides against Acyrthosiphon pisum and Sitobion avenae.,Pest management science,Yang M; Hao ZY; Wang XL; Liu ZX; Xiao CY; Zhang JY; Ma XD; Zheng XK,Journal Article,"BACKGROUND: Plant-derived natural product insecticides exhibit notable advantages over traditional chemical insecticides, including high target selectivity, enhanced biodegradability with no residual accumulation, and minimal environmental impact. These properties align with the developmental imperatives of green agriculture, establishing this field as a priority area in insecticide research and development. RESULTS: Phenolic compounds are a crucial source of plant-derived insecticides. Twenty-four compounds, including two new bibenzyls, dendronosides A - B (1-2) and three novel flavone C-glycosides, dendronosides C - E (3-5) were isolated from Dendrobium nobile. Their structures were elucidated by spectroscopic data analysis, ECD calculations, and HPLC characterization of acid-hydrolyzed and derivatized monosaccharides. The insecticidal activity of these compounds was evaluated against Acyrthosiphon pisum and Sitobion avenae. Compound 5 not only demonstrated notable oral toxicity against A. pisum, with an LC50 value of 181.6 μg mL-1, but also exhibited remarkable repellency against A. pisum, achieving a repellency index of 1.0 at 400 μg mL-1. In A. pisum exposed to compound 5, epidermal shrinkage and mouthpart retraction are the dominant toxic symptoms observed. The insecticidal activity of compound 5 is presumably attributable to its interference with the activities of chitinase and GST. Molecular docking analyses revealed that compound 5 binds tightly to OfChtI via multiple stable hydrogen bonds, indicative of a strong binding affinity between this compound and the target enzyme. CONCLUSION: These findings demonstrate that flavone glycosides isolated from D. nobile, especially dendronoside E (5), hold great potential as candidates in developing plant-derived insecticidal lead compounds. © 2026 Society of Chemical Industry.",Needs manual review before database use,NEW_CANDIDATE,
41600026,10.3390/plants15020219,2026,Mechanisms of Aphids (,"Plants (Basel, Switzerland)",Quandahor P; Park JH; Kim M; Lee K; Kang A; Koh YH; Kusi F; Dawuda MM,Journal Article,"Drought stress and insecticide exposure are two significant environmental factors that can impact the physiology and behaviour of aphids, a major agricultural pest. An understanding of the mechanisms of green peach aphids' response to insecticides under drought stress is a critical area of research that needs urgent attention. In view of this, we conducted this study to determine the impact of drought and insecticides on the activity of detoxification enzymes in green peach aphid. A 2 × 2 × 3 factorial experiment involving two levels of water treatments (drought and no drought), two levels of aphids infestation (aphids and no aphids), and three levels of pesticides applications (thiacloprid, flonicamid and no pesticide) was conducted. The treatments were arranged in a randomized complete block design with three replications. The results showed that there was a significant (p < 0.01) interaction effect of drought × insecticides on the green peach aphid performance under drought or no drought conditions. Generally, the highest aphids host acceptance, survival rate, colonization success, and average daily reproduction under drought and well-watered conditions occurred on flonicamid-treated plants, whereas thiacloprid-treated plants had the least. However, the thiacloprid-treated plants had higher photosynthetic rate, water use efficiency, lower stomatal conductance, and decreased transpiration rate. Moreover, flonicamid treatment increased the accumulation of glutathione-S-transferase, acetylcholinesterase, butyrylcholinesterase, 1-napthyle acetate, and 1-napthyle butyrate activities in aphids, compared to the thiacloprid treatments. The thiacloprid pesticide, which demonstrated higher efficacy against green peach aphid, can be used in areas where green peach aphids and drought stress are major concerns.",Needs manual review before database use,NEW_CANDIDATE,
41582734,10.1002/cbdv.202502449,2026,"Novel Approaching Imidazoles as Insecticidal Agents: Design, Synthesis, Toxicological, Biochemical, and Biological Effectiveness.",Chemistry & biodiversity,Alsaiari NA; Amer AA; Abdelhamid AA; Gomha SM; Al-Ghamdi SN; Alsenani NI; Althagafi SH; Gad MA,Journal Article,"In this study, we create novel imidazoles containing ciprofloxacin moieties that have demonstrated potent insecticidal activity. The synthesis was finished using a one-pot method involving imidazoles 3a-f, formaldehyde, and ciprofloxacin. Furthermore, pyrazoles 11 and 12 were produced by the successful addition of benzothiazole and benzoxazole derivatives to the procedure. According to the data, all of the products that were tested demonstrated insecticidal efficacy against both Spodoptera littoralis larval instars, with adjustable levels. With LC50 value of 4.55 mg/L against larvae in their second instar, compound 6 was the most toxic of all. The target goods were tested on cotton leafworm larvae in their second and fourth instars. In an additional attempt to marginally expand insecticidal materials, the latent effects of the examined prepared materials were evaluated on a variety of biological parameters, including adult longevity, pupal weight, proportion of normal and deformed pupae, adult emergence, fecundity, and egg hatchability. Additionally, using compound 6 to treat the fourth S. littoralis larvae showed significant alterations in biochemical examination, including acetylcholinesterase, adenosine triphosphatase (ATPase), glutathione S-transferase (GST), CaE, and total protein. These results provide insightful information about the continuous global search for more modern and efficient methods to manage insect resistance.",Needs manual review before database use,NEW_CANDIDATE,
41578450,10.1093/jee/toaf371,2026,Metabolic resistance and the role of CYP6DA2 and CYP380C6 genes in flupyradifurone resistance in the cowpea aphid (Koch).,Journal of economic entomology,Fouad EA; Osman EA; Abdel-Haleem DR; Mokbel EMS,Journal Article,"The cowpea aphid, Aphis craccivora (Koch), is a significant agricultural pest that globally affects numerous crops, leading to substantial yield losses through both feeding and the transmission of viral diseases. Flupyradifurone has an excellent safety profile and a unique mode of action; resistance to flupyradifurone has been reported in certain aphid species. In the current study, the cross-resistance and resistance mechanisms of A. craccivora to flupyradifurone were investigated. The results revealed that A. craccivora developed a resistance ratio (RR) of 46.6-fold as a result of laboratory selection for 28 consecutive generations. In the flupyradifurone-resistant strain (R-strain), metabolic enzyme determinations indicated significant increases in cytochrome P450 monooxygenase, esterase, and glutathione S-transferase activities. Moreover, quantitative real-time PCR (RT-qPCR) revealed the differential expression of CYP6DA2 and CYP380C6, with CYP6DA2 being upregulated, suggesting its pivotal role in flupyradifurone resistance. Molecular docking studies demonstrated a stronger binding affinity of flupyradifurone to CYP6DA2 than to CYP380C6, further supporting its involvement in detoxification processes. The findings also highlighted moderate cross-resistance to malathion, underscoring the need for insecticide management to mitigate the evolution of resistance. This study provides critical insights into the biochemical mechanisms underlying flupyradifurone resistance in A. craccivora and emphasizes the importance of developing effective resistance management strategies for pest control.",Needs manual review before database use,NEW_CANDIDATE,
41569473,10.1007/s11259-025-11041-y,2026,Assessment of risks associated with dietary administration of antiparasitic drug lufenuron in Nile tilapia Oreochromis niloticus by integrated biomarker response.,Veterinary research communications,Ghorai A; Abraham TJ; Sen A; Das R; Sinha P; Nadella RK; Chatterjee NS; Patil PK,Journal Article,"The increasing prevalence of diseases in aquaculture systems has led to an increased use of veterinary medicinal products, but their pathophysiological effects on fish remain poorly understood. The current study assessed the effects of dietary administration of the antiparasitic drug lufenuron (LN) at the recommended dose (5 mg) and overdose (12.5 mg/kg biomass/day) for seven consecutive days on the safety, residue distribution, and biological responses of Nile tilapia Oreochromis niloticus juveniles. The LN caused a dose-dependent decrease in feed intake, survival, and biomass. Plasma biochemical analyses revealed an elevation in glucose, creatinine, aspartate aminotransferase, alanine aminotransferase, and alkaline phosphatase levels, and a decrease in calcium, chloride, and acetylcholinesterase in LN-fed O. niloticus. Haematological deviations, and erythrocyte cellular and nuclear alterations, such as vacuolation, crenation, irregularly shaped, teardrop-like cells, micronucleus, and blebbed and notched nuclei, were observed. Oxidative stress biomarkers, including malondialdehyde, ferric-reducing antioxidant power, and total nitric oxide, increased, while glutathione-S-transferase and catalase levels decreased during administration. Nonetheless, these changes were reversible after stopping the dose. The liver was more susceptible to LN, as indicated by the integrated biomarker response assessment. Residue peaks occurred on day 7 of administration in plasma, muscle + skin, liver, and kidney. Following dose suspension, residues declined in both groups but remained detectable until day 35 post-dosing. The withdrawal period for LN in O. niloticus was estimated to be 2 days, considering a maximum residue limit of 1350 µg/kg. Despite short-term adverse effects, dietary administration of LN appears safe for O. niloticus juveniles at the recommended dose.",Needs manual review before database use,NEW_CANDIDATE,
41562437,10.1002/tox.70042,2026,Biochemical and Genotoxic Effects of Maneb on Eisenia fetida.,Environmental toxicology,Dikilitaş S; Aksoy Ö,Journal Article,"Maneb is a dithiocarbamate pesticide that is widely used to control many fungal diseases affecting vegetables, fruits, and field crops because of its low acute toxicity and short environmental persistence and is classified as carcinogenic to humans. Eisenia fetida is the preferred model organism for investigating the toxic effects of pesticides and other environmental pollutants. The toxic effects of a maneb fungicide on E. fetida were examined at physiological, biochemical, cellular, and molecular levels. As a result of probit analysis, the lethal concentration (LC50) of maneb on E. fetida was 798.4 mg/kg (dry soil). At sublethal concentrations (50, 100, and 200 mg/kg (dry soil)), decreases were detected in the weight of worms exposed to maneb as the concentration increased. In the analyses performed to detect lipid peroxidation, the amount of MDA increased in parallel with the increase in the maneb concentration and exposure time. CAT and GST enzyme activities were increased at all concentrations compared with the control group during the four sampling days. In the data obtained as a result of comet assay, cell damage increased depending on the changes in the maneb concentration and exposure time. As a result of real-time PCR analysis, increases in the expression of antioxidant enzymes were detected in worms exposed to maneb to clear reactive oxygen species (ROS). This study investigated the effects of maneb on E. fetida for the first time at physiological, biochemical, and molecular levels and contributed to the elucidation of changes in maneb in worms.",Needs manual review before database use,NEW_CANDIDATE,
41554974,10.1038/s41598-026-35536-z,2026,Mustard derived compounds as insecticides and modulators of human metabolism.,Scientific reports,Garg S; Punetha H; Gangola S; Vyas A; Mittal A; Tariq M; Saiyad M; Menaa F,Journal Article,"The current investigation aims to decipher the comparative anti-feeding and insecticidal potential of the purified form of Allyl isothiocyanate (AITC), a byproduct of glucosinolate hydrolysis, and three different mustard oils (black, brown and white) against Aulacophora foveicollis (red pumpkin beetle) adults and Spodoptera litura (tobacco cutworm) larvae. The in silico investigation undertakes the interaction of AITC with two anti-oxidant enzymes found in vertebrates, as AITC is also known to be an anti-oxidant and anti-cancerous compound for humans. The study also explores the AITC and protein-protein interaction among pepsin and mustard seed proteins, cruciferin and napin, as mustard contains abundant protein content but remains bio-unavailable due to presence of similar anti-nutritional factors like glucosinolates potentially having insect deterring potential. Through in vitro bioassays, it was found that the AITC was having higher insect anti-feeding potential (ranging from 74.63 to 88.22%) than the three mustard oils (ranging from 40.18 to 78.92%) against two insect pests studied in present investigation. The brown mustard oil showed LC50 as 602.23 mg/mL and 251.99 mg/mL, black mustard showed LC50 as 677.18 and 429.82 mg/mL while, white mustard oil showed LC50 as 835.21 mg/mL and 620.31 mg/mL against A. foveicollis and S. litura, respectively. The LC50 of AITC was observed to be higher, 3990 mg/mL (A. foveicollis) and 3690 mg/mL (S. litura). The in silico analysis revealed that leucine and aspartic acid are key mediators of Glutathione-S-transferase (GST)-AITC and Sulfonyl transferase (SULT)-AITC interactions in humans, respectively. The study also showed a stronger binding between human digestive enzyme (pepsin) and seed storage proteins of mustard (napin and cruciferin). In terms of insect deterrence, brown mustard oil outperformed both black and white mustard oils due to its higher glucosinolate concentration. It also showed greater efficacy than AITC at lower doses, likely because of the presence of various fatty acids in the oil that are known to deter insect pests. In the near future, the metabolites of mustard may be explored as an economical bio-control agent thus elaborating their role in replacing harmful synthetic insecticides that are a hurdle in attaining the goal of sustainable agriculture.",Needs manual review before database use,NEW_CANDIDATE,
41548696,10.1016/j.neuint.2026.106119,2026,"Sanguinarine alleviates pendimethalin-induced neurotoxicity via regulating microglial and neuroinflammatory pathways: An interplay of oxidative stress, apoptosis and microglial polarization.",Neurochemistry international,Zhang K; Amir K; Mehreen A; El Safadi M; Zia S; Jamil S; Al-Emam A; Hassan HM,Journal Article,"Pendimethalin (PMN) is a potent agrochemical that has shown severe neural alterations. Sanguinarine (SAN) is a naturally derived alkaloid that exhibits a wide range of biological properties. The current research was conducted to explore the palliative potential of SAN against PMN-induced neurotoxicity. Thirty-two Sprague Dawley rats were divided into the control, PMN (125 mg/kg), PMN (125 mg/kg) + SAN (15 mg/kg), and SAN (15 mg/kg) alone treated group. PMN intoxication upregulated the mRNA expressions of Aif1 (iba1), cd68, TNF-α, IL-10, IL-6, IL-1β, Nos2, Arg1, and Trem2 while inhibiting the mRNA expression of Tmem119. Neural tissues showed altered redox state after PMN exposure as evidenced by escalated levels of ROS and MDA coupled with marked declined in the activities of HO-1, GPx, CAT, GSR, SOD, and GST. Additionally, PMN administration provoked a sharp decline in the levels of NGF, BDNF, GDNF, Synaptophysin, and PSD-95. Moreover, exposure of PMN elevated the levels of Caspase-9, Bax, and Caspase-3 coupled with a significant reduction in the levels of Bcl-2. Neural tissues showed severe morphological alterations including vacuolar degeneration, neuronal loss, microglial activation, apoptotic bodies, capillary congestion, perineuronal vacuolation, and neural edema after PMN intoxication. Importantly, SAN supplementation notably alleviated neural damage via suppressing the activation of microglial and inflammatory pathways along with regulating redox profile, apoptotic indices, and histopathological alterations. Our in-silico assessment showed excellent binding affinity of SAN with key regulatory proteins thereby suggesting its critical role in suppressing the activation of microglial cells.",Needs manual review before database use,NEW_CANDIDATE,
