pmid,doi,year,title,journal,authors,publication_types,abstract,manual_review_status
42413097,10.7705/biomedica.7709,2026,"Docking prediction, molecular dynamics and antibiofilm effect of linalool against Candida albicans strains from vulvovaginal secretions.",Biomedica : revista del Instituto Nacional de Salud,Medeiros CI; Galdino Gouveia R; Targino Gomes V; Silva G; Vasconcelos Gomes U; Alves Filho A; De Oliveira Lima E,Journal Article,"INTRODUCTION: Vulvovaginal candidiasis is a prevalent fungal infection, predominantly caused by Candida albicans. Biofilm formation plays a central role in disease persistence and therapeutic failure by enhancing fungal tolerance to conventional antifungal agents. OBJECTIVE: To evaluate the antibiofilm activity of linalool against C. albicans strains isolated from vulvovaginal secretions and to investigate its potential molecular interactions with 1,3-β-glucan synthase, a key enzyme involved in fungal cell wall biosynthesis. MATERIALS AND METHODS: The antibiofilm effect of linalool was assessed in vitro using the crystal violet assay against a clinical isolate (C. albicans LM 129) and a reference strain (C. albicans ATCC 76485). Nystatin was included as a comparator antifungal. In parallel, molecular docking analyses were performed using AutoDock 4.2, followed by molecular dynamics simulations conducted in GROMACS 2022.3 to evaluate the stability of the linalool-enzyme complex. RESULTS: Linalool significantly reduced biofilm formation in both C. albicans strains, with an average inhibition of 74.65%, whereas nystatin exhibited limited antibiofilm activity. Docking studies revealed that linalool interacts with the active site of 1,3-β-glucan synthase, presenting a binding free energy (ΔG) of -6.0 kcal/mol, comparable to the control ligand castanospermine (-7.0 kcal/mol). Molecular dynamics simulations demonstrated structural stability of the linalool-enzyme complex over a 30 ns trajectory, supporting the persistence of these interactions under dynamic conditions. CONCLUSIONS: Linalool exhibits relevant antibiofilm activity against C. albicans and shows stable interactions with 1,3-β-glucan synthase, suggesting a plausible inhibitory mechanism. These findings support the potential of linalool as a natural scaffold for the development of alternative therapeutic strategies for vulvovaginal candidiasis.",Needs manual review before database use
42409498,10.1016/j.foodres.2026.119672,2026,Synergistic micro-nano bubble treatment via high-speed vortex and ultrasound enhances quality and safety of lettuce and cherry tomatoes.,"Food research international (Ottawa, Ont.)",Li X; Dong Y; Shen J; Zhang L; Gao X; Wang B; Zhang ZH,Journal Article,"This study aimed to address quality deterioration and microbial contamination in fresh produce during postharvest storage by exploring efficient and safe cleaning technologies. The effects of three micro-nano bubble (MNB) treatments generated via ultrasound (US), high-speed vortex (HV), and their synergistic system (HV-US) on the quality and safety of lettuce and cherry tomatoes were compared. Results showed that the HV-US synergistic system significantly outperformed the individual treatments (p < 0.05), which was attributed to its smaller bubble size, higher dissolved oxygen content, stronger oxidative capacity. HV-US significantly reduced weight loss rates (3.19% for lettuce and 3.59% for tomatoes), increased firmness (2.12 N and 5.61 N), and minimized color changes (ΔE⁎ of 22.0 and 7.8) during storage (p < 0.05). It also significantly inhibited polyphenol oxidase (PPO) and peroxidase (POD) activities, reduced vitamin C (Vc) degradation by 30% in lettuce and 22% in cherry tomatoes, decreased microbial counts by 2.09 and 2.90 log CFU·g-1, and lowered pesticide residues to 10.2 μg·kg-1 and 8.2 μg·kg-1, respectively (p < 0.05). These findings demonstrate that the HV-US synergistic MNB treatment effectively improves the cleaning efficiency, storage quality, and safety of fresh fruits and vegetables, showing high potential for postharvest industrial applications.",Needs manual review before database use
42406275,10.1007/s11274-026-05125-3,2026,A novel phthalic acid degradation pathway in Klebsiella variicola SY1 and engineering the strain for degradation of multiple phthalate esters.,World journal of microbiology & biotechnology,Lequan Q; Mengyuan B; Zhongqing Y; Longkuan W; Tongtong L; Shijin W,Journal Article,"Phthalic acid (PA) is a key intermediate in the biodegradation of phthalate esters (PAEs), and its aerobic degradation pathways exhibit considerable diversity. In this study, a novel aerobic PA degradation bypass was discovered in Klebsiella variicola SY1. After blocking the classical 4,5-dioxygenase pathway, the strain retained the ability to utilize PA, and gene 5193 encoding a UbiD family decarboxylase was significantly upregulated. Further knockout of gene 5193 caused the loss of PA utilization ability. Metabolomic and LC-MS analysis revealed that this bypass is initiated by 4-monooxygenation of PA to 4-hydroxyphthalic acid, followed by decarboxylation to 4-hydroxybenzoic acid, which then enters protocatechuic acid or phenol metabolism. Heterologous expression of gene 5193 did not confer the ability to convert PA or 4-hydroxyphthalic acid (4-HP), indicating that its product is not directly responsible for substrate conversion. Furthermore, by constructing a constitutive expression vector and introducing the esterase gene pehA, the recombinant strain achieved degradation rates exceeding 90% for dimethyl phthalate, diethyl phthalate, and dibutyl phthalate, effectively broadening the substrate spectrum. This finding enriches the understanding of the diversity of aerobic PA metabolism and provides both a strain resource and theoretical support for the bioremediation of phthalate ester pollution.",Needs manual review before database use
42406193,10.1007/s11274-026-05130-6,2026,Siderophore-producing Aspergillus species as multifunctional bioinoculants for sustainable cultivation of cowpea (Vigna unguiculata (L.) Walp.).,World journal of microbiology & biotechnology,Mistry D; Gamit D,Journal Article,"The excessive reliance on synthetic fertilizers and pesticides has undeniably enhanced crop productivity; however, it has also led to long-term environmental degradation, highlighting the urgent need for sustainable alternatives. Bioinoculants, particularly siderophore-producing fungi, represent a potential eco-friendly approach to improving nutrient acquisition, plant health, and resistance to pathogens. In the present study, 23 fungal species were isolated from agricultural and non-agricultural soils, among which four exhibited plant growth-promoting fungal (PGPF) activity. Of these, Aspergillus awamori (SA2) and Aspergillus terreus (SA3), identified through ITS gene sequencing, demonstrated the highest PGPF potential. Both strains synthesized hydroxamate-type siderophores, as confirmed by Chrome Azurol S (CAS) assay, HPLC, FTIR, and NMR analyses. In addition, they exhibited multiple plant growth-promoting (PGP) traits, including indole-3-acetic acid and ammonia production, as well as phosphate solubilizing activity. Treatment of Vigna unguiculata (L.) Walp. seeds with the filtrate of siderophore- producing isolates significantly enhanced germination rate, biomass accumulation, chlorophyll content, and levels of secondary metabolites (phenolics and flavonoids), while also displaying antagonistic activity against Fusarium oxysporum and Rhizoctonia solani under controlled conditions. These findings suggest that Aspergillus awamori and Aspergillus terreus have potential as plant growth-promoting and biocontrol agents; however, further validation under field conditions is required.",Needs manual review before database use
42402977,10.1002/jbt.71011,2026,Selenium Ameliorates Paraquat-Induced Oxidative Stress and Reproductive Damage Through Restoration of Antioxidant Defense in Male Albino Rats.,Journal of biochemical and molecular toxicology,Shahid MR; Mehmood MS; Hussain S; Afzal M; Sani SS; Adnan M; Asif M; Rafique A,Journal Article,"Paraquat (PQ), a widely used non-selective herbicide, poses serious environmental and health risks due to its strong oxidative potential. Although its toxic impacts on the liver, kidneys, and lungs are well documented, limited information exists regarding its reproductive toxicity in males. This study investigated the protective role of selenium (Se) against PQ-induced testicular oxidative stress and reproductive dysfunction in male albino rats. Forty-eight adult rats were randomly divided into four groups: control, Se (0.5 mg/kg), PQ (2 mg/kg), and PQ + Se (2 + 0.5 mg/kg), administered orally for 8 weeks. Biochemical assays revealed that PQ exposure significantly (p < 0.05) reduced the activities of antioxidant enzymes, including catalase (CAT), superoxide dismutase (SOD), glutathione peroxidase (GPx), and glutathione reductase (GSR), while increasing reactive oxygen species (ROS) and malondialdehyde (MDA) concentrations in testicular tissues. PQ exposure also led to a significant decline in sperm count, motility, and viability, along with a reduction in testicular weight. Co-administration of selenium markedly restored antioxidant enzyme levels and reduced oxidative damage, improving sperm quality and testicular integrity compared with the PQ group. Although partial stress effects persisted, selenium supplementation significantly alleviated PQ-induced reproductive impairments. These findings suggest that selenium exerts strong antioxidant protection by maintaining redox balance and preserving sperm function, highlighting its potential as a therapeutic agent against herbicide-induced male reproductive toxicity.",Needs manual review before database use
42384685,10.1073/pnas.2610149123,2026,Coordination of N,Proceedings of the National Academy of Sciences of the United States of America,Hu X; Liu X; Wang Y; Liu K; Gao H; Zhu G; Wang S; Fang X,Journal Article,"Cell differentiation and Turing-like patterning are tightly associated in a group of filamentous cyanobacteria that differentiate specialized N2-fixing cells, called heterocysts. Based on systematic genetic analyses, in particular genome-wide identification of recognized promoters and assays with a reconstituted Anabaena transcription system in Escherichia coli, we established HetZ as the central activator of the gene regulatory network of heterocyst differentiation. Biochemical and cryo-EM analyses further established HetZ as a σ factor (σHetZ). Unique domain insertions in σHetZ are involved in promoter DNA recognition-unwinding and interaction with the inhibitor PatU3. σHetZ-PatU3 and the master regulator-diffusible inhibitor constitute the minimal core regulatory circuit (CRC) for cell fate determination and patterning. σHetZ activates not only genes of the CRC but also downstream regulator/effector genes involved in morphological and functional development. The gene regulatory network and the structure-function relationship of σHetZ depict how cell differentiation and patterning are coordinated in this group of multicellular cyanobacteria.",Needs manual review before database use
42384294,10.1007/s42770-026-02003-w,2026,"Isolation, identification and biocontrol potential evaluation of bacterial strain HZ-61 against tomato gray mold.",Brazilian journal of microbiology : [publication of the Brazilian Society for Microbiology],Peng C; Ma Y; Qi X; Bao L; Zhu H,Journal Article,"To address the issues of resistance and environmental pollution caused by over-reliance on chemical pesticides in the control of Botrytis cinerea, this study aimed to isolate efficient biocontrol bacteria from unique habitats for the development of new resources for green control. Antagonistic strains were isolated from facility agriculture soil on the Qinghai-Tibet Plateau. Their taxonomic status was determined through morphological, physiological, biochemical, and comprehensive molecular identification based on 16 S rDNA and gyrB gene sequences. The antifungal activity and biocontrol potential were evaluated using plate confrontation assays, in vitro fruit protection tests, and microscopic observation. Moreover, culture conditions including carbon source, nitrogen source, temperature, salinity, and pH were systematically optimized. A highly effective biocontrol strain, HZ-61, was isolated and identified as Bacillus pumilus. This strain exhibited an inhibition rate of 75% against B. cinerea in plate assays and achieved a control efficacy of 94.12% in detached fruit tests. It also induced extensive hyphal fragmentation and deformation in the pathogen. Optimization of culture conditions revealed that the optimal carbon source was yeast extract, the optimal nitrogen sources were peptone or tryptone, the optimal growth temperature was 28 °C, the optimal salinity was 1% NaCl, and the optimal pH was 7.0. Strain HZ-61 demonstrated remarkable antifungal activity and biocontrol potential against B. cinerea, providing a preliminary theoretical basis and a key microbial resource for the development of efficient and environmentally friendly microbial agents.",Needs manual review before database use
42379782,10.21873/invivo.14355,2026,"Dynamics of the Interleukin-10 Family of Cytokines in Chronic Otitis Media Patients upon 1,8-Cineol Treatment.","In vivo (Athens, Greece)",Leichtle A; Fleckner J; Plötze-Martin K; Penxová Z; Bruchhage KL; Pries R,Journal Article,"BACKGROUND/AIM: The monoterpene 1,8-Cineol is a natural plant-based anti-inflammatory agent that is used to treat different respiratory diseases with regard to its mucolytic and anti-microbial properties. 1,8-Cineol has recently been shown to support the natural microbial colonization of the middle ear, the intestinal bacterial community, as well as the clinical inflammatory situation of patients with chronic otitis media (COM). The aim of this study was to understand better the influence of 1,8-Cineol treatment on the systemic balances of inflammatory mediators of the interleukin-10 (IL-10) family of cytokines. PATIENTS AND METHODS: Plasma concentrations of cytokines IL-10, IL-19, IL-20, Il-22, IL-24 and IL-26 were analyzed in patients with COM with regard to 1,8-Cineol (CNL-1976®) treatment using ELISA measurements. RESULTS: Data revealed significantly increased concentrations of cytokines IL-19 and IL-26 in plasma samples from patients with COM compared to healthy donors as well as a significant positive correlation between IL-10 and IL-19. Of note, patients with COM revealed significantly reduced plasma levels of IL-26 in response to 14 days of 1,8-Cineol administration. CONCLUSION: 1,8-Cineol treatment actively modulates the systemic inflammatory environment in patients with chronic otitis media. By resetting disrupted cytokine balances, this plant-based agent offers a promising, target-specific therapeutic strategy for managing persistent middle ear inflammation and potentially mitigating associated systemic comorbidities.",Needs manual review before database use
42372878,10.1016/j.mimet.2026.107608,2026,A low-cost microbial bioassay for comparative assessment of nitrogen fixation in pesticide-exposed cyanobacteria.,Journal of microbiological methods,Dutta J; Baruah PP,Journal Article; Comparative Study; Evaluation Study,"Nitrogen fixation by diazotrophic cyanobacteria plays a significant role in maintaining soil fertility in rice field ecosystems. The acetylene reduction assay (ARA) is widely used to estimate nitrogenase activity; however, it requires expensive instrumentation and specialized facilities. This study evaluates a microbial bioassay based on Kjeldahl nitrogen estimation as a low-cost alternative for assessing nitrogen fixation in Westiellopsis prolifica under pesticide stress. Nitrogen fixation rates were significantly reduced by elevated concentrations of malathion. A comparative evaluation using representative values from previously published ARA studies and the present nitrogen estimation data suggested a C₂H₂: N₂ relationship value of approximately 2.78. Although not derived from simultaneous paired measurements, this value falls within the broad variability reported for nitrogenase-associated estimates. The results suggest that this microbial bioassay may serve as a practical and accessible comparative method for assessing nitrogen fixation trends in cyanobacteria, particularly in resource-limited laboratories.",Needs manual review before database use
42366343,10.1186/s12866-026-05333-9,2026,Diversity of stem endophytes communities from wild asparagus resources and the biocontrol potential on Phomopsis asparagi.,BMC microbiology,Yin Y; Fan M; Zhang Q; Ye Y; Xie Q; Zhang B; Tang Y; Luo S,Journal Article,"BACKGROUND: Asparagus stem blight, caused by Phomopsis asparagi, is a devastating disease leading to significant yield losses in asparagus cultivation. Current control methods, such as greenhouse cultivation or extensive pesticide use, are either costly or environmentally unsustainable. Endophytes, residing within healthy plant tissues, offer a promising biocontrol alternative due to their antagonistic activities against pathogens. METHODOLOGY: This study investigated the diversity and biocontrol potential of endophytic fungi and bacteria in the stems of one cultivated variety (ATL) and three wild asparagus resources (NFY, YAY, YDL). We employed high-throughput sequencing to analyze endophytic community composition and diversity. We conducted predictive functional profiling to assess potential metabolic capabilities. Additionally, endophytic strains were isolated from stem tissues and screened for antagonistic activity against P. asparagi using dual-culture assays. RESULTS: High-throughput sequencing revealed distinct endophytic communities between cultivated (ATL) and wild (NFY, YAY, YDL) asparagus. Wild varieties exhibited significantly higher microbial diversity and more unique Operational Taxonomic Units (OTUs). Principal Coordinate Analysis (PCoA) confirmed separate clustering, with wild samples grouping apart from ATL. Community composition differed markedly: in fungi, Russula was abundant in NFY, while Incertae_sedis dominated others; in bacteria, Pseudomonadota prevailed in wild types versus Armatimonadota in ATL. Functional prediction showed wild endophytes enriched in genes for direct antagonism (e.g., chitinase), stress resistance, and competition (e.g., ABC transporters, quorum sensing). Cultivated endophytes were geared toward core metabolism. From wild stems, 14 endophytic strains were isolated. Four bacterial isolates strongly inhibited Phomopsis asparagi (> 90% inhibition), with one (YDJ119602) achieving 100% inhibition via fermentation broth. CONCLUSIONS: In conclusion, wild asparagus exhibits rich endophytic diversity and represents a promising source of biocontrol agents against stem blight, offering a sustainable disease management strategy.",Needs manual review before database use
42365554,10.1007/s10532-026-10328-4,2026,Enhancing chlorpyrifos degradation and plant growth through biochar-assisted microbial remediation.,Biodegradation,Kiran M; Sindhu R; Supreeth M,Journal Article,"The extensive use of chlorpyrifos (CPF) in agriculture has led to persistent soil contamination, posing serious risks to environmental and human health. Developing sustainable, in situ remediation strategies is therefore a priority. This study evaluated an integrated plant-microbe-biochar system for the remediation of CPF-contaminated soils. Indigenous CPF-degrading bacteria were isolated from agricultural soils and screened for degradation efficiency in mineral salts medium (MSM) and soil microcosms. The most efficient isolate, designated C78, was identified by 16S rRNA gene sequencing as Klebsiella pneumoniae. In MSM supplemented with 200 mg/L CPF, K. pneumoniae C78 degraded > 80% of the pesticide within 72 h. The strain also exhibited multiple plant growth-promoting traits, including indole-3-acetic acid production, phosphate solubilization, and ammonia production, and retained these functions in the presence of CPF. Soil microcosm and pot experiments were conducted using Ricinus communis L. grown in soils spiked with CPF (100 and 200 mg/kg), with and without biochar amendment and bacterial inoculation. Inoculation with K. pneumoniae C78 significantly accelerated CPF dissipation compared with non-inoculated controls, and the combined treatment with biochar further enhanced degradation, leading to near-complete CPF removal within 21 days. GC-MS/MS analysis showed no accumulation of common toxic intermediates such as 3,5,6-trichloro-2-pyridinol (TCP) or DETP/TMP. Biochar amendment improved soil conditions and supported higher microbial activity, while plant-microbe interactions in the rhizosphere promoted seed germination, seedling vigor, biomass production, chlorophyll content, and protein levels under CPF stress. Overall, the results demonstrate that integrating CPF-degrading K. pneumoniae C78 with R. communis L. and biochar amendment constitutes a promising, eco-compatible strategy for enhancing CPF degradation and restoring the productivity of contaminated agricultural soils.",Needs manual review before database use
42355284,10.3390/insects17060550,2026,Black Soldier Fly Can Safely Co-Convert Antibiotic Fermentation Residue and Potato Peel Waste into a Valuable Feed Resource.,Insects,Zhang X; Zhao L; Yu G; Henawy AR; Zheng L; Huang F; Cai M; Yu Z,Journal Article,"Among diverse industrial wastes, antibiotic fermentation residues containing high concentrations of nosiheptide pose significant environmental and health risks. This study demonstrates that black soldier fly larvae (BSFL) can effectively degrade the nosiheptide residues within this fermentation matrix when blended with potato peel waste. Optimal degradation efficiency was achieved at a dry weight ratio of 3:5 (antibiotic fermentation residue to potato peel waste), yielding a 40.02% material reduction, an 8.63% bioconversion rate, and a 55.74% nosiheptide degradation rate. Further optimization of the larva-to-feed ratio enhanced nosiheptide degradation to 58.21%. Following 48 h of gut emptying period, no detectable nosiheptide remained within the tissues of the treated BSFL. The harvested larvae demonstrated high nutritional value, with crude protein and crude fat contents reaching up to 35.64% and 32.65%, respectively. The larvae also contained a comprehensive profile of essential amino acids, with the glutamic acid content exceeding 3%, which enhances feed palatability. Highly concentrated antibiotic treatments significantly increased the relative abundance of Bacteroidetes within the BSFL gut microbiota, with Dysgonomonas emerging as the dominant genus. This study highlights a novel strategy for degrading residual nosiheptide and converting waste into a valuable protein source, offering an eco-friendly solution for industrial waste management.",Needs manual review before database use
42353171,10.3390/ijms27125455,2026,Benzovindiflupyr Is Associated with Metabolic Homeostasis Disturbance and Gut-Liver Axis Alterations in Zebrafish: Insights from a Multi-Omics Approach.,International journal of molecular sciences,Miao J; Han S; Dang X; Chen Q; Diao J; Zhu W,Journal Article,"Benzovindiflupyr (BZF) is a newly developed succinate dehydrogenase inhibitor (SDHI) fungicide that is widely used in crop protection, but its potential effects on non-target aquatic organisms remain a concern. In this study, we exposed adult zebrafish (Danio rerio) to 5.0 and 50 μg/L BZF for 28 days. We investigated its impact on the gut-liver axis using a combination of microbiome, biochemical, histological, and metabolomic analyses. BZF exposure damaged intestinal structure, downregulated barrier-related genes, and altered the composition of the gut microbiota. At the same time, serum lipopolysaccharide (LPS) levels increased, which indicates impaired intestinal barrier integrity and microbial dysbiosis. In the liver, BZF caused histopathological alterations, increased serum ALT, AST, and ALP activities, enhanced oxidative stress, and upregulated inflammation-related genes. Liver metabolomic profiling further showed marked disturbances in redox balance and metabolic homeostasis. Correlation analysis also revealed significant associations between altered microbial taxa and differential liver metabolites. Taken together, these results suggest that BZF exposure disrupted intestinal homeostasis and was associated with hepatic metabolic disturbance in zebrafish, potentially through gut-liver axis perturbation. This study expands current understanding of the toxic effects of SDHI fungicides and provides useful evidence for the ecological risk assessment of BZF in aquatic environments.",Needs manual review before database use
42347239,10.3390/pathogens15060627,2026,Assessment of Two Commercial Serological Assays for the Diagnosis and Post-Treatment Follow-Up of Strongyloidiasis in a Cohort of Patients with Chagas Disease.,"Pathogens (Basel, Switzerland)",Gil-Gallardo L; Simon Páez M; Martínez JN; Flores-Chavez MD; Iborra-Bendicho MA; Segovia-Hernández M,Journal Article,"Strongyloidiasis is a neglected tropical disease that frequently coexists with Chagas disease (CD) among individuals from Latin America. Serology is increasingly used for the diagnosis and post-treatment follow-up of strongyloidiasis; however, comparative data on commercially available assays remain limited. We conducted a cross-sectional evaluation in a cohort of fifty-five patients with previously treated CD attending a Tropical Medicine Unit in Spain. All patients underwent serological screening for Strongyloides stercoralis using two commercial ELISA assays: the Strongyloides IgG ELISA kit (DRG Instruments GmbH) (DRG) and Anti-Strongyloides ELISA IgG (Euroimmun Medizinische Labordiagnostika AG) (Euroimmun). A composite reference standard defined infection as seropositivity in combination with eosinophil count (>0.5 × 103 eosinophils per µL) or seropositivity in both assays. Infected individuals received ivermectin and were reassessed one-year post-treatment. Thirty-seven patients (67.3%) met the criteria for strongyloidiasis. Concordance between the assays was substantial (κ = 0.80). According to the composite study definition, both assays identified most patients as infected. At one-year follow-up, significant reductions were observed in DRG and Euroimmun indexes, as well as in eosinophil count (all p < 0.001). Treatment response rates were 83.3% with DRG and 73.3% with Euroimmun. Both ELISA assays showed comparable performance in identifying patients at risk of strongyloidiasis and in monitoring serological response after ivermectin treatment, supporting their usefulness in the management of patients with CD and suspected strongyloidiasis. Routine serological screening should be considered in this high-risk population.",Needs manual review before database use
42336565,10.1016/j.jes.2025.12.014,2026,Microbial arsenate reduction contributes to the enhanced uptake of arsenic by Pteris vittata.,Journal of environmental sciences (China),Li Y; Wang X; Xie M; Li D; He W; Wang X; Cao Y; Tian H,Journal Article,"Pteris vittata, a typical arsenic hyperaccumulator widely used in remediation, has an incompletely understood relationship with microbial arsenic reduction in terms of its arsenic enrichment efficiency. The wild-type and mutant strains without the arsenic-reducing gene were employed to investigate the growth and arsenic enrichment of P. vittata in Yunnan (YN) and Guangxi (GX) soils by a pot experiment. After 60 days of cultivation, compared with the control group, the total biomass of plants treated with wild-type strains and mutant strains increased by 113.81 % and 59.50 % in YN soil, and by 141.86 % and 118.96 % in GX soil, respectively. The arsenic concentration in leaves treated with wild-type strains was 1.29 times (YN) and 1.17 times (GX) higher than that treated with mutant strains. The calculated arsenic enrichment coefficient was 8.07 and 5.18, respectively, under wild-type strain and mutant strain addition. The contribution rate of the arsenic-reducing capacity of bacteria to the promoting effect of wild-type strain on arsenic removal by P. vittata can reach 15.56 %. Arsenic reduction promoted P. vittata's arsenic uptake and contributed to improving its arsenic enrichment efficiency. Above all, microbial arsenic reduction can not only increase the biomass of P. vittata and affect the activity of its antioxidant enzymes but also significantly enhance the arsenic enrichment efficiency of P. vittata. This finding highlights microbial arsenic reduction's important role in enhancing P. vittata's arsenic uptake efficiency and provides a new theoretical foundation for arsenic-contaminated soil microbial remediation.",Needs manual review before database use
42334685,10.1007/s11274-026-05047-0,2026,"Sustainable management of whitefly (Bemisia tabaci) in vegetables using entomopathogenic fungi, Isaria farinosa: Characterization, efficacy, insecticide compatibility with molecular docking insights.",World journal of microbiology & biotechnology,Manjunath M; Kodandaram MH; Divekar PA; Gouri V; Karkute SG; Venkataravanappa V; Rai AB,Journal Article,"Whiteflies are major sap-sucking pests causing significant economic losses worldwide. Excessive reliance on chemical insecticides has resulted in resistance development and adverse effects on non-target organisms as well as on environment. Entomopathogenic fungi (EPF) represent promising ecofriendly alternatives for sustainable pest management. In the present study, an EPF associated with natural epizootics of whitefly (Bemisia tabaci) infesting eggplant was characterized and evaluated under in-vitro conditions for its biocontrol potential. Morphological and molecular studies revealed that, the fungus isolated from infected whitefly is Isaria farinosa. Further, in vitro bioassays confirmed significant insecticidal activity, with 62.28-82.06% adult whitefly mortality after 96 h after treatment at different conidial concentrations. EPF, I. farinosa was found compatible with several insecticides, including cyantraniliprole, sulfoxaflor, flupyridifurone, flonicamid, spiromesifen, difenthiuron, imidacloprid, thiamethoxam, and acetamiprid, used for control of B. tabaci. To explore the molecular basis of pathogenicity, a subtilisin-like protease (Pr1A) associated with cuticle degradation was identified through in silico analysis. The Pr1A sequence was analyzed and its 3D structure was predicted. Protein-protein docking analysis revealed strong interaction between Pr1A and the ecdysone receptor (EcR) of B. tabaci (ΔG = - 11.2 kcal/mol), suggesting possible interference with insect hormonal regulation. Additionally, molecular docking of the fungal metabolite Beauvericin with EcR showed higher binding affinity (- 14.88 kcal/mol) than standard insecticides, indicating its potential role in insecticidal activity. Overall, the findings demonstrate that I. farinosa is an effective biocontrol agent with strong bio-efficacy, compatible with chemical insecticides, and has potential for integration into IPM programs for sustainable management of whiteflies in vegetable crops.",Needs manual review before database use
42330905,10.1016/j.jhazmat.2026.142774,2026,Vallisneria natans drives pesticide removal from agricultural waters: The role of bioaccumulation and epiphytic bacteria.,Journal of hazardous materials,Guo H; Zhang S; Zhang J; Cui J; Li Y; Zhang S; Yu H,Journal Article,"Pesticide mixtures are prevalent in aquatic systems within agricultural regions, but their transport and removal mechanisms in the presence of submerged macrophytes remain unclear. This study investigated changes in water quality, plant physiology, epiphytic microbial communities, and pesticide distribution in wetland substrates during 56 days of repeated exposure to a mixture of 12 pesticides at environmental (0.5 and 1 μg/L) and high (5 and 10 μg/L) concentrations. The average removal rates of total pesticides ranged from 58.61% to 75.52% and decreased with increasing pesticide addition and exposure time. Bioconcentration factors in plants were significantly higher than sediment-water partition coefficients for all pesticides. Notably, triazole pesticides (paclobutrazol, tebuconazole and hexaconazole) tended to accumulate in the system compared to neonicotinoid insecticides (dinotefuran, imidacloprid, and thiamethoxam). Pesticide addition reduced nutrient removal efficiency and induced oxidative damage in V. natans leaves. A total of 3, 14, and 17 biomarkers were identified in Con, PG1, and PG10, respectively, suggesting that PG1 and PG10 disturbed the epiphytic bacterial community. Co-occurrence network analysis revealed potential associations between pesticide residues and epiphytic bacterial taxa in PG10. PICRUSt2-based functional prediction indicated that compared to control, the predicted potential for xenobiotics biodegradation and metabolism was higher in PG1, whereas predicted genes related to starch and hemicellulose decomposition increased and denitrification-related predicted genes decreased in PG10. These data highlight that V. natans can accumulate pesticides and survive repeated pesticide exposure during the 56-day experiment, although high concentration pesticides had adverse effects on V. natans-epiphytic bacterial community.",Needs manual review before database use
42329805,10.7554/eLife.109081,2026,Dopamine and its receptor,eLife,Nian X; Li J; Huang J; Yuan W; Holford P; Beattie GAC; He J; Cen Y,Journal Article,"'Candidatus Liberibacter asiaticus' (CLas), the causal agent of citrus huanglongbing, is transmitted by the Asian citrus psyllid Diaphorina citri. While CLas-positive (CLas+) females exhibit increased fecundity and metabolic demands, their neuroendocrine regulation mechanisms remain unclear. We propose CLas manipulates dopamine (DA) signaling to enhance psyllid fecundity and CLas proliferation. Metabolomics revealed elevated DA in CLas+ females. Silencing DA synthesis genes and receptor DcDop2 via RNAi reduced lipid reserves, fecundity, and ovarian CLas titers. Through combined in vivo and in vitro experiments, we demonstrated that the microRNA miR-31a suppresses DcDop2 expression by binding to its 3' untranslated region. Overexpression of miR-31a resulted in decreased DcDop2 expression and CLas titers in the ovaries, eliciting phenotypic defects akin to DcDop2 knockdown. Furthermore, DcDop2 knockdown and miR-31a overexpression reduced juvenile hormone (JH) levels and adipokinetic hormone (AKH) signaling in fat bodies and ovaries. Consequently, CLas regulates the DA-DcDop2 signaling axis to improve D. citri lipid metabolism and fecundity, while simultaneously promoting its replication. These findings reveal a coevolution between CLas proliferation and ovarian development in the insect host. This discovery enhances our understanding of the molecular interplay between plant pathogens and vector insects and offers novel targets and strategies for HLB field management.",Needs manual review before database use
42324884,10.1002/jobm.70178,2026,Synergistic Biodegradation of Monocrotophos and Plant Growth Stimulation by Soil Bacterial Strains.,Journal of basic microbiology,Harshitha CP; Kumar HKN; Mohana NC; Satish S,Journal Article,"Monocrotophos (MCP) is a widely used insecticide in agriculture, but its high toxicity poses significant environmental and health risks. The biodegradation of monocrotophos by indigenous microbes is crucial in reducing its toxicity. The present study was aimed at assessing plant growth- stimulating factors and the biodegradable ability of monocrotophos of two indigenous soil bacterial strains, CAB1 and SD8, isolated from monocrotophos-contaminated agricultural soils in Mysuru and Mandya, Karnataka, India. Biodegradation was evaluated using spectroscopy and chromatography, with substrate degradation confirmed by the disappearance of the main peak in HPLC profiles and intermediate metabolites identified through FTIR and LC-MS analyses. Molecular characterization identified CAB1 as Stenotrophomonas pavanii (OQ861163) and SD8 as Brevibacillus parabrevis (OQ881083). Results showed that the two bacterial strains utilized MCP as their sole carbon source and exhibited biodegradation rates of 88% and 90%, respectively, under optimal conditions. Results further showed that S. pavanii CAB1 and B. parabrevis SD8 produced ammonia, IAA, catalase, and cellulase, and demonstrated phosphorus and zinc solubilization. The degradation ability of CAB1 and SD8 is attributed to the presence of the opd gene and the opdA gene. Trimethyl phosphate, dimethyl phosphate, cyclohexanone, 2- cyclohexylidene, oxalic acid, and isohexyl pentyl esters were the non-toxic intermediates produced during the biodegradation of MCP. The strains S. pavanii CAB1 and B. parabrevis SD8 can be employed, alongside a microbial consortium formulation, for the detoxification of hazardous pollutants in contaminated soils and promotion of plant growth.",Needs manual review before database use
42323825,10.1021/acs.jafc.6c02476,2026,Antagonistic Mechanisms of Iturin A-4 Derived from,Journal of agricultural and food chemistry,Feng R; Wei M; Zhang X; Li Y; Pu X; Tang S; Xu Z; Huang J,Journal Article,"Sugarcane smut, caused by Sporisorium scitamineum, is a globally destructive disease that severely threatens sugarcane production. In this study, we isolated an endophytic bacterium, Bacillus velezensis ZC2-4, which exhibits inhibitory activity against the mycelial and haploid growth of S. scitamineum. Whole-genome sequencing and bioinformatics analysis predicted 13 secondary metabolite biosynthetic gene clusters, and the antifungal compound was subsequently identified as Iturin A-4 through high-performance liquid chromatography and nuclear magnetic resonance spectroscopy. Transcriptomic analysis and physiological assays revealed antagonistic mechanisms of Iturin A-4 against haploid growth including induction of oxidative stress and interference with cell-cycle progression. Scanning and transmission electron microscopy observations further demonstrated that Iturin A-4 inhibits teliospore germination. Remarkably, Iturin A-4 exhibits broad-spectrum antifungal activity against various fungal pathogens. Collectively, this study identifies B. velezensis ZC2-4 as a promising biocontrol agent and elucidates the antifungal mechanisms of Iturin A-4, providing a foundation for sustainable management of sugarcane smut.",Needs manual review before database use
42320558,10.1016/j.neuro.2026.103497,2026,The role of mTORC2 in the in vitro neurotoxicity of Parkinsonian mimetics 6-OHDA and MPP,Neurotoxicology,Jeremic M; Jovanovic-Tucovic M; Martinovic T; Kravic-Stevovic T; Stevanovic D; Blagojevic S; Markovic I; Trajkovic V,Journal Article,"The mechanistic target of rapamycin complex 2 (mTORC2), a key regulator of cellular metabolism, growth, and survival, remains poorly characterized in the context of dopaminergic neurotoxicity. In this study, we investigated the role of mTORC2 signaling in the survival of SH-SY5Y neuroblastoma cells exposed to the Parkinsonian neurotoxins 1-methyl-4-phenylpyridinium (MPP⁺) and 6-hydroxydopamine (6-OHDA), and examined its interplay with oxidative stress and major stress-responsive signaling pathways. Both neurotoxins induced oxidative stress and mitochondrial damage, accompanied by PINK1 accumulation and culminating in caspase-3 activation, PARP1 cleavage, and apoptotic cell death. These effects were associated with reactive oxygen species (ROS)-dependent phosphorylation of the mTORC2 components Rictor and SIN1, as well as the downstream mTORC2 target Akt (Ser473), indicating activation of mTORC2 signaling in response to neurotoxic insult. RNA interference-mediated depletion of the mTORC2 subunits Rictor, SIN1, or mLST8 reduced Akt phosphorylation and potentiated 6-OHDA-induced cytotoxicity by exacerbating oxidative stress, mitochondrial damage, PINK1 accumulation, and the apoptotic cleavage of caspase-3 and PARP1. In contrast, only Rictor depletion, but not SIN1 or mLST8 knockdown, increased the susceptibility of SH-SY5Y cells to MPP⁺-induced toxicity. Genetic inactivation of mTORC2 reduced basal phosphorylation of the cellular energy sensor AMP-activated protein kinase (AMPK), but did not alter neurotoxin-induced phosphorylation of AMPK or the mitogen-activated protein kinases ERK and JNK. Together, these findings demonstrate a protective role of mTORC2 components against 6-OHDA-induced, and to a lesser extent, MPP+-induced, mitochondrial damage and apoptotic cell death.",Needs manual review before database use
42319576,10.1007/s11033-026-12183-1,2026,Neuroprotective effects of gallic acid in an MPP⁺-induced SH-sy5y cell model of parkinson's disease.,Molecular biology reports,Ulusal H; Dumrul HKY; Dagli S; Oztatlici M; Tarakcioglu M,Journal Article,"BACKGROUND: Parkinson's Disease (PD) represents the second most prevalent neurodegenerative condition which leads to the progressive destruction of dopaminergic neurons in the substantia nigra through oxidative stress mechanisms. The research evaluated Gallic Acid (GA) as a natural polyphenol with proven antioxidant properties for its ability to protect cells from 1-methyl-4-phenylpyridinium (MPP⁺)-induced neurotoxicity in SH-SY5Y dopaminergic cell models. METHODS: The research used SH-SY5Y cells which received 1 mM MPP⁺ treatment alongside different GA concentrations (25, 50 and 100 µM) for 24 and 48 h. The CCK-8 assay measured cell viability while flow cytometry evaluated apoptosis and SOD and MDA levels determined oxidative status through SOD and Catalase and NO measurements. RESULTS: The addition of MPP⁺ resulted in a 32.74% decrease in cell viability at 48 h while simultaneously decreasing SOD and Catalase and NO levels and increasing MDA levels. The addition of 25 µM GA protected cells from damage by increasing their viability to 86.53% at 48 h and decreasing apoptotic cell numbers. Our results revealed that co-treatment with 25-50 µM GA effectively mitigated oxidative damage by preventing the depletion of catalase and NO levels. Furthermore, GA successfully reduced lipid peroxidation; specifically, 25 µM GA decreased MDA levels from 21.18 to 9.64 nM/mg protein at 48 h, thereby restoring the cellular antioxidant defense system against MPP+-induced oxidative stress. CONCLUSIONS: In conclusion, the present study demonstrates that GA exerts a significant neuroprotective effect in an in vitro PD model by modulating the endogenous antioxidant network and alleviating lipid peroxidation. By effectively reversing the depletion of crucial enzymes and reducing apoptosis, GA shows potential therapeutic efficacy against oxidative stress-associated neurodegeneration. These findings suggest that GA is a promising phytochemical candidate warranting further in vivo evaluation to clarify its long-term bioavailability and translational value.",Needs manual review before database use
42311211,10.1002/ddr.70334,2026,"Identification of Quinoline Tethered Thiadiazole/Thiazole Derivatives as Potent Tyrosinase Inhibitors With Promising Anti-Toxoplasma gondii Agents: Design, Synthesis, and Computational Analysis.",Drug development research,Sabt A; Chyb M; Srour AM; Bekier A; Farag H; Shaldam MA; Ibrahim HAA; Saleh A,Journal Article,"Toxoplasmosis, caused by the protozoan parasite Toxoplasma gondii, remains a serious global health concern, largely because current treatments with sulfonamides and pyrimethamine are toxic and increasingly ineffective due to rising drug resistance. In response, this study describes the design, synthesis, and laboratory evaluation of novel hybrid molecules that merge a quinoline backbone with either thiadiazole (compounds 8a-e) or thiazole (compounds 12a-d) bioactive groups to develop safer and more effective therapies. Cytotoxicity tests on mouse (L929) and human (Hs27) fibroblast cell lines revealed distinct safety profiles: the thiadiazole hybrids (8a-e) were significantly toxic to host cells, whereas the thiazole-based versions (12a-d) were much safer, with several showing no toxicity even at 250 µg/mL. When tested against T. gondii, the quinoline-thiazole hybrids proved the most effective. Notably, 12b and 12c achieved IC50 values of 0.40 and 0.52 µg/mL, respectively, better than the reference drug pyrimethamine (IC50 = 0.74 µg/mL). Compound 12c emerged as the top candidate, with an excellent selectivity index (SI) of 71.0 in human Hs27 cells. Further mechanistic work showed that 12c strongly inhibits tyrosinase, a potential parasitic target. Kinetic studies revealed a mixed-type inhibition mechanism, with an IC50 of approximately 5 µM, 10 times more potent than kojic acid (48 µM), a standard inhibitor. Molecular docking and dynamics simulations confirmed stable binding between 12c and tyrosinase. Together, these findings underscore the therapeutic promise of the quinoline-thiazole scaffold, particularly compound 12c, as a lead for developing targeted, low-toxicity anti-toxoplasmosis drugs. The results are expected to expand the existing toolkit of small molecules targeting the parasite and reinforce the importance of molecular hybridization in drug development. Additional research is needed to clarify how these compounds work and to assess their effectiveness in living organisms in order to fully unlock their potential as anti-parasitic drugs.",Needs manual review before database use
42309393,10.1016/j.mimet.2026.107598,2026,Detection of pesticide-degrading genes in coffee-farm biobeds from Costa Rica.,Journal of microbiological methods,Álvarez-Corvo D; Cambronero-Heinrichs JC; Rodríguez-Saravia S; Pedroza-Rodríguez P; Castro-Gutiérrez V; Rodríguez-Rodríguez CE,Journal Article,"Biopurification systems on Costa Rican coffee farms effectively degrade pesticides, despite low abundance of organophosphate hydrolase genes (mpd, opd) and no detection of carbamate hydrolase genes (cehA, mcd). These results suggest that removal of these pesticides is supported by other bacterial and fungal pathways, highlighting the potential of broader molecular investigations.",Needs manual review before database use
42308425,10.1021/acs.jafc.6c03165,2026,Indolylurea,Journal of agricultural and food chemistry,Cai X; Yang M; Ma G; Wu D; Pu X; Liu J; Xie X; Wang Z,Journal Article,"The turnip mosaic virus (TuMV) is an RNA virus that poses a significant threat to crops. The coat protein (CP) plays a crucial role in the viral life cycle, including mediating host infection and cell-to-cell movement, which makes it an ideal target for antiviral drug development. In this study, a series of structurally diverse synthetic indolylureas were screened against TuMV CP using high-throughput methods such as isothermal titration calorimetry (ITC) and microscale thermophoresis (MST). This led to the identification of compound SST21, which exhibits a high affinity for TuMV CP. Further experiments revealed that SST21 also binds to other homologous coat proteins from the Potyvirus genus, suggesting its potential as a broad-spectrum antiviral agent. Through molecular docking and point-mutation validation, the H183A residue in TuMV CP was identified as a key site for SST21 binding. In vivo experiments demonstrated that SST21 exhibits superior antiviral activity compared with ningnanmycin. Transmission electron microscopy observations indicated that SST21 disrupts the viral particle integrity. Additionally, omics analysis and defense enzyme activity assays showed that this compound was also found to modulate the plant immune responses. Together, these findings provide new insights into and experimental evidence for the development of novel plant antiviral strategies.",Needs manual review before database use
42307628,10.1021/acs.jnatprod.6c00195,2026,Structural Characterization of the l-Homo-Tyrosine β-Hydroxylase EcdG Involved in Echinocandin Biosynthesis Guides the Engineering of Its Homologous Protein GloM.,Journal of natural products,Liu W; Yang G; Tian Z; Fang P; Tang Z; Liu W,Journal Article,"β-Hydroxy-amino acids are key structural motifs of many bioactive natural products, but enzymatic β-hydroxylation of an aromatic amino acid appears to be uncommon. In known cases, this reaction typically occurs on a residue residing in a peptide scaffold or tethered on a carrier protein via a thioester linkage. EcdG, an α-ketoglutarate/Fe(II)-dependent dioxygenase involved in the biosynthesis of echinocandins, is an exception, catalyzing the stereoselective β-hydroxylation of a free l-homotyrosine amino acid. Here, we report a comprehensive structural and mechanistic study of EcdG and use knowledge gained from this study for functional modulation of the homologous protein GloM. High-resolution crystal structures of EcdG in complex with α-ketoglutarate and l-homotyrosine were determined. With the association of site-directed mutagenesis, the molecular basis for substrate recognition and the regio- and stereoselectivity of EcdG was revealed and then used to guide the engineering of GloM. The substrate specificity and oxidation capability of this homologous protein were altered, enabling selective transformation of the unnatural substrate l-homophenylalanine to either a β-hydroxyl product or a γ-keto product. This work provides mechanistic insights into a type of uncommon β-hydroxylase and expands the enzymatic toolbox for selective oxidative functionalization of a free aromatic amino acid.",Needs manual review before database use
42304611,10.1002/ps.71017,2026,Molecular mechanism of butylidenephthalide against Sclerotium rolfsii with affecting energy metabolism.,Pest management science,Mao X; Zhao X; Chen L; Zhang R; Ren S; Cao T; Wang Q; Liu H,Journal Article,"BACKGROUND: Given the resistance of plant pathogenic fungi to traditional chemical fungicides and the associated risks to human and environmental safety, there is an urgent need for safe and effective alternative fungicides. Butylidenephthalide, an active compound from Ligusticum chuanxiong essential oil, exhibits potent antifungal activity against Sclerotium rolfsii, a destructive plant pathogen that causes stem rot in peanuts. However, the molecular mechanism of butylidenephthalide against S. rolfsii remains unclear. RESULTS: Treatment with 20 mg L-1 butylidenephthalide caused cytoplasmic dissolution and intracellular leakage in S. rolfsii mycelia, indicating disruption of cellular structure. Enzyme activity assays revealed a significant reduction in malate dehydrogenase (MDH) activity, with a 91.03% decrease at 100 mg L-1. Additionally, butylidenephthalide induced an increase in hydrogen peroxide (H₂O₂) levels, indicating the induction of oxidative stress in S. rolfsii. Transcriptomic results indicated that a total of 1477 differentially expressed genes (DEGs) were detected in the mycelia of S. rolfsii treated with butylidenephthalide for 12 h, including 521 up- and 956 downregulated genes. Transcriptomic and metabolomic analyses revealed that butylidenephthalide treatment resulted in the enrichment of DEGs primarily in pathways related to energy metabolism, cell membrane metabolism, the antioxidant system, ATP-binding cassette (ABC) transporters and mitogen-activated protein kinases (MAPK) signaling. Additionally, butylidenephthalide interfered with the tricarboxylic acid (TCA) cycle and oxidative phosphorylation pathways, which are associated with mitochondrial function. CONCLUSION: Our results demonstrated the molecular mechanism of natural phthalide compound butylidenephthalide and application potential as an alternative agent to control S. rolfsii. © 2026 Society of Chemical Industry.",Needs manual review before database use
42303666,10.1038/s41598-026-55623-5,2026,Optimized atrazine biodegradation in Egyptian soils via native bacterial isolates and molecular insights using different statistical methods.,Scientific reports,Shamseldin A; Ibrahim ES; Sabery SA; Gozalan H,Journal Article,"Forty four bacterial candidates isolated from Egyptian atrazine polluted soil sites, were examined to select atrazine bio-degraders. Among them thirty four were proved their ability to use it as nitrogen source. Strains HA19 and A7 gave the highest efficient rate to biodegrade atrazine with efficiency of 81% and 81.3%. They were identified and belonging taxonomically to Klebsiella sp. and Ochrobactrum sp. according to sequencing of 16S rRNA and phylogenetic analysis. Both of them confirmed their possession of atrazine degrading genes like atzA, atzC and atzD while atzB was appeared as faint band with strain A7 only. HPLC analysis indicated that the two strains degraded atrazine via the pathway of producing deethylatrazine as an important intermediate. Thus interesting data revealed the possibility of acquisition of these strains for two couples of atrazine degrading mechanisms located on chromosomal and plasmid sites. Applying the advanced statistical method of response surface methodology (RSM) based on central composite design (CCD) model has contributed to increase the biodegradation process with both strains by a rate of (94.2%) and (96.7%) on respectively. For our knowledge this article is one of condensed work and applicable way that will introduce bio safety solution for bioremediating atrazine and reducing its toxicity in agricultural polluted fields, as there is little reports from Egypt published before concerning atrazine bioremediation.",Needs manual review before database use
42301304,10.1021/acs.jafc.5c17317,2026,Decoding Volatile Organic Compounds' Signatures of 14,Journal of agricultural and food chemistry,Panda NK; Purohit S; Mahanty A; Salaskar D; Mondal S; Pandit E; Bag MK; Mukherjee AK,Journal Article,"Volatile organic compounds (VOCs) produced by Trichoderma spp. play a pivotal role in the biocontrol of phytopathogens. In this study, VOC profiles were characterized from 14 isolates representing eight Trichoderma species, and their antifungal activity was evaluated against Sclerotium oryzae and Rhizoctonia solani. The isolates CRRI-T5 (T. atroviride) and NRRI-T27 (T. reesei) were found to be the most potent isolates. VOCs of potent isolates were enriched in short-chain esters, alcohols, ketones, lactones, and monoterpenes. Orthogonal partial least-squares (OPLS) analysis showed that compounds 2-heptanone, 6-pentyl-α-pyrone (6-PP), p-dichlorobenzene, δ-dodecalactone, and 1-octanol were linked to inhibition of both pathogens. 6-PP showed the strongest antifungal effect against both S. oryzae and R. solani, with 3-methyl-1-butanol showing activity against S. oryzae. Molecular docking studies showed that these compounds could inhibit the activities of the enzymes trehalase, pectate lyase, and cytochrome P450 (CYP51). This integrated approach helped to identify antifungal VOCs of Trichoderma strains.",Needs manual review before database use
42300228,10.1021/acs.jafc.6c02002,2026,Catalytic Promiscuity Underpins Metabolic Resistance to Auxinic Herbicides in,Journal of agricultural and food chemistry,Chayapakdee P; Hengphasatporn K; Yamaguchi T; Su D; Dimaano NG; Shigeta Y; Sunohara Y; Matsumoto H,Journal Article,"Auxinic herbicides remain essential for weed control, yet metabolic resistance to these herbicides is poorly understood. Here we show that catalytically promiscuous CYP81A P450s from Echinochloa phyllopogon detoxify auxinic herbicides. Arabidopsis thaliana expressing CYP81A12 or CYP81A21 showed decreased sensitivity to quinclorac. In an Escherichia coli whole-cell assay, these enzymes produced a putative hydroxylated quinclorac metabolite. Docking and 300 ns molecular dynamics simulations indicated that active CYP81As maintain quinclorac in a productive pose close to the heme, with pocket geometry and water exclusion enabling precise substrate-heme alignment, whereas the inactive CYP81A18 retains quinclorac farther from the catalytic center. Consistent with resistant E. phyllopogon, transgenic Arabidopsis expressing CYP81A12 or CYP81A21 produced less ethylene after quinclorac treatment, linking detoxification to suppressed auxinic phytotoxic responses. CYP81As also conferred resistance to florpyrauxifen-benzyl and 2,4-D, highlighting cross-resistance across auxinic chemistries. These findings reveal a structural basis for CYP81A-mediated catalytic promiscuity underlying metabolic resistance to auxinic herbicides.",Needs manual review before database use
42297623,10.1021/acs.jafc.6c03669,2026,Shikonin Targets Dihydroorotase to Inhibit the Growth and Virulence of Phytopathogenic Fungi.,Journal of agricultural and food chemistry,Wu Z; Li J; Zhu T; Li X; Liu J; Wang D,Journal Article,"Fungal diseases seriously threaten global crop production, highlighting the need for fungicides with novel modes of action. Here, we show that shikonin exerts antifungal activity by targeting dihydroorotase (DHOase). Shikonin significantly inhibited mycelial growth, spore germination, and appressorium formation in representative phytopathogenic fungi in vitro. Biophysical analyses showed that shikonin directly binds to the DHOase of Magnaporthe oryzae (MoPyr4), with dissociation constants of 3.084, 1.22, and 1.26 μM determined by MST, SPR, and ITC, respectively. Molecular docking and mutagenesis identified R90, N178, and H320 as key binding residues. Consistently, deletion of MoPYR4 in M. oryzae reduced sensitivity to shikonin. In planta, shikonin restricted invasive hyphal growth in rice cells and showed both protective and curative activities against rice blast disease. Shikonin also bound to and inhibited the DHOases of Fusarium graminearum and Fusarium oxysporum, indicating broad-spectrum antifungal potential. These findings identify fungal DHOase as a promising target for fungicide development.",Needs manual review before database use
42296755,10.1016/j.ijfoodmicro.2026.111880,2026,Mechanisms underlying the antifungal activity of diethylthiosulfinate against marrow squash wet rot caused by Fusarium solani.,International journal of food microbiology,Liu C; Zhang J; He H; Wang Q; Kong F; Wang C; Wang L; Wang X,Journal Article,"Fusarium solani is the primary etiological agent of post-harvest wet rot in marrow squashes, causing severe decay and economic losses. This study investigated the antifungal efficacy and underlying mechanisms of diethylthiosulfinate (DETS), a structural analogue of allicin, against F. solani. In vitro assays demonstrated that DETS exhibited potent fungicidal activity with a minimum inhibitory concentration (MIC) of 0.2 g·L-1, completely suppressing mycelial growth and conidial germination. Mechanistically, DETS disrupted fungal cell membrane integrity by inducing intracellular reactive oxygen species (ROS) accumulation and lipid peroxidation. Furthermore, it significantly inhibited the activity of pathogen-secreted cell wall-degrading enzymes (CWDEs) and antioxidant enzymes, thereby attenuating pathogenicity. In vivo, DETS treatment (0.2 g·L-1) effectively controlled decay in inoculated squash, reducing disease incidence to 18% and the disease index to 6% after 15 d of storage (significantly lower than the control group). This protective effect was attributed to the preservation of host cell wall structural integrity via the inhibition of fruit softening enzymes and the promotion of lignin accumulation. Collectively, these findings identify DETS as a promising, dual-action preservative for the sustainable management of post-harvest diseases in cucurbits.",Needs manual review before database use
42296460,10.1021/acs.jafc.6c02258,2026,Multiomics Analysis Reveals Coordinated Molecular and Physiological Changes during Light-Induced Primordium Initiation in,Journal of agricultural and food chemistry,Zhu S; Yang Y; Liu L; Cheng H; Xu S; Ding Y; Wen T; Li Y,Journal Article,"Light is a key cue for primordium initiation in basidiomycetes, but the downstream molecular coordination remains unclear. Here, we integrated DIA proteomics, untargeted LC-MS/MS metabolomics, enzymatic assays, and multistrain phenotyping to characterize light-associated primordium initiation in Lentinula edodes. Light-exposed primordium-forming tissues showed 1,521 differentially expressed proteins enriched in redox/cofactor metabolism, proteostasis, membrane/lipid remodeling, cell-wall reorganization, and translation. Metabolomics revealed coordinated changes in cofactor biosynthesis, ABC transporters, aminoacyl-tRNA metabolism, and sugar interconversion. Enzymatic assays showed increased NADPH oxidase and pyruvate decarboxylase activities, reduced superoxide dismutase, alcohol dehydrogenase, and Complex V activities, supporting redox remodeling and altered pyruvate-node metabolism while requiring future ROS and flux validation. Across 57 strains, directional illumination confined primordia to illuminated zones, reduced primordium number and total yield, but increased individual fruiting-body weight. These findings support a working ""Signal-Supply-Structure"" framework for fungal photomorphogenesis and light-regime optimization.",Needs manual review before database use
42295689,10.1007/s11030-026-11609-z,2026,"Design, synthesis, antibacterial activity evaluation, and mechanism of action study of novel pyrrolidine derivatives containing sulfonamide structures.",Molecular diversity,Xia T; Li L; Wang X; Li J; Chen Y; Yu L; Lv X; Bai S,Journal Article,"Bacterial biofilms serve as innate protective frameworks, sheltering embedded microbes to sustain their survival while potentially enhancing antimicrobial resistance by blocking bactericide penetration. While extensive research has focused on planktonic bacteria, biofilm recalcitrance remains understudied, leaving conventional antimicrobials often ineffective against these sessile communities. This underscores an urgent need for next-generation agents with specialized biofilm-inhibiting properties to enabling effective antibacterial therapy; in this study, we used pyrrolidine-3-carboxylic acid as a starting material to synthesize a series of sulfonamide-containing pyrrolidine derivatives via an active coupling reaction. Compound A14 exhibited the strongest activity, with an EC₅₀ value of 38.33 μg/mL against Xanthomonas oryzae pv. oryzae (Xoo). Mechanistic investigations revealed that A14 suppresses extracellular polymeric substance (EPS) biosynthesis and bacterial motility-key drivers of pathogenicity, biofilm development, and plant cell wall degradation. Conductivity measurements and protein leakage assays confirmed that A14 disrupts multiple Xoo physiological functions, positioning it as a promising antimicrobial candidate targeting core mechanisms of bacterial plant diseases.",Needs manual review before database use
42283884,10.1007/s10482-026-02354-2,2026,Computational identification of inhibitors from Aegle marmelos leaf extract targeting ergosterol biosynthesis ERG4/ERG24 enzyme and serine proteases for combatting mancozeb-resistant Fusarium.,Antonie van Leeuwenhoek,Aftabul Alam S; Chakraborty S; Baindara P; Mandal SM,Journal Article,"Fusarium species are major phytopathogens responsible for economically significant diseases such as vascular wilt, root rot, and necrosis in diverse crops. The increasing incidence of mancozeb-resistant strains has complicated disease management, underscoring the need for sustainable alternative or complementary strategies. In this study, phytochemicals from Aegle marmelos were evaluated against Fusarium spp. using an integrated computational approach combining molecular docking and molecular dynamics (MD) simulations. The ergosterol biosynthesis ERG4/ERG24 family enzyme (ERG) and serine protease (SEP) were selected for the first time as molecular targets to assess antifungal potential. Lupeol, not previously investigated in this context, was subjected to a 100 ns MD simulation to evaluate the stability and dynamic behaviour of the protein-ligand complexes. The simulation results revealed a good stability in the formation of complexes with lupeol, a finding that was further validated through Principal Component Analysis (PCA) and MMPBSA calculations. The ΔG binding values calculated by MMPBSA for the lupeol-ERG and lupeol-SEP interactions were found to be - 33.06 ± 3.10 and - 19.60 ± 3.43 kcal/mol, respectively. Complementary in vitro assays revealed that the combined application of A. marmelos leaf extract and mancozeb produced the highest inhibition of mycelial growth of Fusarium sp. strain AA1, accompanied by pronounced morphological deformities, including distorted and collapsed conidia. Collectively, this multi-level validation establishes a novel framework for developing plant-based antifungal strategies to combat mancozeb-resistant Fusarium. Moreover, the synergistic use of plant extract with reduced fungicide dosage offers a sustainable approach that may lower chemical inputs while advancing the development of eco-friendly antifungal strategies for agricultural applications.",Needs manual review before database use
42275093,10.1021/acs.jafc.6c02712,2026,ATP Synthase Subunit b Binds Cry2Ab and Mediates Its Toxicity in,Journal of agricultural and food chemistry,Yang X; Fu Y; Ye J; Zhao X; Bai X; Wang M; Jiang H; Yuan X,Journal Article,"The oriental fruit moth (Grapholita molesta), a worldwide fruit tree pest, can be effectively controlled by Bacillus thuringiensis (Bt), with the insect peritrophic membrane (PM) serving as a key target for such control. This study investigates the role of the key PM protein ATP synthase subunit b (GmolATPs-b) in the molecular mechanism of Cry2Ab toxin toxicity. GmolATPs-b was found to be highly expressed in fourth larval midguts, and its expression is downregulated upon Cry2Ab exposure. Ligand blotting, competitive experiments, and molecular docking confirmed specific binding between GmolATPs-b and activated Cry2Ab. Heterologous expression in Sf9 cells enhanced susceptibility to Cry2Ab, whereas larval RNAi knockdown reduced it. In vivo assays showed that cofeeding purified GmolATPs-b with Cry2Ab increased larval mortality. This study demonstrates that GmolATPs-b is a functional target of Cry2Ab, binding specifically to the toxin and enhancing its insecticidal effect, thus establishing a molecular basis for novel biopesticides against G. molesta.",Needs manual review before database use
42269938,10.1016/j.mimet.2026.107584,2026,Development and application of a fast and efficient CRISPR/Cas12f -based genetic toolkit in Bacillus cereus GW-01.,Journal of microbiological methods,Wei E; Tang Y; Lei Y; Liu S; Xu B; Du B; Wang Y; Liao Y,Journal Article,"Bacillus cereus GW-01, an efficient degrader of β-cypermethrin (β-CY), has a high safety profile and probiotic potential for regulating intestinal flora and fermented foods, which is difficult to genetically engineer for modification due to its restrictive modification system. This study successfully developed a CRISPR/enCas12f-based genome editing system, first selecting the plcR gene for proof-of-concept validation with 100% knockout efficiency. Subsequently, this system was utilized to delete the virulence gene nheABC in GW-01, yielding a safer probiotic strain. Compared with the wild-type strain GW-01, the probiotic-related indicators of the ΔnheABC mutant, including cell surface hydrophobicity, auto-aggregation ability and biofilm formation ability, were 80%, 90% and 2.9 (OD₅₉₅), respectively. There were no significant differences in these indicators between the mutant and the wild type. Meanwhile, the ΔnheABC mutant still maintained a high β-cypermethrin degradation efficiency of 80% at the concentration of 30 μg/mL. This work facilitates functional genomic research and genetic modification of Bacillus cereus GW-01. The established CRISPR/enCas12f system enables targeted gene deletion to explore gene functions and phenotypic mechanisms, and paves the way for its development into safe probiotics and excellent microbial chassis.",Needs manual review before database use
42268909,10.1371/journal.ppat.1014320,2026,A chemical bactericide dioctyldiethylenetriamine (Xinjunan) exerts a non-lethal effect by inhibiting RpfG activity to regulate the quorum sensing system.,PLoS pathogens,Jin L; Chen X; Pang C; Huang Y; Ji C; Zhang Y; Liu X; Sun Y,Journal Article,"Bacterial diseases pose a major threat to global agriculture and food security. Bactericides are highly effective in disease control due to their direct antibacterial effect. However, it causes ""life or death"" selection pressure on the target bacteria and can lead to bactericide resistance. Quorum sensing inhibitors exert indirect antibacterial effect that weakens their virulence and combined use of bactericides and quorum sensing inhibitors demonstrated more significant disease control than a single agent. In this study, dioctyldiethylenetriamine, a bactericide that has previously been proven to have a direct antibacterial effect, exhibited an indirect antibacterial effect that weakened bacterial virulence. Using transposon sequencing, we found that the quorum sensing system, which is closely related to virulence in Xanthomonas oryzae pv. oryzae (Xoo, PXO99A), was significantly affected by dioctyldiethylenetriamine. It was further found that RpfG, which is responsible for transduction of the quorum sensing signal molecules in PXO99A, was significantly inhibited at both transcriptional and translational levels after dioctyldiethylenetriamine treatment, resulting in impaired phosphodiesterase activity, which in turn caused bacterial quorum quenching (QQ). QQ not only weakened the virulence of the bacteria, but also reduced their motility, which could effectively prevent the bacteria from escaping the direct antibacterial effect of dioctyldiethylenetriamine, thus providing a more effective control effect. Finally, we found that the QQ induced by dioctyldiethylenetriamine appeared to be specific, occurring in a subset of bacteria containing RpfG. The interspecific competitiveness within the same ecological niche also appeared to be weakened, which was accompanied with QQ. These findings have enriched our understanding of the antibacterial mechanism of bactericides and provided a theoretical basis for the scientific and rational use of bactericides as well as the development of ""RpfG-based"" indirect antibacterial agents with both efficient antibacterial activity and ecological safety.",Needs manual review before database use
42267947,10.1021/acs.jafc.5c14425,2026,"Design, Synthesis, and Fungicidal Activity of Pyrimidinamine Derivatives as Novel Complex I Inhibitors.",Journal of agricultural and food chemistry,Jia WF; Xia YS; Lu QH; Wang W; Lv EM; Zhang JW; Jin S; Xu YQ,Journal Article,"To develop novel fungicides targeting complex I, a series of pyrimidinamine derivatives bearing a dichloropropene ether moiety were designed and synthesized via the intermediate derivatization method. Their structures were confirmed by 1H/13C NMR, elemental analysis, HRMS, and single-crystal X-ray diffraction. Bioassays showed that several compounds exhibited excellent activity against wheat powdery mildew. Notably, compound 3 (EC50 = 0.440 mg/L) was significantly more potent than propiconazole (EC50 = 5.99 mg/L) and diflumetorim (EC50 = 4.12 mg/L). Structure-activity relationships were analyzed and further supported by molecular docking. DFT calculations indicated higher reactivity and stronger protein-binding ability for compound 3, consistent with its bioactivity. Transcriptome analysis of Blumeria graminis revealed differentially expressed genes (DEGs) enriched in pathways related to complex I, suggesting it as the potential target. Overall, compound 3 could be a promising agrochemical fungicide candidate for further development.",Needs manual review before database use
42264769,10.1016/j.pestbp.2026.107175,2026,Transcriptomic and physiological evidence for magnolol antifungal activity against fusarium oxysporum f. sp. cubense tropical race 4.,Pesticide biochemistry and physiology,Zhang W; Liu Y; Ahmad M; Huang H; Liu S; Xiang D; Liu Y; Huang H,Journal Article,"Banana Fusarium wilt, caused by Fusarium oxysporum f. sp. cubense Tropical Race 4 (Foc TR4), ranks among the most devastating soil-borne fungal diseases. Prolonged use of single-target fungicides can lead to environmental contamination, resistance evolution, and limited efficacy due to the narrow range of target sites. Therefore, discovering an environmentally friendly fungicide with a novel mechanism of action and multiple targets is crucial for achieving sustainable disease management of banana Fusarium wilt. In this study, six plant-derived compounds were screened for antifungal activity, identifying magnolol (MAG) as the most effective inhibitor, with an EC50 value of 18.17 μg·mL-1. MAG significantly suppressed mycelial growth and conidial germination in vitro and markedly reduced disease incidence and severity in banana seedlings. Integrated transcriptomic and physiological analyses revealed that MAG disrupts membrane integrity, redox homeostasis, and energy metabolism, accompanied by suppression of RNA processing and ribosome biogenesis. Ultrastructural damage, membrane depolarization, and the study of antioxidant enzyme activity further confirmed the severe membrane disruption and the induction of ROS accumulation. Moreover, MAG exhibited broad-spectrum antifungal activity against multiple Fusarium oxysporum formae speciales and Foc races. Collectively, these findings highlight the multi-target antifungal mechanism of MAG, positioning it as a promising and eco-friendly candidate for controlling banana Fusarium wilt, offering a sustainable alternative to conventional chemical treatments. The broad-spectrum activity and low toxicity of MAG make it a potentially key component in future disease management strategies, particularly in reducing pesticide dependence and environmental pollution.",Needs manual review before database use
42264765,10.1016/j.pestbp.2026.107170,2026,"Synergistic toxicity of abamectin with nanoplastics in rainbow trout mediated by gut-liver axis disruption: Insights into oxidative stress, metabolic dysregulation, and microbiota change.",Pesticide biochemistry and physiology,Shang Y; Zhao S; Wang Z; Ye Q; Dong X; Gan L; An M; Jiang H,Journal Article,"Abamectin (ABM), a widely used pesticide in aquaculture, may interact with pervasive environmental contaminants like nanoplastics (NPs), potentially altering its toxicity to non-target organisms. This study investigated the synergistic effects and underlying mechanisms of polystyrene NPs and ABM at environmentally relevant concentrations in juvenile rainbow trout (Oncorhynchus mykiss) during a 28-day exposure. Compared to ABM alone, co-exposure with NPs induced significantly greater synergistic toxicity. This was evidenced by exacerbated intestinal barrier dysfunction, including downregulation of tight junction proteins (Occludin, Claudin-23, ZO-1) and a shift in the gut microbiota characterized by the enrichment of potential pathogens, such as Neochlamydia. In the liver, the combined exposure markedly enhanced oxidative stress and inflammatory responses. Untargeted metabolomics further revealed that the co-exposure disturbed fundamental metabolic pathways more profoundly than either contaminant alone, particularly affecting amino acid, carbohydrate, and nucleotide metabolism. Critically, correlation analyses integrated gut microbiota dysbiosis with hepatic metabolic disorders, supporting a pivotal role for gut-liver axis disruption in the synergistic toxicity. Our findings demonstrate that NPs can act as an aggravating factor, significantly potentiating the physiological and toxicological impacts of ABM on fish via interconnected intestinal and hepatic pathways. This study provides crucial mechanistic insights for the risk assessment of pesticide interactions with emerging contaminants in aquatic environments.",Needs manual review before database use
42264762,10.1016/j.pestbp.2026.107165,2026,Streptochlorin from Streptomyces youssoufiensis YMF3.862 as a potential ecological fungicide for controlling Fusarium head blight on wheat.,Pesticide biochemistry and physiology,Chen M; Ma CX; Dieuveille MG; Zhang XM; Wang L; Ma L; Cao Y; Yang ZX,Journal Article,"Fusarium head blight (FHB), caused by Fusarium graminearum, is one of the most devastating fungal diseases of cereal crops, resulting in substantial yield losses and mycotoxin contamination. In this study, streptochlorin, which showed broad-spectrum antifungal activity against phytopathogens, was isolated from the fermentation supernatant of Streptomyces youssoufiensis YMF3.862. Streptochlorin displayed strong antifungal activity against F. graminearum PH-1 and caused crumpling and collapse of PH-1 conidia and mycelia, as well as conidial devitalization. Transcriptomic analysis suggested that streptochlorin might affect the biosynthesis of the cell membrane and cell wall, and impair peroxisome function, leading to increased ROS. Streptochlorin destroyed the integrity of both the cell wall and the cell membrane, increased intracellular ROS levels, disrupted energy metabolism by inhibiting succinate dehydrogenase (SDH) and NADH oxidase (NOX), and reduced DON production by inhibiting trichothecene gene expression. Furthermore, application of 40 μg/mL streptochlorin provided significant control efficacy against FHB and reduced DON production in both wheat spikelets and grains. These findings suggest that streptochlorin could be used as a potential ecological fungicide for controlling FHB.",Needs manual review before database use
42264756,10.1016/j.pestbp.2026.107158,2026,miR-13a-3p regulates susceptibility to Bacillus thuringiensis Cry1Ac protoxin in Ostrinia furnacalis by targeting OfβGRP3 and suppressing melanization.,Pesticide biochemistry and physiology,Li S; Li F; Wang Z; Fang L; Gao Z; Bi H; Ling S; Feng C,Journal Article,"The melanization cascade, activated by pattern recognition receptors such as β-1,3-glucan recognition proteins (βGRPs), is a key insect immune response implicated in resistance to pathogenic bacteria. However, its post-transcriptional regulation in response to Bacillus thuringiensis (Bt) infection remains poorly characterized. Here, we report that in the Asian corn borer, Ostrinia furnacalis, the core immune receptor gene OfβGRP3 is a direct target of miR-13a-3p. OfβGRP3 expression was induced by Bt Cry1Ac protoxin and functioned as a positive regulator of hemolymph phenoloxidase (PO) activity. In contrast, miR-13a-3p was suppressed by Cry1Ac protoxin and post-transcriptionally downregulated OfβGRP3 via binding to its coding sequence. Functionally, knockdown of OfβGRP3 or overexpression of miR-13a-3p significantly decreased PO activity and increased larval susceptibility to Cry1Ac protoxin. Conversely, inhibition of miR-13a-3p enhanced PO activity and Cry1Ac tolerance. Our findings reveal a novel miRNA-mediated regulatory circuit that fine-tunes the melanization response, significantly influencing Bt Cry1Ac toxicity and offering a potential target for improving pest control strategies.",Needs manual review before database use
42264755,10.1016/j.pestbp.2026.107157,2026,Identification and functional analysis of two novel tpp genes in Bacillus thuringiensis HSY91.,Pesticide biochemistry and physiology,Yang P; Lin Q; Feng X; Wang Y; Liu X; Zhang W,Journal Article,"Bacillus thuringiensis (Bt) is a widely used biocontrol agent, and while research has heavily focused on the coleopteran-active binary toxins Tpp1/Tpp2, other members of the tpp family with insecticidal activity remain largely unexplored. In this study, two novel tpp-like genes, designated tpp92Aa1 and tpp92Ab1, were identified from the Bt HSY91 strain isolated from the Dongzhai Port Nature Reserve, Hainan. Phylogenetic analysis revealed a shared evolutionary origin within the Tpp family, with highly conserved C-terminal pore-forming domains but significant sequence variation in N-terminal motifs. Bioassays against larvae of Spodoptera frugiperda, Plutella xylostella, Ostrinia furnacalis, and Aedes aegypti demonstrated that both Tpp proteins only exhibited toxicity against A. aegypti larvae (Tpp92Aa1: LC50 = 1.84 μg/mL; Tpp92Ab1: LC50 = 1.62 μg/mL), with synergistic mosquitocidal activity observed in combination with Cyt2Aa1. Using a crystal-free Bt mutant expression system, we confirmed that Tpp92Aa1 and Tpp92Ab1 form typical spherical crystals, exhibiting robust thermal stability, resistance to trypsin digestion, and hemolytic activity. These findings enhance our understanding of Tpp protein diversity and their potential for targeted mosquito control.",Needs manual review before database use
42264748,10.1016/j.pestbp.2026.107148,2026,The G143S substitution of cytochrome b confers field resistance to pyraclostrobin in Glomerella cingulata.,Pesticide biochemistry and physiology,Jiang X; Yang Q; Man Y; Ma Y; Lu Y; Liu N; Wang C; Lian S,Journal Article,"Glomerella leaf spot (GLS), caused by Glomerella cingulata, poses a serious threat to apple production. Although the QoI fungicide pyraclostrobin has demonstrated high efficacy in controlling GLS, prolonged and intensive use has led to increasingly severe resistance issues. In this study, we report the first detection of pyraclostrobin resistance in field isolates of G. cingulata in Shandong Province, China, associated with the G143S mutation in Cytochrome b (Cytb). No significant differences in biological fitness were observed between the pyraclostrobin-resistant (G143S) and sensitive isolates in terms of mycelial growth, sporulation, virulence, and stress tolerance. Molecular docking analysis revealed that the G143S substitution decreased the binding affinity between pyraclostrobin and Cytb. Additionally, the G143S mutation conferred cross-resistance to other QoI fungicides, but no cross-resistance was observed with tebuconazole or bromothalonil. These findings provide critical insights for rational and sustainable management of GLS.",Needs manual review before database use
42264740,10.1016/j.pestbp.2026.107137,2026,Involvement of the Xbp1/SREBP-mediated lipid biosynthesis pathway in enhanced phosphine tolerance induced by gut Escherichia coli in Tribolium castaneum.,Pesticide biochemistry and physiology,Wang Z; Li S; Zhou L; Zhang S; Fan F; Lu Y,Journal Article,"Stored product pests have developed widespread resistance to phosphine, limiting its control efficacy and further application. A deep understanding of the mechanism underlying phosphine resistance will help develop new pest control strategies. In our previous study, Escherichia coli, a bacterium isolated from the gut of Tribolium castaneum, significantly enhanced host lipid accumulation and phosphine tolerance. This study further revealed the relationship between E. coli-modulated lipid biosynthesis and phosphine tolerance in T. castaneum adults, along with the underlying molecular mechanisms. Under phosphine stress, E. coli reinoculation helped maintain the structural integrity of mitochondria and the endoplasmic reticulum in fat body cells of T. castaneum adults. In the host fat body, this treatment significantly increased total lipid and phosphatidylcholine (PC) contents while decreasing triglyceride content. In contrast, in the host midgut, it had no effect on total lipid and PC contents, though it still decreased triglyceride content. Furthermore, in the host fat body, E. coli reinoculation upregulated the expression of PC synthesis-related genes (Pcyt1 and bbc), fatty acid synthesis-related genes (ATPCL, ACC, and FASN1), the diacylglycerol synthesis-related gene Lipin, and key lipid synthesis regulatory factors (Xbp1, SREBP, and SCAP), while significantly downregulating the expression of the triglyceride synthesis-related gene midway. Knockdown of Xbp1, SREBP, and SCAP downregulated the expression of Pcyt1, ACC, and FASN1, decreased total lipid, PC, and triglyceride contents in the fat body, and increased mortality in E. coli-gnotobiotic T. castaneum following phosphine exposure. These findings suggest that E. coli activated host lipid synthesis, especially PC synthesis, by upregulating the expression of Xbp1, SREBP, and SCAP, thereby improving the structure and function of mitochondria and the endoplasmic reticulum, and ultimately enhancing phosphine tolerance in T. castaneum adults. Such knowledge enriches theories of pesticide resistance and enables the application of antimicrobial agents in combination with phosphine to enhance pest control efficacy.",Needs manual review before database use
42264735,10.1016/j.pestbp.2026.107132,2026,Herbicide metabolism and EPSPS Pro-106-Ser substitution confer multiple resistance in Chenopodium spp. from Southern Spain.,Pesticide biochemistry and physiology,Rojano-Delgado AM; Sohrabi S; Santana APDS; Palma-Bautista C; Domínguez-Valenzuela JA; Gherekhloo J; Alcántara-de la Cruz R; De Prado R,Journal Article,"Long-term herbicide programs in Mediterranean perennial systems have imposed sustained selection pressure on weed populations, promoting the evolution of multiple resistance. We investigated resistance mechanisms in Chenopodium album (Ca) and C. vulvaria (Cv) from southern Spain following more than two decades of glyphosate-based management. We aimed to (i) confirm resistance to atrazine, tribenuron-methyl (TM), glyphosate, and 2,4-D; (ii) distinguish between target-site and metabolic resistance; and (iii) characterize the biochemical and molecular basis of cross- and multiple-herbicide resistance. Screening assays revealed high survival (78-100%) of resistant (R) populations to acetolactate synthase (ALS)-, photosystem II (PSII)-, auxinic-, and 5-enolpyruvylshikimate-3-phosphate synthase (EPSPS)-inhibiting herbicides. Dose-response assays confirmed resistance, with resistance indices (RI) of 6.7 and 5.1 for atrazine, 19.0 and 17.3 for TM, 7.0 and 13.9 for glyphosate, and 6.0 and 6.9 for 2,4-D in CaR and CvR, respectively. Radiolabelled and analytical metabolism assays demonstrated enhanced herbicide metabolism in R populations: atrazine (94-95% vs. 13-16% in S), TM (68-69% vs. 24-25%), 2,4-D (64-65% vs. 2-4%), and glyphosate (39-43% vs. 8-9%). Malathion partially reversed resistance to atrazine, TM, and 2,4-D, supporting cytochrome P450 (CYP450) involvement. In contrast, glyphosate metabolism was independent of CYP450 or glutathione S-transferases inhibition. Biochemical assays showed no differences in PSII or ALS sensitivity (I₅₀ RI ≈ 1), whereas EPSPS inhibition assays revealed a tenfold increase in I₅₀ in CvR. Sequencing identified a Pro-106-Ser substitution in EPSPS exclusively in CvR. Enhanced metabolism predominates in the R Chenopodium spp. populations, with coexistence of metabolic and target-site mechanisms in CvR, increasing the risk of further cross-resistance under continued herbicide reliance.",Needs manual review before database use
42264726,10.1016/j.pestbp.2026.107115,2026,Indigenous rhizobacteria drive stepwise detoxification of mancozeb via strain-specific metabolic pathways.,Pesticide biochemistry and physiology,Bashir Z; Wani SUD; Wani PA; Nisa M; Hamid B; Nazir R,Journal Article,"Mancozeb-tolerant rhizobacteria isolated from apple orchard soils of Kashmir were evaluated for biodegradation, metabolite production, plant growth-promoting traits, and genomic stability. Two isolates, K-6 and K-8, showed high tolerance (1200-1400 μg/mL) and were identified as Pantoea agglomerans and Pseudomonas oleovorans, respectively. FTIR analysis revealed strain-specific extracellular metabolite production in mancozeb-amended cultures. Strain K-6 synthesized glucans, polysaccharides, fatty acids, proteins, and biosurfactants, while strain K-8 produced diverse exopolysaccharides, glycolipids, peptide-linked biosurfactants, lipid derivatives, and phosphoester-containing compounds, enhancing biofilm formation and interaction with hydrophobic substrates. Comparative FTIR profiling also demonstrated strain specific progressive disruption of the dithiocarbamate functional group like CN and CS vibrations, with partial cleavage by K-6 and advanced oxidative transformation by K-8, indicated by dominant hydroxyl and carbonyl-associated bands. GC-MS analysis further confirmed strain-dependent degradation pathways. Strain K-6 mediated partial degradation, producing fatty acid esters, sulfur-oxidized intermediates, and smaller aliphatic compounds, reflecting enzymatic cleavage of sulfur-rich moieties. In contrast, strain K-8 exhibited advanced biotransformation, generating saturated and unsaturated fatty acid methyl esters, amide derivatives, and triterpenoid compounds such as α-amyrin, indicating deeper metabolic assimilation. These strain specific degradation of mancozeb might be due to the synthesis of strain specific biosurfactants and polymers. Both strains displayed multiple plant growth-promoting traits; however, K-6 showed superior mineral solubilization and antifungal activity against Fusarium oxysporum. Fluorescence microscopy-based comet analysis confirmed genomic stability of both strains under high mancozeb exposure. These findings highlight the strain-specific and multifunctional potential of indigenous rhizobacteria for mancozeb detoxification and sustainable agricultural applications.",Needs manual review before database use
42264720,10.1016/j.pestbp.2026.107174,2026,"Involvement of CYP51A, CYP51B, and CYP51C in the growth, reproduction, pathogenicity, and fungicide sensitivity of Fusarium oxysporum.",Pesticide biochemistry and physiology,Rong Z; Hu S; Zhang C,Journal Article,"Fusarium oxysporum, a pathogenic fungus distributed worldwide, causes destructive diseases, such as plant wilt, crown rot, root rot, and fruit rot. Sterol demethylation inhibitors (DMIs), which are the most widely used fungicides, inhibit cytochrome P450 sterol 14α-demethylase (CYP51) during sterol biosynthesis. Fusarium species contain three homologous CYP51 genes, FoCYP51A, FoCYP51B, and FoCYP51C. Previous studies have shown that the deletion of individual CYP51 genes does not significantly affect phenotype-related indicators, such as growth rate and sporulation, in Fusarium species, such as F. graminearum, F. fujikuroi, and F. verticillioides. This study aimed to determine the effects of CYP51 genes on the growth, reproduction, pathogenicity, and DMI susceptibility of F. oxysporum. Unlike other Fusarium species, deletion of CYP51A reduced sporulation, germination, and pathogenicity, exacerbated cell membrane damage, and increased the DMI susceptibility in F. oxysporum. When a single CYP51 gene was knocked out, other CYP51 compensated by upregulating their expression to maintain balance. CYP51A could play a central role in this regulatory network. The absence of CYP51C did not cause noticeable changes in F. oxysporum. These results reveal the functional differentiation of FoCYP51 homologs in regulating growth, pathogenicity, and DMI susceptibility and provide an understanding of the pathogenic mechanisms and fungicide responses of F. oxysporum.",Needs manual review before database use
42264718,10.1016/j.pestbp.2026.107166,2026,Gut microbial dysbiosis is associated with detoxification impairment in parasitoid wasps exposed to Emamectin benzoate.,Pesticide biochemistry and physiology,Yu L; Pang L; Xu Z; Sheng Y; Zhang Q; Chao Z; Shi W; Feng T,Journal Article,"Emamectin benzoate (EB) is widely used in agricultural pest management, but its toxic effects on non-target natural enemies and the underlying mechanisms remain poorly understood. Here, we investigated the toxicity of EB to the parasitoid wasp Leptopilina drosophilae Huang, a promising biological control agent of Drosophila suzukii Matsumura and other drosophilid pests, and explored the role of gut microbiota in mediating host physiological responses. Bioassay results showed that EB exhibited high toxicity to L. drosophilae in a dose-dependent manner, with LC5, LC10, and LC50 values of 0.57 mg/L, 0.69 mg/L, and 1.32 mg/L, respectively. Transcriptomic analysis further revealed that sublethal EB exposure significantly suppressed genes related to detoxification and immunity. Consistent with these molecular changes, 16S rRNA sequencing demonstrated that EB induced severe gut dysbiosis, characterized by reduced microbial diversity and richness. Moreover, integrated correlation analysis revealed significant positive associations between the abundance of declined bacterial genera and the expression of detoxification genes, suggesting a functional link between gut microbiota disruption and impaired host detoxification capacity. Collectively, our findings demonstrate that sublethal EB exposure disrupts gut microbiota homeostasis through suppression of gut antimicrobial peptide expression, which in turn leads to downregulation of host detoxification genes and reduced insecticide resistance. This microbially-mediated mechanism contributes to the compromised fitness and increased mortality of parasitoid wasps, highlighting the ecological risks of EB to biological control agents and emphasizing the need to consider gut microbiota-mediated effects in insecticide safety assessments.",Needs manual review before database use
42264707,10.1016/j.pestbp.2026.107096,2026,Plumbagin targets dihydroorotase in Magnaporthe oryzae to inhibit infection and shows antifungal activity against multiple phytopathogenic fungi.,Pesticide biochemistry and physiology,Wu Z; Li J; Liu J; Li X; Wang D,Journal Article,"Plant-pathogenic fungi threaten both crop yield and quality. This, together with the increasing resistance of plant-pathogenic fungi to existing fungicides, underscores the need to develop environmentally sound fungicides with novel modes of action. In this study, we systematically evaluated the antifungal activity of plumbagin and its inhibition of dihydroorotase (DHOase), a key enzyme in the de novo pyrimidine biosynthesis pathway of major plant-pathogenic fungi. Our results showed that plumbagin significantly inhibited DHOase activity in Magnaporthe oryzae, Fusarium graminearum and Fusarium oxysporum, markedly reducing the pathogenicity of these three fungi. Surface plasmon resonance (SPR) and microscale thermophoresis (MST) analyses confirmed specific binding of plumbagin to MoPyr4. Molecular docking combined with site-directed mutagenesis further reveals a distinct binding mode between plumbagin and MoPyr4. Residues R90, N178, and H320 in MoPyr4 are critical for plumbagin binding. Transcriptomic analysis indicated that plumbagin significantly affected metabolic processes, particularly energy-related pathways, in M. oryzae. Our findings identify DHOase as an attractive molecular target for controlling plant-pathogenic fungi and highlight plumbagin as a promising lead compound for developing DHOase-targeting fungicides. This research holds immense significance for the potential application of novel 1,4-naphthoquinone derivatives in combating plant-pathogenic fungi.",Needs manual review before database use
42258371,10.1021/acs.jafc.6c04027,2026,Study on the Antifungal Activity and Mechanism of Flavonoids from,Journal of agricultural and food chemistry,Jiang WQ; Mou GL; Zhang LJ; Lei YY; Li AP; Zhang SY; Wang R; Liu FL,Journal Article,"The widespread emergence and increasing prevalence of multidrug-resistant phytopathogenic strains have accelerated the exploration of novel, eco-friendly antimicrobial agrochemicals. In this study, seven flavonoids were isolated from Cortex mori, and their antifungal activities were comprehensively evaluated. In vitro bioassays demonstrated that Albanol B exerted broad-spectrum inhibitory effects against six phytopathogenic fungi, with EC50 values ranging from 5.30 to 39.8 μg/mL. Notably, Albanol B displayed potent anti-Botrytis cinerea activity with an EC50 of 5.30 μg/mL, which was superior to that of kresoxim-methyl (32.7 μg/mL). Mechanistic studies elucidated that Albanol B markedly suppressed spore germination, damaged cell wall structure, and impaired the integrity and permeability of the cell membrane. Drug affinity responsive target stability (DARTS) analysis further validated that Albanol B inhibited the activities of triosephosphate isomerase and transaldolase, leading to fungal death by disrupting energy metabolism. Furthermore, in vivo experiments confirmed that Albanol B possessed outstanding protective and curative effects against fungal diseases in apples and tomatoes, as well as a good safety profile. Consequently, Albanol B emerged as a promising candidate for developing novel plant-based fungicides.",Needs manual review before database use
42252308,10.1007/s11274-026-05006-9,2026,Engineered pectin-coated copper oxide nanocarriers for controlled fungicide release: a mechanistic exploration of fungal pectinase-mediated delivery and its role in advancing sustainable agriculture.,World journal of microbiology & biotechnology,Monika; Naskar A; Shekhar S; Banerjee T; Mukherjee N; Das S; Debnath N,Journal Article,"Stimuli-responsive agrochemical formulations hold significant promise for advancing the sustainability of modern agriculture. In this study, we developed pectinase-responsive controlled-release fungicide formulations by covalently grafting pectin onto tricyclazole-loaded mesoporous copper oxide nanoparticles. While copper oxide nanoparticles (CuONPs) alone exhibited inherent antifungal activity and performed effectively against Aspergillus niger, a major phytopathogenic fungus, the TCP formulation proved substantially more potent due to the combined action of CuONPs and tricyclazole. Although the mechanism of azole-based fungicides is well established, the interaction between CuONPs and fungal cells requires deeper investigation to address azole resistance and guide the design of next-generation fungicide formulations. CuONPs not only disrupted fungal cell walls and translocated into the cells but also induced reactive oxygen species (ROS) generation. Collectively, these findings highlight the potential of smart nanomaterial-based agrochemical formulations in which the carrier system itself is antifungal and simultaneously serves as a plant micronutrient. This dual functionality paves the way for innovative strategies that integrate crop health management with global efforts to achieve Zero Hunger goal, strengthening food security, enhancing yield stability, and promoting sustainable agricultural practices.",Needs manual review before database use
42251779,10.1016/j.micres.2026.128573,2026,Soil microbial functional recovery and community resilience driven by biogenic magnetite nanoparticles under carbendazim stress.,Microbiological research,Leiva-Soto S; Rubilar O; Fincheira P; Fernández-Baldo M; Fernández-Triana; Schoebitz M; Larama G; Rodriguez R,Journal Article,"The persistence of fungicides in agricultural soils poses a major threat to soil health, as these compounds disrupt microbial communities and compromise key ecosystem functions. Carbendazim, a commonly used systemic fungicide, is known for its ability to inhibit microbial activity and nutrient cycling. This study assessed the capacity of biogenic magnetite nanoparticles to mitigate carbendazim-induced disturbance and facilitate the recovery of soil microbial function. Citrate-stabilized magnetite nanoparticles were applied to an agricultural Andisol intentionally contaminated with carbendazim (10 mg kg⁻¹) under controlled microcosm conditions. Soil enzyme activities related to carbon, nitrogen, and phosphorus cycling (β-glucosidase, urease, acid phosphatase), microbial gene abundances (16S rRNA, amoA, amoB copy number), community structure, and pesticide dissipation kinetics were measured for a 30-day period. Magnetite nanoparticles significantly accelerated carbendazim dissipation, reducing their half-life by approximately 50% compared to pesticide-only treatments. Nanoparticle application partially mitigated the inhibitory effects of carbendazim on soil enzymes. It showed trends towards the recovery of bacterial and nitrifier abundances, with community composition and diversity patterns aligning more closely with those of untreated soils. Co-occurrence network and multivariate analyses of the soil bacterial community, assessed through 16S rRNA amplicon sequencing, revealed patterns indicative of a partial restoration of bacterial interaction structure, with Carb/FeNPs-EC treatments showing increased network connectivity and modularity compared to carbendazim-only soils, approaching the interaction patterns characteristic of undisturbed bacterial assemblages. These findings offer preliminary evidence that biogenic magnetite nanoparticles may reduce pesticide pressure in agricultural soils while supporting microbial functional trends indicative of recovery. The use of onion peel waste as an eco-friendly precursor further highlights the circular potential of this approach. Onion peel is a widely generated agro-industrial by-product particularly rich in polyphenolic compounds, especially quercetin and its derivatives, which act as natural reducing and stabilizing agents during nanoparticle biosynthesis, eliminating the need for toxic chemical reagents and contributing to a lower environmental footprint. This dual role as both a waste valorization strategy and a source of bioactive capping agents warrants further evaluation of this approach as a sustainable soil amendment strategy.",Needs manual review before database use
42242526,10.1016/j.envpol.2026.128513,2026,Differential impacts of perfluorobutane sulfonate on earthworm gut and soil microbiota: Linking host gut injury and digestive dysfunction to microbial dysbiosis.,"Environmental pollution (Barking, Essex : 1987)",Fu M; Zou J; Chen W; Zhang W; Feng M; Zhao X; Huang J,Journal Article,"Perfluorobutane sulfonate (PFBS), a representative short-chain perfluoroalkyl substance, is increasingly detected in soils, yet its ecological impacts on the soil-earthworm system remain unclear. This study investigated the effects of 28-d PFBS exposure (0.1, 1, 10 mg/kg) on earthworm (Eisenia fetida) gut health (tissue damage, digestive function, microbiota) and soil environment (microbial community and enzyme activities). Results showed that PFBS caused intestinal epithelial cell atrophy, tissue congestion, and content retention. PFBS exposure significantly increased total protease activity while suppressing cellulase and α-amylase, along with fluctuations in multiple antioxidant enzymes, collectively revealing concurrent digestive dysfunction and oxidative stress in the earthworm gut (p < 0.05). PFBS reduced gut microbial diversity and network complexity, shifted the dominant phylum from Bacillota to Pseudomonadota, and suppressed functions related to nitrogen transformation and xylanolysis. Digestive enzymes were associated with major microbial abundances, while oxidative stress enzymes responded independently of microbial community shifts. Soil microbial diversity and network remained relatively stable, with only urease and catalase significantly altered at the highest concentration (p < 0.05). Collectively, PFBS affects the gut primarily through host-mediated disruption of the intestinal micro-environment, whereas its direct toxicity to soil is buffered. This study provides essential data for understanding the ecological risks of short-chain PFASs.",Needs manual review before database use
42229361,10.1016/j.jenvman.2026.129996,2026,Iron redox-driven efficient nitrification-denitrification by Acinetobacter nosocomialis C24.,Journal of environmental management,Huang Z; Yang S; Pan L; Wu Q; Guo H; Chen S; Liao Z,Journal Article,"Simultaneous nitrification-denitrification and phosphate removal (SNDPR) are crucial for the development of single-reactor aerobic systems for wastewater treatment. This study demonstrated a significant enhancement of the SNDPR performance of Acinetobacter nosocomialis strain C24 following the addition of 1 mg/L Fe3+/Fe2+. Within 24 h, NH4+-N and PO43--P removal efficiencies increased by 33.1% and 26.9%, respectively. Under mixed nitrogen conditions, strain C24 achieved over 92% efficiency in removing total nitrogen (TN) and phosphate (PO43--P). The addition of Fe3+/Fe2+ also stimulated extracellular polymeric substance (EPS) secretion, with a notable positive correlation (p < 0.05) found between TN removal efficiency and levels of EPS, protein (PN), and polysaccharides (PS). Genomic analysis revealed that strain C24 utilizes dissimilatory nitrate reduction to ammonium (DNRA) for nitrogen metabolism. Transcriptomic analysis further indicated that Fe3+/Fe2+ intervention upregulated the expression of genes involved in iron redox, carbon metabolism, and nitrogen metabolism. Overall, these findings offer a thorough insight into the mechanisms by which Fe3+/Fe2+ enhanced nitrogen and phosphorus metabolism in strain C24. Given its excellent adaptability, high performance, and potential for widespread application, A. nosocomialis C24 emerges as a highly prospective option for wastewater treatment.",Needs manual review before database use
42229318,10.1016/j.watres.2026.126215,2026,Mechanistic insights into nZVI-enhanced denitrification resilience in biological aerated filters under chlorfenapyr stress: Roles of EPS stability and electron-transfer pathways.,Water research,Li L; Jiang J; Liu Y; Xing Z; Zhao T,Journal Article,"To address the decline in nitrogen removal performance of biological aerated filters (BAFs) caused by the inhibition of key denitrification processes by the arylpyrrole insecticide chlorfenapyr, this study established a nanoscale zero-valent iron (nZVI)-enhanced BAF system and systematically investigated the enhancement effects and regulatory mechanisms of nZVI. The results demonstrated that nZVI markedly improved shock load resistance and recovery resilience. The NH4+-N removal efficiency remained above 90% under different chlorfenapyr concentrations, while the total nitrogen (TN) removal efficiency reached up to 88.82%. Extracellular polymeric substance (EPS) analysis indicated that nZVI effectively mitigated the adverse effects of stress on the surface properties of the biofilm, maintaining the protein-to-polysaccharide ratio at approximately 2.0 and thereby preserving biofilm structural stability. High-throughput sequencing revealed that nZVI sustained microbial community diversity and evenness. The relative abundance of the dominant phylum Pseudomonadota consistently remained above 54%, and the targeted enrichment of functional genera such as Paracoccus and members of Rhizobiaceae was promoted. Integrated analysis of carbon and nitrogen metabolic pathways had revealed that nZVI, acting as an electron donor, had promoted the TCA cycle while significantly upregulating the expression of iron transport genes (afuABC) and key denitrification genes (napA, nirB, and nosZ). From the perspectives of electron transfer and microbial community ecology, this study elucidates the intrinsic mechanisms by which nZVI enhances the stress resistance of biological systems, providing a theoretical basis for the engineering treatment of refractory pesticide wastewater.",Needs manual review before database use
42229136,10.1016/j.jhazmat.2026.142560,2026,Physiological and microbial alterations induced by pesticides in agricultural systems: A bioassay- and 16S rRNA-based approach.,Journal of hazardous materials,Delgado N; Fernández KG; Zambrano-Alegría C; Espinosa ZYD; Ramos-Cabrera E,Journal Article,"The extensive use of pesticides in agricultural production systems has increased interest in understanding their potential impacts on soil environmental dynamics. This study evaluates the effects of pesticide application on Lactuca sativa L. and soil microbiota. An initial field survey identified the main active ingredients commercial pesticides, followed by bioassays assessing germination and early development of Lactuca sativa, as well as soil microbial structure through physiological assessments and metagenomic analyses based on 16S rRNA gene sequencing, during a three-week soil experiment. Thirty active ingredients were identified in 92 agricultural products. Chlorpyrifos was identified as one of the most commercialized insecticides, where insecticides represented 69% of marketed phytosanitary products, mainly organophosphates (18%) and pyrethroids (21%), despite its hazardous classification and ban in several countries. Germination assays showed a hormetic response at low dose (2200 mg/L), reaching 70% germination compared with 51% in the control, while the germination index decreased to 75% at the recommended dose (4400 mg/L). Statistical analyses revealed inhibition of hypocotyl elongation (p = 0.001) and cotyledon development (p = 0.029). Soil microbiome analysis showed that high chlorpyrifos concentrations reduced microbial richness and diversity, while beta diversity analyses explained 99% of the variance among treatments. Proteobacteria, Burkholderiales, and Sphingomonadales increased under pesticide exposure, indicating microbial adaptation and biodegradation potential. Functional prediction using PICRUSt2 revealed enrichment of genes K03381, K00446, K01048, and K01560 associated with potential organophosphate degradation pathways. These findings demonstrate that chlorpyrifos induces ecological and seedling alterations even at agronomically recommended concentrations. highlighting the need to strengthen sustainable pesticide management and environmental monitoring strategies.",Needs manual review before database use
42226349,10.1002/ps.70973,2026,"Design, synthesis, antibacterial activity, and mechanism study of phosphate-containing vanillin sulfonylhydrazide derivatives.",Pest management science,Bai S; Lv X; Guo D; Wan S; Wu R; Tang S; Wang F; Xiao Y,Journal Article,"BACKGROUND: The increasing prevalence of phytopathogenic bacteria, such as Xanthomonas oryzae pv. oryzicola (Xoc), Xanthomonas axonopodis pv. citri (Xac) and Pseudomonas syringae pv. actinidiae (Psa), poses a serious threat to global agricultural productivity, underscoring the urgent need for novel antibacterial agents with distinct mechanisms of action. This study designed, synthesized, and evaluated a series of phosphonyl-substituted vanillyl sulfonyl hydrazide derivatives for their antibacterial activity and to elucidate the potential mechanisms of action of the most active compound. RESULTS: In total, 26 novel phosphonyl-substituted vanillyl sulfonyl hydrazide derivatives C were synthesized and structurally confirmed. Bioassays revealed that most compounds exhibited moderate to good antibacterial activity against the tested pathogens. Notably, compound C02 exhibited the most potent activity against Xoc, with a half-maximal effective concentration (EC50) value of 28.2 mg/L. Mechanistic studies revealed that C02 binds to the active cavity of the target protein (Protein Data Bank code: 4Z8V), forming stable interactions. Further analysis showed that C02 is highly chemically reactive and stable, disrupts bacterial cell membrane integrity (causing wrinkling and rupture), and considerably inhibits the activity of the key metabolic enzymes. Proteomic analysis demonstrated that C02 treatment broadly disrupts bacterial metabolic pathways, including energy metabolism, amino acid synthesis, and cell membrane biosynthesis. CONCLUSION: Compound C02 exerts its potent antibacterial effects through a multi-mechanism action involving membrane disruption and interference with multiple core metabolic processes. These findings provide a theoretical foundation and experimental evidence for developing novel antibacterial agents based on the phosphate-containing vanillin sulfonyl hydrazide scaffold, significantly advancing the field by identifying a promising lead compound with a well-characterized, multi-faceted mode of action. © 2026 Society of Chemical Industry.",Needs manual review before database use
42224579,10.1021/acs.jafc.5c16859,2026,Dual-Functional,Journal of agricultural and food chemistry,Huang Y; Lei Q; Chen Z; Liu M; Chen WJ; Ghorab MA; Chen S,Journal Article,"The extensive and persistent application of glyphosate has led to its accumulation in agricultural soils, creating potential ecological and health risks. In this study, a novel glyphosate-degrading bacterium, Rhizobium dioscoreae Q9a, was isolated and characterized. Strain Q9a effectively degraded glyphosate (50 mg/L) within 9 d in liquid culture. In addition to its degradative ability, strain Q9a exhibited multiple plant growth-promoting traits, including solubilization of up to 150 mg/L insoluble phosphate, production of 45 μg/mL indole-3-acetic acid, and siderophore secretion. Genome sequencing revealed multiple candidate genes potentially responsible for glyphosate metabolism, and heterologous expression validated the glyphosate oxidoreductase function of the key enzyme GoxD encoded by an oxidoreductase gene. Further, molecular docking and site-directed mutagenesis confirmed that Ser38 serves as the critical active site in GoxD for catalyzing glyphosate. These findings highlight the potential of strain Q9a as a promising bioinoculant for the bioremediation of glyphosate-contaminated environments and for enhancing crop growth.",Needs manual review before database use
42223444,10.1128/jvi.00445-26,2026,Trifloxystrobin-triggered Drp1 hyperactivation biases mitophagy and imposes long-lasting SVCV susceptibility in teleost.,Journal of virology,Wang H; Hu Y; Liu L; Chen J,Journal Article,"Environmental pollutants are increasingly recognized as disease modifiers, reshaping host homeostasis and shifting host-pathogen dynamics toward higher infection risk in aquatic ecosystems. Here, we show that the widely used strobilurin fungicide trifloxystrobin (TFS) persistently erodes antiviral competence in fish and increases susceptibility to spring viremia of carp virus (SVCV) by driving dynamin-related protein 1 (Drp1)-mediated excessive mitophagy and sustained mitochondrial dysfunction. Using epithelioma papulosum cyprini (EPC) cells and zebrafish as complementary models, we find that environmentally plausible TFS exposures (2.5-25 μg/L) elevate SVCV permissiveness; notably, this phenotype resolves incompletely after chemical withdrawal. Transcriptomics revealed a dose-concordant shift toward stress/innate immune signaling and mitophagy programs, alongside broad repression of proliferative and DNA-repair pathways. Consistently, TFS induces persistent mitochondrial membrane depolarization, promotes fragmentation and ultrastructural deterioration, and increases mitochondria-lysosome coupling. Mechanistically, TFS elevates Drp1 abundance and Ser616 phosphorylation, promotes Drp1 recruitment to mitochondria, and sustains microtubule-associated protein 1 light chain 3B (LC3B)/lysosomal-associated membrane protein 2 (LAMP2) engagement, accompanied by persistent induction of core autophagy regulators (gabarap, atg5, wipi1, and ambra1) across extended recovery windows. In vivo, prolonged TFS exposure similarly yields durable enhancement of SVCV susceptibility even after long recovery periods, indicating incomplete restoration of host resistance. Together, these findings link a major agricultural fungicide to persistent Drp1-driven mitophagy overactivation and identify long-term antiviral resistance as an ecologically relevant endpoint for pesticide risk assessment and aquatic disease forecasting.IMPORTANCEViral diseases pose a significant challenge to sustainable aquaculture, and effective antiviral interventions remain limited. In this study, we reveal that trifloxystrobin, a widely used fungicide, induces mitochondrial dysfunction and Drp1-mediated excessive mitophagy, leading to long-term suppression of antiviral immune responses in fish. Importantly, this work identifies mitochondrial dynamics as a key determinant of viral susceptibility and demonstrates how environmental pollutants can reshape host-pathogen interactions. By linking mitophagy and Drp1 activation to increased spring viremia of carp virus susceptibility, our findings provide a novel perspective on how pollutants may exacerbate viral infections in aquaculture species. This work underscores the urgent need for ecosystem-based antiviral strategies and offers a mechanistic framework for assessing ecological risks posed by common agricultural chemicals, thereby informing environmental and disease management in aquaculture.",Needs manual review before database use
42222486,10.7717/peerj.21207,2026,A potent Vip3Aa94 protein from Thai,PeerJ,Ngoen-Klan R; Chinon N; Rattanawannee A; Noosidum A; Siriwan W; Chanpaiseang J; Chareonviriyaphap T; Rajchanuwong P,Journal Article,"Vegetative insecticidal proteins (Vip) are produced by Bacillus thuringiensis during its vegetative growth stage. Vip3 proteins play a significant role in the insecticidal activity of B. thuringiensis against a wide spectrum of economically important crop pests. In this study, 163 B. thuringiensis strains were screened for the presence of vip3 using a polymerase chain reaction-based approach. Seventeen (10.43%) strains yielded an amplification product for vip3. Ten of these strains exhibited larvicidal activity against second-instar larvae of Spodoptera litura, Spodoptera exigua, and Spodoptera frugiperda, with corrected mortality rate ranging from 18.30% to 100%. JC20 exhibited the highest efficacy against the three Spodoptera species, achieving corrected mortality rates of 98.30% for S. litura and both 100% for S. exigua and S. frugiperda. Given its potency, JC20 was further characterized to identify its unique features and to assess its potential as a bioinsecticide. Scanning electron microscopy revealed the presence of bipyramidal crystal proteins in JC20, correlating with this strain harboring cry1D and cry2A. The vip3 gene of JC20 was cloned and sequenced. The complete 2,370 bp sequence was subsequently named Vip3Aa94 by the Bacterial Pesticidal Protein Database. The size of Vip3Aa94, determined via sodium dodecyl sulfate-polyacrylamide gel electrophoresis was approximately 90 kDa. Broad-spectrum efficacy for Vip3Aa94 was established against the second-instar of S. frugiperda, S. exigua, and S. litura, with low LC50 values of 67.38, 81.97, and 147.92 ng/cm2, respectively. Phylogenetic analysis based on the Vip3Aa94 sequence indicated that geographic separation led to the divergence of vip3, consistent with its distinct features compared with other B. thuringiensis strains globally. This study highlights JC20, with its high insecticidal activity, as a promising candidate for controlling Spodoptera pests.",Needs manual review before database use
42221587,10.3389/fcimb.2026.1822003,2026,"Disruption of chitin synthases impairs tick feeding and reproduction, validating a broad-spectrum acaricide target.",Frontiers in cellular and infection microbiology,Hajdusek O; Urbanova V; Moos M; Vancová M; Perner J,Journal Article,"Chitin, a major structural component of arthropods, is synthesized by chitin synthases (CHSs), which polymerize N-acetylglucosamine and extrude chitin into the extracellular matrix. CHSs are essential for cuticle formation and peritrophic matrix (PM) biogenesis and represent validated targets of several acaricides, yet their roles in ticks remain poorly defined. Here, we functionally characterize CHSs in the tick Ixodes ricinus, a major European vector of Lyme borreliosis. We identify three CHS genes with distinct expression patterns. RNA interference-mediated silencing of individual CHS genes reduced chitin deposition in the cuticle and PM, impaired feeding, survival, molting, and oviposition, and caused high post-feeding mortality. Artificial feeding with etoxazole, a non-catalytic CHS inhibitor, phenocopied these defects at nanomolar concentrations. While CHS silencing did not affect Borrelia afzelii transmission, it increased pathogen acquisition by feeding nymphs. Together, our findings establish CHSs as essential regulators of tick physiology and highlight their potential as selective molecular targets for tick control strategies.",Needs manual review before database use
42217893,10.1016/j.jes.2026.02.016,2026,The application of cold-adapted microorganisms in biphenyl biodegradation: Responses and mechanisms to environmental temperature fluctuations.,Journal of environmental sciences (China),Liu Z; Huang J; Li W; Jia Y; Fu Y; Shen C,Journal Article,"For the bioremediation of contaminated sites, the efficiency of bioaugmentation depends on the survival capacity of introduced degradative strains in environmental settings. Many isolated strains exhibit poor activity after field application, primarily due to fluctuating environmental conditions, among which diurnal temperature variation represents a significant contributing factor. In this study, cold-adapted bacteria were implemented for biphenyl degradation under realistic environmental temperature fluctuations. The research employed a simplified isolation approach incorporating the limiting dilution method to isolate 22 biphenyl-degrading strains from four extreme environments: Antarctic soil, Pacific deep-sea sediment, and Qinghai-Tibet Plateau soil/lake sediment. Notably, a Microbacterium strain from deep-sea sediment demonstrated broad temperature adaptability, completely removing 500 mg/L biphenyl within 3 days at both 30 and 15 °C. This strain can also degrade toluene, phenol, and sodium benzoate. Its biphenyl removal efficiency in actual environmental water samples remained unaffected by diurnal temperature cycling. Further analysis revealed its capacity to maintain membrane fluidity at 15 °C and to upregulated the expression of the cold shock protein gene cspA. These results suggest that cold-adapted microorganisms have promising applications in the bioremediation of organic contaminants.",Needs manual review before database use
42217808,10.1016/j.biortech.2026.135024,2026,Orchestrating triacylglycerol biosynthesis and hydrolysis via synthetic genetic circuits enhances spinosad production in Streptomyces albus.,Bioresource technology,Li X; Guo R; Jiang C; Liu R; Luan J; Wang H,Journal Article,"Spinosad, a potent insecticidal secondary metabolite, is biosynthesized with acetyl-CoA as the key precursor. Triacylglycerols (TAGs) can supply acetyl-CoA via β-oxidation, but the regulatory link between TAG metabolism and spinosad biosynthesis in Streptomyces albus remains unclear. Here, we identified xnr_rs25305 as a key TAG hydrolase gene that positively regulates spinosad biosynthesis through transcriptomic analysis and functional validation. Overexpression of xnr_rs25305 increased spinosyn A titer by 2.1-fold and reduced intracellular TAG content by 70%, while its deletion decreased spinosyn A titer by 30%. Mechanistically, xnr_rs25305 mediates TAG hydrolysis to release free fatty acids (FFAs), which are further converted to acetyl-CoA, thereby maintaining acetyl-CoA homeostasis for spinosad biosynthesis. To augment TAG reserves, we heterologously expressed sco0958 (encoding diacylglycerol acyltransferase) in S. albus, resulting in 2.5-2.8-fold higher TAG levels during early fermentation. To coordinate TAG biosynthesis and hydrolysis temporally, we developed a novel cumate-responsive Cum-CI NOT logic gate (optimized to 5.6-fold repression efficiency) and integrated it with a cumate-inducible YES gate to construct a synthetic genetic circuit. This circuit simultaneously represses sco0958 (TAG biosynthesis) and activates xnr_rs25305 together with sco6196 (encoding acyl-CoA synthetase, accelerating FFA activation) in a cumate concentration-dependent manner. The engineered strain harboring this circuit achieved a 3.5-fold increase in spinosad titer compared to the unregulated control strain when induced with 50 μM cumate at 72 h post-inoculation. This study establishes the critical role of TAG metabolism in secondary metabolite biosynthesis and provides a precision engineering strategy by orchestrating metabolic fluxes via synthetic genetic circuits in Streptomyces.",Needs manual review before database use
42217247,10.1080/03601234.2026.2679866,2026,DDT exposure drives time-dependent restructuring of soil microbiomes in urban garden microcosms.,"Journal of environmental science and health. Part. B, Pesticides, food contaminants, and agricultural wastes",Gök A; Arıkan M,Journal Article,"Dichlorodiphenyltrichloroethane (DDT) remains a pervasive legacy contaminant in urban soil matrices, yet the temporal dynamics of how it reshapes microbial community assembly remain poorly characterized. In this study, we investigated the successional response of an urban garden soil microbiome (Istanbul, Türkiye) to DDT exposure using a laboratory-scale microcosm framework. Soil samples were collected across a 15-day gradient (Days 0, 5, 10, and 15) and analyzed via 16S rRNA gene amplicon sequencing. DDT exposure was associated with time-dependent shifts in microbial diversity and community structure. Rather than showing evidence of broad diversity loss, Shannon diversity increased steadily in treated soils, suggesting niche expansion following the suppression of sensitive taxa. Differential abundance analysis identified a responder consortium; genera such as Rhodococcus, Kribbella, Nitrospira, Solirubacter, and Millisia significantly increased, whereas Pedomicrobium, Lysobacter, Pseudoarthrobacter, and Sedimentibacter declined. Inferred functional profiling revealed a marked metabolic restructuring in which pathways involved in aromatic amino acid and fatty acid metabolism decreased, while modules related to the degradation of chlorinated aromatic compounds, redox homeostasis, and stress responses were enriched. These findings suggest that DDT induces a specialized successional trajectory in soil microbiome, reflecting an adaptive transition toward a stress-resilient and potentially degradative community.",Needs manual review before database use
42215201,10.1016/j.fm.2026.105121,2026,CPT on the inhibitory activity against Penicillium expansum and control of blue mold.,Food microbiology,Wu X; Kong W; Peng Z; Li X; Yu T; Wubuli A; Zhang X; Zhu X,Journal Article,"Camptothecin (CPT), a natural alkaloid, exhibits potent antitumor and antifungal properties. Penicillium expansum is one of the most devastating pathogens affecting temperate fruit. Its infection can severely reduce fruit storage quality and commercial value. This study demonstrated that CPT exhibited excellent antifungal activity for P. expansum and also inhibited its accumulation of patulin. Notably, CPT (5 μg/mL) resulted in statistically significant and substantial inhibition of colony growth, spore germination, sporulation, and biomass accumulation. Gene expression analyses revealed that spore development-related genes were markedly downregulated following CPT exposure. This led to dramatic morphological damage in P. expansum spores and hyphae, as well as extensive leakage of intracellular nucleic acids and proteins. CPT treatment sharply reduced patulin content in both culture and inoculated fruit. CPT application also led to pronounced suppression of key cell wall-degrading enzymes (CWDEs). These including polygalacturonase (PG), pectin lyase (PL), cellulose (Cx), pectin methylesterase (PME), polygalacturonase transeliminase (PGTE), and pectin methylesterase transeliminase (PMTE), which are produced during fruit infection. As a result, lesion expansion was effectively halted. In summary, CPT impaired P. expansum growth by disrupting hyphal and spore development. It also inhibited cell wall-degrading enzyme activity at fruit wound sites, indicating its strong potential to mitigate postharvest blue mold.",Needs manual review before database use
42214373,10.1128/spectrum.00240-26,2026,Biocontrol potential and mechanism of an endophytic,Microbiology spectrum,Dang J; Wei Y; Jiang Y; Zhang M; Wei J; Yang X; Xing J; Peng H,Journal Article,"Fire blight, caused by Erwinia amylovora, is one of the serious challenges in the production of pears and apples. In this study, we isolated and analyzed the biocontrol efficiency and underlying mechanisms of strain KS1, an antagonistic bacterium of E. amylovora obtained from the ""Huoba"" pear cultivar of Pyrus pyrifolia Nakai. Strain KS1 was identified as Bacillus subtilis based on multi-locus phylogenetic analysis using 16S rRNA and rpoB gene sequences, together with average nucleotide identity (ANI) analysis of the KS1 genome against representative Bacillus species. Genomic analysis revealed that KS1 harbors multiple biosynthetic gene clusters associated with antimicrobial compound production, and surfactin and bacillibactin were detected by LC-MS analysis. Laser confocal microscopy analysis demonstrated that strain KS1 can colonize the roots, leaves, and rhizosphere soil of Pyrus betulifolia Bunge. KS1 significantly reduced the fire blight disease index on leaves, twigs, and immature fruits of Pyrus sinkiangensis Yü. In addition, KS1 promoted the growth of P. betulifolia Bunge seedlings. Field trials during the flowering period demonstrated that strain KS1 achieved control efficacies of 84.00% and 85.39% against fire blight on individual flowers and flower clusters, respectively. These results suggest that B. subtilis KS1 effectively inhibitsE. amylovora and has strong potential as a biological control agent for fire blight. This study provides insights into the antibacterial mechanisms of KS1 and supports its future development for sustainable management of fire blight.IMPORTANCEFire blight, caused by Erwinia amylovora, is a devastating disease that threatens pear output in several countries. Currently, fire blight is controlled primarily with chemical pesticides, which are causing additional issues, such as disease resistance, environmental contamination, and pesticide residues on fruit. As a result, there is a rising emphasis on creating ecologically acceptable, safe, and effective biocontrol strategies for combating fire blight in pear farming. This study explores the discovery and mechanisms of Bacillus subtilis KS1, which provides a novel biocontrol resource for managing pear fire blight. Strain KS1 has efficient and ecologically friendly biocontrol capabilities through a variety of mechanisms, including the production of antimicrobial lipopeptides (e.g., surfactin and bacillibactin), competition for colonization, induction of plant resistance, and direct promotion of growth. Therefore, this work demonstrates the great potential of B. subtilis KS1 as an alternative to chemical pesticides in sustainable pear production.",Needs manual review before database use
42213250,10.1007/s11274-026-04965-3,2026,Biocontrol of Fusarium culmorum and enhanced wheat seedling growth by Streptomyces sp. D15 from Algerian steppe soil: performance and genome analysis.,World journal of microbiology & biotechnology,Toumatia O; Dif G; Belaouni HA; Mokhnache S; Saadi SA; Goudjal Y; Meklat A; Bouras N,Journal Article,"Wheat (Triticum aestivum L.), a staple crop in Algeria and other semi-arid regions, faces significant challenges from fungal pathogens like Fusarium culmorum, which cause substantial yield losses and threaten food security. This study investigates the biocontrol and plant growth-promoting potential of Streptomyces sp. D15, an actinobacterial strain isolated from steppe soil in Algeria. Phylogenomic analysis confirmed the classification of strain D15 as Streptomyces lavendofoliae. During in planta experiments on wheat seedlings, strain D15 improved shoot length with increases of 67% relative to control and 120% relative to FC-infested seedlings. Results revealed the strain's ability to significantly reduce the severity of F. culmorum-induced seedling blight, achieving 91% reduction in disease incidence and 87% reduction in disease severity. Additionally, D15 enhanced wheat emergence rate (143% improvement) and increased root lateral branching by 391% compared to infested seedlings. Genome annotation identified a diverse range of genes linked to biocontrol mechanisms, including chitinolytic enzymes, siderophore production, and antifungal secondary metabolites such as hydrogen cyanide. Moreover, genes related to phosphate solubilization and phytohormone biosynthesis, including indole-3-acetic acid and gibberellic acid, were detected, explaining the observed plant growth-promoting effects. This comprehensive investigation highlights Streptomyces sp. D15 as a promising biocontrol agent and growth promoter, offering an eco-friendly and sustainable alternative to chemical pesticides. Its remarkable adaptability to semi-arid environments and its potential for agricultural applications position it as a valuable tool for enhancing wheat productivity and resilience in regions facing both biotic and abiotic stressors.",Needs manual review before database use
42212617,10.1021/acs.jafc.5c12629,2026,"Discovery of Imidazo[1, 2-",Journal of agricultural and food chemistry,Long Y; Long ZQ; Wu YY; Li M; Li LF; Hu XQ; Yang XM; Zhang L,Journal Article,"Tubulin is a critical antifungal target. However, current tubulin-targeting fungicides are limited by structural simplicity and single target site mechanisms, underscoring the imperative to diversify their chemical architectures. To address this challenge, we strategically employed a scaffold-hopping approach to incorporate the imidazo[1, 2-a]pyridine scaffold─a structural analog of benzimidazole─fused with a hydrazone fragment, synthesizing a series of novel imidazo[1, 2-a]pyridine hydrazone derivatives and evaluating their antifungal activity. Among these, compound B10 exhibited an EC50 value of 1.52 μg/mL against Botryosphaeria dothidea, outperforming fenbendazole and ferimzone. At 200 μg/mL, it displayed excellent in vivo control efficacy of 63.6%. Mechanistic investigations unveiled that compound B10 formed multiple hydrogen bonds and π-π interactions with tubulin, and further induced intracellular microtubule aggregation, thereby disrupting both hyphal morphology and cellular architecture. This study provides strong evidence for structural diversification in tubulin-targeting antifungal agents, offering new perspectives for overcoming existing limitations in antifungal therapy.",Needs manual review before database use
42207227,10.1007/s11274-026-05057-y,2026,Whole-genome sequencing and functional validation of the plant growth-promoting Bacillus velezensis DO23 isolated in Vietnam.,World journal of microbiology & biotechnology,Tran Vu HA; Phan Van HL; Nguyen Thi N; Ho Thi CN; Do AD,Journal Article,"Plant growth-promoting bacteria (PGPB) represent a sustainable alternative to chemical fertilisers and pesticides; however, their agricultural application requires rigorous evaluation of both functional efficacy and biosafety. In this study, we conducted an integrated genomic and phenotypic characterisation of Bacillus velezensis DO23, a rhizosphere-derived strain isolated from chilli pepper (Capsicum annuum L.)-cultivated soils in Vietnam, to assess its potential as a plant growth-promoting inoculant. Whole-genome sequencing revealed a 3.99 Mb draft genome with a GC content of 46.1% and confirmed the taxonomic placement of strain DO23 within the B. velezensis clade. Genome annotation identified genes associated with phosphate acquisition and putative phosphorus metabolism, siderophore-mediated iron uptake, tryptophan/indole-related metabolism, motility, root adhesion, biofilm formation, and secondary metabolite biosynthesis. In silico screening detected no known virulence factors or antibiotic resistance genes, supporting a favourable preliminary biosafety profile. Functional assays corroborated several genomic predictions, demonstrating phosphate solubilisation, siderophore production, formation of Salkowski-reactive indole-like compounds, biofilm formation, root association, and antagonistic activity against selected phytopathogenic fungi. In addition, seed treatment with DO23 significantly improved germination and early seedling vigour in both chilli pepper and green mustard under controled conditions. Collectively, these findings indicate that B. velezensis DO23 promotes early plant development through coordinated nutrient mobilisation, indole-related metabolic potential, and rhizosphere competence rather than nitrogen fixation. This study highlights the value of integrating whole-genome sequencing with targeted phenotypic validation to establish genotype-phenotype relationships and supports further evaluation of DO23 as a native bioinoculant candidate for sustainable agriculture in Vietnam.",Needs manual review before database use
42206728,10.1021/acs.jafc.6c02931,2026,Tebuconazole Reduces Deoxynivalenol Accumulation in Wheat through Activation of Secondary Metabolic Pathways and UDP-Glycosyltransferases.,Journal of agricultural and food chemistry,Wei C; Wu J; Zhao Y; Li L; Liang F; Man Y; Pan X; Zheng Y,Journal Article,"Numerous studies have assessed how fungicides affect the deoxynivalenol (DON) biosynthesis of Fusarium graminearum in vitro. However, little attention has been paid to how fungicide-driven modifications in wheat secondary metabolism regulate DON biosynthesis. This study evaluated the influence of sublethal chiral tebuconazole on DON biosynthesis in vitro and in vivo. In vitro exposure to chiral tebuconazole stimulated DON biosynthesis and upregulated TRI5 and TRI6 gene expression. Conversely, identical treatments substantially lowered DON accumulation in vivo by activating wheat secondary metabolism and UDP-glycosyltransferase (UGT) activity, thereby facilitating the transformation of DON to DON-3-O-glucoside (D3G). Widely targeted metabolomic profiling demonstrated pronounced shifts in the accumulation of endogenous wheat metabolites. Several metabolites, including secoisolariciresinol, kaempferide, harmine, and 4',7-di-O-methylnaringenin, inhibited DON biosynthesis in vitro and diminished DON accumulation in vivo. These findings provide a novel framework for mitigating DON stimulation under sublethal fungicide exposure and support the development of safer fungicide application practices.",Needs manual review before database use
42204650,10.1002/ps.70950,2026,Structure guided development of phenoxyethanol based N-aryloxyethyl heterocycles for the control of Phytophthora infestans.,Pest management science,Xiong LT; Wang L; Zheng X; Zhang G; Tang RY,Journal Article,"BACKGROUND: Late blight caused by the oomycete Phytophthora infestans remains one of the most devastating diseases threatening global potato and tomato production. Overuse of a narrow range of fungicides has sped up resistance, making it urgent to develop new agents that work differently and are safer. RESULTS: In this study, a series of N-aryloxyethyl heterocycles were rationally designed by integrating the aryloxyethyl scaffold of phenoxyethanol with bioactive heterocyclic frameworks. Among the 40 synthesized derivatives, compound 8c exhibited the highest anti-oomycete activity against P. infestans, with an EC50 value of 1.67 mg L-1. In potted tomato assays, 8c provided over 90% protective and curative efficacy at 50 mg L-1, comparable to carbendazim and slightly lower than cyazofamid. Untargeted metabolomic analysis revealed pronounced perturbations in tricarboxylic acid (TCA) cycle flux and amino acid biosynthesis, highlighting mitochondrial energy metabolism, with SDH-associated processes emerging as a sensitive metabolic node affected by 8c treatment. This finding was supported by enzymatic assays showing reduced SDH activity. However, the metabolic profile indicates a systemic bioenergetic collapse rather than simple enzyme inhibition. This suggests 8c likely disrupts mitochondrial membrane integrity, leading to an oxidative cascade marked by surging malondialdehyde (MDA) levels and compromised antioxidant defenses. Crucially, acute toxicity assays further indicated a favorable safety profile toward representative non-target organisms, including silkworms, zebrafish, and earthworms. CONCLUSION: Collectively, these results identify compound 8c as a promising anti-oomycete lead that combines high efficacy, multi-level metabolic disruption, and encouraging safety characteristics for late blight management. © 2026 Society of Chemical Industry.",Needs manual review before database use
42203118,10.1016/j.biortech.2026.134989,2026,"Multi-dimensional metabolic engineering and enzyme engineering in Escherichia coli for highly efficient biosynthesis of 2,5-furandicarboxylic acid.",Bioresource technology,Cui Y; Zhang P; Miao R; Zhao M; Fan L; Li X; Qiu Y; Deng C,Journal Article,"2,5-Furandicarboxylic acid (FDCA) is a key monomer widely used in the plastic, dye, pharmaceutical, pesticide and resin industries. Presently, its biosynthesis via microbial fermentation is severely limited by the cytotoxicity of substrate 5-hydroxymethylfurfural (HMF). In this study, using Escherichia coli as a host, efficient biosynthesis of FDCA was achieved through multi-step metabolic engineering and protein engineering. The novel oxidative pathway for converting HMF to FDCA was constructed and optimized by screening candidate genes and optimizing gene combination, linkage strategies, copy number, and translation intensity. Subsequently, a comprehensive deep mutation screening of aldehyde dehydrogenase EcALDH was performed using the VenusFactory platform, and the mechanisms were elucidated through kinetic analysis and molecular dynamics (MD) simulations. The H263A mutant increased the catalytic efficiency toward the key intermediates 5-hydroxymethyl-2-furancarboxylic acid (HMFCA) and 5-formyl-2-furancarboxylic acid (FFCA) by 828.4% and 340.3%, respectively. Further, FDCA production was enhanced by increasing the availability of the cofactors nicotinamide adenine dinucleotide (NAD+) and flavin adenine dinucleotide (FAD), while reducing extracellular leakage of the intermediate HMFCA. Transcriptomic analysis identified 26 significantly upregulated candidate genes potentially associated with HMFCA transport. Notably, inactivation of aromatic amino acid transporter (AroP) increased the FDCA concentration to 77.73 mM. Finally, fed-batch fermentation in a 5-L bioreactor produced 170.72 mM (26.65 g/L) FDCA with a molar yield of 94.8% relative to HMF added. These results demonstrate that the engineered E. coli strain constructed in this study can serve as a promising platform for efficient and sustainable production of FDCA, laying a solid foundation for industrial biomanufacturing.",Needs manual review before database use
42202600,10.1016/j.chemosphere.2026.144976,2026,Dimethoate delimits both the donor and acceptor side functions of photosystem II of the soil cyanobacterium Anabaena sp. PCC 7119.,Chemosphere,Swain BB; Mishra S; Adak T; Mohapatra PK,Journal Article,"The non-target toxicity of organophosphorus (OP) insecticides has affected the distribution and metabolic performances of native microbial communities resulting in loss of soil productivity. Dimethoate (DM) and other OP insecticides are known to decrease physiological performances and change the biochemical composition of cyanobacteria but detailed evaluation of the impact of DM on the photosystem II (PS II), specifically on the major light harvesting and water splitting processes, is lacking. We observed that DM (at 50-200 μM) reduced growth, pigment contents, and photosynthesis, but enhanced respiration, lipid peroxidation and accumulation of fluorescing chlorophyll catabolites of Anabaena sp. PCC 7119. OJIP fluorescence transients showed an increase in OJ fluorescence with proportionate enhancement at J inflection. Donor limitation of PS II was observed with fluorescence rise at K and L inflections, which could be compared with that of ammonia. The increase in the magnitude of parameters of PS II acceptor side functions, VJ, φD0, Abs/RC and D0/RC, indicated reduced PS II-PS I electron transport. This was supported by decrease in proportion of PS I reduction, which could be increased with addition of ascorbate. Increase in PS I reduction under ascorbate rich medium confirmed the donor limitation of PS II.",Needs manual review before database use
42201889,10.1371/journal.pone.0348782,2026,"Genome-wide analysis of the invasive fungal pathogen Neopestalotiopsis reveals high genomic diversity, effector repertoires, and the assessment of fungicide resistance risks.",PloS one,Adhikari TB; Muzhinji N; Gaire S; Magar PB; Pandey A; Moparthi S; Louws FJ,Journal Article,"Neopestalotiopsis species (spp.) have recently emerged as major pathogens worldwide, causing leaf spot, fruit rot, and crown rot of strawberry, resulting in increased disease outbreaks and economic losses. Despite their increasing impact, there is a limited genomic resource for this pathogen group, constraining insights into pathogenic mechanisms and fungicide resistance. We conducted whole-genome sequencing of 50 Neopestalotiopsis strains from major strawberry production regions in North Carolina using the Illumina NovaSeq platform. The generated genome assemblies enabled comprehensive analyses of fungicide-resistance-associated mutations and the prediction of effector repertoires using signal-peptide screening, secretion filtering, and machine-learning-based approaches. Eight key fungicide target genes (β-tubulin, cytb, cyp51A, cyp51B, Bos1, and SDHI subunits (sdhB/C/D) were examined for putative resistance mutations. Phylogenomic analysis based on single orthologs from protein-coding regions and average nucleotide identity (ANI) matrices grouped the strains into two major lineages (Clades A and B) of Neopestalotiopsis rosae and a third distinct lineage (Clade C) comprising other Neopestalotiopsis spp. Between 879 and 895, CAZymes were predicted per genome, with glycoside hydrolases and auxiliary activity enzymes predominating in plant cell wall degradation. Effector prediction revealed between 87 and 95 putative secreted effectors, including many cysteine-rich proteins and species-specific candidates. Variation in target gene sequence analysis revealed benzimidazole resistance mediated by β-tubulin E198A/K and widespread QoI resistance associated with cytb G143A. The cyp51 gene exhibited extensive polymorphism, particularly H147Y and N284H, while the L98H variant was rare. No resistance-associated mutations were detected in any SDHI- or Os-1-target genes. This study represents the first comprehensive genomic assessment of Neopestalotiopsis strains infecting strawberry in North Carolina, revealing substantial genomic diversity, various enzymes and effectors involved in host colonization, and mutations linked to resistance to benzimidazole, QoI, and DMI, but not SDHI fungicides. These findings provide a foundation for developing improved, sustainable fungicide-use and disease-management strategies.",Needs manual review before database use
42201260,10.1021/acs.jafc.5c12350,2026,Novel Insights into Quinoline-Based Oxime Ether Derivatives with,Journal of agricultural and food chemistry,Yang J; Yang L; Chen W; Yang X; Chen Z; Li M; Wu Y; Long Z,Journal Article,"Numerous bioactive oxime ethers are utilized as pharmaceuticals and agrochemicals. However, the correlations among C═N-O bond E/Z isomerization, biological activity, and molecular targets of such compounds remain poorly elucidated. Herein, we constructed 54 novel quinoline-based oxime ether derivatives and illustrated their differential target-binding behavior of E/Z-isomers toward the putative target cytochrome bc1. E-isomer A23 exhibited the most potent activity against Colletotrichum sublineola with an EC50 value of 0.68 μg/mL, markedly higher than that of its Z-isomer (4.12 μg/mL). It also exerted stronger inhibitory effects on cytochrome bc1 with an IC50 of 16.6 μg/mL relative to B23 (26.9 μg/mL), which further disturbed mitochondrial function, thereby inducing ROS accumulation and cell membrane damage. A23 showed high protective (86.9%) and curative (80.7%) effects with low toxicity. This study reveals great potential of novel quinoline oxime ethers for fungal control and provides a new perspective for understanding how molecular configuration differences influence biological activity.",Needs manual review before database use
42199896,10.1016/j.fochx.2026.103916,2026,X-ray irradiation simultaneously mitigates chlorfenapyr and azoxystrobin residues and preserves postharvest quality of cowpea.,Food chemistry: X,Guo K; Wang M; Chen C; Ren J; Li X; Yue X; Li X; Zhang S,Journal Article,"Cowpea faces a residue-quality trade off during postharvest storage, requiring effective pesticide dissipation without accelerating quality deterioration. This study evaluated the potential of X ray irradiation (0-350 Gy) to simultaneously dissipate chlorfenapyr and azoxystrobin residues, and preserve the postharvest quality of cowpea over 8 days. Pesticide dissipation was dose-dependent, influenced by pesticide properties and matrix effects, with azoxystrobin showing greater apparent degradability than chlorfenapyr. Transformation products were identified, with degradation pathways involving dealkylation, hydroxylation, hydrolysis or ether cleavage, and reductive dehalogenation, while ECOSAR screening indicated most products had potentially lower aquatic toxicity for most products. Irradiated samples also showed lower microbial growth and lipid peroxidation, together with higher antioxidant enzyme activities, phenolics, and flavonoids, suggesting an adaptive stress response. The optimal 300-350 Gy irradiation range balances residue reduction and short-term storage quality, providing a sustainable technical and theoretical foundation for safe postharvest commercial handling of fresh cowpea.",Needs manual review before database use
42198611,10.3390/pathogens15050484,2026,Efficacy of Certain Monoterpenes as Antifungal Agents and Abiotic Elicitors Against Chocolate Spot Disease of Faba Beans Caused by,"Pathogens (Basel, Switzerland)",Derbalah A; Mohamed A; El-Gammal N; Hussain W; Hamza A; Alhusays A; Omar A; Alhewairini S,Journal Article,"Chocolate spot, caused by the ascomycete fungus Botrytis fabae, is a devastating foliar disease and a major constraint on the quality and yield of faba beans (Vicia faba). Monoterpenes, such as carvone, cineole, and linalool, are often considered natural-identical alternatives to synthetic chemicals. Therefore, this study was carried out to assess the antifungal activity of some eco-friendly control agents (carvone, cineole, and linalool) against B. fabae, the causative agent of chocolate spot disease in faba beans, through growth inhibition assays in vitro. Furthermore, the efficacy of the tested monoterpenes for reducing the severity of chocolate spot disease in faba beans was evaluated under field conditions. Moreover, these eco-friendly control agents activate plant defense enzymes (phenylalanine ammonia-lyase, polyphenol oxidase, and peroxidase) as a self-defense mechanism against pathogen attacks of faba bean plants were investigated. Moreover, the impact of the tested monoterpenes on growth and yield characters of faba bean was evaluated. The results indicated a significant decrease in B. fabae growth following a treatment with the tested compounds compared to untreated controls. In field trials, treated faba bean plants exhibited a notable reduction in disease severity. Additionally, the application of monoterpenes enhanced the activity of defense enzymes (phenylalanine ammonia-lyase, polyphenol oxidase, and peroxidase), which are integral to plant defense mechanisms. Treatments also resulted in significant improvement growth and yield characters of faba bean. These findings suggest that the tested monoterpenes could serve as a control strategy for managing B. fabae, offering an environmentally sustainable alternative to conventional fungicides.",Needs manual review before database use
42198531,10.3390/toxics14050405,2026,Assessment of Paraquat Resistance and Degradation Potential in,Toxics,Morales-Olivares MI; Castrejón-Godínez ML; Mussali-Galante P; Tovar-Sánchez E; Rodríguez A,Journal Article,"Paraquat is an herbicide widely used to control weeds in various crops. Due to its use in large quantities, its dispersal into the environment is frequent, leading to contamination and negative health effects on non-target organisms because of its high toxicity and persistence in soils. Therefore, it is necessary to develop sustainable strategies to remediate sites contaminated by this compound. Bacterial remediation is a promising alternative for removing paraquat from the environment; however, the metabolic pathways used by bacteria for its degradation have not yet been precisely described. In this context, it is essential to characterize bacterial species capable of resisting and degrading paraquat, as well as to elucidate the molecular mechanisms involved in these processes. The objective of this work was to evaluate the paraquat resistance and degradation potential of the bacterial strain Caballeronia zhejiangensis CEIB S4-3, and to identify genes with a possible role in the resistance and degradation of this herbicide by analyzing the strain's genome. The results of this research showed that, in solid medium, C. zhejiangensis CEIB S4-3 can withstand concentrations of up to 200 mg/L of paraquat supplemented as a commercial formulation (Gramoxone®) and 400 mg/L of analytical-grade paraquat. In tryptic soy broth, the strain grew in the presence of both the commercial formulation and analytical-grade paraquat at concentrations up to 15 mg/L, whereas in mineral salts medium, supplemented with paraquat or its commercial formulation as the sole nutrient source, the strain survived exposure to paraquat at the same concentrations. Furthermore, the bacterial strain removed 40.8% of the paraquat supplemented in the culture medium at a concentration of 12 mg/L within 48 h. Finally, genomic analysis revealed the presence of genes related to paraquat resistance mechanisms and encoding enzymes involved in the degradation of this herbicide. These results position C. zhejiangensis CEIB S4-3 as a promising candidate for developing remediation alternatives for sites contaminated with this herbicide.",Needs manual review before database use
42197550,10.3390/microorganisms14051166,2026,Rhizosphere Microbial Community and Metagenomic Annotation Responses in a,Microorganisms,Zhang S; Li G; Zhu E; Zhao Y; Yang X; Huang S; Zheng Z,Journal Article,"Rhizosphere microorganisms play central roles in nutrient cycling and contaminant transformation in sediment-associated freshwater systems, yet their responses to newer pesticides remain insufficiently characterized. In this study, a 28-day Vallisneria natans-rhizosphere sediment microcosm was used to compare the effects of trifluenfuronate and fluopyram at nominal concentrations of 0.01, 0.1, and 1 mg L-1. Bacterial community composition was assessed using 16S rRNA gene sequencing, and shotgun metagenomic data were used to evaluate relative functional annotation patterns. Plant physiological traits and rhizosphere sediment enzyme activities were measured as ecological context for interpreting microorganism-associated responses. Fluopyram, particularly at 1 mg L-1, produced clearer ordination-level shifts in rhizosphere bacterial community composition than trifluenfuronate, although pairwise treatment separation was not statistically resolved after multiple-testing correction. Annotation-based metagenomic profiles also differed between the two pesticides: stronger exposure was associated with reduced relative signals for several xenobiotic-, transport-, and regulation-related annotations, while high-dose fluopyram showed a methane-metabolism-related annotation signal and high-dose trifluenfuronate showed relative enrichment of secondary-metabolism-related annotations. These microbial and annotation-profile responses coincided with stronger inhibition of V. natans growth and greater suppression of rhizosphere sediment enzyme activities under fluopyram exposure. Overall, fluopyram induced more consistent microorganism-associated response patterns than trifluenfuronate in the tested rooted macrophyte-sediment microcosm. The results highlight the sensitivity of rhizosphere microbial communities and metagenomic annotation profiles to pesticide exposure in sediment-associated freshwater systems.",Needs manual review before database use
42191310,10.1016/j.aca.2026.345606,2026,Duplex DNase-powered RNA walker for multiplex fluorescent detection of trace pesticide residues in tea samples.,Analytica chimica acta,Guo F; Zhou W; Li X,Journal Article,"BACKGROUND: The bipyridine herbicide paraquat (PQ) and the benzimidazole fungicide carbendazim (CBZ) play a key role in weed and fungus control on farmlands to elevate crop output. Yet, excessive deployment of these chemicals risks leaving residues in the food chain, constituting a grave danger to public health. The presence of multiple pesticide residues often elevates the risk of severe toxicity. Since existing detection techniques mostly target single pesticide residue and cannot fully assess the toxic impacts of both, developing new methods capable of simultaneously detecting PQ and CBZ residues is highly desirable. RESULTS: To address this, we present a Duplex DNase-assisted RNA walker for multiplex fluorescent detection of PQ and CBZ. High-affinity binding of targets to their aptamers displaces ssDNA from magnetic beads. The released ssDNA hybridizes with free T7 promoter templates to reconstitute split promoter sequences. Subsequently, T7 RNA polymerase-driven transcription amplifies short RNA strands, which hybridize with fluorophore-labeled reporter DNA on gold nanoparticles to form heteroduplexes. Duplex-specific DNase selectively cleaves the DNA within these heteroduplexes, releasing fluorophores and recycling RNA to achieve an efficient walking mechanism. This platform enables highly sensitive detection with limits of 2.52 nM for PQ and 3.50 nM for CBZ, alongside a broad linear range (3.89 nM ∼ 7.78 μM for PQ, and 5.23 nM ∼ 10.46 μM for CBZ). It demonstrates good selectivity against common interferents and successfully achieves accurate simultaneous detection of PQ and CBZ in tea samples. SIGNIFICANCE AND NOVELTY: The synergistic combination of Duplex DNase and T7 RNA polymerase-driven transcription significantly enhances the system's sensitivity and accuracy through efficient signal amplification. Consequently, this developed approach serves as a robust tool for environmental monitoring and food safety evaluation. It holds great promise for safeguarding ecosystem integrity and public health by facilitating the precise and simultaneous detection of hazardous pesticide residues.",Needs manual review before database use
42190836,10.1016/j.envpol.2026.128424,2026,Unraveling the alkali tolerance of microcystinase A within alkaline algal bloom scenarios.,"Environmental pollution (Barking, Essex : 1987)",Zhang W; Shao L; Xiang X; Cheng C; Wu Y; Kou X; Yu J; Xiong Z,Journal Article,"Microcystinase A (MlrA) is pivotal in degrading microcystins (MCs) and inhibiting Microcystis growth, holding promise for controlling harmful Microcystis blooms (HMBs). However, the high alkalinity of water from HMBs hinders MlrA's practical application. Thus, understanding the alkaline tolerance of MlrA is crucial. While previous studies on alkaline adaptation in MC degradation have primarily focused on host microbial systems, the intrinsic alkaline tolerance of MlrA enzyme itself remains underexplored. This paper delves into the alkaline tolerance and Microcystis inhibition differences of MlrA derived from alkali-tolerant and non-alkali-tolarant microorganisms. We characterized MlrA from Sphingopyxis sp. C-1 (MlrA-1) and Sphingomonas sp. ACM 3962 (MlrA-3962), analyzed their pH tolerance, and elucidated the potential alkali-tolreance mechanism. Furthermore, we investigated the disparities in the inhibitory effects on Microcystis associated with the alkaline tolerance of MlrA-1 and MlrA-3962, and elucidated the underlying inhibition mechanisms. This research conducts a thorough and comparative analysis of the alkaline tolerance of MlrA and its inhibitory effects on Microcystis. The findings lay a solid foundation and open up new avenues for the subsequent modification and practical application of MlrA.",Needs manual review before database use
42183903,10.1007/s11274-026-05024-7,2026,Functional amyloid BE-AM1 mediates xenobiotic adaptation in Solibacillus silvestris AM1.,World journal of microbiology & biotechnology,Markande AR,Journal Article,"Estuarine ecosystems are complex pollutant mixtures where hydrocarbons and pesticides coexist- resulting in microbial adaptation mechanisms with hitherto less studied cross-pollutant interactions. The present study elucidates the adaptive response of Solibacillus silvestris AM1, isolated from Vellar estuary focusing on regulation of an amphipathic functional amyloid protein, BE-AM1 (a bioemulsifier) under mixed xenobiotic stress (aromatic hydrocarbons and water-soluble pesticides) exhibiting ecological implications. The bacterial strain exhibited strong tolerance to benzene, naphthalene and acephate with maintained or enhanced BE-AM1 synthesis, while trichlorobenzene and cypermethrin significantly suppressed production. Acephate induction resulted in increased BE-AM1 production, enhanced cell-surface hydrophobicity, auto-aggregation and biofilm formation. The results thus suggest pesticide exposure-induced mechanisms of amyloid BE-AM1 mediated modulation of pollutant bioavailability, microbial adhesion and potential co-metabolic degradation within microbial consortia. S. silvestris AM1 is known for hydrocarbon and pesticide tolerance, supported by BE-AM1 mediated surface-activity in surface-wetting and alteration of physicochemical interfaces. Thus, amphipathic amyloid BE-AM1 reported previously for surface-active (bio-emulsifier) can act as mediator influencing estuarine pollutant partitioning and microbial interactions in micro-niches. The present study provides evidence for pesticide-induced regulation of functional amyloid production contributing to adaptive responses in S. silvestris AM1.",Needs manual review before database use
42176614,10.1016/j.enzmictec.2026.110903,2026,Mediator-assisted tetracycline transformation and dye decolorization by a thermostable recombinant laccase from Yersinia enterocolitica.,Enzyme and microbial technology,Özdemir Fİ; Şükür G; Yiğit BM; Tülek A,Journal Article,"Pharmaceutical residues and synthetic dyes are among the most persistent environmental pollutants, creating an increasing demand for efficient and sustainable remediation strategies. In this study, a recombinant bacterial laccase from Yersinia enterocolitica 8081 (YeLac) was heterologously expressed in Escherichia coli BL21, purified, and biochemically characterized. The purified enzyme exhibited maximal catalytic activity at 65 °C and displayed substrate-dependent pH behavior, with optimal oxidation of ABTS at pH 3.5 and SGZ at pH 7.5. YeLac also showed broad pH stability, retaining more than 80% activity over a wide pH range after 24 h. Kinetic analysis revealed catalytic efficiencies (kcat/Km) of 0.58 µM⁻¹ s⁻¹ for ABTS and 1.38 µM⁻¹ s⁻¹ for SGZ. Beyond model substrate oxidation, YeLac was evaluated not only for pollutant transformation but also for its impact on biological activity. In synthetic dye decolorization assays, 1 U of YeLac achieved the highest removal for Rhodamine 6 G (up to 95%), while Nile Red and Malachite Green also showed notable decolorization after 24 h. The enzyme catalyzed tetracycline transformation, a frequently detected antibiotic contaminant. LC-MS/MS analysis confirmed that, in the presence of ABTS as a redox mediator, 1 U of YeLac completely transformed 10 mg L⁻¹ tetracycline at 65 °C. Importantly, antibacterial activity assays were used to assess whether this transformation corresponded to functional detoxification rather than simple chemical modification. These findings demonstrate that YeLac enables efficient high-temperature tetracycline transformation with reduced antibacterial activity, while also supporting dye decolorization, providing a more relevant evaluation of pollutant removal.",Needs manual review before database use
42173172,10.1016/j.neuro.2026.103468,2026,Early postnatal exposure to permethrin and deltamethrin mixtures induces sex-specific hippocampal neurobehavioral and neurochemical alterations in adulthood.,Neurotoxicology,Ben Slimene S; Boukholda K; Ammar R; Aman C; Allain AE; De Deurwaerdère P; Boudawara O; Chagraoui A,Journal Article,"Pyrethroid insecticides, including deltamethrin and permethrin, are known for their individual toxic effects; however, evidence regarding their combined toxicity during early developmental stages remains limited. The present study aimed to investigate the neurotoxic effects of co-exposure to deltamethrin and permethrin in lactating rats, focusing on emotional and cognitive behaviors, as well as cholinergic and monoaminergic neurotransmission in their progeny at adulthood (5 months of age). Dams were orally administered deltamethrin (1.35 mg/kg/day) and permethrin (34 mg/kg/day), either individually or in combination, from postnatal day (PND) 7 to PND 21. Our results demonstrated that co-exposure of lactating females to deltamethrin and permethrin induced behavioral alterations in their offspring, including impaired locomotor activity, anxiety-like behavior, and learning and memory deficits, with sex-specific effects. Furthermore, these toxicants triggered oxidative stress in the hippocampus, as indicated by elevated levels of malondialdehyde, nitric oxide, and advanced oxidation protein products, along with impaired enzymatic and non-enzymatic antioxidant defenses. Early postnatal exposure also caused sex-dependent modifications in monoamine concentrations across multiple brain regions. Mechanistically, molecular alterations of the cholinergic system were observed in the hippocampus of both male and female rats, as evidenced by downregulation of AChE, mAChR, and nAChR gene expression. These molecular changes were further confirmed by histological analyses. In conclusion, our findings demonstrate that exposure of lactating females to deltamethrin and permethrin, individually or in combination, induces sex-dependent, deleterious, and sometimes distinct neurodevelopmental effects in their offspring at PND 150.",Needs manual review before database use
42172827,10.1016/j.jhazmat.2026.142462,2026,Interaction of nanoplastics and atrazine in a hydroponic system: Antagonistic phytotoxicity mediated by plant-microbe crosstalk and root endophytic bacteria restructuring.,Journal of hazardous materials,Xing N; Hu J; Bao G; Nawaz M; Li Y; Chang J; Yi X; Gai M,Journal Article,"Nanoplastics (NPs) and herbicides co-occur in agricultural runoff and aquatic environments, posing significant combined threats that were investigated using a hydroponic model. This study systematically investigated the individual and joint ecotoxicity of polyvinyl chloride (PVC) and polymethyl methacrylate (PMMA) NPs with atrazine (ATZ) on ryegrass using a multi-omics approach. ATZ alone induced the strongest toxicity, elevating oxidative stress, inhibiting growth and photosynthesis, and causing mesophyll damage, while also activating antioxidant defenses. In contrast, combined exposure to NPs and ATZ exhibited antagonistic effects, reducing reactive oxygen species (ROS) levels and enhancing antioxidant enzyme activities. Catalase (CAT) activity in PVC + ATZ and PMMA + ATZ groups increased by 1.53- and 1.19-fold compared to ATZ alone. Integrated Biomarker Response ranked toxicity as: ATZ > PVC + ATZ ≈ PMMA + ATZ > PVC > PMMA > CK. Transcriptomics revealed that co-exposure modulated brassinosteroid (BR) and abscisic acid (ABA) signaling, synergistically activating phenylpropanoid biosynthesis and glutathione metabolism. Microbial analysis indicated ATZ-driven restructuring of the root endophytic bacteria, with core genera (e.g., Sphingobium) correlated to plant antioxidant responses. This multi-dimensional study demonstrates that NPs and ATZ interact antagonistically, providing key insights for ecological risk assessment and the management of aquatic systems.",Needs manual review before database use
42172023,10.1021/acs.jafc.6c03732,2026,Resveratrol Analog ResA1 Targeting MoYpk1 Exhibits Broad-Spectrum Antifungal Activity against Rice Blast.,Journal of agricultural and food chemistry,Lv H; Wu H; Li L; Shen Z; Yan J; Bao J; Cai Y; Asif N,Journal Article,"Rice blast, caused by Magnaporthe oryzae, is a devastating disease that severely threatens global rice production. The rapid emergence of fungicide resistance and environmental concerns necessitates new molecular targets and effective antifungal agents. Here, we identified MoYpk1, an AGC kinase, as a key regulator of M. oryzae pathogenesis and a novel fungicide target. Leveraging the 3D structure of MoYpk1-KD, we performed a structure-based virtual screening of a natural metabolite library and identified resveratrol as an antifungal inhibitor. Furthermore, we developed a resveratrol derivative, resveratrol analog 1 (ResA1), which exhibits significantly enhanced antifungal activity by specifically targeting E381, a previously unrecognized active site of MoYpk1. Importantly, ResA1 displays broad-spectrum antifungal activity against diverse plant pathogenic fungi while being safe for rice and humans. Our work not only elucidates the key role of MoYpk1 in M. oryzae virulence but also validates it as a promising target for the development of sustainable plant-protection strategies.",Needs manual review before database use
42169303,10.1016/j.foodres.2026.119341,2026,"Understanding a novel circular Bacteriocin with potent activity against Bacillus cereus, its biofilms, and spores for food preservation.","Food research international (Ottawa, Ont.)",Gao M; Liu S; Li F; Geng C; Yang C; Li F; Zeng H; Zhao D,Journal Article,"Bacillus cereus is a widespread foodborne and spore-forming pathogen of significant food safety concern. Here, we characterized toyoncin WJY28, a novel circular bacteriocin from Bacillus toyonensis WJY28. It showed potent anti-B. cereus activity with MIC values of 0.39-0.78 μM, 2-8-fold stronger than nisin A, and selectively targeted pathogens without harming probiotics. It acted via concentration-dependent membrane disruption: bacteriostatic at low concentrations and bactericidal at high concentrations. Toyoncin WJY28 inhibited biofilm formation, killed cells within mature biofilms, and blocked spore outgrowth without affecting germination. It exhibited excellent stability under pasteurization and pH conditions, and displayed no obvious hemolysis or cytotoxicity. Using a skim milk model, 1.56-3.13 μM toyoncin WJY28 completely eliminated B. cereus vegetative cells and spores within 15 days, highlighting its potential to maintain food quality. Thus, toyoncin WJY28 represents a promising candidate as a natural preservative for controlling B. cereus in food systems.",Needs manual review before database use
42167379,10.1016/j.biortech.2026.134927,2026,Engineering a gut synthetic microbial community to enhance protein bioconversion from organic wastes by black soldier fly larvae.,Bioresource technology,Yu Y; Yu M; Huang C; Zhang J; Wang B; Zhao Z; Cai M; Zheng L,Journal Article,"Black soldier fly larvae (BSFL) are efficient bioconverters of diverse organic wastes into sustainable alternative protein resources. However, the interactive mechanisms between the core gut microbiota and its host that govern efficient protein degradation and synthesis remain elusive. This study employed multi-omics and synthetic microbial communities (SynCom) in germ-free models to examine microbiota-associated protein conversion under controlled conditions. We identified the bacteria Bacillus and Lactobacillus and the yeast Issatchenkia functionally relevant taxa associated with improved host protein conversion and amino-acid metabolic responses under the tested gnotobiotic conditions. Bacillus showed direct proteolytic activity, whereas Lactobacillus and Issatchenkia were associated with improved protein conversion performance in the tested SynCom. Among the tested inoculation schemes, a tripartite SynCom comprising these taxa showed the highest protein conversion performance and was associated with distinct spatiotemporal distribution patterns along the gut pH gradient, increasing final larval protein content by 63%. The host aldehyde dehydrogenase (ALDH) was identified as a candidate host node, associated with microbiota-responsive branched-chain amino acids, tryptophan metabolism and the host's Target of Rapamycin (TOR) related signaling. Thus, function-guided SynCom recapitulates selected functional features associated with the native microbiota in a tractable gnotobiotic system. Furthermore, when applied to chicken manure and kitchen waste, the SynCom-BSFL system showed improvements in selected performance metrics, providing preliminary proof-of-concept for future evaluation in more complex waste-treatment settings.",Needs manual review before database use
42162456,10.1007/s10661-026-15435-6,2026,Comprehensive assessment of soil health and pesticide transformation products in agricultural systems.,Environmental monitoring and assessment,Grijalva-López JA; Trejo-Carrizalez I; Cruz-Narváez Y; Cervantes-González E,Journal Article,"Soils are essential for food production and environmental sustainability, yet agricultural practices can modify their physicochemical and biological properties and favor the accumulation of pesticide residues and transformation products. This study assessed agricultural soils from the Altiplano Potosino (Mexico) using an integrated approach that combined physicochemical characterization, enzymatic activity profiling, targeted multiresidue pesticide analysis, and high-resolution metabolomics. Four agricultural soils (SF, SI, LA, and EH) and one reference potting soil (M) were analyzed. Soil properties included pH, electrical conductivity, organic matter, cation exchange capacity, and nutrient content. Enzymatic activities associated with C, N, P, and S cycles (β-glucosidase, urease, leucine aminopeptidase, phosphatases, and arylsulfatase) were measured as indicators of functional soil health. Targeted GC-MS/MS and LC-MS/MS were used to screen for 430 pesticides, while suspect and nontarget high-resolution mass spectrometry was applied to detect potential transformation products. Parent pesticides were detected only in SF and SI; LA and EH showed no active ingredients. However, metabolomics revealed diverse pesticide-related metabolites in all soils, including LA and EH, indicating historical contamination and ongoing degradation. The detection of 4,4'-DDE in SI confirmed legacy DDT inputs. Transformation products of dimethoate, fluopyram, acetamiprid, and deltamethrin reflected different degradation stages. The potting soil (M) showed the highest enzymatic activities, whereas SI ranked highest among agricultural soils, consistent with greater nutrient availability and microbial activity. Overall, the absence of parent compounds did not indicate contaminant-free soils. Integrating soil indicators, enzymatic activities, and metabolomics provides a robust framework to evaluate soil health, legacy contamination, and degradation dynamics, with potential applications in improving soil monitoring programs and supporting evidence-based environmental management and policy decisions.",Needs manual review before database use
42161891,10.1093/plphys/kiag285,2026,Establishment of a versatile virus-based system for elucidating herbicide resistance in Galium aparine.,Plant physiology,Liu Y; Shi K; Zhang M; Wei J; Feng M; Dayan FE; Tao X; Feng Z,Journal Article,"Herbicide resistance challenges sustainable weed management in crop fields. However, the lack of gene manipulation tools for weeds hinders studies of herbicide resistance evolution and regulation. Here, we identified that tobacco mosaic virus (TMV) can systemically infect Galium aparine, a noxious broadleaf weed common in wheat and rapeseed fields, among 13 broadleaf weeds. The TMV-based expression system can be used to elucidate herbicide resistance in G. aparine. We demonstrated that virus-based expression of BAR, ALS, and its site-directed mutagenized form in G. aparine plants can impart herbicide resistance. To expand the application of this system in metabolic resistance studies, 10 upregulated P450 genes in the tribenuron-methyl-resistant G. aparine population plants were identified. Expression of these P450 genes in G. aparine via this system enhanced tribenuron-methyl resistance in G. aparine plants. Additionally, we confirmed Eleusine indica CYP81A104 functions in herbicide resistance through heterologous expression in G. aparine plants, suggesting that this system can be used to investigate the roles of genes from other weed species. The TMV vector-based assay system enabled the functional validation of weed genes within 2 months, which is shorter than the time required in other heterologous expression systems (ie, stable expression of weed genes in rice or Arabidopsis). Thus, this virus-based system provides insights into target-site and/or metabolic-based resistance mechanisms to herbicides in G. aparine and possibly in other weed species.",Needs manual review before database use
42160103,10.1002/smll.73851,2026,Smart Incorporation of Fluorescent Carbon Dots With Photosynthesis-Inhibiting Herbicide for Promotion of Sustainable Weed Management.,"Small (Weinheim an der Bergstrasse, Germany)",Xiao J; Zhang X; Huang Y; Yan W; Guo Q; Liang Y; Cai M; Chen B,Journal Article,"The practical efficacy of herbicides in inhibiting the photosynthetic pathway of weeds is often compromised by the limited utilization of solar energy, making their performance highly susceptible to fluctuating light conditions in diverse agricultural environments. Here, by heating a mixture of citric acid (CA), urea (UA), and acifluorfen (ACI, a representative photosynthesis-inhibiting herbicide) under solvent-free conditions at atmospheric pressure, carbon dots-based fluorescent nano-assembly (ACI@CU CDs) was constructed through non-covalent interactions. The CU CDs in the nano-assembly functioned as a supplementary light source, in situ converting the ultraviolet portion of sunlight into visible wavelengths to provide protoporphyrin IX (PpIX) with additional excitation light. Under different light intensities, the results from both greenhouse and field experiments showed that the herbicidal activities of ACI@CU CDs against various weeds were significantly higher than those of ACI. The safety evaluation of ACI@CU CDs, conducted on soybean and Vicia faba, indicated negligible risk to non-target plants. In addition, the fluorescent nano-assembly could reduce the leaching potential of ACI in soils and exert minimal influence on soil enzyme activity as well as microbial diversity. Overall, these findings demonstrate a feasible and promising strategy for enhancing the weed control efficiency and mitigating the environmental impact of photosynthesis-inhibiting herbicides.",Needs manual review before database use
42159394,10.1128/jvi.02204-25,2026,Enhanced virulence of Autographa californica multiple nucleopolyhedrovirus in,Journal of virology,Jin W; Guo L; Tong Y; Shi H; Ganbold U; Kang Q; Meng Q; Zhang J,Journal Article,"Spodoptera frugiperda poses a significant threat as a polyphagous agricultural pest. Autographa californica multiple nucleopolyhedrovirus (AcMNPV), a broad-spectrum baculovirus with established activity against multiple lepidopteran pests, represents an environmentally benign biocontrol candidate. However, its efficacy against S. frugiperda is constrained by limited oral infectivity. Here, serial passaging in S. frugiperda yielded a mutant strain of AcMNPV (AcMNPV-Mut) with significantly enhanced oral infectivity relative to the wild strain AcMNPV (AcMNPV-Wt). Importantly, while both oral infectivity and overall virulence (shortened LT₅₀ and increased mortality) against S. frugiperda were enhanced, the virus maintained its ability to effectively infect and cause disease in other insect hosts, like Helicoverpa armigera. Whole-genome sequencing identified a missense mutation in ac34. Functional characterization of a recombinant virus harboring this mutation revealed that the ac34 variant contributes to virulence augmentation through dual pathways: elevated budded viruses (BVs) production facilitating secondary infection, and upregulated late and very late gene expression, which improves occlusion-derived virus (ODV) embedding within occlusion bodies (OBs), and may lead to an increase in OB size, contributing to a higher viral load per particle, and thereby enhancing primary infectivity. The ac34 mutation enhances primary and secondary infection, promoting virulence evolution and providing a molecular target for biopesticide design.IMPORTANCEIn this study, we found that Autographa californica multiple nucleopolyhedrovirus (AcMNPV) undergoes adaptive mutations after serial passages in the semi-permissive host Spodoptera frugiperda, driven by mutation in ac34. These mutations not only significantly increase viral replication within this pest but also improve the packaging and infectivity of viral particles. This coordinated optimization allows the virus to achieve higher effective doses in a short time, synergistically enhancing its control efficiency against S. frugiperda. Importantly, the mutation does not compromise the virus's pathogenicity toward its original permissive hosts, underscoring its potential utility in single-application strategies for integrated pest management. These findings provide new molecular insights for designing efficient and broadly applicable biocontrol agents, contributing to more sustainable management of agricultural pests and reduced reliance on chemical pesticides.",Needs manual review before database use
42156183,10.1021/acs.jafc.5c17985,2026,Mechanism of Chitosan Oligosaccharides in Inhibiting,Journal of agricultural and food chemistry,Deng Z; Luo X; Ou X; Gao C; Hu W; Li C; Yu J; Zhang Y,Journal Article,"Chitosan oligosaccharides (COSs) show broad-spectrum antimicrobial activity, yet their mechanism against Phytophthora infestans, the causal agent of potato late blight, remains unclear. This study evaluated the inhibitory effects, mechanisms, and field performance of COS against P. infestans. Results showed that COS significantly inhibited mycelial growth in three strains (T30-4, 3928A, 88069), with IC50 values of 0.10, 0.11, and 0.11 g/L, and at 0.5 g/L, it inhibited sporangial germination in T30-4. Transcriptomics revealed 727 differentially expressed genes (DEGs) enriched in fatty acid metabolism, membrane biogenesis, and transmembrane transport. Combined application with sublethal stress (high salt, high temperature, and high oxygen) or chemical fungicides (infinito and mancozeb) enhanced antioomycete efficacy. COS also induced systemic resistance in potatoes without phytotoxicity. Field trials confirmed that COS combined with infinito increased the yield by 31% and reduced disease severity by 35%. These findings support COS as a promising biocontrol agent for sustainable management of potato late blight.",Needs manual review before database use
42155847,10.1016/j.jinsphys.2026.104993,2026,Wolbachia-induced proteostasis remodeling in ovaries supports cytoplasmic incompatibility rescue in Drosophila.,Journal of insect physiology,Zhang HB; Zong Q; Naisaierding P; Wang YF,Journal Article,"The endosymbiont Wolbachia can modulate host reproduction to promote its own spread through host populations. Cytoplasmic incompatibility (CI) is a prevalent reproductive strategy induced by Wolbachia in insects, wherein embryos from infected males and uninfected females cannot develop normally; however, infected females rescue this embryonic lethality, thereby favoring its maternal transmission. The ovarian mechanisms that facilitate Wolbachia transmission and enable CI rescue remain largely unclear. Here, we integrated ovarian proteomics and ubiquitin-proteomics, and compared these datasets with published testis multi-omics data to characterize gonad-specific regulation by Wolbachia in Drosophila melanogaster. We identified 326 distinct proteins and 101 distinct ubiquitinated proteins in ovaries with and without wMel. Most of these proteins showed higher abundance or were detected only in Wolbachia-infected ovaries. Among these changes, many proteins were associated with processes related to translation and oogenesis. Wolbachia infection was associated with a significant decrease in proteasome activity in fly testes but a significant increase in ovaries. Comparative analysis further identified 57 proteins with opposite Wolbachia-associated abundance patterns between testes and ovaries, including the ER translocon subunit Sec61β. Overexpression of Sec61β in either Wolbachia-infected testes or uninfected ovaries rescued CI. These results suggest that Wolbachia infection induces widespread alterations in ovarian protein abundance through modulation of translation and ubiquitin-proteasome pathway (UPP)-mediated proteolysis. This finding provides new evidence for the host modification model of CI and for the preferential colonization of the ovary by Wolbachia to ensure its vertical transmission.",Needs manual review before database use
42151472,10.1007/s10532-026-10312-y,2026,In vitro and in silico study of the endosulfan degradation by Bacillus subtilis sp. strain UAMC.,Biodegradation,Casanova A; Hernández S; Esquivel-Hernández DA; Revah S; Ortíz I,Journal Article,"The widespread use of endosulfan, a persistent organochlorine pesticide, has raised significant environmental and health concerns due to its toxicity and potential for bioaccumulation. This study investigated the degradation pathway of endosulfan by Bacillus subtilis sp. strain UAMC, combining in vitro and in silico approaches. These degradation assays revealed preferential degradation of α-endosulfan (97.6%) over β-endosulfan (69.45%), and identified key metabolites. The toxic endosulfan sulfate metabolite was not detected, suggesting a hydrolytic degradation mechanism. Molecular docking simulations highlighted interactions between endosulfan metabolites and enzymes such as laccase (3ZDW), which possess the necessary structural plasticity to recognize and transform endosulfan, even though they were not evolved for that specific purpose. These findings provided a mechanistic understanding of endosulfan biodegradation and underscore the potential of Bacillus subtilis sp. strain UAMC for pesticide bioremediation applications.",Needs manual review before database use
42150507,10.1016/j.jhazmat.2026.142265,2026,Advancing safe and value-added Hydrilla verticillata silage: multi-omics deciphering of Lactiplantibacillus plantarum mediated pesticide detoxification and antibiotic resistance genes attenuation based on AI-autonomous learning.,Journal of hazardous materials,Xu L; Cheng C; Xie S; Pu E; Zeng Y; Pu R; Xie H; Liu Y,Journal Article,"Water-purifying Hydrilla verticillata (SXY) in crab ponds paradoxically poses pollution risks. It accumulates pesticide residues (PRs) and antibiotic resistance genes (ARGs), which leach back into water after fished out and left on pond ridges to deteriorate, triggering cyclic pollution. Objectives of this study were to address this pollution: PRs and ARGs in SXY were first characterized. Correspondingly, two anti-pesticide Lactiplantibacillus plantarum strains (L1 and L3) were screened. Traditional mixture of SXY and wheat bran (HXY) was inoculated without (the control, WCON) or with L1 (WL1), L3 (WL3), and L. pentosus h (WLh) for ensiling 60 days to pesticide detoxification and ARGs attenuation. SXY ensiled alone as the negative control (CON). Results showed that 35 kinds of PRs and 11 types of ARGs were identified. SXY ensiling alone increased abundances of coumafuryl, mepanipyrim, and dinoterb, and ARGs of multidrug, fluoroquinolone, and beta-lactam, but they were lowered in the WCON and inoculation groups. Furthermore, WL1 enhanced averaged degradation rates of organochlorine, fenvalerate, and deltamethrin, reduced abundances of hazardous etoxazole and benomyl, and improved fermentation quality and levels of value-added antioxidants and peptides. WL3 increased bioavailable phosphorus content compared with WCON. L. plantarum acted as leader and keystone species, interacting with 2 outstanding contributing and 4 keystone species through 3 critical KEGG pathways and 3 metabolites to construct a pesticide-degradation causal network, according to AI autonomously learned from authors' inspiration. This study offered an effective approach to turn SXY into safe and value-added feed for eliminating cyclic pollution in crab farming.",Needs manual review before database use
42149285,10.1007/s10661-026-15440-9,2026,"Fate, transport, and transformation of mesosulfuron-methyl and iodosulfuron-methyl in organically amended agricultural soils.",Environmental monitoring and assessment,Kaur H; Kaur P; Kaur K; Bhullar MS,Journal Article,"Herbicide residues in agricultural soils pose increasing concerns for environmental sustainability, food safety, and soil ecosystem functioning, particularly with the widespread use of sulfonylurea herbicides in intensive agriculture. This study investigated the fate of two sulfonylurea herbicides, mesosulfuron-methyl and iodosulfuron-methyl, with emphasis on the influence of organic amendments (OAs) on their degradation kinetics, leaching behavior and associated soil biochemical and microbial activity responses. The incorporation of OAs significantly enhanced the degradation rates of both herbicides compared with unamended soil, with half-life (DT50) values reduced from 10.72 to 22.47 days in unamended soil to 3.58 to 16.24 days in amended soils. Among the tested amendments, the fastest dissipation was observed in press mud (PM)-amended soil, followed by farmyard manure (FYM), vermicompost (VC), poultry manure (POM), dextrose (D), and cyclodextrin (CD). Increased degradation in amended soils was associated with higher dehydrogenase activity, indicating enhanced microbial activity. Several transformation products were identified during degradation, including metabolites M1, M2, M4, and M5 from mesosulfuron-methyl and I1, I2, I3, and I4 from iodosulfuron-methyl, which appeared earlier in amended soils. OAs significantly reduced herbicide leaching, with PM and FYM decreasing leachate concentrations by up to 70 to 100% compared to unamended soil. Bioassay results indicated reduced phytotoxicity, with IC50 values for Brassica juncea ranging from 0.0514 to 0.1089 and faster recovery observed in amended soils (10 to 45 days) compared to unamended soil (30 to 90 days). These results demonstrate that organic amendments, particularly PM and FYM, can enhance herbicide dissipation, reduce leaching losses, mitigate phytotoxic risks, and contribute to improved soil health and sustainable agricultural systems.",Needs manual review before database use
42148715,10.1021/acs.jafc.6c01962,2026,Fungicide Chlorothalonil Exposure Induced Intestinal Impairment via the Microbiota/Sphinganine/Ferroptosis Axis.,Journal of agricultural and food chemistry,Li ZP; Hu Y; Chen L; Cheng J; Huang YF; Huang WF; Yi LT,Journal Article,"Chlorothalonil is linked to gastrointestinal toxicity, but its underlying mechanisms remain unclear. This study investigated the chlorothalonil-induced intestinal injury in mice. Histological analysis showed epithelial damage and goblet cell depletion. Chlorothalonil disrupted the gut microbiota, including the depletion of Lactobacillus and the enrichment of Enterococcus. Untargeted metabolomics revealed a reduction in sphinganine, which is associated with oxidative stress and ferroptosis. Molecular analysis indicated ferroptosis activation via the Keap1/Nrf2 pathway, evidenced by decreased glutathione peroxidase 4 (GPX4) and solute carrier family 7 member 11 (SLC7A11) expression. Prussian blue staining and transmission electron microscopy confirmed iron deposition and mitochondrial injury, hallmark features of ferroptosis. Fecal microbiota transplantation confirmed dysbiosis as a driver of injury, while ferrostatin-1 treatment partially rescued the pathological phenotype. These findings demonstrate that chlorothalonil causes microbiota dysbiosis and decreases sphinganine, which inactivates Nrf2 signaling and results in ferroptosis. Our study provides new mechanistic insights into the toxicological mechanisms of chlorothalonil.",Needs manual review before database use
