acquisition_priority,pesticide,priority_group,doi,doi_url,google_scholar_url,target_usb_folder,suggested_pdf_filename,database_record_count,protein_record_count,database_gene_leads,database_enzyme_leads,database_microbe_leads,source_action,pathway_extraction_rule,oa_check_status,is_oa,oa_status,best_oa_pdf_url,best_oa_landing_url,best_oa_host_type,best_oa_license,download_status,downloaded_pdf_path
1,Dimethoate,Placeholder files - redownload PDFs by DOI/title,10.1007/s10529-015-2027-6,https://doi.org/10.1007/s10529-015-2027-6,https://scholar.google.com/scholar?q=10.1007/s10529-015-2027-6,/Volumes/WENTBROKE/Pesticide degradation database/pesticidepdf/Dimethoate,Dimethoate_10.1007_s10529-015-2027-6.pdf,9,2,dmhA,Hydrolases | Not specified | Dimethoate amidohydrolase,Aeromonas hydrophila | Aspergillus niger ZHY256 | Bacillus pumilus | Brevundimonas sp. MCM B-427 | Proteus mirabilis | Pseudomonas aeruginosa | Pseudomonas kilonensis MB498 | Raoultella sp. X1 | +1 more,"Redownload real PDFs for DOI/title leads, then rerun readability audit and pathway screening.","Import only if the paper reports a substrate-to-product/intermediate transformation, reaction/enzyme/gene evidence, and organism/source context.",checked,False,closed,,,,,not_attempted,
1,Dimethoate,Placeholder files - redownload PDFs by DOI/title,10.1007/s10532-008-9227-x,https://doi.org/10.1007/s10532-008-9227-x,https://scholar.google.com/scholar?q=10.1007/s10532-008-9227-x,/Volumes/WENTBROKE/Pesticide degradation database/pesticidepdf/Dimethoate,Dimethoate_10.1007_s10532-008-9227-x.pdf,9,2,dmhA,Hydrolases | Not specified | Dimethoate amidohydrolase,Aeromonas hydrophila | Aspergillus niger ZHY256 | Bacillus pumilus | Brevundimonas sp. MCM B-427 | Proteus mirabilis | Pseudomonas aeruginosa | Pseudomonas kilonensis MB498 | Raoultella sp. X1 | +1 more,"Redownload real PDFs for DOI/title leads, then rerun readability audit and pathway screening.","Import only if the paper reports a substrate-to-product/intermediate transformation, reaction/enzyme/gene evidence, and organism/source context.",checked,False,closed,,,,,not_attempted,
1,Dimethoate,Placeholder files - redownload PDFs by DOI/title,10.1007/s11274-008-9780-9,https://doi.org/10.1007/s11274-008-9780-9,https://scholar.google.com/scholar?q=10.1007/s11274-008-9780-9,/Volumes/WENTBROKE/Pesticide degradation database/pesticidepdf/Dimethoate,Dimethoate_10.1007_s11274-008-9780-9.pdf,9,2,dmhA,Hydrolases | Not specified | Dimethoate amidohydrolase,Aeromonas hydrophila | Aspergillus niger ZHY256 | Bacillus pumilus | Brevundimonas sp. MCM B-427 | Proteus mirabilis | Pseudomonas aeruginosa | Pseudomonas kilonensis MB498 | Raoultella sp. X1 | +1 more,"Redownload real PDFs for DOI/title leads, then rerun readability audit and pathway screening.","Import only if the paper reports a substrate-to-product/intermediate transformation, reaction/enzyme/gene evidence, and organism/source context.",checked,False,closed,,,,,not_attempted,
1,Dimethoate,Placeholder files - redownload PDFs by DOI/title,10.1023/B:WIBI.0000040378.54329.18,https://doi.org/10.1023/B:WIBI.0000040378.54329.18,https://scholar.google.com/scholar?q=10.1023/B%3AWIBI.0000040378.54329.18,/Volumes/WENTBROKE/Pesticide degradation database/pesticidepdf/Dimethoate,Dimethoate_10.1023_B_WIBI.0000040378.54329.18.pdf,9,2,dmhA,Hydrolases | Not specified | Dimethoate amidohydrolase,Aeromonas hydrophila | Aspergillus niger ZHY256 | Bacillus pumilus | Brevundimonas sp. MCM B-427 | Proteus mirabilis | Pseudomonas aeruginosa | Pseudomonas kilonensis MB498 | Raoultella sp. X1 | +1 more,"Redownload real PDFs for DOI/title leads, then rerun readability audit and pathway screening.","Import only if the paper reports a substrate-to-product/intermediate transformation, reaction/enzyme/gene evidence, and organism/source context.",checked,False,closed,,,,,not_attempted,
1,Dimethoate,Placeholder files - redownload PDFs by DOI/title,10.1080/03601234.2021.2017723,https://doi.org/10.1080/03601234.2021.2017723,https://scholar.google.com/scholar?q=10.1080/03601234.2021.2017723,/Volumes/WENTBROKE/Pesticide degradation database/pesticidepdf/Dimethoate,Dimethoate_10.1080_03601234.2021.2017723.pdf,9,2,dmhA,Hydrolases | Not specified | Dimethoate amidohydrolase,Aeromonas hydrophila | Aspergillus niger ZHY256 | Bacillus pumilus | Brevundimonas sp. MCM B-427 | Proteus mirabilis | Pseudomonas aeruginosa | Pseudomonas kilonensis MB498 | Raoultella sp. X1 | +1 more,"Redownload real PDFs for DOI/title leads, then rerun readability audit and pathway screening.","Import only if the paper reports a substrate-to-product/intermediate transformation, reaction/enzyme/gene evidence, and organism/source context.",checked,False,closed,,,,,not_attempted,
1,Dimethoate,Placeholder files - redownload PDFs by DOI/title,10.1128/AEM.67.8.3746-3749.2001,https://doi.org/10.1128/AEM.67.8.3746-3749.2001,https://scholar.google.com/scholar?q=10.1128/AEM.67.8.3746-3749.2001,/Volumes/WENTBROKE/Pesticide degradation database/pesticidepdf/Dimethoate,Dimethoate_10.1128_AEM.67.8.3746-3749.2001.pdf,9,2,dmhA,Hydrolases | Not specified | Dimethoate amidohydrolase,Aeromonas hydrophila | Aspergillus niger ZHY256 | Bacillus pumilus | Brevundimonas sp. MCM B-427 | Proteus mirabilis | Pseudomonas aeruginosa | Pseudomonas kilonensis MB498 | Raoultella sp. X1 | +1 more,"Redownload real PDFs for DOI/title leads, then rerun readability audit and pathway screening.","Import only if the paper reports a substrate-to-product/intermediate transformation, reaction/enzyme/gene evidence, and organism/source context.",checked,True,green,,https://www.ncbi.nlm.nih.gov/pmc/articles/93083,repository,,no_pdf_url,
1,Fipronil,Placeholder files - redownload PDFs by DOI/title,10.1007/s13205-017-0820-8,https://doi.org/10.1007/s13205-017-0820-8,https://scholar.google.com/scholar?q=10.1007/s13205-017-0820-8,/Volumes/WENTBROKE/Pesticide degradation database/pesticidepdf/Fipronil,Fipronil_10.1007_s13205-017-0820-8.pdf,10,0,CYP450-like genes | CYP450 family genes,Peroxidases | Hydrolases | P450 | Dioxygenases | Dehalogenases,Aspergillus glaucus strain AJAG1 | Bacillus firmus | Bacillus sp. FA4 | Enterobacter chengduensis G2.8 | Pseudomonas sp. FIP_A4 | Rhodococcus sp. FIP_B3 | Rhodococcus sp. FIP_B4 | Streptomyces rochei AJAG7 (NR),"Redownload real PDFs for DOI/title leads, then rerun readability audit and pathway screening.","Import only if the paper reports a substrate-to-product/intermediate transformation, reaction/enzyme/gene evidence, and organism/source context.",checked,False,closed,,,,,not_attempted,
1,Fipronil,Placeholder files - redownload PDFs by DOI/title,10.1016/j.chemosphere.2013.11.043,https://doi.org/10.1016/j.chemosphere.2013.11.043,https://scholar.google.com/scholar?q=10.1016/j.chemosphere.2013.11.043,/Volumes/WENTBROKE/Pesticide degradation database/pesticidepdf/Fipronil,Fipronil_10.1016_j.chemosphere.2013.11.043.pdf,10,0,CYP450-like genes | CYP450 family genes,Peroxidases | Hydrolases | P450 | Dioxygenases | Dehalogenases,Aspergillus glaucus strain AJAG1 | Bacillus firmus | Bacillus sp. FA4 | Enterobacter chengduensis G2.8 | Pseudomonas sp. FIP_A4 | Rhodococcus sp. FIP_B3 | Rhodococcus sp. FIP_B4 | Streptomyces rochei AJAG7 (NR),"Redownload real PDFs for DOI/title leads, then rerun readability audit and pathway screening.","Import only if the paper reports a substrate-to-product/intermediate transformation, reaction/enzyme/gene evidence, and organism/source context.",checked,False,closed,,,,,not_attempted,
1,Fipronil,Placeholder files - redownload PDFs by DOI/title,10.1016/j.chemosphere.2021.130156,https://doi.org/10.1016/j.chemosphere.2021.130156,https://scholar.google.com/scholar?q=10.1016/j.chemosphere.2021.130156,/Volumes/WENTBROKE/Pesticide degradation database/pesticidepdf/Fipronil,Fipronil_10.1016_j.chemosphere.2021.130156.pdf,10,0,CYP450-like genes | CYP450 family genes,Peroxidases | Hydrolases | P450 | Dioxygenases | Dehalogenases,Aspergillus glaucus strain AJAG1 | Bacillus firmus | Bacillus sp. FA4 | Enterobacter chengduensis G2.8 | Pseudomonas sp. FIP_A4 | Rhodococcus sp. FIP_B3 | Rhodococcus sp. FIP_B4 | Streptomyces rochei AJAG7 (NR),"Redownload real PDFs for DOI/title leads, then rerun readability audit and pathway screening.","Import only if the paper reports a substrate-to-product/intermediate transformation, reaction/enzyme/gene evidence, and organism/source context.",checked,False,closed,,,,,not_attempted,
1,Fipronil,Placeholder files - redownload PDFs by DOI/title,10.1016/j.chemosphere.2024.142944,https://doi.org/10.1016/j.chemosphere.2024.142944,https://scholar.google.com/scholar?q=10.1016/j.chemosphere.2024.142944,/Volumes/WENTBROKE/Pesticide degradation database/pesticidepdf/Fipronil,Fipronil_10.1016_j.chemosphere.2024.142944.pdf,10,0,CYP450-like genes | CYP450 family genes,Peroxidases | Hydrolases | P450 | Dioxygenases | Dehalogenases,Aspergillus glaucus strain AJAG1 | Bacillus firmus | Bacillus sp. FA4 | Enterobacter chengduensis G2.8 | Pseudomonas sp. FIP_A4 | Rhodococcus sp. FIP_B3 | Rhodococcus sp. FIP_B4 | Streptomyces rochei AJAG7 (NR),"Redownload real PDFs for DOI/title leads, then rerun readability audit and pathway screening.","Import only if the paper reports a substrate-to-product/intermediate transformation, reaction/enzyme/gene evidence, and organism/source context.",checked,False,closed,,,,,not_attempted,
1,Fipronil,Placeholder files - redownload PDFs by DOI/title,10.1016/j.envpol.2024.125320,https://doi.org/10.1016/j.envpol.2024.125320,https://scholar.google.com/scholar?q=10.1016/j.envpol.2024.125320,/Volumes/WENTBROKE/Pesticide degradation database/pesticidepdf/Fipronil,Fipronil_10.1016_j.envpol.2024.125320.pdf,10,0,CYP450-like genes | CYP450 family genes,Peroxidases | Hydrolases | P450 | Dioxygenases | Dehalogenases,Aspergillus glaucus strain AJAG1 | Bacillus firmus | Bacillus sp. FA4 | Enterobacter chengduensis G2.8 | Pseudomonas sp. FIP_A4 | Rhodococcus sp. FIP_B3 | Rhodococcus sp. FIP_B4 | Streptomyces rochei AJAG7 (NR),"Redownload real PDFs for DOI/title leads, then rerun readability audit and pathway screening.","Import only if the paper reports a substrate-to-product/intermediate transformation, reaction/enzyme/gene evidence, and organism/source context.",checked,False,closed,,,,,not_attempted,
1,Fipronil,Placeholder files - redownload PDFs by DOI/title,10.1016/j.pestbp.2019.01.011,https://doi.org/10.1016/j.pestbp.2019.01.011,https://scholar.google.com/scholar?q=10.1016/j.pestbp.2019.01.011,/Volumes/WENTBROKE/Pesticide degradation database/pesticidepdf/Fipronil,Fipronil_10.1016_j.pestbp.2019.01.011.pdf,10,0,CYP450-like genes | CYP450 family genes,Peroxidases | Hydrolases | P450 | Dioxygenases | Dehalogenases,Aspergillus glaucus strain AJAG1 | Bacillus firmus | Bacillus sp. FA4 | Enterobacter chengduensis G2.8 | Pseudomonas sp. FIP_A4 | Rhodococcus sp. FIP_B3 | Rhodococcus sp. FIP_B4 | Streptomyces rochei AJAG7 (NR),"Redownload real PDFs for DOI/title leads, then rerun readability audit and pathway screening.","Import only if the paper reports a substrate-to-product/intermediate transformation, reaction/enzyme/gene evidence, and organism/source context.",checked,False,closed,,,,,not_attempted,
1,Fipronil,Placeholder files - redownload PDFs by DOI/title,10.3390/life13091935,https://doi.org/10.3390/life13091935,https://scholar.google.com/scholar?q=10.3390/life13091935,/Volumes/WENTBROKE/Pesticide degradation database/pesticidepdf/Fipronil,Fipronil_10.3390_life13091935.pdf,10,0,CYP450-like genes | CYP450 family genes,Peroxidases | Hydrolases | P450 | Dioxygenases | Dehalogenases,Aspergillus glaucus strain AJAG1 | Bacillus firmus | Bacillus sp. FA4 | Enterobacter chengduensis G2.8 | Pseudomonas sp. FIP_A4 | Rhodococcus sp. FIP_B3 | Rhodococcus sp. FIP_B4 | Streptomyces rochei AJAG7 (NR),"Redownload real PDFs for DOI/title leads, then rerun readability audit and pathway screening.","Import only if the paper reports a substrate-to-product/intermediate transformation, reaction/enzyme/gene evidence, and organism/source context.",checked,True,gold,https://www.mdpi.com/2075-1729/13/9/1935/pdf?version=1695188747,https://www.mdpi.com/2075-1729/13/9/1935/pdf?version=1695188747,publisher,cc-by,"download_error: <urlopen error [Errno 8] nodename nor servname provided, or not known>",
1,Paraquat,Readable PDFs available - screen next,10.1111/lam.13439,https://doi.org/10.1111/lam.13439,https://scholar.google.com/scholar?q=10.1111/lam.13439,/Volumes/WENTBROKE/Pesticide degradation database/pesticidepdf/Paraquat,Paraquat_10.1111_lam.13439.pdf,5,0,,,Aspergillus tamarii PRPY-2 | Bacillus subtilis TISTR 1248 | Cunninghamella sp. PFCM-1 | Pseudomonas geniculata strain PQ01 | Pseudomonas putida TISTR 1522,"Use database DOI leads first; obtain full text and extract substrate, product/intermediate, reaction, enzyme/gene, organism, DOI, and evidence wording.","Import only if the paper reports a substrate-to-product/intermediate transformation, reaction/enzyme/gene evidence, and organism/source context.",checked,False,closed,,,,,not_attempted,
1,Paraquat,Readable PDFs available - screen next,10.3389/fmicb.2020.02003,https://doi.org/10.3389/fmicb.2020.02003,https://scholar.google.com/scholar?q=10.3389/fmicb.2020.02003,/Volumes/WENTBROKE/Pesticide degradation database/pesticidepdf/Paraquat,Paraquat_10.3389_fmicb.2020.02003.pdf,5,0,,,Aspergillus tamarii PRPY-2 | Bacillus subtilis TISTR 1248 | Cunninghamella sp. PFCM-1 | Pseudomonas geniculata strain PQ01 | Pseudomonas putida TISTR 1522,"Use database DOI leads first; obtain full text and extract substrate, product/intermediate, reaction, enzyme/gene, organism, DOI, and evidence wording.","Import only if the paper reports a substrate-to-product/intermediate transformation, reaction/enzyme/gene evidence, and organism/source context.",checked,True,gold,https://www.frontiersin.org/articles/10.3389/fmicb.2020.02003/pdf,https://www.frontiersin.org/articles/10.3389/fmicb.2020.02003/pdf,publisher,cc-by,downloaded_open_access_pdf,/Users/nana/Desktop/PepDB/PepDatabase/curation_outputs/pathway_open_access_all_remaining_20260709/downloaded_open_access_pdfs/Paraquat/Paraquat_10.3389_fmicb.2020.02003.pdf
1,Paraquat,Readable PDFs available - screen next,10.3390/toxics11070638,https://doi.org/10.3390/toxics11070638,https://scholar.google.com/scholar?q=10.3390/toxics11070638,/Volumes/WENTBROKE/Pesticide degradation database/pesticidepdf/Paraquat,Paraquat_10.3390_toxics11070638.pdf,5,0,,,Aspergillus tamarii PRPY-2 | Bacillus subtilis TISTR 1248 | Cunninghamella sp. PFCM-1 | Pseudomonas geniculata strain PQ01 | Pseudomonas putida TISTR 1522,"Use database DOI leads first; obtain full text and extract substrate, product/intermediate, reaction, enzyme/gene, organism, DOI, and evidence wording.","Import only if the paper reports a substrate-to-product/intermediate transformation, reaction/enzyme/gene evidence, and organism/source context.",checked,True,gold,https://www.mdpi.com/2305-6304/11/7/638/pdf?version=1690167979,https://www.mdpi.com/2305-6304/11/7/638/pdf?version=1690167979,publisher,cc-by,"download_error: <urlopen error [Errno 8] nodename nor servname provided, or not known>",
2,Pinoxaden,Screened readable files - needs different product paper,10.21203/rs.3.rs-1375498/v1,https://doi.org/10.21203/rs.3.rs-1375498/v1,https://scholar.google.com/scholar?q=10.21203/rs.3.rs-1375498/v1,/Volumes/WENTBROKE/Pesticide degradation database/pesticidepdf/Pinoxaden,Pinoxaden_10.21203_rs.3.rs-1375498_v1.pdf,1,7,"psd, tgt, pyrF, hemF, phnX, folE | psd | tgt | pyrF | hemF | phnX | folE | BCG9842\U B0515",Phosphatidylserine decarboxylase | tRNA ribosyltransferase | Adenylate 5'-phosphate decarboxylase | Uroporphyrinogen decarboxylase | Acetal-dehyde phosphate hydrolase | GTP cyclohydrolase | Metal dependent hydrolase,Acinetobacter pittobacter strain T4P20-1,Search for a different paper that reports named microbial products/intermediates; current readable files are not enough for pathway arrows.,"Import only if the paper reports a substrate-to-product/intermediate transformation, reaction/enzyme/gene evidence, and organism/source context.",checked,True,green,https://www.researchsquare.com/article/rs-1375498/latest.pdf,https://www.researchsquare.com/article/rs-1375498/latest.pdf,repository,cc-by,downloaded_open_access_pdf,/Users/nana/Desktop/PepDB/PepDatabase/curation_outputs/pathway_open_access_all_remaining_20260709/downloaded_open_access_pdfs/Pinoxaden/Pinoxaden_10.21203_rs.3.rs-1375498_v1.pdf
3,Pirimiphos-Methyl,Placeholder files - redownload PDFs by DOI/title,10.1007/BF02816226,https://doi.org/10.1007/BF02816226,https://scholar.google.com/scholar?q=10.1007/BF02816226,/Volumes/WENTBROKE/Pesticide degradation database/pesticidepdf/Pirimiphos-Methyl,Pirimiphos-Methyl_10.1007_BF02816226.pdf,7,0,,,Aspergillus  terreus | Aspergillus flavus | Aspergillus niger | Aspergillus sydowii | Emericella nidulans | Fusarium oxysporum | Lactobacillus plantarum,"Redownload real PDFs for DOI/title leads, then rerun readability audit and pathway screening.","Import only if the paper reports a substrate-to-product/intermediate transformation, reaction/enzyme/gene evidence, and organism/source context.",checked,False,closed,,,,,not_attempted,
2,Phosphonic acid,Placeholder files - redownload PDFs by DOI/title,10.1016/j.micres.2024.127600,https://doi.org/10.1016/j.micres.2024.127600,https://scholar.google.com/scholar?q=10.1016/j.micres.2024.127600,/Volumes/WENTBROKE/Pesticide degradation database/pesticidepdf/Phosphonic acid,Phosphonic_acid_10.1016_j.micres.2024.127600.pdf,14,4,"TmpA, TmpB. | phnC–phnP | phn operon | PhnC, PhnD,PhnE, PhnG, PhnH, PhnI, PhnJ, PhnK, PhnL, and PhnM | phnW, phnA, and phnY | Not available",Lyases | Phosphatases | Hydrolases | Dioxygenases | Oxidoreductases | Phosphatase | C–P lyase,Arthrobacter atrocyaneus ATCC 13752 | Aspergillus flavus | Aspergillus sydowii | Enzyme stydy | Escherichia coli | Fusarium culmorum (DSMZ 1094) | Fusarium oxysporum (DSMZ 2018) | Ochrobactrum sp. BTU1 | +2 more,"Redownload real PDFs for DOI/title leads, then rerun readability audit and pathway screening.","Import only if the paper reports a substrate-to-product/intermediate transformation, reaction/enzyme/gene evidence, and organism/source context.",checked,True,hybrid,,https://doi.org/10.1016/j.micres.2024.127600,publisher,cc-by-nc-nd,no_pdf_url,
2,Phosphonic acid,Placeholder files - redownload PDFs by DOI/title,10.1021/acs.biochem.9b00044,https://doi.org/10.1021/acs.biochem.9b00044,https://scholar.google.com/scholar?q=10.1021/acs.biochem.9b00044,/Volumes/WENTBROKE/Pesticide degradation database/pesticidepdf/Phosphonic acid,Phosphonic_acid_10.1021_acs.biochem.9b00044.pdf,14,4,"TmpA, TmpB. | phnC–phnP | phn operon | PhnC, PhnD,PhnE, PhnG, PhnH, PhnI, PhnJ, PhnK, PhnL, and PhnM | phnW, phnA, and phnY | Not available",Lyases | Phosphatases | Hydrolases | Dioxygenases | Oxidoreductases | Phosphatase | C–P lyase,Arthrobacter atrocyaneus ATCC 13752 | Aspergillus flavus | Aspergillus sydowii | Enzyme stydy | Escherichia coli | Fusarium culmorum (DSMZ 1094) | Fusarium oxysporum (DSMZ 2018) | Ochrobactrum sp. BTU1 | +2 more,"Redownload real PDFs for DOI/title leads, then rerun readability audit and pathway screening.","Import only if the paper reports a substrate-to-product/intermediate transformation, reaction/enzyme/gene evidence, and organism/source context.",checked,True,green,,https://www.osti.gov/biblio/1513018,repository,,no_pdf_url,
2,Phosphonic acid,Placeholder files - redownload PDFs by DOI/title,10.1074/jbc.M111.237735,https://doi.org/10.1074/jbc.M111.237735,https://scholar.google.com/scholar?q=10.1074/jbc.M111.237735,/Volumes/WENTBROKE/Pesticide degradation database/pesticidepdf/Phosphonic acid,Phosphonic_acid_10.1074_jbc.M111.237735.pdf,14,4,"TmpA, TmpB. | phnC–phnP | phn operon | PhnC, PhnD,PhnE, PhnG, PhnH, PhnI, PhnJ, PhnK, PhnL, and PhnM | phnW, phnA, and phnY | Not available",Lyases | Phosphatases | Hydrolases | Dioxygenases | Oxidoreductases | Phosphatase | C–P lyase,Arthrobacter atrocyaneus ATCC 13752 | Aspergillus flavus | Aspergillus sydowii | Enzyme stydy | Escherichia coli | Fusarium culmorum (DSMZ 1094) | Fusarium oxysporum (DSMZ 2018) | Ochrobactrum sp. BTU1 | +2 more,"Redownload real PDFs for DOI/title leads, then rerun readability audit and pathway screening.","Import only if the paper reports a substrate-to-product/intermediate transformation, reaction/enzyme/gene evidence, and organism/source context.",checked,True,hybrid,http://www.jbc.org/article/S0021925819489370/pdf,http://www.jbc.org/article/S0021925819489370/pdf,publisher,cc-by,"download_error: <urlopen error [Errno 8] nodename nor servname provided, or not known>",
2,Phosphonic acid,Placeholder files - redownload PDFs by DOI/title,10.1128/JB.01131-09,https://doi.org/10.1128/JB.01131-09,https://scholar.google.com/scholar?q=10.1128/JB.01131-09,/Volumes/WENTBROKE/Pesticide degradation database/pesticidepdf/Phosphonic acid,Phosphonic_acid_10.1128_JB.01131-09.pdf,14,4,"TmpA, TmpB. | phnC–phnP | phn operon | PhnC, PhnD,PhnE, PhnG, PhnH, PhnI, PhnJ, PhnK, PhnL, and PhnM | phnW, phnA, and phnY | Not available",Lyases | Phosphatases | Hydrolases | Dioxygenases | Oxidoreductases | Phosphatase | C–P lyase,Arthrobacter atrocyaneus ATCC 13752 | Aspergillus flavus | Aspergillus sydowii | Enzyme stydy | Escherichia coli | Fusarium culmorum (DSMZ 1094) | Fusarium oxysporum (DSMZ 2018) | Ochrobactrum sp. BTU1 | +2 more,"Redownload real PDFs for DOI/title leads, then rerun readability audit and pathway screening.","Import only if the paper reports a substrate-to-product/intermediate transformation, reaction/enzyme/gene evidence, and organism/source context.",checked,True,green,,https://www.ncbi.nlm.nih.gov/pmc/articles/2798254,repository,,no_pdf_url,
2,Phosphonic acid,Placeholder files - redownload PDFs by DOI/title,10.1128/aem.54.5.1293-1296.1988,https://doi.org/10.1128/aem.54.5.1293-1296.1988,https://scholar.google.com/scholar?q=10.1128/aem.54.5.1293-1296.1988,/Volumes/WENTBROKE/Pesticide degradation database/pesticidepdf/Phosphonic acid,Phosphonic_acid_10.1128_aem.54.5.1293-1296.1988.pdf,14,4,"TmpA, TmpB. | phnC–phnP | phn operon | PhnC, PhnD,PhnE, PhnG, PhnH, PhnI, PhnJ, PhnK, PhnL, and PhnM | phnW, phnA, and phnY | Not available",Lyases | Phosphatases | Hydrolases | Dioxygenases | Oxidoreductases | Phosphatase | C–P lyase,Arthrobacter atrocyaneus ATCC 13752 | Aspergillus flavus | Aspergillus sydowii | Enzyme stydy | Escherichia coli | Fusarium culmorum (DSMZ 1094) | Fusarium oxysporum (DSMZ 2018) | Ochrobactrum sp. BTU1 | +2 more,"Redownload real PDFs for DOI/title leads, then rerun readability audit and pathway screening.","Import only if the paper reports a substrate-to-product/intermediate transformation, reaction/enzyme/gene evidence, and organism/source context.",checked,True,bronze,https://aem.asm.org/content/aem/54/5/1293.full.pdf,https://aem.asm.org/content/aem/54/5/1293.full.pdf,publisher,,"download_error: <urlopen error [Errno 8] nodename nor servname provided, or not known>",
2,Phosphonic acid,Placeholder files - redownload PDFs by DOI/title,10.1128/jb.175.11.3430-3442.1993,https://doi.org/10.1128/jb.175.11.3430-3442.1993,https://scholar.google.com/scholar?q=10.1128/jb.175.11.3430-3442.1993,/Volumes/WENTBROKE/Pesticide degradation database/pesticidepdf/Phosphonic acid,Phosphonic_acid_10.1128_jb.175.11.3430-3442.1993.pdf,14,4,"TmpA, TmpB. | phnC–phnP | phn operon | PhnC, PhnD,PhnE, PhnG, PhnH, PhnI, PhnJ, PhnK, PhnL, and PhnM | phnW, phnA, and phnY | Not available",Lyases | Phosphatases | Hydrolases | Dioxygenases | Oxidoreductases | Phosphatase | C–P lyase,Arthrobacter atrocyaneus ATCC 13752 | Aspergillus flavus | Aspergillus sydowii | Enzyme stydy | Escherichia coli | Fusarium culmorum (DSMZ 1094) | Fusarium oxysporum (DSMZ 2018) | Ochrobactrum sp. BTU1 | +2 more,"Redownload real PDFs for DOI/title leads, then rerun readability audit and pathway screening.","Import only if the paper reports a substrate-to-product/intermediate transformation, reaction/enzyme/gene evidence, and organism/source context.",checked,True,green,,https://www.ncbi.nlm.nih.gov/pmc/articles/204742,repository,,no_pdf_url,
2,Phosphonic acid,Placeholder files - redownload PDFs by DOI/title,10.1128/jb.92.3.623-627.1966,https://doi.org/10.1128/jb.92.3.623-627.1966,https://scholar.google.com/scholar?q=10.1128/jb.92.3.623-627.1966,/Volumes/WENTBROKE/Pesticide degradation database/pesticidepdf/Phosphonic acid,Phosphonic_acid_10.1128_jb.92.3.623-627.1966.pdf,14,4,"TmpA, TmpB. | phnC–phnP | phn operon | PhnC, PhnD,PhnE, PhnG, PhnH, PhnI, PhnJ, PhnK, PhnL, and PhnM | phnW, phnA, and phnY | Not available",Lyases | Phosphatases | Hydrolases | Dioxygenases | Oxidoreductases | Phosphatase | C–P lyase,Arthrobacter atrocyaneus ATCC 13752 | Aspergillus flavus | Aspergillus sydowii | Enzyme stydy | Escherichia coli | Fusarium culmorum (DSMZ 1094) | Fusarium oxysporum (DSMZ 2018) | Ochrobactrum sp. BTU1 | +2 more,"Redownload real PDFs for DOI/title leads, then rerun readability audit and pathway screening.","Import only if the paper reports a substrate-to-product/intermediate transformation, reaction/enzyme/gene evidence, and organism/source context.",checked,True,bronze,https://jb.asm.org/content/jb/92/3/623.full.pdf,https://jb.asm.org/content/jb/92/3/623.full.pdf,publisher,,"download_error: <urlopen error [Errno 8] nodename nor servname provided, or not known>",
2,Phosphonic acid,Placeholder files - redownload PDFs by DOI/title,10.1155/2013/927361,https://doi.org/10.1155/2013/927361,https://scholar.google.com/scholar?q=10.1155/2013/927361,/Volumes/WENTBROKE/Pesticide degradation database/pesticidepdf/Phosphonic acid,Phosphonic_acid_10.1155_2013_927361.pdf,14,4,"TmpA, TmpB. | phnC–phnP | phn operon | PhnC, PhnD,PhnE, PhnG, PhnH, PhnI, PhnJ, PhnK, PhnL, and PhnM | phnW, phnA, and phnY | Not available",Lyases | Phosphatases | Hydrolases | Dioxygenases | Oxidoreductases | Phosphatase | C–P lyase,Arthrobacter atrocyaneus ATCC 13752 | Aspergillus flavus | Aspergillus sydowii | Enzyme stydy | Escherichia coli | Fusarium culmorum (DSMZ 1094) | Fusarium oxysporum (DSMZ 2018) | Ochrobactrum sp. BTU1 | +2 more,"Redownload real PDFs for DOI/title leads, then rerun readability audit and pathway screening.","Import only if the paper reports a substrate-to-product/intermediate transformation, reaction/enzyme/gene evidence, and organism/source context.",checked,True,gold,,https://doi.org/10.1155/2013/927361,publisher,cc-by,no_pdf_url,
2,Sulfoxaflor,Placeholder files - redownload PDFs by DOI/title,10.1016/j.chemosphere.2023.139440,https://doi.org/10.1016/j.chemosphere.2023.139440,https://scholar.google.com/scholar?q=10.1016/j.chemosphere.2023.139440,/Volumes/WENTBROKE/Pesticide degradation database/pesticidepdf/Sulfoxaflor,Sulfoxaflor_10.1016_j.chemosphere.2023.139440.pdf,3,4,"nhaseA, nhaseB | nhaseA | nhaseB",Amidases | Nitrile hydratase,Aminobacter sp. CGMCC 1.17253 | Microcystis aeruginosa CCNP 1101 | Synechocystis salina CCNP 1104,"Redownload real PDFs for DOI/title leads, then rerun readability audit and pathway screening.","Import only if the paper reports a substrate-to-product/intermediate transformation, reaction/enzyme/gene evidence, and organism/source context.",checked,False,closed,,,,,not_attempted,
2,Sulfoxaflor,Placeholder files - redownload PDFs by DOI/title,10.1021/acs.jafc.9b06668,https://doi.org/10.1021/acs.jafc.9b06668,https://scholar.google.com/scholar?q=10.1021/acs.jafc.9b06668,/Volumes/WENTBROKE/Pesticide degradation database/pesticidepdf/Sulfoxaflor,Sulfoxaflor_10.1021_acs.jafc.9b06668.pdf,3,4,"nhaseA, nhaseB | nhaseA | nhaseB",Amidases | Nitrile hydratase,Aminobacter sp. CGMCC 1.17253 | Microcystis aeruginosa CCNP 1101 | Synechocystis salina CCNP 1104,"Redownload real PDFs for DOI/title leads, then rerun readability audit and pathway screening.","Import only if the paper reports a substrate-to-product/intermediate transformation, reaction/enzyme/gene evidence, and organism/source context.",checked,False,closed,,,,,not_attempted,
2,Isoxaflutole,Placeholder files - redownload PDFs by DOI/title,10.1021/jf000397q,https://doi.org/10.1021/jf000397q,https://scholar.google.com/scholar?q=10.1021/jf000397q,/Volumes/WENTBROKE/Pesticide degradation database/pesticidepdf/Isoxaflutole,Isoxaflutole_10.1021_jf000397q.pdf,2,3,"EC 1.10.3.2, LiP, MnP | bphA1, benA, bph, p450, ppah | LiP (EC1.11.1.14) | MnP | Lac (EC1.10.3.2)",Peroxidases | Lignin peroxidases | Manganese-dependent peroxidases | Laccase,Phanerochaete chrysosporium (ATCC 24725) | Trametes versicolor,"Redownload real PDFs for DOI/title leads, then rerun readability audit and pathway screening.","Import only if the paper reports a substrate-to-product/intermediate transformation, reaction/enzyme/gene evidence, and organism/source context.",checked,True,green,,https://hal.inrae.fr/hal-02697764,repository,other-oa,no_pdf_url,
2,Acetochlor,Placeholder files - redownload PDFs by DOI/title,10.1007/s12010-015-1601-7,https://doi.org/10.1007/s12010-015-1601-7,https://scholar.google.com/scholar?q=10.1007/s12010-015-1601-7,/Volumes/WENTBROKE/Pesticide degradation database/pesticidepdf/Acetochlor,Acetochlor_10.1007_s12010-015-1601-7.pdf,11,2,"ethA, ethB, ethD cluster | EthB (oxygenase), EthA (ferredoxin), EthD (reductase) | cmeH | cndA, cmeH, meaX, meaY, meaA, meaB",P450 | Amidases | Amidase,Bacillus sp. ACD-9 | Delftia sp.T3-6 | Paracoccus sp. FLY-8 | Proteiniclasticum sediminis BAD-10ᴛ | Pseudomonas aeruginosa strain JD115 | Rhodococcus sp. MZ-3 | Rhodococcus sp. Strain T3-1 | Rhodococcus sp.T3-1 | +3 more,"Redownload real PDFs for DOI/title leads, then rerun readability audit and pathway screening.","Import only if the paper reports a substrate-to-product/intermediate transformation, reaction/enzyme/gene evidence, and organism/source context.",checked,False,closed,,,,,not_attempted,
2,Acetochlor,Placeholder files - redownload PDFs by DOI/title,10.1007/s13205-018-1324-x,https://doi.org/10.1007/s13205-018-1324-x,https://scholar.google.com/scholar?q=10.1007/s13205-018-1324-x,/Volumes/WENTBROKE/Pesticide degradation database/pesticidepdf/Acetochlor,Acetochlor_10.1007_s13205-018-1324-x.pdf,11,2,"ethA, ethB, ethD cluster | EthB (oxygenase), EthA (ferredoxin), EthD (reductase) | cmeH | cndA, cmeH, meaX, meaY, meaA, meaB",P450 | Amidases | Amidase,Bacillus sp. ACD-9 | Delftia sp.T3-6 | Paracoccus sp. FLY-8 | Proteiniclasticum sediminis BAD-10ᴛ | Pseudomonas aeruginosa strain JD115 | Rhodococcus sp. MZ-3 | Rhodococcus sp. Strain T3-1 | Rhodococcus sp.T3-1 | +3 more,"Redownload real PDFs for DOI/title leads, then rerun readability audit and pathway screening.","Import only if the paper reports a substrate-to-product/intermediate transformation, reaction/enzyme/gene evidence, and organism/source context.",checked,True,green,,https://www.ncbi.nlm.nih.gov/pmc/articles/6019653,repository,,no_pdf_url,
2,Acetochlor,Placeholder files - redownload PDFs by DOI/title,10.1007/s13205-020-2056-2,https://doi.org/10.1007/s13205-020-2056-2,https://scholar.google.com/scholar?q=10.1007/s13205-020-2056-2,/Volumes/WENTBROKE/Pesticide degradation database/pesticidepdf/Acetochlor,Acetochlor_10.1007_s13205-020-2056-2.pdf,11,2,"ethA, ethB, ethD cluster | EthB (oxygenase), EthA (ferredoxin), EthD (reductase) | cmeH | cndA, cmeH, meaX, meaY, meaA, meaB",P450 | Amidases | Amidase,Bacillus sp. ACD-9 | Delftia sp.T3-6 | Paracoccus sp. FLY-8 | Proteiniclasticum sediminis BAD-10ᴛ | Pseudomonas aeruginosa strain JD115 | Rhodococcus sp. MZ-3 | Rhodococcus sp. Strain T3-1 | Rhodococcus sp.T3-1 | +3 more,"Redownload real PDFs for DOI/title leads, then rerun readability audit and pathway screening.","Import only if the paper reports a substrate-to-product/intermediate transformation, reaction/enzyme/gene evidence, and organism/source context.",checked,True,green,,https://www.ncbi.nlm.nih.gov/pmc/articles/6981330,repository,,no_pdf_url,
2,Acetochlor,Placeholder files - redownload PDFs by DOI/title,10.1016/j.biortech.2013.09.038,https://doi.org/10.1016/j.biortech.2013.09.038,https://scholar.google.com/scholar?q=10.1016/j.biortech.2013.09.038,/Volumes/WENTBROKE/Pesticide degradation database/pesticidepdf/Acetochlor,Acetochlor_10.1016_j.biortech.2013.09.038.pdf,11,2,"ethA, ethB, ethD cluster | EthB (oxygenase), EthA (ferredoxin), EthD (reductase) | cmeH | cndA, cmeH, meaX, meaY, meaA, meaB",P450 | Amidases | Amidase,Bacillus sp. ACD-9 | Delftia sp.T3-6 | Paracoccus sp. FLY-8 | Proteiniclasticum sediminis BAD-10ᴛ | Pseudomonas aeruginosa strain JD115 | Rhodococcus sp. MZ-3 | Rhodococcus sp. Strain T3-1 | Rhodococcus sp.T3-1 | +3 more,"Redownload real PDFs for DOI/title leads, then rerun readability audit and pathway screening.","Import only if the paper reports a substrate-to-product/intermediate transformation, reaction/enzyme/gene evidence, and organism/source context.",checked,False,closed,,,,,not_attempted,
2,Acetochlor,Placeholder files - redownload PDFs by DOI/title,10.1016/j.envres.2022.112859,https://doi.org/10.1016/j.envres.2022.112859,https://scholar.google.com/scholar?q=10.1016/j.envres.2022.112859,/Volumes/WENTBROKE/Pesticide degradation database/pesticidepdf/Acetochlor,Acetochlor_10.1016_j.envres.2022.112859.pdf,11,2,"ethA, ethB, ethD cluster | EthB (oxygenase), EthA (ferredoxin), EthD (reductase) | cmeH | cndA, cmeH, meaX, meaY, meaA, meaB",P450 | Amidases | Amidase,Bacillus sp. ACD-9 | Delftia sp.T3-6 | Paracoccus sp. FLY-8 | Proteiniclasticum sediminis BAD-10ᴛ | Pseudomonas aeruginosa strain JD115 | Rhodococcus sp. MZ-3 | Rhodococcus sp. Strain T3-1 | Rhodococcus sp.T3-1 | +3 more,"Redownload real PDFs for DOI/title leads, then rerun readability audit and pathway screening.","Import only if the paper reports a substrate-to-product/intermediate transformation, reaction/enzyme/gene evidence, and organism/source context.",checked,False,closed,,,,,not_attempted,
2,Acetochlor,Placeholder files - redownload PDFs by DOI/title,10.1021/jf104695g,https://doi.org/10.1021/jf104695g,https://scholar.google.com/scholar?q=10.1021/jf104695g,/Volumes/WENTBROKE/Pesticide degradation database/pesticidepdf/Acetochlor,Acetochlor_10.1021_jf104695g.pdf,11,2,"ethA, ethB, ethD cluster | EthB (oxygenase), EthA (ferredoxin), EthD (reductase) | cmeH | cndA, cmeH, meaX, meaY, meaA, meaB",P450 | Amidases | Amidase,Bacillus sp. ACD-9 | Delftia sp.T3-6 | Paracoccus sp. FLY-8 | Proteiniclasticum sediminis BAD-10ᴛ | Pseudomonas aeruginosa strain JD115 | Rhodococcus sp. MZ-3 | Rhodococcus sp. Strain T3-1 | Rhodococcus sp.T3-1 | +3 more,"Redownload real PDFs for DOI/title leads, then rerun readability audit and pathway screening.","Import only if the paper reports a substrate-to-product/intermediate transformation, reaction/enzyme/gene evidence, and organism/source context.",checked,False,closed,,,,,not_attempted,
2,Acetochlor,Placeholder files - redownload PDFs by DOI/title,10.1080/03601234.2016.1191907,https://doi.org/10.1080/03601234.2016.1191907,https://scholar.google.com/scholar?q=10.1080/03601234.2016.1191907,/Volumes/WENTBROKE/Pesticide degradation database/pesticidepdf/Acetochlor,Acetochlor_10.1080_03601234.2016.1191907.pdf,11,2,"ethA, ethB, ethD cluster | EthB (oxygenase), EthA (ferredoxin), EthD (reductase) | cmeH | cndA, cmeH, meaX, meaY, meaA, meaB",P450 | Amidases | Amidase,Bacillus sp. ACD-9 | Delftia sp.T3-6 | Paracoccus sp. FLY-8 | Proteiniclasticum sediminis BAD-10ᴛ | Pseudomonas aeruginosa strain JD115 | Rhodococcus sp. MZ-3 | Rhodococcus sp. Strain T3-1 | Rhodococcus sp.T3-1 | +3 more,"Redownload real PDFs for DOI/title leads, then rerun readability audit and pathway screening.","Import only if the paper reports a substrate-to-product/intermediate transformation, reaction/enzyme/gene evidence, and organism/source context.",checked,False,closed,,,,,not_attempted,
2,Acetochlor,Placeholder files - redownload PDFs by DOI/title,10.1111/lam.12242,https://doi.org/10.1111/lam.12242,https://scholar.google.com/scholar?q=10.1111/lam.12242,/Volumes/WENTBROKE/Pesticide degradation database/pesticidepdf/Acetochlor,Acetochlor_10.1111_lam.12242.pdf,11,2,"ethA, ethB, ethD cluster | EthB (oxygenase), EthA (ferredoxin), EthD (reductase) | cmeH | cndA, cmeH, meaX, meaY, meaA, meaB",P450 | Amidases | Amidase,Bacillus sp. ACD-9 | Delftia sp.T3-6 | Paracoccus sp. FLY-8 | Proteiniclasticum sediminis BAD-10ᴛ | Pseudomonas aeruginosa strain JD115 | Rhodococcus sp. MZ-3 | Rhodococcus sp. Strain T3-1 | Rhodococcus sp.T3-1 | +3 more,"Redownload real PDFs for DOI/title leads, then rerun readability audit and pathway screening.","Import only if the paper reports a substrate-to-product/intermediate transformation, reaction/enzyme/gene evidence, and organism/source context.",checked,False,closed,,,,,not_attempted,
2,Acetochlor,Placeholder files - redownload PDFs by DOI/title,10.1128/AEM.03601-14,https://doi.org/10.1128/AEM.03601-14,https://scholar.google.com/scholar?q=10.1128/AEM.03601-14,/Volumes/WENTBROKE/Pesticide degradation database/pesticidepdf/Acetochlor,Acetochlor_10.1128_AEM.03601-14.pdf,11,2,"ethA, ethB, ethD cluster | EthB (oxygenase), EthA (ferredoxin), EthD (reductase) | cmeH | cndA, cmeH, meaX, meaY, meaA, meaB",P450 | Amidases | Amidase,Bacillus sp. ACD-9 | Delftia sp.T3-6 | Paracoccus sp. FLY-8 | Proteiniclasticum sediminis BAD-10ᴛ | Pseudomonas aeruginosa strain JD115 | Rhodococcus sp. MZ-3 | Rhodococcus sp. Strain T3-1 | Rhodococcus sp.T3-1 | +3 more,"Redownload real PDFs for DOI/title leads, then rerun readability audit and pathway screening.","Import only if the paper reports a substrate-to-product/intermediate transformation, reaction/enzyme/gene evidence, and organism/source context.",http_error_404,,,,,,,not_attempted,
2,Quinclorac,Placeholder files - redownload PDFs by DOI/title,10.1007/s11274-022-03329-x,https://doi.org/10.1007/s11274-022-03329-x,https://scholar.google.com/scholar?q=10.1007/s11274-022-03329-x,/Volumes/WENTBROKE/Pesticide degradation database/pesticidepdf/Quinclorac,Quinclorac_10.1007_s11274-022-03329-x.pdf,10,2,"hpaB | PDR | 1,2-CCD","Oxidoreductases | Dioxygenases | Monooxygenases | Chlorocatechol 1,2-dioxygenase | Phthalate dioxygenase reductase",Achromobacter sp.QC36 | Bacillus megaterium Q3 | Burkholderia cepacia WZ1 | Cellulosimicrobium cellulans D | Klebsiella variicola J5 | Mycobacterium sp. strain F4 | Pseudomonas putida II-2 | Streptomyces sp. strain AH-B,"Redownload real PDFs for DOI/title leads, then rerun readability audit and pathway screening.","Import only if the paper reports a substrate-to-product/intermediate transformation, reaction/enzyme/gene evidence, and organism/source context.",checked,False,closed,,,,,not_attempted,
2,Quinclorac,Placeholder files - redownload PDFs by DOI/title,10.1016/j.chemosphere.2018.01.133,https://doi.org/10.1016/j.chemosphere.2018.01.133,https://scholar.google.com/scholar?q=10.1016/j.chemosphere.2018.01.133,/Volumes/WENTBROKE/Pesticide degradation database/pesticidepdf/Quinclorac,Quinclorac_10.1016_j.chemosphere.2018.01.133.pdf,10,2,"hpaB | PDR | 1,2-CCD","Oxidoreductases | Dioxygenases | Monooxygenases | Chlorocatechol 1,2-dioxygenase | Phthalate dioxygenase reductase",Achromobacter sp.QC36 | Bacillus megaterium Q3 | Burkholderia cepacia WZ1 | Cellulosimicrobium cellulans D | Klebsiella variicola J5 | Mycobacterium sp. strain F4 | Pseudomonas putida II-2 | Streptomyces sp. strain AH-B,"Redownload real PDFs for DOI/title leads, then rerun readability audit and pathway screening.","Import only if the paper reports a substrate-to-product/intermediate transformation, reaction/enzyme/gene evidence, and organism/source context.",checked,False,closed,,,,,not_attempted,
2,Quinclorac,Placeholder files - redownload PDFs by DOI/title,10.1016/j.ecoenv.2019.109826,https://doi.org/10.1016/j.ecoenv.2019.109826,https://scholar.google.com/scholar?q=10.1016/j.ecoenv.2019.109826,/Volumes/WENTBROKE/Pesticide degradation database/pesticidepdf/Quinclorac,Quinclorac_10.1016_j.ecoenv.2019.109826.pdf,10,2,"hpaB | PDR | 1,2-CCD","Oxidoreductases | Dioxygenases | Monooxygenases | Chlorocatechol 1,2-dioxygenase | Phthalate dioxygenase reductase",Achromobacter sp.QC36 | Bacillus megaterium Q3 | Burkholderia cepacia WZ1 | Cellulosimicrobium cellulans D | Klebsiella variicola J5 | Mycobacterium sp. strain F4 | Pseudomonas putida II-2 | Streptomyces sp. strain AH-B,"Redownload real PDFs for DOI/title leads, then rerun readability audit and pathway screening.","Import only if the paper reports a substrate-to-product/intermediate transformation, reaction/enzyme/gene evidence, and organism/source context.",checked,True,hybrid,,https://doi.org/10.1016/j.ecoenv.2019.109826,publisher,cc-by-nc-nd,no_pdf_url,
2,Quinclorac,Placeholder files - redownload PDFs by DOI/title,10.1016/j.soilbio.2008.10.026,https://doi.org/10.1016/j.soilbio.2008.10.026,https://scholar.google.com/scholar?q=10.1016/j.soilbio.2008.10.026,/Volumes/WENTBROKE/Pesticide degradation database/pesticidepdf/Quinclorac,Quinclorac_10.1016_j.soilbio.2008.10.026.pdf,10,2,"hpaB | PDR | 1,2-CCD","Oxidoreductases | Dioxygenases | Monooxygenases | Chlorocatechol 1,2-dioxygenase | Phthalate dioxygenase reductase",Achromobacter sp.QC36 | Bacillus megaterium Q3 | Burkholderia cepacia WZ1 | Cellulosimicrobium cellulans D | Klebsiella variicola J5 | Mycobacterium sp. strain F4 | Pseudomonas putida II-2 | Streptomyces sp. strain AH-B,"Redownload real PDFs for DOI/title leads, then rerun readability audit and pathway screening.","Import only if the paper reports a substrate-to-product/intermediate transformation, reaction/enzyme/gene evidence, and organism/source context.",checked,False,closed,,,,,not_attempted,
2,Quinclorac,Placeholder files - redownload PDFs by DOI/title,10.1081/PFC-120025560,https://doi.org/10.1081/PFC-120025560,https://scholar.google.com/scholar?q=10.1081/PFC-120025560,/Volumes/WENTBROKE/Pesticide degradation database/pesticidepdf/Quinclorac,Quinclorac_10.1081_PFC-120025560.pdf,10,2,"hpaB | PDR | 1,2-CCD","Oxidoreductases | Dioxygenases | Monooxygenases | Chlorocatechol 1,2-dioxygenase | Phthalate dioxygenase reductase",Achromobacter sp.QC36 | Bacillus megaterium Q3 | Burkholderia cepacia WZ1 | Cellulosimicrobium cellulans D | Klebsiella variicola J5 | Mycobacterium sp. strain F4 | Pseudomonas putida II-2 | Streptomyces sp. strain AH-B,"Redownload real PDFs for DOI/title leads, then rerun readability audit and pathway screening.","Import only if the paper reports a substrate-to-product/intermediate transformation, reaction/enzyme/gene evidence, and organism/source context.",checked,False,closed,,,,,not_attempted,
2,Quinclorac,Placeholder files - redownload PDFs by DOI/title,10.1128/Spectrum.00398-21,https://doi.org/10.1128/Spectrum.00398-21,https://scholar.google.com/scholar?q=10.1128/Spectrum.00398-21,/Volumes/WENTBROKE/Pesticide degradation database/pesticidepdf/Quinclorac,Quinclorac_10.1128_Spectrum.00398-21.pdf,10,2,"hpaB | PDR | 1,2-CCD","Oxidoreductases | Dioxygenases | Monooxygenases | Chlorocatechol 1,2-dioxygenase | Phthalate dioxygenase reductase",Achromobacter sp.QC36 | Bacillus megaterium Q3 | Burkholderia cepacia WZ1 | Cellulosimicrobium cellulans D | Klebsiella variicola J5 | Mycobacterium sp. strain F4 | Pseudomonas putida II-2 | Streptomyces sp. strain AH-B,"Redownload real PDFs for DOI/title leads, then rerun readability audit and pathway screening.","Import only if the paper reports a substrate-to-product/intermediate transformation, reaction/enzyme/gene evidence, and organism/source context.",checked,True,gold,,https://doi.org/10.1128/spectrum.00398-21,publisher,cc-by,no_pdf_url,
2,Quinclorac,Placeholder files - redownload PDFs by DOI/title,10.1371/journal.pone.0108012,https://doi.org/10.1371/journal.pone.0108012,https://scholar.google.com/scholar?q=10.1371/journal.pone.0108012,/Volumes/WENTBROKE/Pesticide degradation database/pesticidepdf/Quinclorac,Quinclorac_10.1371_journal.pone.0108012.pdf,10,2,"hpaB | PDR | 1,2-CCD","Oxidoreductases | Dioxygenases | Monooxygenases | Chlorocatechol 1,2-dioxygenase | Phthalate dioxygenase reductase",Achromobacter sp.QC36 | Bacillus megaterium Q3 | Burkholderia cepacia WZ1 | Cellulosimicrobium cellulans D | Klebsiella variicola J5 | Mycobacterium sp. strain F4 | Pseudomonas putida II-2 | Streptomyces sp. strain AH-B,"Redownload real PDFs for DOI/title leads, then rerun readability audit and pathway screening.","Import only if the paper reports a substrate-to-product/intermediate transformation, reaction/enzyme/gene evidence, and organism/source context.",checked,True,gold,,https://doi.org/10.1371/journal.pone.0108012,publisher,cc-by,no_pdf_url,
2,Quinclorac,Placeholder files - redownload PDFs by DOI/title,10.1371/journal.pone.0185721,https://doi.org/10.1371/journal.pone.0185721,https://scholar.google.com/scholar?q=10.1371/journal.pone.0185721,/Volumes/WENTBROKE/Pesticide degradation database/pesticidepdf/Quinclorac,Quinclorac_10.1371_journal.pone.0185721.pdf,10,2,"hpaB | PDR | 1,2-CCD","Oxidoreductases | Dioxygenases | Monooxygenases | Chlorocatechol 1,2-dioxygenase | Phthalate dioxygenase reductase",Achromobacter sp.QC36 | Bacillus megaterium Q3 | Burkholderia cepacia WZ1 | Cellulosimicrobium cellulans D | Klebsiella variicola J5 | Mycobacterium sp. strain F4 | Pseudomonas putida II-2 | Streptomyces sp. strain AH-B,"Redownload real PDFs for DOI/title leads, then rerun readability audit and pathway screening.","Import only if the paper reports a substrate-to-product/intermediate transformation, reaction/enzyme/gene evidence, and organism/source context.",checked,True,gold,,https://doi.org/10.1371/journal.pone.0185721,publisher,cc-by,no_pdf_url,
2,Cyfluthrin/beta-cyfluthrin,Placeholder files - redownload PDFs by DOI/title,10.1021/acs.jafc.2c00574,https://doi.org/10.1021/acs.jafc.2c00574,https://scholar.google.com/scholar?q=10.1021/acs.jafc.2c00574,/Volumes/WENTBROKE/Pesticide degradation database/pesticidepdf/Cyfluthrin/beta-cyfluthrin,Cyfluthrin/beta-cyfluthrin_10.1021_acs.jafc.2c00574.pdf,36,0,cesB,Hydrolases | Oxidoreductases | P450,Achromobacter sp. | Acromobacter sp. | Afipia sp. | Agromyces sp. | Bacillus subtilis BSF01 | Burkholderia sp. | Caballoeronia sp. | Cellulosimicrobium sp. | +7 more,"Redownload real PDFs for DOI/title leads, then rerun readability audit and pathway screening.","Import only if the paper reports a substrate-to-product/intermediate transformation, reaction/enzyme/gene evidence, and organism/source context.",checked,False,closed,,,,,not_attempted,
2,Cyfluthrin/beta-cyfluthrin,Placeholder files - redownload PDFs by DOI/title,10.3389/fbioe.2020.00889,https://doi.org/10.3389/fbioe.2020.00889,https://scholar.google.com/scholar?q=10.3389/fbioe.2020.00889,/Volumes/WENTBROKE/Pesticide degradation database/pesticidepdf/Cyfluthrin/beta-cyfluthrin,Cyfluthrin/beta-cyfluthrin_10.3389_fbioe.2020.00889.pdf,36,0,cesB,Hydrolases | Oxidoreductases | P450,Achromobacter sp. | Acromobacter sp. | Afipia sp. | Agromyces sp. | Bacillus subtilis BSF01 | Burkholderia sp. | Caballoeronia sp. | Cellulosimicrobium sp. | +7 more,"Redownload real PDFs for DOI/title leads, then rerun readability audit and pathway screening.","Import only if the paper reports a substrate-to-product/intermediate transformation, reaction/enzyme/gene evidence, and organism/source context.",checked,True,gold,,https://doi.org/10.3389/fbioe.2020.00889,publisher,cc-by,no_pdf_url,
2,Profenofos,Placeholder files - redownload PDFs by DOI/title,10.1007/s11356-014-3354-1,https://doi.org/10.1007/s11356-014-3354-1,https://scholar.google.com/scholar?q=10.1007/s11356-014-3354-1,/Volumes/WENTBROKE/Pesticide degradation database/pesticidepdf/Profenofos,Profenofos_10.1007_s11356-014-3354-1.pdf,22,0,OpdB,Hydrolases,Bacillus sp. PF1 | Bacillus subtilis strains CS-126 | Bacillus subtilis strains DR-39 | Bacillus subtilis strains TL-171 | Bacillus subtilis strains TS-204 | Burkholderia sp. | Cupriavidus nantongensis X1ᵀ | Enterobacter cloacae strain MUG75 | +6 more,"Redownload real PDFs for DOI/title leads, then rerun readability audit and pathway screening.","Import only if the paper reports a substrate-to-product/intermediate transformation, reaction/enzyme/gene evidence, and organism/source context.",checked,False,closed,,,,,not_attempted,
2,Profenofos,Placeholder files - redownload PDFs by DOI/title,10.1016/S1001-0742(08)62460-2,https://doi.org/10.1016/S1001-0742(08)62460-2,https://scholar.google.com/scholar?q=10.1016/S1001-0742%2808%2962460-2,/Volumes/WENTBROKE/Pesticide degradation database/pesticidepdf/Profenofos,Profenofos_10.1016_S1001-0742(08)62460-2.pdf,22,0,OpdB,Hydrolases,Bacillus sp. PF1 | Bacillus subtilis strains CS-126 | Bacillus subtilis strains DR-39 | Bacillus subtilis strains TL-171 | Bacillus subtilis strains TS-204 | Burkholderia sp. | Cupriavidus nantongensis X1ᵀ | Enterobacter cloacae strain MUG75 | +6 more,"Redownload real PDFs for DOI/title leads, then rerun readability audit and pathway screening.","Import only if the paper reports a substrate-to-product/intermediate transformation, reaction/enzyme/gene evidence, and organism/source context.",checked,False,closed,,,,,not_attempted,
2,Profenofos,Placeholder files - redownload PDFs by DOI/title,10.1016/j.jhazmat.2024.133750,https://doi.org/10.1016/j.jhazmat.2024.133750,https://scholar.google.com/scholar?q=10.1016/j.jhazmat.2024.133750,/Volumes/WENTBROKE/Pesticide degradation database/pesticidepdf/Profenofos,Profenofos_10.1016_j.jhazmat.2024.133750.pdf,22,0,OpdB,Hydrolases,Bacillus sp. PF1 | Bacillus subtilis strains CS-126 | Bacillus subtilis strains DR-39 | Bacillus subtilis strains TL-171 | Bacillus subtilis strains TS-204 | Burkholderia sp. | Cupriavidus nantongensis X1ᵀ | Enterobacter cloacae strain MUG75 | +6 more,"Redownload real PDFs for DOI/title leads, then rerun readability audit and pathway screening.","Import only if the paper reports a substrate-to-product/intermediate transformation, reaction/enzyme/gene evidence, and organism/source context.",checked,False,closed,,,,,not_attempted,
2,Profenofos,Placeholder files - redownload PDFs by DOI/title,10.1016/j.scitotenv.2022.160782,https://doi.org/10.1016/j.scitotenv.2022.160782,https://scholar.google.com/scholar?q=10.1016/j.scitotenv.2022.160782,/Volumes/WENTBROKE/Pesticide degradation database/pesticidepdf/Profenofos,Profenofos_10.1016_j.scitotenv.2022.160782.pdf,22,0,OpdB,Hydrolases,Bacillus sp. PF1 | Bacillus subtilis strains CS-126 | Bacillus subtilis strains DR-39 | Bacillus subtilis strains TL-171 | Bacillus subtilis strains TS-204 | Burkholderia sp. | Cupriavidus nantongensis X1ᵀ | Enterobacter cloacae strain MUG75 | +6 more,"Redownload real PDFs for DOI/title leads, then rerun readability audit and pathway screening.","Import only if the paper reports a substrate-to-product/intermediate transformation, reaction/enzyme/gene evidence, and organism/source context.",checked,False,closed,,,,,not_attempted,
2,Profenofos,Placeholder files - redownload PDFs by DOI/title,10.1021/acs.jafc.0c00132,https://doi.org/10.1021/acs.jafc.0c00132,https://scholar.google.com/scholar?q=10.1021/acs.jafc.0c00132,/Volumes/WENTBROKE/Pesticide degradation database/pesticidepdf/Profenofos,Profenofos_10.1021_acs.jafc.0c00132.pdf,22,0,OpdB,Hydrolases,Bacillus sp. PF1 | Bacillus subtilis strains CS-126 | Bacillus subtilis strains DR-39 | Bacillus subtilis strains TL-171 | Bacillus subtilis strains TS-204 | Burkholderia sp. | Cupriavidus nantongensis X1ᵀ | Enterobacter cloacae strain MUG75 | +6 more,"Redownload real PDFs for DOI/title leads, then rerun readability audit and pathway screening.","Import only if the paper reports a substrate-to-product/intermediate transformation, reaction/enzyme/gene evidence, and organism/source context.",checked,False,closed,,,,,not_attempted,
2,Profenofos,Placeholder files - redownload PDFs by DOI/title,10.1021/jf400528d,https://doi.org/10.1021/jf400528d,https://scholar.google.com/scholar?q=10.1021/jf400528d,/Volumes/WENTBROKE/Pesticide degradation database/pesticidepdf/Profenofos,Profenofos_10.1021_jf400528d.pdf,22,0,OpdB,Hydrolases,Bacillus sp. PF1 | Bacillus subtilis strains CS-126 | Bacillus subtilis strains DR-39 | Bacillus subtilis strains TL-171 | Bacillus subtilis strains TS-204 | Burkholderia sp. | Cupriavidus nantongensis X1ᵀ | Enterobacter cloacae strain MUG75 | +6 more,"Redownload real PDFs for DOI/title leads, then rerun readability audit and pathway screening.","Import only if the paper reports a substrate-to-product/intermediate transformation, reaction/enzyme/gene evidence, and organism/source context.",checked,False,closed,,,,,not_attempted,
2,Profenofos,Placeholder files - redownload PDFs by DOI/title,10.1080/09593330.2021.1976282,https://doi.org/10.1080/09593330.2021.1976282,https://scholar.google.com/scholar?q=10.1080/09593330.2021.1976282,/Volumes/WENTBROKE/Pesticide degradation database/pesticidepdf/Profenofos,Profenofos_10.1080_09593330.2021.1976282.pdf,22,0,OpdB,Hydrolases,Bacillus sp. PF1 | Bacillus subtilis strains CS-126 | Bacillus subtilis strains DR-39 | Bacillus subtilis strains TL-171 | Bacillus subtilis strains TS-204 | Burkholderia sp. | Cupriavidus nantongensis X1ᵀ | Enterobacter cloacae strain MUG75 | +6 more,"Redownload real PDFs for DOI/title leads, then rerun readability audit and pathway screening.","Import only if the paper reports a substrate-to-product/intermediate transformation, reaction/enzyme/gene evidence, and organism/source context.",checked,False,closed,,,,,not_attempted,
2,Profenofos,Placeholder files - redownload PDFs by DOI/title,10.1080/15226514.2021.1952927,https://doi.org/10.1080/15226514.2021.1952927,https://scholar.google.com/scholar?q=10.1080/15226514.2021.1952927,/Volumes/WENTBROKE/Pesticide degradation database/pesticidepdf/Profenofos,Profenofos_10.1080_15226514.2021.1952927.pdf,22,0,OpdB,Hydrolases,Bacillus sp. PF1 | Bacillus subtilis strains CS-126 | Bacillus subtilis strains DR-39 | Bacillus subtilis strains TL-171 | Bacillus subtilis strains TS-204 | Burkholderia sp. | Cupriavidus nantongensis X1ᵀ | Enterobacter cloacae strain MUG75 | +6 more,"Redownload real PDFs for DOI/title leads, then rerun readability audit and pathway screening.","Import only if the paper reports a substrate-to-product/intermediate transformation, reaction/enzyme/gene evidence, and organism/source context.",checked,False,closed,,,,,not_attempted,
2,Profenofos,Placeholder files - redownload PDFs by DOI/title,10.1590/S1517-838220090004000021,https://doi.org/10.1590/S1517-838220090004000021,https://scholar.google.com/scholar?q=10.1590/S1517-838220090004000021,/Volumes/WENTBROKE/Pesticide degradation database/pesticidepdf/Profenofos,Profenofos_10.1590_S1517-838220090004000021.pdf,22,0,OpdB,Hydrolases,Bacillus sp. PF1 | Bacillus subtilis strains CS-126 | Bacillus subtilis strains DR-39 | Bacillus subtilis strains TL-171 | Bacillus subtilis strains TS-204 | Burkholderia sp. | Cupriavidus nantongensis X1ᵀ | Enterobacter cloacae strain MUG75 | +6 more,"Redownload real PDFs for DOI/title leads, then rerun readability audit and pathway screening.","Import only if the paper reports a substrate-to-product/intermediate transformation, reaction/enzyme/gene evidence, and organism/source context.",http_error_404,,,,,,,not_attempted,
2,Profenofos,Placeholder files - redownload PDFs by DOI/title,10.3390/ijms24066003,https://doi.org/10.3390/ijms24066003,https://scholar.google.com/scholar?q=10.3390/ijms24066003,/Volumes/WENTBROKE/Pesticide degradation database/pesticidepdf/Profenofos,Profenofos_10.3390_ijms24066003.pdf,22,0,OpdB,Hydrolases,Bacillus sp. PF1 | Bacillus subtilis strains CS-126 | Bacillus subtilis strains DR-39 | Bacillus subtilis strains TL-171 | Bacillus subtilis strains TS-204 | Burkholderia sp. | Cupriavidus nantongensis X1ᵀ | Enterobacter cloacae strain MUG75 | +6 more,"Redownload real PDFs for DOI/title leads, then rerun readability audit and pathway screening.","Import only if the paper reports a substrate-to-product/intermediate transformation, reaction/enzyme/gene evidence, and organism/source context.",checked,True,gold,https://www.mdpi.com/1422-0067/24/6/6003/pdf?version=1679499794,https://www.mdpi.com/1422-0067/24/6/6003/pdf?version=1679499794,publisher,cc-by,"download_error: <urlopen error [Errno 8] nodename nor servname provided, or not known>",
2,Endrin,Placeholder files - redownload PDFs by DOI/title,10.1007/s00253-008-1670-4,https://doi.org/10.1007/s00253-008-1670-4,https://scholar.google.com/scholar?q=10.1007/s00253-008-1670-4,/Volumes/WENTBROKE/Pesticide degradation database/pesticidepdf/Endrin,Endrin_10.1007_s00253-008-1670-4.pdf,20,0,,,Arthrobacter sp. 278 | Bacillus sp. 458 | Bacillus sp. 459 | Bacillus sp. 461 | Burkholderia sp. strain MED-7 | Cupriavidus sp. strain MED-5 | Micrococcus 204 | Phlebia acanthocystis | +12 more,"Redownload real PDFs for DOI/title leads, then rerun readability audit and pathway screening.","Import only if the paper reports a substrate-to-product/intermediate transformation, reaction/enzyme/gene evidence, and organism/source context.",checked,False,closed,,,,,not_attempted,
2,Endrin,Placeholder files - redownload PDFs by DOI/title,10.1016/j.myc.2019.04.004,https://doi.org/10.1016/j.myc.2019.04.004,https://scholar.google.com/scholar?q=10.1016/j.myc.2019.04.004,/Volumes/WENTBROKE/Pesticide degradation database/pesticidepdf/Endrin,Endrin_10.1016_j.myc.2019.04.004.pdf,20,0,,,Arthrobacter sp. 278 | Bacillus sp. 458 | Bacillus sp. 459 | Bacillus sp. 461 | Burkholderia sp. strain MED-7 | Cupriavidus sp. strain MED-5 | Micrococcus 204 | Phlebia acanthocystis | +12 more,"Redownload real PDFs for DOI/title leads, then rerun readability audit and pathway screening.","Import only if the paper reports a substrate-to-product/intermediate transformation, reaction/enzyme/gene evidence, and organism/source context.",checked,False,closed,,,,,not_attempted,
2,Endrin,Placeholder files - redownload PDFs by DOI/title,10.1128/am.19.5.879-881.1970,https://doi.org/10.1128/am.19.5.879-881.1970,https://scholar.google.com/scholar?q=10.1128/am.19.5.879-881.1970,/Volumes/WENTBROKE/Pesticide degradation database/pesticidepdf/Endrin,Endrin_10.1128_am.19.5.879-881.1970.pdf,20,0,,,Arthrobacter sp. 278 | Bacillus sp. 458 | Bacillus sp. 459 | Bacillus sp. 461 | Burkholderia sp. strain MED-7 | Cupriavidus sp. strain MED-5 | Micrococcus 204 | Phlebia acanthocystis | +12 more,"Redownload real PDFs for DOI/title leads, then rerun readability audit and pathway screening.","Import only if the paper reports a substrate-to-product/intermediate transformation, reaction/enzyme/gene evidence, and organism/source context.",checked,True,gold,https://aem.asm.org/content/aem/19/5/879.full.pdf,https://aem.asm.org/content/aem/19/5/879.full.pdf,publisher,,"download_error: <urlopen error [Errno 8] nodename nor servname provided, or not known>",
3,Chlordane,Placeholder files - redownload PDFs by DOI/title,10.1128/aem.56.8.2347-2353.1990,https://doi.org/10.1128/aem.56.8.2347-2353.1990,https://scholar.google.com/scholar?q=10.1128/aem.56.8.2347-2353.1990,/Volumes/WENTBROKE/Pesticide degradation database/pesticidepdf/Chlordane,Chlordane_10.1128_aem.56.8.2347-2353.1990.pdf,1,0,,,Phanerochaete chrysosporium BKM-F-1767,"Redownload real PDFs for DOI/title leads, then rerun readability audit and pathway screening.","Import only if the paper reports a substrate-to-product/intermediate transformation, reaction/enzyme/gene evidence, and organism/source context.",checked,True,bronze,https://aem.asm.org/content/aem/56/8/2347.full.pdf,https://aem.asm.org/content/aem/56/8/2347.full.pdf,publisher,,"download_error: <urlopen error [Errno 8] nodename nor servname provided, or not known>",
2,Fenvalerate,Placeholder files - redownload PDFs by DOI/title,10.1007/s00253-010-3035-z,https://doi.org/10.1007/s00253-010-3035-z,https://scholar.google.com/scholar?q=10.1007/s00253-010-3035-z,/Volumes/WENTBROKE/Pesticide degradation database/pesticidepdf/Fenvalerate,Fenvalerate_10.1007_s00253-010-3035-z.pdf,18,0,,Hydrolases | Oxidoreductases | Dioxygenases | Monooxygenases,Acinetobacter sp. JN8 | Bacillus flexus strain XJU-4 | Citrobacter freundii CD-9 | Klebsiella pneumoniae BPBA052 | Stenotrophomonas acidaminiphila | Stenotrophomonas sp. ZS-S-01,"Redownload real PDFs for DOI/title leads, then rerun readability audit and pathway screening.","Import only if the paper reports a substrate-to-product/intermediate transformation, reaction/enzyme/gene evidence, and organism/source context.",checked,False,closed,,,,,not_attempted,
2,Fenvalerate,Placeholder files - redownload PDFs by DOI/title,10.1007/s13205-017-0957-5,https://doi.org/10.1007/s13205-017-0957-5,https://scholar.google.com/scholar?q=10.1007/s13205-017-0957-5,/Volumes/WENTBROKE/Pesticide degradation database/pesticidepdf/Fenvalerate,Fenvalerate_10.1007_s13205-017-0957-5.pdf,18,0,,Hydrolases | Oxidoreductases | Dioxygenases | Monooxygenases,Acinetobacter sp. JN8 | Bacillus flexus strain XJU-4 | Citrobacter freundii CD-9 | Klebsiella pneumoniae BPBA052 | Stenotrophomonas acidaminiphila | Stenotrophomonas sp. ZS-S-01,"Redownload real PDFs for DOI/title leads, then rerun readability audit and pathway screening.","Import only if the paper reports a substrate-to-product/intermediate transformation, reaction/enzyme/gene evidence, and organism/source context.",checked,False,closed,,,,,not_attempted,
2,Fenvalerate,Placeholder files - redownload PDFs by DOI/title,10.1139/cjm-2014-0104,https://doi.org/10.1139/cjm-2014-0104,https://scholar.google.com/scholar?q=10.1139/cjm-2014-0104,/Volumes/WENTBROKE/Pesticide degradation database/pesticidepdf/Fenvalerate,Fenvalerate_10.1139_cjm-2014-0104.pdf,18,0,,Hydrolases | Oxidoreductases | Dioxygenases | Monooxygenases,Acinetobacter sp. JN8 | Bacillus flexus strain XJU-4 | Citrobacter freundii CD-9 | Klebsiella pneumoniae BPBA052 | Stenotrophomonas acidaminiphila | Stenotrophomonas sp. ZS-S-01,"Redownload real PDFs for DOI/title leads, then rerun readability audit and pathway screening.","Import only if the paper reports a substrate-to-product/intermediate transformation, reaction/enzyme/gene evidence, and organism/source context.",checked,False,closed,,,,,not_attempted,
2,Fenvalerate,Placeholder files - redownload PDFs by DOI/title,10.1139/cjm-2019-0183,https://doi.org/10.1139/cjm-2019-0183,https://scholar.google.com/scholar?q=10.1139/cjm-2019-0183,/Volumes/WENTBROKE/Pesticide degradation database/pesticidepdf/Fenvalerate,Fenvalerate_10.1139_cjm-2019-0183.pdf,18,0,,Hydrolases | Oxidoreductases | Dioxygenases | Monooxygenases,Acinetobacter sp. JN8 | Bacillus flexus strain XJU-4 | Citrobacter freundii CD-9 | Klebsiella pneumoniae BPBA052 | Stenotrophomonas acidaminiphila | Stenotrophomonas sp. ZS-S-01,"Redownload real PDFs for DOI/title leads, then rerun readability audit and pathway screening.","Import only if the paper reports a substrate-to-product/intermediate transformation, reaction/enzyme/gene evidence, and organism/source context.",checked,True,green,https://utoronto.scholaris.ca/bitstreams/c16d02d5-9176-4838-bfc3-b5a3e7f8cf6d/download,https://utoronto.scholaris.ca/bitstreams/c16d02d5-9176-4838-bfc3-b5a3e7f8cf6d/download,repository,,downloaded_open_access_pdf,/Users/nana/Desktop/PepDB/PepDatabase/curation_outputs/pathway_open_access_all_remaining_20260709/downloaded_open_access_pdfs/Fenvalerate/Fenvalerate_10.1139_cjm-2019-0183.pdf
2,Fenvalerate,Placeholder files - redownload PDFs by DOI/title,10.1186/s13568-020-01128-x,https://doi.org/10.1186/s13568-020-01128-x,https://scholar.google.com/scholar?q=10.1186/s13568-020-01128-x,/Volumes/WENTBROKE/Pesticide degradation database/pesticidepdf/Fenvalerate,Fenvalerate_10.1186_s13568-020-01128-x.pdf,18,0,,Hydrolases | Oxidoreductases | Dioxygenases | Monooxygenases,Acinetobacter sp. JN8 | Bacillus flexus strain XJU-4 | Citrobacter freundii CD-9 | Klebsiella pneumoniae BPBA052 | Stenotrophomonas acidaminiphila | Stenotrophomonas sp. ZS-S-01,"Redownload real PDFs for DOI/title leads, then rerun readability audit and pathway screening.","Import only if the paper reports a substrate-to-product/intermediate transformation, reaction/enzyme/gene evidence, and organism/source context.",checked,True,gold,https://amb-express.springeropen.com/track/pdf/10.1186/s13568-020-01128-x,https://amb-express.springeropen.com/track/pdf/10.1186/s13568-020-01128-x,publisher,cc-by,downloaded_open_access_pdf,/Users/nana/Desktop/PepDB/PepDatabase/curation_outputs/pathway_open_access_all_remaining_20260709/downloaded_open_access_pdfs/Fenvalerate/Fenvalerate_10.1186_s13568-020-01128-x.pdf
2,Fenvalerate,Placeholder files - redownload PDFs by DOI/title,10.1186/s13568-022-01392-z,https://doi.org/10.1186/s13568-022-01392-z,https://scholar.google.com/scholar?q=10.1186/s13568-022-01392-z,/Volumes/WENTBROKE/Pesticide degradation database/pesticidepdf/Fenvalerate,Fenvalerate_10.1186_s13568-022-01392-z.pdf,18,0,,Hydrolases | Oxidoreductases | Dioxygenases | Monooxygenases,Acinetobacter sp. JN8 | Bacillus flexus strain XJU-4 | Citrobacter freundii CD-9 | Klebsiella pneumoniae BPBA052 | Stenotrophomonas acidaminiphila | Stenotrophomonas sp. ZS-S-01,"Redownload real PDFs for DOI/title leads, then rerun readability audit and pathway screening.","Import only if the paper reports a substrate-to-product/intermediate transformation, reaction/enzyme/gene evidence, and organism/source context.",checked,True,gold,https://amb-express.springeropen.com/track/pdf/10.1186/s13568-022-01392-z,https://amb-express.springeropen.com/track/pdf/10.1186/s13568-022-01392-z,publisher,cc-by,downloaded_open_access_pdf,/Users/nana/Desktop/PepDB/PepDatabase/curation_outputs/pathway_open_access_all_remaining_20260709/downloaded_open_access_pdfs/Fenvalerate/Fenvalerate_10.1186_s13568-022-01392-z.pdf
2,Fenvalerate,Placeholder files - redownload PDFs by DOI/title,10.4014/jmb.2110.10048,https://doi.org/10.4014/jmb.2110.10048,https://scholar.google.com/scholar?q=10.4014/jmb.2110.10048,/Volumes/WENTBROKE/Pesticide degradation database/pesticidepdf/Fenvalerate,Fenvalerate_10.4014_jmb.2110.10048.pdf,18,0,,Hydrolases | Oxidoreductases | Dioxygenases | Monooxygenases,Acinetobacter sp. JN8 | Bacillus flexus strain XJU-4 | Citrobacter freundii CD-9 | Klebsiella pneumoniae BPBA052 | Stenotrophomonas acidaminiphila | Stenotrophomonas sp. ZS-S-01,"Redownload real PDFs for DOI/title leads, then rerun readability audit and pathway screening.","Import only if the paper reports a substrate-to-product/intermediate transformation, reaction/enzyme/gene evidence, and organism/source context.",checked,True,bronze,https://www.jmb.or.kr/journal/download_pdf.php?doi=10.4014/jmb.2110.10048,https://www.jmb.or.kr/journal/download_pdf.php?doi=10.4014/jmb.2110.10048,publisher,,downloaded_open_access_pdf,/Users/nana/Desktop/PepDB/PepDatabase/curation_outputs/pathway_open_access_all_remaining_20260709/downloaded_open_access_pdfs/Fenvalerate/Fenvalerate_10.4014_jmb.2110.10048.pdf
2,Phorate,Placeholder files - redownload PDFs by DOI/title,10.1002/jobm.202100332,https://doi.org/10.1002/jobm.202100332,https://scholar.google.com/scholar?q=10.1002/jobm.202100332,/Volumes/WENTBROKE/Pesticide degradation database/pesticidepdf/Phorate,Phorate_10.1002_jobm.202100332.pdf,18,0,,Phosphatases,Bacillus aerophilus IMBL 4.1 | Brevibacterium aerophilus | Brevibacterium frigoritolerans | Brevibacterium frigoritolerans IMBL 2.1 | Brevibacterium fulva | Proteus sp. | Pseudomonas aeruginosa PR1 | Pseudomonas fulva IMBL 5.1 | +8 more,"Redownload real PDFs for DOI/title leads, then rerun readability audit and pathway screening.","Import only if the paper reports a substrate-to-product/intermediate transformation, reaction/enzyme/gene evidence, and organism/source context.",checked,True,green,https://mpra.ub.uni-muenchen.de/70210/1/MPRA_paper_70210.pdf,https://mpra.ub.uni-muenchen.de/70210/1/MPRA_paper_70210.pdf,repository,,downloaded_open_access_pdf,/Users/nana/Desktop/PepDB/PepDatabase/curation_outputs/pathway_open_access_all_remaining_20260709/downloaded_open_access_pdfs/Phorate/Phorate_10.1002_jobm.202100332.pdf
2,Phorate,Placeholder files - redownload PDFs by DOI/title,10.1007/BF01606602,https://doi.org/10.1007/BF01606602,https://scholar.google.com/scholar?q=10.1007/BF01606602,/Volumes/WENTBROKE/Pesticide degradation database/pesticidepdf/Phorate,Phorate_10.1007_BF01606602.pdf,18,0,,Phosphatases,Bacillus aerophilus IMBL 4.1 | Brevibacterium aerophilus | Brevibacterium frigoritolerans | Brevibacterium frigoritolerans IMBL 2.1 | Brevibacterium fulva | Proteus sp. | Pseudomonas aeruginosa PR1 | Pseudomonas fulva IMBL 5.1 | +8 more,"Redownload real PDFs for DOI/title leads, then rerun readability audit and pathway screening.","Import only if the paper reports a substrate-to-product/intermediate transformation, reaction/enzyme/gene evidence, and organism/source context.",checked,False,closed,,,,,not_attempted,
2,Phorate,Placeholder files - redownload PDFs by DOI/title,10.1007/s00128-015-1617-2,https://doi.org/10.1007/s00128-015-1617-2,https://scholar.google.com/scholar?q=10.1007/s00128-015-1617-2,/Volumes/WENTBROKE/Pesticide degradation database/pesticidepdf/Phorate,Phorate_10.1007_s00128-015-1617-2.pdf,18,0,,Phosphatases,Bacillus aerophilus IMBL 4.1 | Brevibacterium aerophilus | Brevibacterium frigoritolerans | Brevibacterium frigoritolerans IMBL 2.1 | Brevibacterium fulva | Proteus sp. | Pseudomonas aeruginosa PR1 | Pseudomonas fulva IMBL 5.1 | +8 more,"Redownload real PDFs for DOI/title leads, then rerun readability audit and pathway screening.","Import only if the paper reports a substrate-to-product/intermediate transformation, reaction/enzyme/gene evidence, and organism/source context.",checked,False,closed,,,,,not_attempted,
2,Phorate,Placeholder files - redownload PDFs by DOI/title,10.1007/s11356-013-2155-2,https://doi.org/10.1007/s11356-013-2155-2,https://scholar.google.com/scholar?q=10.1007/s11356-013-2155-2,/Volumes/WENTBROKE/Pesticide degradation database/pesticidepdf/Phorate,Phorate_10.1007_s11356-013-2155-2.pdf,18,0,,Phosphatases,Bacillus aerophilus IMBL 4.1 | Brevibacterium aerophilus | Brevibacterium frigoritolerans | Brevibacterium frigoritolerans IMBL 2.1 | Brevibacterium fulva | Proteus sp. | Pseudomonas aeruginosa PR1 | Pseudomonas fulva IMBL 5.1 | +8 more,"Redownload real PDFs for DOI/title leads, then rerun readability audit and pathway screening.","Import only if the paper reports a substrate-to-product/intermediate transformation, reaction/enzyme/gene evidence, and organism/source context.",checked,False,closed,,,,,not_attempted,
2,Phorate,Placeholder files - redownload PDFs by DOI/title,10.1016/j.ecoenv.2015.07.007,https://doi.org/10.1016/j.ecoenv.2015.07.007,https://scholar.google.com/scholar?q=10.1016/j.ecoenv.2015.07.007,/Volumes/WENTBROKE/Pesticide degradation database/pesticidepdf/Phorate,Phorate_10.1016_j.ecoenv.2015.07.007.pdf,18,0,,Phosphatases,Bacillus aerophilus IMBL 4.1 | Brevibacterium aerophilus | Brevibacterium frigoritolerans | Brevibacterium frigoritolerans IMBL 2.1 | Brevibacterium fulva | Proteus sp. | Pseudomonas aeruginosa PR1 | Pseudomonas fulva IMBL 5.1 | +8 more,"Redownload real PDFs for DOI/title leads, then rerun readability audit and pathway screening.","Import only if the paper reports a substrate-to-product/intermediate transformation, reaction/enzyme/gene evidence, and organism/source context.",checked,False,closed,,,,,not_attempted,
2,Phorate,Placeholder files - redownload PDFs by DOI/title,10.1016/j.ecoenv.2018.04.063,https://doi.org/10.1016/j.ecoenv.2018.04.063,https://scholar.google.com/scholar?q=10.1016/j.ecoenv.2018.04.063,/Volumes/WENTBROKE/Pesticide degradation database/pesticidepdf/Phorate,Phorate_10.1016_j.ecoenv.2018.04.063.pdf,18,0,,Phosphatases,Bacillus aerophilus IMBL 4.1 | Brevibacterium aerophilus | Brevibacterium frigoritolerans | Brevibacterium frigoritolerans IMBL 2.1 | Brevibacterium fulva | Proteus sp. | Pseudomonas aeruginosa PR1 | Pseudomonas fulva IMBL 5.1 | +8 more,"Redownload real PDFs for DOI/title leads, then rerun readability audit and pathway screening.","Import only if the paper reports a substrate-to-product/intermediate transformation, reaction/enzyme/gene evidence, and organism/source context.",checked,False,closed,,,,,not_attempted,
2,Phorate,Placeholder files - redownload PDFs by DOI/title,10.1046/j.1472-765x.2003.01329.x,https://doi.org/10.1046/j.1472-765x.2003.01329.x,https://scholar.google.com/scholar?q=10.1046/j.1472-765x.2003.01329.x,/Volumes/WENTBROKE/Pesticide degradation database/pesticidepdf/Phorate,Phorate_10.1046_j.1472-765x.2003.01329.x.pdf,18,0,,Phosphatases,Bacillus aerophilus IMBL 4.1 | Brevibacterium aerophilus | Brevibacterium frigoritolerans | Brevibacterium frigoritolerans IMBL 2.1 | Brevibacterium fulva | Proteus sp. | Pseudomonas aeruginosa PR1 | Pseudomonas fulva IMBL 5.1 | +8 more,"Redownload real PDFs for DOI/title leads, then rerun readability audit and pathway screening.","Import only if the paper reports a substrate-to-product/intermediate transformation, reaction/enzyme/gene evidence, and organism/source context.",checked,False,closed,,,,,not_attempted,
2,Phorate,Placeholder files - redownload PDFs by DOI/title,10.1111/j.1472-765X.2009.02631.x,https://doi.org/10.1111/j.1472-765X.2009.02631.x,https://scholar.google.com/scholar?q=10.1111/j.1472-765X.2009.02631.x,/Volumes/WENTBROKE/Pesticide degradation database/pesticidepdf/Phorate,Phorate_10.1111_j.1472-765X.2009.02631.x.pdf,18,0,,Phosphatases,Bacillus aerophilus IMBL 4.1 | Brevibacterium aerophilus | Brevibacterium frigoritolerans | Brevibacterium frigoritolerans IMBL 2.1 | Brevibacterium fulva | Proteus sp. | Pseudomonas aeruginosa PR1 | Pseudomonas fulva IMBL 5.1 | +8 more,"Redownload real PDFs for DOI/title leads, then rerun readability audit and pathway screening.","Import only if the paper reports a substrate-to-product/intermediate transformation, reaction/enzyme/gene evidence, and organism/source context.",checked,False,closed,,,,,not_attempted,
2,Parathion-Methyl,Placeholder files - redownload PDFs by DOI/title,10.1007/s10532-011-9490-0,https://doi.org/10.1007/s10532-011-9490-0,https://scholar.google.com/scholar?q=10.1007/s10532-011-9490-0,/Volumes/WENTBROKE/Pesticide degradation database/pesticidepdf/Parathion-Methyl,Parathion-Methyl_10.1007_s10532-011-9490-0.pdf,12,0,mpd | opd | opdB,Hydrolases | Oxidoreductases,Acinetobacter radioresistens USTB-04 | Agrobacterium sp. Yw12 | Burkholderia zhejiangensis CEIB S4–3 | Burkholderia zhejiangensis CEIB S5–2 | Burkholderia zhejiangensis strain CEIB S4-3 | Cupriavidus nantongensis X1ᵀ | Escherichia coli DH5α (engineered) | Pseudomonas sp.(DLL-1) | +2 more,"Redownload real PDFs for DOI/title leads, then rerun readability audit and pathway screening.","Import only if the paper reports a substrate-to-product/intermediate transformation, reaction/enzyme/gene evidence, and organism/source context.",checked,False,closed,,,,,not_attempted,
2,Parathion-Methyl,Placeholder files - redownload PDFs by DOI/title,10.1007/s10532-017-9801-1,https://doi.org/10.1007/s10532-017-9801-1,https://scholar.google.com/scholar?q=10.1007/s10532-017-9801-1,/Volumes/WENTBROKE/Pesticide degradation database/pesticidepdf/Parathion-Methyl,Parathion-Methyl_10.1007_s10532-017-9801-1.pdf,12,0,mpd | opd | opdB,Hydrolases | Oxidoreductases,Acinetobacter radioresistens USTB-04 | Agrobacterium sp. Yw12 | Burkholderia zhejiangensis CEIB S4–3 | Burkholderia zhejiangensis CEIB S5–2 | Burkholderia zhejiangensis strain CEIB S4-3 | Cupriavidus nantongensis X1ᵀ | Escherichia coli DH5α (engineered) | Pseudomonas sp.(DLL-1) | +2 more,"Redownload real PDFs for DOI/title leads, then rerun readability audit and pathway screening.","Import only if the paper reports a substrate-to-product/intermediate transformation, reaction/enzyme/gene evidence, and organism/source context.",checked,False,closed,,,,,not_attempted,
2,Parathion-Methyl,Placeholder files - redownload PDFs by DOI/title,10.1007/s10646-014-1224-8,https://doi.org/10.1007/s10646-014-1224-8,https://scholar.google.com/scholar?q=10.1007/s10646-014-1224-8,/Volumes/WENTBROKE/Pesticide degradation database/pesticidepdf/Parathion-Methyl,Parathion-Methyl_10.1007_s10646-014-1224-8.pdf,12,0,mpd | opd | opdB,Hydrolases | Oxidoreductases,Acinetobacter radioresistens USTB-04 | Agrobacterium sp. Yw12 | Burkholderia zhejiangensis CEIB S4–3 | Burkholderia zhejiangensis CEIB S5–2 | Burkholderia zhejiangensis strain CEIB S4-3 | Cupriavidus nantongensis X1ᵀ | Escherichia coli DH5α (engineered) | Pseudomonas sp.(DLL-1) | +2 more,"Redownload real PDFs for DOI/title leads, then rerun readability audit and pathway screening.","Import only if the paper reports a substrate-to-product/intermediate transformation, reaction/enzyme/gene evidence, and organism/source context.",checked,False,closed,,,,,not_attempted,
2,Parathion-Methyl,Placeholder files - redownload PDFs by DOI/title,10.1007/s11356-021-13647-6,https://doi.org/10.1007/s11356-021-13647-6,https://scholar.google.com/scholar?q=10.1007/s11356-021-13647-6,/Volumes/WENTBROKE/Pesticide degradation database/pesticidepdf/Parathion-Methyl,Parathion-Methyl_10.1007_s11356-021-13647-6.pdf,12,0,mpd | opd | opdB,Hydrolases | Oxidoreductases,Acinetobacter radioresistens USTB-04 | Agrobacterium sp. Yw12 | Burkholderia zhejiangensis CEIB S4–3 | Burkholderia zhejiangensis CEIB S5–2 | Burkholderia zhejiangensis strain CEIB S4-3 | Cupriavidus nantongensis X1ᵀ | Escherichia coli DH5α (engineered) | Pseudomonas sp.(DLL-1) | +2 more,"Redownload real PDFs for DOI/title leads, then rerun readability audit and pathway screening.","Import only if the paper reports a substrate-to-product/intermediate transformation, reaction/enzyme/gene evidence, and organism/source context.",checked,False,closed,,,,,not_attempted,
2,Parathion-Methyl,Placeholder files - redownload PDFs by DOI/title,10.1016/S1001-0742(07)60205-8,https://doi.org/10.1016/S1001-0742(07)60205-8,https://scholar.google.com/scholar?q=10.1016/S1001-0742%2807%2960205-8,/Volumes/WENTBROKE/Pesticide degradation database/pesticidepdf/Parathion-Methyl,Parathion-Methyl_10.1016_S1001-0742(07)60205-8.pdf,12,0,mpd | opd | opdB,Hydrolases | Oxidoreductases,Acinetobacter radioresistens USTB-04 | Agrobacterium sp. Yw12 | Burkholderia zhejiangensis CEIB S4–3 | Burkholderia zhejiangensis CEIB S5–2 | Burkholderia zhejiangensis strain CEIB S4-3 | Cupriavidus nantongensis X1ᵀ | Escherichia coli DH5α (engineered) | Pseudomonas sp.(DLL-1) | +2 more,"Redownload real PDFs for DOI/title leads, then rerun readability audit and pathway screening.","Import only if the paper reports a substrate-to-product/intermediate transformation, reaction/enzyme/gene evidence, and organism/source context.",checked,False,closed,,,,,not_attempted,
2,Parathion-Methyl,Placeholder files - redownload PDFs by DOI/title,10.1016/j.pestbp.2022.105197,https://doi.org/10.1016/j.pestbp.2022.105197,https://scholar.google.com/scholar?q=10.1016/j.pestbp.2022.105197,/Volumes/WENTBROKE/Pesticide degradation database/pesticidepdf/Parathion-Methyl,Parathion-Methyl_10.1016_j.pestbp.2022.105197.pdf,12,0,mpd | opd | opdB,Hydrolases | Oxidoreductases,Acinetobacter radioresistens USTB-04 | Agrobacterium sp. Yw12 | Burkholderia zhejiangensis CEIB S4–3 | Burkholderia zhejiangensis CEIB S5–2 | Burkholderia zhejiangensis strain CEIB S4-3 | Cupriavidus nantongensis X1ᵀ | Escherichia coli DH5α (engineered) | Pseudomonas sp.(DLL-1) | +2 more,"Redownload real PDFs for DOI/title leads, then rerun readability audit and pathway screening.","Import only if the paper reports a substrate-to-product/intermediate transformation, reaction/enzyme/gene evidence, and organism/source context.",checked,False,closed,,,,,not_attempted,
2,Parathion-Methyl,Placeholder files - redownload PDFs by DOI/title,10.1021/acs.jafc.9b06157,https://doi.org/10.1021/acs.jafc.9b06157,https://scholar.google.com/scholar?q=10.1021/acs.jafc.9b06157,/Volumes/WENTBROKE/Pesticide degradation database/pesticidepdf/Parathion-Methyl,Parathion-Methyl_10.1021_acs.jafc.9b06157.pdf,12,0,mpd | opd | opdB,Hydrolases | Oxidoreductases,Acinetobacter radioresistens USTB-04 | Agrobacterium sp. Yw12 | Burkholderia zhejiangensis CEIB S4–3 | Burkholderia zhejiangensis CEIB S5–2 | Burkholderia zhejiangensis strain CEIB S4-3 | Cupriavidus nantongensis X1ᵀ | Escherichia coli DH5α (engineered) | Pseudomonas sp.(DLL-1) | +2 more,"Redownload real PDFs for DOI/title leads, then rerun readability audit and pathway screening.","Import only if the paper reports a substrate-to-product/intermediate transformation, reaction/enzyme/gene evidence, and organism/source context.",checked,False,closed,,,,,not_attempted,
2,Parathion-Methyl,Placeholder files - redownload PDFs by DOI/title,10.1080/03601234.2013.761863,https://doi.org/10.1080/03601234.2013.761863,https://scholar.google.com/scholar?q=10.1080/03601234.2013.761863,/Volumes/WENTBROKE/Pesticide degradation database/pesticidepdf/Parathion-Methyl,Parathion-Methyl_10.1080_03601234.2013.761863.pdf,12,0,mpd | opd | opdB,Hydrolases | Oxidoreductases,Acinetobacter radioresistens USTB-04 | Agrobacterium sp. Yw12 | Burkholderia zhejiangensis CEIB S4–3 | Burkholderia zhejiangensis CEIB S5–2 | Burkholderia zhejiangensis strain CEIB S4-3 | Cupriavidus nantongensis X1ᵀ | Escherichia coli DH5α (engineered) | Pseudomonas sp.(DLL-1) | +2 more,"Redownload real PDFs for DOI/title leads, then rerun readability audit and pathway screening.","Import only if the paper reports a substrate-to-product/intermediate transformation, reaction/enzyme/gene evidence, and organism/source context.",checked,False,closed,,,,,not_attempted,
2,Parathion-Methyl,Placeholder files - redownload PDFs by DOI/title,10.1080/15226514.2017.1303807,https://doi.org/10.1080/15226514.2017.1303807,https://scholar.google.com/scholar?q=10.1080/15226514.2017.1303807,/Volumes/WENTBROKE/Pesticide degradation database/pesticidepdf/Parathion-Methyl,Parathion-Methyl_10.1080_15226514.2017.1303807.pdf,12,0,mpd | opd | opdB,Hydrolases | Oxidoreductases,Acinetobacter radioresistens USTB-04 | Agrobacterium sp. Yw12 | Burkholderia zhejiangensis CEIB S4–3 | Burkholderia zhejiangensis CEIB S5–2 | Burkholderia zhejiangensis strain CEIB S4-3 | Cupriavidus nantongensis X1ᵀ | Escherichia coli DH5α (engineered) | Pseudomonas sp.(DLL-1) | +2 more,"Redownload real PDFs for DOI/title leads, then rerun readability audit and pathway screening.","Import only if the paper reports a substrate-to-product/intermediate transformation, reaction/enzyme/gene evidence, and organism/source context.",checked,False,closed,,,,,not_attempted,
2,Fenamiphos,Screened readable files - needs different product paper,10.1007/s00284-008-9293-7,https://doi.org/10.1007/s00284-008-9293-7,https://scholar.google.com/scholar?q=10.1007/s00284-008-9293-7,/Volumes/WENTBROKE/Pesticide degradation database/pesticidepdf/Fenamiphos,Fenamiphos_10.1007_s00284-008-9293-7.pdf,11,0,,Hydrolases,Anabaena sp. | Brevundimonas sp. | Chlorella sp. | Cupriavidus sp. | Microbacterium esteraromaticum | Microbacterium esteraromaticum MM1 | Microbacterium spp. | Nostoc spp. | +3 more,Search for a different paper that reports named microbial products/intermediates; current readable files are not enough for pathway arrows.,"Import only if the paper reports a substrate-to-product/intermediate transformation, reaction/enzyme/gene evidence, and organism/source context.",checked,False,closed,,,,,not_attempted,
2,Fenamiphos,Screened readable files - needs different product paper,10.1007/s10532-010-9362-z,https://doi.org/10.1007/s10532-010-9362-z,https://scholar.google.com/scholar?q=10.1007/s10532-010-9362-z,/Volumes/WENTBROKE/Pesticide degradation database/pesticidepdf/Fenamiphos,Fenamiphos_10.1007_s10532-010-9362-z.pdf,11,0,,Hydrolases,Anabaena sp. | Brevundimonas sp. | Chlorella sp. | Cupriavidus sp. | Microbacterium esteraromaticum | Microbacterium esteraromaticum MM1 | Microbacterium spp. | Nostoc spp. | +3 more,Search for a different paper that reports named microbial products/intermediates; current readable files are not enough for pathway arrows.,"Import only if the paper reports a substrate-to-product/intermediate transformation, reaction/enzyme/gene evidence, and organism/source context.",checked,False,closed,,,,,not_attempted,
2,Fenamiphos,Screened readable files - needs different product paper,10.1016/j.biortech.2008.12.043,https://doi.org/10.1016/j.biortech.2008.12.043,https://scholar.google.com/scholar?q=10.1016/j.biortech.2008.12.043,/Volumes/WENTBROKE/Pesticide degradation database/pesticidepdf/Fenamiphos,Fenamiphos_10.1016_j.biortech.2008.12.043.pdf,11,0,,Hydrolases,Anabaena sp. | Brevundimonas sp. | Chlorella sp. | Cupriavidus sp. | Microbacterium esteraromaticum | Microbacterium esteraromaticum MM1 | Microbacterium spp. | Nostoc spp. | +3 more,Search for a different paper that reports named microbial products/intermediates; current readable files are not enough for pathway arrows.,"Import only if the paper reports a substrate-to-product/intermediate transformation, reaction/enzyme/gene evidence, and organism/source context.",checked,False,closed,,,,,not_attempted,
2,Fenamiphos,Screened readable files - needs different product paper,10.1128/MRA.00862-18,https://doi.org/10.1128/MRA.00862-18,https://scholar.google.com/scholar?q=10.1128/MRA.00862-18,/Volumes/WENTBROKE/Pesticide degradation database/pesticidepdf/Fenamiphos,Fenamiphos_10.1128_MRA.00862-18.pdf,11,0,,Hydrolases,Anabaena sp. | Brevundimonas sp. | Chlorella sp. | Cupriavidus sp. | Microbacterium esteraromaticum | Microbacterium esteraromaticum MM1 | Microbacterium spp. | Nostoc spp. | +3 more,Search for a different paper that reports named microbial products/intermediates; current readable files are not enough for pathway arrows.,"Import only if the paper reports a substrate-to-product/intermediate transformation, reaction/enzyme/gene evidence, and organism/source context.",checked,True,gold,,https://doi.org/10.1128/mra.00862-18,publisher,cc-by,no_pdf_url,
2,Esfenvalerate,Placeholder files - redownload PDFs by DOI/title,10.1007/s10126-016-9710-z,https://doi.org/10.1007/s10126-016-9710-z,https://scholar.google.com/scholar?q=10.1007/s10126-016-9710-z,/Volumes/WENTBROKE/Pesticide degradation database/pesticidepdf/Esfenvalerate,Esfenvalerate_10.1007_s10126-016-9710-z.pdf,10,0,,Hydrolases,"Acremonium sp. CBMAI 1676 | Aspergillus sydowii CBMAI 935 | Bacillus cereus CBMAI2067 | Bacillus sp. CBMAI2052 | Cladosporium sp. CBMAI 1237 | Cladosporium sp. CBMAI 1678 | Lysinibacillus sp. CBMAI2051 | Microsphaeropsis sp.
CBMAI 1675 | +2 more","Redownload real PDFs for DOI/title leads, then rerun readability audit and pathway screening.","Import only if the paper reports a substrate-to-product/intermediate transformation, reaction/enzyme/gene evidence, and organism/source context.",checked,True,green,,http://doi.org/10.1007/s10126-016-9710-z,repository,other-oa,no_pdf_url,
2,Esfenvalerate,Placeholder files - redownload PDFs by DOI/title,10.21577/0103-5053.20200051,https://doi.org/10.21577/0103-5053.20200051,https://scholar.google.com/scholar?q=10.21577/0103-5053.20200051,/Volumes/WENTBROKE/Pesticide degradation database/pesticidepdf/Esfenvalerate,Esfenvalerate_10.21577_0103-5053.20200051.pdf,10,0,,Hydrolases,"Acremonium sp. CBMAI 1676 | Aspergillus sydowii CBMAI 935 | Bacillus cereus CBMAI2067 | Bacillus sp. CBMAI2052 | Cladosporium sp. CBMAI 1237 | Cladosporium sp. CBMAI 1678 | Lysinibacillus sp. CBMAI2051 | Microsphaeropsis sp.
CBMAI 1675 | +2 more","Redownload real PDFs for DOI/title leads, then rerun readability audit and pathway screening.","Import only if the paper reports a substrate-to-product/intermediate transformation, reaction/enzyme/gene evidence, and organism/source context.",checked,True,gold,https://doi.org/10.21577/0103-5053.20200051,https://doi.org/10.21577/0103-5053.20200051,publisher,cc-by,"download_error: <urlopen error [Errno 8] nodename nor servname provided, or not known>",
2,Metalaxyl,Placeholder files - redownload PDFs by DOI/title,10.1002/chir.22158,https://doi.org/10.1002/chir.22158,https://scholar.google.com/scholar?q=10.1002/chir.22158,/Volumes/WENTBROKE/Pesticide degradation database/pesticidepdf/Metalaxyl,Metalaxyl_10.1002_chir.22158.pdf,10,0,,,Brevibacillus brevis | Candida tropicalis | Gongronella sp. | Mycelium sterila 1 | Penicillium sp. 1 | Penicillium sp. 2 | Rhizopus oryzae | Rhizopus stolonifer | +1 more,"Redownload real PDFs for DOI/title leads, then rerun readability audit and pathway screening.","Import only if the paper reports a substrate-to-product/intermediate transformation, reaction/enzyme/gene evidence, and organism/source context.",checked,False,closed,,,,,not_attempted,
3,Folpet,Placeholder files - redownload PDFs by DOI/title,10.1007/s00244-013-9877-5,https://doi.org/10.1007/s00244-013-9877-5,https://scholar.google.com/scholar?q=10.1007/s00244-013-9877-5,/Volumes/WENTBROKE/Pesticide degradation database/pesticidepdf/Folpet,Folpet_10.1007_s00244-013-9877-5.pdf,3,0,,Hydrolases,Bacillus subtilis C5 | Gongronella sp. (isolate CCMI 1100) | Rhizopus stolonifer (isolate CCMI 1104),"Redownload real PDFs for DOI/title leads, then rerun readability audit and pathway screening.","Import only if the paper reports a substrate-to-product/intermediate transformation, reaction/enzyme/gene evidence, and organism/source context.",checked,True,green,,http://hdl.handle.net/10174/9791,repository,other-oa,no_pdf_url,
2,Metalaxyl,Placeholder files - redownload PDFs by DOI/title,10.1007/s00284-020-02121-0,https://doi.org/10.1007/s00284-020-02121-0,https://scholar.google.com/scholar?q=10.1007/s00284-020-02121-0,/Volumes/WENTBROKE/Pesticide degradation database/pesticidepdf/Metalaxyl,Metalaxyl_10.1007_s00284-020-02121-0.pdf,10,0,,,Brevibacillus brevis | Candida tropicalis | Gongronella sp. | Mycelium sterila 1 | Penicillium sp. 1 | Penicillium sp. 2 | Rhizopus oryzae | Rhizopus stolonifer | +1 more,"Redownload real PDFs for DOI/title leads, then rerun readability audit and pathway screening.","Import only if the paper reports a substrate-to-product/intermediate transformation, reaction/enzyme/gene evidence, and organism/source context.",checked,False,closed,,,,,not_attempted,
2,Metalaxyl,Placeholder files - redownload PDFs by DOI/title,10.1128/aem.55.1.66-71.1989,https://doi.org/10.1128/aem.55.1.66-71.1989,https://scholar.google.com/scholar?q=10.1128/aem.55.1.66-71.1989,/Volumes/WENTBROKE/Pesticide degradation database/pesticidepdf/Metalaxyl,Metalaxyl_10.1128_aem.55.1.66-71.1989.pdf,10,0,,,Brevibacillus brevis | Candida tropicalis | Gongronella sp. | Mycelium sterila 1 | Penicillium sp. 1 | Penicillium sp. 2 | Rhizopus oryzae | Rhizopus stolonifer | +1 more,"Redownload real PDFs for DOI/title leads, then rerun readability audit and pathway screening.","Import only if the paper reports a substrate-to-product/intermediate transformation, reaction/enzyme/gene evidence, and organism/source context.",checked,True,bronze,https://aem.asm.org/content/aem/55/1/66.full.pdf,https://aem.asm.org/content/aem/55/1/66.full.pdf,publisher,,"download_error: <urlopen error [Errno 8] nodename nor servname provided, or not known>",
2,Metalaxyl,Placeholder files - redownload PDFs by DOI/title,10.3390/molecules22122225,https://doi.org/10.3390/molecules22122225,https://scholar.google.com/scholar?q=10.3390/molecules22122225,/Volumes/WENTBROKE/Pesticide degradation database/pesticidepdf/Metalaxyl,Metalaxyl_10.3390_molecules22122225.pdf,10,0,,,Brevibacillus brevis | Candida tropicalis | Gongronella sp. | Mycelium sterila 1 | Penicillium sp. 1 | Penicillium sp. 2 | Rhizopus oryzae | Rhizopus stolonifer | +1 more,"Redownload real PDFs for DOI/title leads, then rerun readability audit and pathway screening.","Import only if the paper reports a substrate-to-product/intermediate transformation, reaction/enzyme/gene evidence, and organism/source context.",checked,True,gold,https://www.mdpi.com/1420-3049/22/12/2225/pdf?version=1513268070,https://www.mdpi.com/1420-3049/22/12/2225/pdf?version=1513268070,publisher,cc-by,"download_error: <urlopen error [Errno 8] nodename nor servname provided, or not known>",
2,Dithiocarbamate,No local readable file - literature search needed,10.1007/s11356-022-22731-4,https://doi.org/10.1007/s11356-022-22731-4,https://scholar.google.com/scholar?q=10.1007/s11356-022-22731-4,/Volumes/WENTBROKE/Pesticide degradation database/pesticidepdf/Dithiocarbamates,Dithiocarbamate_10.1007_s11356-022-22731-4.pdf,2,0,,,Pseudomonas otitidis strain TD-8 | Pseudomonas stutzeri strain TD-18,"Use database DOI leads first; obtain full text and extract substrate, product/intermediate, reaction, enzyme/gene, organism, DOI, and evidence wording.","Import only if the paper reports a substrate-to-product/intermediate transformation, reaction/enzyme/gene evidence, and organism/source context.",checked,False,closed,,,,,not_attempted,
2,Cypermethrin,No local readable file - literature search needed,10.3390/plants10091903,https://doi.org/10.3390/plants10091903,https://scholar.google.com/scholar?q=10.3390/plants10091903,/Volumes/WENTBROKE/Pesticide degradation database/pesticidepdf/Cypermethrins,Cypermethrin_10.3390_plants10091903.pdf,1,0,,,Lysinibacillus cresolivuorans Strain HIS7,"Use database DOI leads first; obtain full text and extract substrate, product/intermediate, reaction, enzyme/gene, organism, DOI, and evidence wording.","Import only if the paper reports a substrate-to-product/intermediate transformation, reaction/enzyme/gene evidence, and organism/source context.",checked,True,gold,https://www.mdpi.com/2223-7747/10/9/1903/pdf?version=1631850264,https://www.mdpi.com/2223-7747/10/9/1903/pdf?version=1631850264,publisher,cc-by,"download_error: <urlopen error [Errno 8] nodename nor servname provided, or not known>",
3,Thiacloprid,Placeholder files - redownload PDFs by DOI/title,10.1111/jam.15172,https://doi.org/10.1111/jam.15172,https://scholar.google.com/scholar?q=10.1111/jam.15172,/Volumes/WENTBROKE/Pesticide degradation database/pesticidepdf/Thiacloprid,Thiacloprid_10.1111_jam.15172.pdf,2,2,"nhcA, nhpA, nhnR/nhnS, nhnH/nhnO | NhpA | NhcA",Nitrile hydratase,Ensifer adhaerens TMX-23 | Pseudomonas monteilii FC02,"Redownload real PDFs for DOI/title leads, then rerun readability audit and pathway screening.","Import only if the paper reports a substrate-to-product/intermediate transformation, reaction/enzyme/gene evidence, and organism/source context.",checked,False,closed,,,,,not_attempted,
3,Thiacloprid,Placeholder files - redownload PDFs by DOI/title,10.3389/fmicb.2022.906026,https://doi.org/10.3389/fmicb.2022.906026,https://scholar.google.com/scholar?q=10.3389/fmicb.2022.906026,/Volumes/WENTBROKE/Pesticide degradation database/pesticidepdf/Thiacloprid,Thiacloprid_10.3389_fmicb.2022.906026.pdf,2,2,"nhcA, nhpA, nhnR/nhnS, nhnH/nhnO | NhpA | NhcA",Nitrile hydratase,Ensifer adhaerens TMX-23 | Pseudomonas monteilii FC02,"Redownload real PDFs for DOI/title leads, then rerun readability audit and pathway screening.","Import only if the paper reports a substrate-to-product/intermediate transformation, reaction/enzyme/gene evidence, and organism/source context.",checked,True,gold,https://www.frontiersin.org/articles/10.3389/fmicb.2022.906026/pdf,https://www.frontiersin.org/articles/10.3389/fmicb.2022.906026/pdf,publisher,cc-by,downloaded_open_access_pdf,/Users/nana/Desktop/PepDB/PepDatabase/curation_outputs/pathway_open_access_all_remaining_20260709/downloaded_open_access_pdfs/Thiacloprid/Thiacloprid_10.3389_fmicb.2022.906026.pdf
3,Methamidophos,Placeholder files - redownload PDFs by DOI/title,10.1007/s10532-009-9320-9,https://doi.org/10.1007/s10532-009-9320-9,https://scholar.google.com/scholar?q=10.1007/s10532-009-9320-9,/Volumes/WENTBROKE/Pesticide degradation database/pesticidepdf/Methamidophos,Methamidophos_10.1007_s10532-009-9320-9.pdf,7,1,"Oph, PaaC, RamA, Mcd | Oph",Hydrolases | Organophosphorus hydrolase,Enterobacter sp. Z1 | Hyphomicrobium sp. MAP-1 | Penicillium oxalicum ZHJ6 | Pseudomonas aeruginosa strain Is-6 | Pseudomonas azotoformans ACP1 | Pseudomonas azotoformans ACP2 | Pseudomonas azotoformans ACP3,"Redownload real PDFs for DOI/title leads, then rerun readability audit and pathway screening.","Import only if the paper reports a substrate-to-product/intermediate transformation, reaction/enzyme/gene evidence, and organism/source context.",checked,False,closed,,,,,not_attempted,
3,Methamidophos,Placeholder files - redownload PDFs by DOI/title,10.1016/S1671-2927(09)60145-0,https://doi.org/10.1016/S1671-2927(09)60145-0,https://scholar.google.com/scholar?q=10.1016/S1671-2927%2809%2960145-0,/Volumes/WENTBROKE/Pesticide degradation database/pesticidepdf/Methamidophos,Methamidophos_10.1016_S1671-2927(09)60145-0.pdf,7,1,"Oph, PaaC, RamA, Mcd | Oph",Hydrolases | Organophosphorus hydrolase,Enterobacter sp. Z1 | Hyphomicrobium sp. MAP-1 | Penicillium oxalicum ZHJ6 | Pseudomonas aeruginosa strain Is-6 | Pseudomonas azotoformans ACP1 | Pseudomonas azotoformans ACP2 | Pseudomonas azotoformans ACP3,"Redownload real PDFs for DOI/title leads, then rerun readability audit and pathway screening.","Import only if the paper reports a substrate-to-product/intermediate transformation, reaction/enzyme/gene evidence, and organism/source context.",checked,False,closed,,,,,not_attempted,
3,Methamidophos,Placeholder files - redownload PDFs by DOI/title,10.1016/j.chemosphere.2020.128054,https://doi.org/10.1016/j.chemosphere.2020.128054,https://scholar.google.com/scholar?q=10.1016/j.chemosphere.2020.128054,/Volumes/WENTBROKE/Pesticide degradation database/pesticidepdf/Methamidophos,Methamidophos_10.1016_j.chemosphere.2020.128054.pdf,7,1,"Oph, PaaC, RamA, Mcd | Oph",Hydrolases | Organophosphorus hydrolase,Enterobacter sp. Z1 | Hyphomicrobium sp. MAP-1 | Penicillium oxalicum ZHJ6 | Pseudomonas aeruginosa strain Is-6 | Pseudomonas azotoformans ACP1 | Pseudomonas azotoformans ACP2 | Pseudomonas azotoformans ACP3,"Redownload real PDFs for DOI/title leads, then rerun readability audit and pathway screening.","Import only if the paper reports a substrate-to-product/intermediate transformation, reaction/enzyme/gene evidence, and organism/source context.",checked,False,closed,,,,,not_attempted,
3,Methamidophos,Placeholder files - redownload PDFs by DOI/title,10.1080/03601234.2013.836868,https://doi.org/10.1080/03601234.2013.836868,https://scholar.google.com/scholar?q=10.1080/03601234.2013.836868,/Volumes/WENTBROKE/Pesticide degradation database/pesticidepdf/Methamidophos,Methamidophos_10.1080_03601234.2013.836868.pdf,7,1,"Oph, PaaC, RamA, Mcd | Oph",Hydrolases | Organophosphorus hydrolase,Enterobacter sp. Z1 | Hyphomicrobium sp. MAP-1 | Penicillium oxalicum ZHJ6 | Pseudomonas aeruginosa strain Is-6 | Pseudomonas azotoformans ACP1 | Pseudomonas azotoformans ACP2 | Pseudomonas azotoformans ACP3,"Redownload real PDFs for DOI/title leads, then rerun readability audit and pathway screening.","Import only if the paper reports a substrate-to-product/intermediate transformation, reaction/enzyme/gene evidence, and organism/source context.",checked,False,closed,,,,,not_attempted,
3,Methamidophos,Placeholder files - redownload PDFs by DOI/title,10.3390/biom10030433,https://doi.org/10.3390/biom10030433,https://scholar.google.com/scholar?q=10.3390/biom10030433,/Volumes/WENTBROKE/Pesticide degradation database/pesticidepdf/Methamidophos,Methamidophos_10.3390_biom10030433.pdf,7,1,"Oph, PaaC, RamA, Mcd | Oph",Hydrolases | Organophosphorus hydrolase,Enterobacter sp. Z1 | Hyphomicrobium sp. MAP-1 | Penicillium oxalicum ZHJ6 | Pseudomonas aeruginosa strain Is-6 | Pseudomonas azotoformans ACP1 | Pseudomonas azotoformans ACP2 | Pseudomonas azotoformans ACP3,"Redownload real PDFs for DOI/title leads, then rerun readability audit and pathway screening.","Import only if the paper reports a substrate-to-product/intermediate transformation, reaction/enzyme/gene evidence, and organism/source context.",checked,True,gold,https://www.mdpi.com/2218-273X/10/3/433/pdf?version=1584435284,https://www.mdpi.com/2218-273X/10/3/433/pdf?version=1584435284,publisher,cc-by,"download_error: <urlopen error [Errno 8] nodename nor servname provided, or not known>",
3,Propylene oxide,Placeholder files - redownload PDFs by DOI/title,10.1128/aem.61.4.1507-1513.1995,https://doi.org/10.1128/aem.61.4.1507-1513.1995,https://scholar.google.com/scholar?q=10.1128/aem.61.4.1507-1513.1995,/Volumes/WENTBROKE/Pesticide degradation database/pesticidepdf/Propylene oxide,Propylene_oxide_10.1128_aem.61.4.1507-1513.1995.pdf,3,1,X.ORF3,Oxidoreductases | Pyridine Nucleotide-Disulfide Oxidoreductase,Xanthobacter strain Py2 | Xanthobacter Strain Py2,"Redownload real PDFs for DOI/title leads, then rerun readability audit and pathway screening.","Import only if the paper reports a substrate-to-product/intermediate transformation, reaction/enzyme/gene evidence, and organism/source context.",checked,True,bronze,https://aem.asm.org/content/aem/61/4/1507.full.pdf,https://aem.asm.org/content/aem/61/4/1507.full.pdf,publisher,,"download_error: <urlopen error [Errno 8] nodename nor servname provided, or not known>",
3,Propylene oxide,Placeholder files - redownload PDFs by DOI/title,10.1128/jb.177.21.6170-6175.1995,https://doi.org/10.1128/jb.177.21.6170-6175.1995,https://scholar.google.com/scholar?q=10.1128/jb.177.21.6170-6175.1995,/Volumes/WENTBROKE/Pesticide degradation database/pesticidepdf/Propylene oxide,Propylene_oxide_10.1128_jb.177.21.6170-6175.1995.pdf,3,1,X.ORF3,Oxidoreductases | Pyridine Nucleotide-Disulfide Oxidoreductase,Xanthobacter strain Py2 | Xanthobacter Strain Py2,"Redownload real PDFs for DOI/title leads, then rerun readability audit and pathway screening.","Import only if the paper reports a substrate-to-product/intermediate transformation, reaction/enzyme/gene evidence, and organism/source context.",checked,True,green,,https://www.ncbi.nlm.nih.gov/pmc/articles/177457,repository,,no_pdf_url,
3,Propylene oxide,Placeholder files - redownload PDFs by DOI/title,10.1128/jb.178.22.6644-6646.1996,https://doi.org/10.1128/jb.178.22.6644-6646.1996,https://scholar.google.com/scholar?q=10.1128/jb.178.22.6644-6646.1996,/Volumes/WENTBROKE/Pesticide degradation database/pesticidepdf/Propylene oxide,Propylene_oxide_10.1128_jb.178.22.6644-6646.1996.pdf,3,1,X.ORF3,Oxidoreductases | Pyridine Nucleotide-Disulfide Oxidoreductase,Xanthobacter strain Py2 | Xanthobacter Strain Py2,"Redownload real PDFs for DOI/title leads, then rerun readability audit and pathway screening.","Import only if the paper reports a substrate-to-product/intermediate transformation, reaction/enzyme/gene evidence, and organism/source context.",checked,True,green,,https://research.wur.nl/en/publications/a-novel-type-of-pyridine-nucleotide-disulfide-oxireductase-is-ess,repository,,no_pdf_url,
3,Deltamethrin,Placeholder files - redownload PDFs by DOI/title,10.1007/s00253-011-3136-3,https://doi.org/10.1007/s00253-011-3136-3,https://scholar.google.com/scholar?q=10.1007/s00253-011-3136-3,/Volumes/WENTBROKE/Pesticide degradation database/pesticidepdf/Deltamethrin,Deltamethrin_10.1007_s00253-011-3136-3.pdf,8,0,,Hydrolases,Acinetobacter junii LH-1-1 | Brevibacillus parabrevis BCP-09 | Klebsiella pneumoniae BPBA052 | Lysinibacillus fusiformis ZJ6 | Nocardioides sp. | Paracoccus sp. P-2 | Sphingomonas sp. | Streptomyces aureus HP-S-01 (CCTCC M2010096),"Redownload real PDFs for DOI/title leads, then rerun readability audit and pathway screening.","Import only if the paper reports a substrate-to-product/intermediate transformation, reaction/enzyme/gene evidence, and organism/source context.",checked,False,closed,,,,,not_attempted,
3,Deltamethrin,Placeholder files - redownload PDFs by DOI/title,10.1007/s00284-018-1546-5,https://doi.org/10.1007/s00284-018-1546-5,https://scholar.google.com/scholar?q=10.1007/s00284-018-1546-5,/Volumes/WENTBROKE/Pesticide degradation database/pesticidepdf/Deltamethrin,Deltamethrin_10.1007_s00284-018-1546-5.pdf,8,0,,Hydrolases,Acinetobacter junii LH-1-1 | Brevibacillus parabrevis BCP-09 | Klebsiella pneumoniae BPBA052 | Lysinibacillus fusiformis ZJ6 | Nocardioides sp. | Paracoccus sp. P-2 | Sphingomonas sp. | Streptomyces aureus HP-S-01 (CCTCC M2010096),"Redownload real PDFs for DOI/title leads, then rerun readability audit and pathway screening.","Import only if the paper reports a substrate-to-product/intermediate transformation, reaction/enzyme/gene evidence, and organism/source context.",checked,False,closed,,,,,not_attempted,
3,Deltamethrin,Placeholder files - redownload PDFs by DOI/title,10.1016/j.chemosphere.2019.01.004,https://doi.org/10.1016/j.chemosphere.2019.01.004,https://scholar.google.com/scholar?q=10.1016/j.chemosphere.2019.01.004,/Volumes/WENTBROKE/Pesticide degradation database/pesticidepdf/Deltamethrin,Deltamethrin_10.1016_j.chemosphere.2019.01.004.pdf,8,0,,Hydrolases,Acinetobacter junii LH-1-1 | Brevibacillus parabrevis BCP-09 | Klebsiella pneumoniae BPBA052 | Lysinibacillus fusiformis ZJ6 | Nocardioides sp. | Paracoccus sp. P-2 | Sphingomonas sp. | Streptomyces aureus HP-S-01 (CCTCC M2010096),"Redownload real PDFs for DOI/title leads, then rerun readability audit and pathway screening.","Import only if the paper reports a substrate-to-product/intermediate transformation, reaction/enzyme/gene evidence, and organism/source context.",checked,False,closed,,,,,not_attempted,
3,Deltamethrin,Placeholder files - redownload PDFs by DOI/title,10.1016/j.chemosphere.2020.127162,https://doi.org/10.1016/j.chemosphere.2020.127162,https://scholar.google.com/scholar?q=10.1016/j.chemosphere.2020.127162,/Volumes/WENTBROKE/Pesticide degradation database/pesticidepdf/Deltamethrin,Deltamethrin_10.1016_j.chemosphere.2020.127162.pdf,8,0,,Hydrolases,Acinetobacter junii LH-1-1 | Brevibacillus parabrevis BCP-09 | Klebsiella pneumoniae BPBA052 | Lysinibacillus fusiformis ZJ6 | Nocardioides sp. | Paracoccus sp. P-2 | Sphingomonas sp. | Streptomyces aureus HP-S-01 (CCTCC M2010096),"Redownload real PDFs for DOI/title leads, then rerun readability audit and pathway screening.","Import only if the paper reports a substrate-to-product/intermediate transformation, reaction/enzyme/gene evidence, and organism/source context.",checked,False,closed,,,,,not_attempted,
3,Deltamethrin,Placeholder files - redownload PDFs by DOI/title,10.1016/j.chemosphere.2023.141100,https://doi.org/10.1016/j.chemosphere.2023.141100,https://scholar.google.com/scholar?q=10.1016/j.chemosphere.2023.141100,/Volumes/WENTBROKE/Pesticide degradation database/pesticidepdf/Deltamethrin,Deltamethrin_10.1016_j.chemosphere.2023.141100.pdf,8,0,,Hydrolases,Acinetobacter junii LH-1-1 | Brevibacillus parabrevis BCP-09 | Klebsiella pneumoniae BPBA052 | Lysinibacillus fusiformis ZJ6 | Nocardioides sp. | Paracoccus sp. P-2 | Sphingomonas sp. | Streptomyces aureus HP-S-01 (CCTCC M2010096),"Redownload real PDFs for DOI/title leads, then rerun readability audit and pathway screening.","Import only if the paper reports a substrate-to-product/intermediate transformation, reaction/enzyme/gene evidence, and organism/source context.",checked,False,closed,,,,,not_attempted,
3,Deltamethrin,Placeholder files - redownload PDFs by DOI/title,10.1186/s13568-020-01043-1,https://doi.org/10.1186/s13568-020-01043-1,https://scholar.google.com/scholar?q=10.1186/s13568-020-01043-1,/Volumes/WENTBROKE/Pesticide degradation database/pesticidepdf/Deltamethrin,Deltamethrin_10.1186_s13568-020-01043-1.pdf,8,0,,Hydrolases,Acinetobacter junii LH-1-1 | Brevibacillus parabrevis BCP-09 | Klebsiella pneumoniae BPBA052 | Lysinibacillus fusiformis ZJ6 | Nocardioides sp. | Paracoccus sp. P-2 | Sphingomonas sp. | Streptomyces aureus HP-S-01 (CCTCC M2010096),"Redownload real PDFs for DOI/title leads, then rerun readability audit and pathway screening.","Import only if the paper reports a substrate-to-product/intermediate transformation, reaction/enzyme/gene evidence, and organism/source context.",checked,True,gold,https://amb-express.springeropen.com/track/pdf/10.1186/s13568-020-01043-1,https://amb-express.springeropen.com/track/pdf/10.1186/s13568-020-01043-1,publisher,cc-by,downloaded_open_access_pdf,/Users/nana/Desktop/PepDB/PepDatabase/curation_outputs/pathway_open_access_all_remaining_20260709/downloaded_open_access_pdfs/Deltamethrin/Deltamethrin_10.1186_s13568-020-01043-1.pdf
3,Dichlobenil,Placeholder files - redownload PDFs by DOI/title,10.1007/s10532-009-9255-1,https://doi.org/10.1007/s10532-009-9255-1,https://scholar.google.com/scholar?q=10.1007/s10532-009-9255-1,/Volumes/WENTBROKE/Pesticide degradation database/pesticidepdf/Dichlobenil,Dichlobenil_10.1007_s10532-009-9255-1.pdf,8,0,,,Nocardia sp. DDN | Nocardioides sp. | Pseudomonas sp. | Rastonia sp. | Rhodococcus sp. | Sphingomonas sp. DC-6 | Xanthomonas sp. | Zoogloea sp.,"Redownload real PDFs for DOI/title leads, then rerun readability audit and pathway screening.","Import only if the paper reports a substrate-to-product/intermediate transformation, reaction/enzyme/gene evidence, and organism/source context.",checked,False,closed,,,,,not_attempted,
3,Dichlobenil,Placeholder files - redownload PDFs by DOI/title,10.1016/j.envpol.2009.06.003,https://doi.org/10.1016/j.envpol.2009.06.003,https://scholar.google.com/scholar?q=10.1016/j.envpol.2009.06.003,/Volumes/WENTBROKE/Pesticide degradation database/pesticidepdf/Dichlobenil,Dichlobenil_10.1016_j.envpol.2009.06.003.pdf,8,0,,,Nocardia sp. DDN | Nocardioides sp. | Pseudomonas sp. | Rastonia sp. | Rhodococcus sp. | Sphingomonas sp. DC-6 | Xanthomonas sp. | Zoogloea sp.,"Redownload real PDFs for DOI/title leads, then rerun readability audit and pathway screening.","Import only if the paper reports a substrate-to-product/intermediate transformation, reaction/enzyme/gene evidence, and organism/source context.",checked,False,closed,,,,,not_attempted,
3,Tebuconazole,Placeholder files - redownload PDFs by DOI/title,10.1007/s11356-023-25669-3,https://doi.org/10.1007/s11356-023-25669-3,https://scholar.google.com/scholar?q=10.1007/s11356-023-25669-3,/Volumes/WENTBROKE/Pesticide degradation database/pesticidepdf/Tebuconazole,Tebuconazole_10.1007_s11356-023-25669-3.pdf,8,0,"codA, NAD, deaD",Peroxidases,Alcaligenes faecalis WZ-2 | Aspergillus spp. | Bacillus spp. | Fusarium spp. | Pseudomonas spp. | Rhizophagus irregularis BEG 140 | Trametes versicolor ATCC 42530 | Trichoderma harzianum,"Redownload real PDFs for DOI/title leads, then rerun readability audit and pathway screening.","Import only if the paper reports a substrate-to-product/intermediate transformation, reaction/enzyme/gene evidence, and organism/source context.",checked,True,hybrid,https://link.springer.com/content/pdf/10.1007/s11356-023-25669-3.pdf,https://link.springer.com/content/pdf/10.1007/s11356-023-25669-3.pdf,publisher,cc-by,downloaded_open_access_pdf,/Users/nana/Desktop/PepDB/PepDatabase/curation_outputs/pathway_open_access_all_remaining_20260709/downloaded_open_access_pdfs/Tebuconazole/Tebuconazole_10.1007_s11356-023-25669-3.pdf
3,Tebuconazole,Placeholder files - redownload PDFs by DOI/title,10.1016/j.biortech.2016.04.105,https://doi.org/10.1016/j.biortech.2016.04.105,https://scholar.google.com/scholar?q=10.1016/j.biortech.2016.04.105,/Volumes/WENTBROKE/Pesticide degradation database/pesticidepdf/Tebuconazole,Tebuconazole_10.1016_j.biortech.2016.04.105.pdf,8,0,"codA, NAD, deaD",Peroxidases,Alcaligenes faecalis WZ-2 | Aspergillus spp. | Bacillus spp. | Fusarium spp. | Pseudomonas spp. | Rhizophagus irregularis BEG 140 | Trametes versicolor ATCC 42530 | Trichoderma harzianum,"Redownload real PDFs for DOI/title leads, then rerun readability audit and pathway screening.","Import only if the paper reports a substrate-to-product/intermediate transformation, reaction/enzyme/gene evidence, and organism/source context.",checked,False,closed,,,,,not_attempted,
3,Tebuconazole,Placeholder files - redownload PDFs by DOI/title,10.1016/j.ecoenv.2020.110419,https://doi.org/10.1016/j.ecoenv.2020.110419,https://scholar.google.com/scholar?q=10.1016/j.ecoenv.2020.110419,/Volumes/WENTBROKE/Pesticide degradation database/pesticidepdf/Tebuconazole,Tebuconazole_10.1016_j.ecoenv.2020.110419.pdf,8,0,"codA, NAD, deaD",Peroxidases,Alcaligenes faecalis WZ-2 | Aspergillus spp. | Bacillus spp. | Fusarium spp. | Pseudomonas spp. | Rhizophagus irregularis BEG 140 | Trametes versicolor ATCC 42530 | Trichoderma harzianum,"Redownload real PDFs for DOI/title leads, then rerun readability audit and pathway screening.","Import only if the paper reports a substrate-to-product/intermediate transformation, reaction/enzyme/gene evidence, and organism/source context.",checked,True,green,,https://hdl.handle.net/10669/83028,repository,other-oa,no_pdf_url,
3,Tebuconazole,Placeholder files - redownload PDFs by DOI/title,10.1016/j.jhazmat.2020.122941,https://doi.org/10.1016/j.jhazmat.2020.122941,https://scholar.google.com/scholar?q=10.1016/j.jhazmat.2020.122941,/Volumes/WENTBROKE/Pesticide degradation database/pesticidepdf/Tebuconazole,Tebuconazole_10.1016_j.jhazmat.2020.122941.pdf,8,0,"codA, NAD, deaD",Peroxidases,Alcaligenes faecalis WZ-2 | Aspergillus spp. | Bacillus spp. | Fusarium spp. | Pseudomonas spp. | Rhizophagus irregularis BEG 140 | Trametes versicolor ATCC 42530 | Trichoderma harzianum,"Redownload real PDFs for DOI/title leads, then rerun readability audit and pathway screening.","Import only if the paper reports a substrate-to-product/intermediate transformation, reaction/enzyme/gene evidence, and organism/source context.",checked,False,closed,,,,,not_attempted,
3,Tebuconazole,Placeholder files - redownload PDFs by DOI/title,10.1016/j.watres.2024.122129,https://doi.org/10.1016/j.watres.2024.122129,https://scholar.google.com/scholar?q=10.1016/j.watres.2024.122129,/Volumes/WENTBROKE/Pesticide degradation database/pesticidepdf/Tebuconazole,Tebuconazole_10.1016_j.watres.2024.122129.pdf,8,0,"codA, NAD, deaD",Peroxidases,Alcaligenes faecalis WZ-2 | Aspergillus spp. | Bacillus spp. | Fusarium spp. | Pseudomonas spp. | Rhizophagus irregularis BEG 140 | Trametes versicolor ATCC 42530 | Trichoderma harzianum,"Redownload real PDFs for DOI/title leads, then rerun readability audit and pathway screening.","Import only if the paper reports a substrate-to-product/intermediate transformation, reaction/enzyme/gene evidence, and organism/source context.",checked,False,closed,,,,,not_attempted,
3,Buprofezin,Placeholder files - redownload PDFs by DOI/title,10.1007/s00449-015-1391-x,https://doi.org/10.1007/s00449-015-1391-x,https://scholar.google.com/scholar?q=10.1007/s00449-015-1391-x,/Volumes/WENTBROKE/Pesticide degradation database/pesticidepdf/Buprofezin,Buprofezin_10.1007_s00449-015-1391-x.pdf,7,0,"RHO, bfzB, bfzC",Dioxygenases | Oxidoreductases,Bacillus sp. strain BF-5 | Pseudomonas sp. DFS35-4 | Rhodococcus qingshengii YL-1 | Rhodococcus sp. strain YL-1 | Sphingobium sp. LY-6,"Redownload real PDFs for DOI/title leads, then rerun readability audit and pathway screening.","Import only if the paper reports a substrate-to-product/intermediate transformation, reaction/enzyme/gene evidence, and organism/source context.",checked,False,closed,,,,,not_attempted,
3,Buprofezin,Placeholder files - redownload PDFs by DOI/title,10.1007/s10532-011-9469-x,https://doi.org/10.1007/s10532-011-9469-x,https://scholar.google.com/scholar?q=10.1007/s10532-011-9469-x,/Volumes/WENTBROKE/Pesticide degradation database/pesticidepdf/Buprofezin,Buprofezin_10.1007_s10532-011-9469-x.pdf,7,0,"RHO, bfzB, bfzC",Dioxygenases | Oxidoreductases,Bacillus sp. strain BF-5 | Pseudomonas sp. DFS35-4 | Rhodococcus qingshengii YL-1 | Rhodococcus sp. strain YL-1 | Sphingobium sp. LY-6,"Redownload real PDFs for DOI/title leads, then rerun readability audit and pathway screening.","Import only if the paper reports a substrate-to-product/intermediate transformation, reaction/enzyme/gene evidence, and organism/source context.",checked,False,closed,,,,,not_attempted,
3,Buprofezin,Placeholder files - redownload PDFs by DOI/title,10.1016/j.jenvman.2016.04.061,https://doi.org/10.1016/j.jenvman.2016.04.061,https://scholar.google.com/scholar?q=10.1016/j.jenvman.2016.04.061,/Volumes/WENTBROKE/Pesticide degradation database/pesticidepdf/Buprofezin,Buprofezin_10.1016_j.jenvman.2016.04.061.pdf,7,0,"RHO, bfzB, bfzC",Dioxygenases | Oxidoreductases,Bacillus sp. strain BF-5 | Pseudomonas sp. DFS35-4 | Rhodococcus qingshengii YL-1 | Rhodococcus sp. strain YL-1 | Sphingobium sp. LY-6,"Redownload real PDFs for DOI/title leads, then rerun readability audit and pathway screening.","Import only if the paper reports a substrate-to-product/intermediate transformation, reaction/enzyme/gene evidence, and organism/source context.",checked,False,closed,,,,,not_attempted,
3,Buprofezin,Placeholder files - redownload PDFs by DOI/title,10.1021/jf205185n,https://doi.org/10.1021/jf205185n,https://scholar.google.com/scholar?q=10.1021/jf205185n,/Volumes/WENTBROKE/Pesticide degradation database/pesticidepdf/Buprofezin,Buprofezin_10.1021_jf205185n.pdf,7,0,"RHO, bfzB, bfzC",Dioxygenases | Oxidoreductases,Bacillus sp. strain BF-5 | Pseudomonas sp. DFS35-4 | Rhodococcus qingshengii YL-1 | Rhodococcus sp. strain YL-1 | Sphingobium sp. LY-6,"Redownload real PDFs for DOI/title leads, then rerun readability audit and pathway screening.","Import only if the paper reports a substrate-to-product/intermediate transformation, reaction/enzyme/gene evidence, and organism/source context.",checked,False,closed,,,,,not_attempted,
3,Buprofezin,Placeholder files - redownload PDFs by DOI/title,10.1128/AEM.00868-17,https://doi.org/10.1128/AEM.00868-17,https://scholar.google.com/scholar?q=10.1128/AEM.00868-17,/Volumes/WENTBROKE/Pesticide degradation database/pesticidepdf/Buprofezin,Buprofezin_10.1128_AEM.00868-17.pdf,7,0,"RHO, bfzB, bfzC",Dioxygenases | Oxidoreductases,Bacillus sp. strain BF-5 | Pseudomonas sp. DFS35-4 | Rhodococcus qingshengii YL-1 | Rhodococcus sp. strain YL-1 | Sphingobium sp. LY-6,"Redownload real PDFs for DOI/title leads, then rerun readability audit and pathway screening.","Import only if the paper reports a substrate-to-product/intermediate transformation, reaction/enzyme/gene evidence, and organism/source context.",checked,True,bronze,https://aem.asm.org/content/aem/83/18/e00868-17.full.pdf,https://aem.asm.org/content/aem/83/18/e00868-17.full.pdf,publisher,,"download_error: <urlopen error [Errno 8] nodename nor servname provided, or not known>",
3,Difenoconazole,Placeholder files - redownload PDFs by DOI/title,10.1016/j.chemosphere.2021.131694,https://doi.org/10.1016/j.chemosphere.2021.131694,https://scholar.google.com/scholar?q=10.1016/j.chemosphere.2021.131694,/Volumes/WENTBROKE/Pesticide degradation database/pesticidepdf/Difenoconazole,Difenoconazole_10.1016_j.chemosphere.2021.131694.pdf,7,0,,,Acinetobacter sp. A-1 | Aeromonas sp. | Citrobacter sp. | Klebsiella sp. | Lysinibacillus sp. BTKU3 | Phyllobacterium sp. | Pseudomonas sp,"Redownload real PDFs for DOI/title leads, then rerun readability audit and pathway screening.","Import only if the paper reports a substrate-to-product/intermediate transformation, reaction/enzyme/gene evidence, and organism/source context.",checked,False,closed,,,,,not_attempted,
3,Difenoconazole,Placeholder files - redownload PDFs by DOI/title,10.1016/j.chemosphere.2022.136863,https://doi.org/10.1016/j.chemosphere.2022.136863,https://scholar.google.com/scholar?q=10.1016/j.chemosphere.2022.136863,/Volumes/WENTBROKE/Pesticide degradation database/pesticidepdf/Difenoconazole,Difenoconazole_10.1016_j.chemosphere.2022.136863.pdf,7,0,,,Acinetobacter sp. A-1 | Aeromonas sp. | Citrobacter sp. | Klebsiella sp. | Lysinibacillus sp. BTKU3 | Phyllobacterium sp. | Pseudomonas sp,"Redownload real PDFs for DOI/title leads, then rerun readability audit and pathway screening.","Import only if the paper reports a substrate-to-product/intermediate transformation, reaction/enzyme/gene evidence, and organism/source context.",checked,False,closed,,,,,not_attempted,
3,Difenoconazole,Placeholder files - redownload PDFs by DOI/title,10.3390/microorganisms13040802,https://doi.org/10.3390/microorganisms13040802,https://scholar.google.com/scholar?q=10.3390/microorganisms13040802,/Volumes/WENTBROKE/Pesticide degradation database/pesticidepdf/Difenoconazole,Difenoconazole_10.3390_microorganisms13040802.pdf,7,0,,,Acinetobacter sp. A-1 | Aeromonas sp. | Citrobacter sp. | Klebsiella sp. | Lysinibacillus sp. BTKU3 | Phyllobacterium sp. | Pseudomonas sp,"Redownload real PDFs for DOI/title leads, then rerun readability audit and pathway screening.","Import only if the paper reports a substrate-to-product/intermediate transformation, reaction/enzyme/gene evidence, and organism/source context.",checked,True,gold,https://www.mdpi.com/2076-2607/13/4/802/pdf?version=1743486070,https://www.mdpi.com/2076-2607/13/4/802/pdf?version=1743486070,publisher,cc-by,"download_error: <urlopen error [Errno 8] nodename nor servname provided, or not known>",
3,Difenoconazole,Placeholder files - redownload PDFs by DOI/title,10.4014/jmb.2308.08037,https://doi.org/10.4014/jmb.2308.08037,https://scholar.google.com/scholar?q=10.4014/jmb.2308.08037,/Volumes/WENTBROKE/Pesticide degradation database/pesticidepdf/Difenoconazole,Difenoconazole_10.4014_jmb.2308.08037.pdf,7,0,,,Acinetobacter sp. A-1 | Aeromonas sp. | Citrobacter sp. | Klebsiella sp. | Lysinibacillus sp. BTKU3 | Phyllobacterium sp. | Pseudomonas sp,"Redownload real PDFs for DOI/title leads, then rerun readability audit and pathway screening.","Import only if the paper reports a substrate-to-product/intermediate transformation, reaction/enzyme/gene evidence, and organism/source context.",checked,True,bronze,https://www.jmb.or.kr/journal/download_pdf.php?doi=10.4014/jmb.2308.08037,https://www.jmb.or.kr/journal/download_pdf.php?doi=10.4014/jmb.2308.08037,publisher,,downloaded_open_access_pdf,/Users/nana/Desktop/PepDB/PepDatabase/curation_outputs/pathway_open_access_all_remaining_20260709/downloaded_open_access_pdfs/Difenoconazole/Difenoconazole_10.4014_jmb.2308.08037.pdf
3,Fludioxonil,Placeholder files - redownload PDFs by DOI/title,10.1007/s11356-021-16452-3,https://doi.org/10.1007/s11356-021-16452-3,https://scholar.google.com/scholar?q=10.1007/s11356-021-16452-3,/Volumes/WENTBROKE/Pesticide degradation database/pesticidepdf/Fludioxonil,Fludioxonil_10.1007_s11356-021-16452-3.pdf,7,0,,,Clostridium sp. | Comamonas sp. | Ochrobactrum sp. | Oligotropha sp. | Pseudomonas sp. | Terrimonas sp.,"Redownload real PDFs for DOI/title leads, then rerun readability audit and pathway screening.","Import only if the paper reports a substrate-to-product/intermediate transformation, reaction/enzyme/gene evidence, and organism/source context.",checked,False,closed,,,,,not_attempted,
3,Fludioxonil,Placeholder files - redownload PDFs by DOI/title,10.1016/j.jhazmat.2020.122545,https://doi.org/10.1016/j.jhazmat.2020.122545,https://scholar.google.com/scholar?q=10.1016/j.jhazmat.2020.122545,/Volumes/WENTBROKE/Pesticide degradation database/pesticidepdf/Fludioxonil,Fludioxonil_10.1016_j.jhazmat.2020.122545.pdf,7,0,,,Clostridium sp. | Comamonas sp. | Ochrobactrum sp. | Oligotropha sp. | Pseudomonas sp. | Terrimonas sp.,"Redownload real PDFs for DOI/title leads, then rerun readability audit and pathway screening.","Import only if the paper reports a substrate-to-product/intermediate transformation, reaction/enzyme/gene evidence, and organism/source context.",checked,False,closed,,,,,not_attempted,
3,Methomyl,Placeholder files - redownload PDFs by DOI/title,10.1016/j.jhazmat.2023.131287,https://doi.org/10.1016/j.jhazmat.2023.131287,https://scholar.google.com/scholar?q=10.1016/j.jhazmat.2023.131287,/Volumes/WENTBROKE/Pesticide degradation database/pesticidepdf/Methomyl,Methomyl_10.1016_j.jhazmat.2023.131287.pdf,7,0,AmeH (methomyl hydrolase gene) | PestE,Hydrolases,Afipia sp. MDW-3 | Aminobacter aminovorans MDW-2 | Aminobacter sp. MDW-2 | Pandoraea sp. | Paracoccus sp. FLY-8 | Pyrobaculum calidifontis VA1 | Stenotrophomonas sp.,"Redownload real PDFs for DOI/title leads, then rerun readability audit and pathway screening.","Import only if the paper reports a substrate-to-product/intermediate transformation, reaction/enzyme/gene evidence, and organism/source context.",checked,False,closed,,,,,not_attempted,
3,Methomyl,Placeholder files - redownload PDFs by DOI/title,10.1111/lam.12715,https://doi.org/10.1111/lam.12715,https://scholar.google.com/scholar?q=10.1111/lam.12715,/Volumes/WENTBROKE/Pesticide degradation database/pesticidepdf/Methomyl,Methomyl_10.1111_lam.12715.pdf,7,0,AmeH (methomyl hydrolase gene) | PestE,Hydrolases,Afipia sp. MDW-3 | Aminobacter aminovorans MDW-2 | Aminobacter sp. MDW-2 | Pandoraea sp. | Paracoccus sp. FLY-8 | Pyrobaculum calidifontis VA1 | Stenotrophomonas sp.,"Redownload real PDFs for DOI/title leads, then rerun readability audit and pathway screening.","Import only if the paper reports a substrate-to-product/intermediate transformation, reaction/enzyme/gene evidence, and organism/source context.",checked,False,closed,,,,,not_attempted,
3,Methomyl,Placeholder files - redownload PDFs by DOI/title,10.1128/AEM.02005-20.,https://doi.org/10.1128/AEM.02005-20.,https://scholar.google.com/scholar?q=10.1128/AEM.02005-20.,/Volumes/WENTBROKE/Pesticide degradation database/pesticidepdf/Methomyl,Methomyl_10.1128_AEM.02005-20..pdf,7,0,AmeH (methomyl hydrolase gene) | PestE,Hydrolases,Afipia sp. MDW-3 | Aminobacter aminovorans MDW-2 | Aminobacter sp. MDW-2 | Pandoraea sp. | Paracoccus sp. FLY-8 | Pyrobaculum calidifontis VA1 | Stenotrophomonas sp.,"Redownload real PDFs for DOI/title leads, then rerun readability audit and pathway screening.","Import only if the paper reports a substrate-to-product/intermediate transformation, reaction/enzyme/gene evidence, and organism/source context.",http_error_404,,,,,,,not_attempted,
3,Methomyl,Placeholder files - redownload PDFs by DOI/title,10.3390/ijms24010433,https://doi.org/10.3390/ijms24010433,https://scholar.google.com/scholar?q=10.3390/ijms24010433,/Volumes/WENTBROKE/Pesticide degradation database/pesticidepdf/Methomyl,Methomyl_10.3390_ijms24010433.pdf,7,0,AmeH (methomyl hydrolase gene) | PestE,Hydrolases,Afipia sp. MDW-3 | Aminobacter aminovorans MDW-2 | Aminobacter sp. MDW-2 | Pandoraea sp. | Paracoccus sp. FLY-8 | Pyrobaculum calidifontis VA1 | Stenotrophomonas sp.,"Redownload real PDFs for DOI/title leads, then rerun readability audit and pathway screening.","Import only if the paper reports a substrate-to-product/intermediate transformation, reaction/enzyme/gene evidence, and organism/source context.",checked,True,gold,https://www.mdpi.com/1422-0067/24/1/433/pdf?version=1672195253,https://www.mdpi.com/1422-0067/24/1/433/pdf?version=1672195253,publisher,cc-by,"download_error: <urlopen error [Errno 8] nodename nor servname provided, or not known>",
3,Pendimethalin,Placeholder files - redownload PDFs by DOI/title,10.1007/s00284-018-1494-0,https://doi.org/10.1007/s00284-018-1494-0,https://scholar.google.com/scholar?q=10.1007/s00284-018-1494-0,/Volumes/WENTBROKE/Pesticide degradation database/pesticidepdf/Pendimethalin,Pendimethalin_10.1007_s00284-018-1494-0.pdf,7,0,pnr | lnr,Oxidoreductases,Bacillus subtilis Y3 | Bacillus subtilis Y3-Δlnr | Bacillus subtilis Y3-Δpnr | Bacillus subtilis Y3-ΔpnrΔlnr | Paracoccus sp. P13,"Redownload real PDFs for DOI/title leads, then rerun readability audit and pathway screening.","Import only if the paper reports a substrate-to-product/intermediate transformation, reaction/enzyme/gene evidence, and organism/source context.",checked,False,closed,,,,,not_attempted,
3,Pendimethalin,Placeholder files - redownload PDFs by DOI/title,10.1016/j.jes.2015.04.035,https://doi.org/10.1016/j.jes.2015.04.035,https://scholar.google.com/scholar?q=10.1016/j.jes.2015.04.035,/Volumes/WENTBROKE/Pesticide degradation database/pesticidepdf/Pendimethalin,Pendimethalin_10.1016_j.jes.2015.04.035.pdf,7,0,pnr | lnr,Oxidoreductases,Bacillus subtilis Y3 | Bacillus subtilis Y3-Δlnr | Bacillus subtilis Y3-Δpnr | Bacillus subtilis Y3-ΔpnrΔlnr | Paracoccus sp. P13,"Redownload real PDFs for DOI/title leads, then rerun readability audit and pathway screening.","Import only if the paper reports a substrate-to-product/intermediate transformation, reaction/enzyme/gene evidence, and organism/source context.",checked,False,closed,,,,,not_attempted,
3,Pendimethalin,Placeholder files - redownload PDFs by DOI/title,10.1021/acs.jafc.9b04354,https://doi.org/10.1021/acs.jafc.9b04354,https://scholar.google.com/scholar?q=10.1021/acs.jafc.9b04354,/Volumes/WENTBROKE/Pesticide degradation database/pesticidepdf/Pendimethalin,Pendimethalin_10.1021_acs.jafc.9b04354.pdf,7,0,pnr | lnr,Oxidoreductases,Bacillus subtilis Y3 | Bacillus subtilis Y3-Δlnr | Bacillus subtilis Y3-Δpnr | Bacillus subtilis Y3-ΔpnrΔlnr | Paracoccus sp. P13,"Redownload real PDFs for DOI/title leads, then rerun readability audit and pathway screening.","Import only if the paper reports a substrate-to-product/intermediate transformation, reaction/enzyme/gene evidence, and organism/source context.",checked,False,closed,,,,,not_attempted,
3,Pendimethalin,Placeholder files - redownload PDFs by DOI/title,10.1128/AEM.01771-16,https://doi.org/10.1128/AEM.01771-16,https://scholar.google.com/scholar?q=10.1128/AEM.01771-16,/Volumes/WENTBROKE/Pesticide degradation database/pesticidepdf/Pendimethalin,Pendimethalin_10.1128_AEM.01771-16.pdf,7,0,pnr | lnr,Oxidoreductases,Bacillus subtilis Y3 | Bacillus subtilis Y3-Δlnr | Bacillus subtilis Y3-Δpnr | Bacillus subtilis Y3-ΔpnrΔlnr | Paracoccus sp. P13,"Redownload real PDFs for DOI/title leads, then rerun readability audit and pathway screening.","Import only if the paper reports a substrate-to-product/intermediate transformation, reaction/enzyme/gene evidence, and organism/source context.",checked,True,bronze,https://aem.asm.org/content/aem/82/24/7052.full.pdf,https://aem.asm.org/content/aem/82/24/7052.full.pdf,publisher,,"download_error: <urlopen error [Errno 8] nodename nor servname provided, or not known>",
3,Pirimiphos-Methyl,Placeholder files - redownload PDFs by DOI/title,10.1111/lam.12128,https://doi.org/10.1111/lam.12128,https://scholar.google.com/scholar?q=10.1111/lam.12128,/Volumes/WENTBROKE/Pesticide degradation database/pesticidepdf/Pirimiphos-Methyl,Pirimiphos-Methyl_10.1111_lam.12128.pdf,7,0,,,Aspergillus  terreus | Aspergillus flavus | Aspergillus niger | Aspergillus sydowii | Emericella nidulans | Fusarium oxysporum | Lactobacillus plantarum,"Redownload real PDFs for DOI/title leads, then rerun readability audit and pathway screening.","Import only if the paper reports a substrate-to-product/intermediate transformation, reaction/enzyme/gene evidence, and organism/source context.",checked,True,bronze,https://academic.oup.com/lambio/article-pdf/57/5/412/47230807/lambio0412.pdf,https://academic.oup.com/lambio/article-pdf/57/5/412/47230807/lambio0412.pdf,publisher,,"download_error: <urlopen error [Errno 8] nodename nor servname provided, or not known>",
3,Fenpropathrin,Placeholder files - redownload PDFs by DOI/title,10.1002/jobm.201800490,https://doi.org/10.1002/jobm.201800490,https://scholar.google.com/scholar?q=10.1002/jobm.201800490,/Volumes/WENTBROKE/Pesticide degradation database/pesticidepdf/Fenpropathrin,Fenpropathrin_10.1002_jobm.201800490.pdf,6,0,mpd,Hydrolases,Bacillus cereus ZH-3 | Bacillus sp. DG-02 | Clostridium species strain ZP3 | Pseudomonas aeruginosa sp. strain JQ-41 | Rhodopseudomonas sp. strain PSB07-21 | Sphingobium sp. JQL4-5(JQL4-5-mpd),"Redownload real PDFs for DOI/title leads, then rerun readability audit and pathway screening.","Import only if the paper reports a substrate-to-product/intermediate transformation, reaction/enzyme/gene evidence, and organism/source context.",checked,False,closed,,,,,not_attempted,
3,Fenpropathrin,Placeholder files - redownload PDFs by DOI/title,10.1007/s00284-015-0852-4,https://doi.org/10.1007/s00284-015-0852-4,https://scholar.google.com/scholar?q=10.1007/s00284-015-0852-4,/Volumes/WENTBROKE/Pesticide degradation database/pesticidepdf/Fenpropathrin,Fenpropathrin_10.1007_s00284-015-0852-4.pdf,6,0,mpd,Hydrolases,Bacillus cereus ZH-3 | Bacillus sp. DG-02 | Clostridium species strain ZP3 | Pseudomonas aeruginosa sp. strain JQ-41 | Rhodopseudomonas sp. strain PSB07-21 | Sphingobium sp. JQL4-5(JQL4-5-mpd),"Redownload real PDFs for DOI/title leads, then rerun readability audit and pathway screening.","Import only if the paper reports a substrate-to-product/intermediate transformation, reaction/enzyme/gene evidence, and organism/source context.",checked,False,closed,,,,,not_attempted,
3,Fenpropathrin,Placeholder files - redownload PDFs by DOI/title,10.1007/s10532-010-9444-y,https://doi.org/10.1007/s10532-010-9444-y,https://scholar.google.com/scholar?q=10.1007/s10532-010-9444-y,/Volumes/WENTBROKE/Pesticide degradation database/pesticidepdf/Fenpropathrin,Fenpropathrin_10.1007_s10532-010-9444-y.pdf,6,0,mpd,Hydrolases,Bacillus cereus ZH-3 | Bacillus sp. DG-02 | Clostridium species strain ZP3 | Pseudomonas aeruginosa sp. strain JQ-41 | Rhodopseudomonas sp. strain PSB07-21 | Sphingobium sp. JQL4-5(JQL4-5-mpd),"Redownload real PDFs for DOI/title leads, then rerun readability audit and pathway screening.","Import only if the paper reports a substrate-to-product/intermediate transformation, reaction/enzyme/gene evidence, and organism/source context.",checked,False,closed,,,,,not_attempted,
3,Fenpropathrin,Placeholder files - redownload PDFs by DOI/title,10.1016/j.jenvman.2010.06.010,https://doi.org/10.1016/j.jenvman.2010.06.010,https://scholar.google.com/scholar?q=10.1016/j.jenvman.2010.06.010,/Volumes/WENTBROKE/Pesticide degradation database/pesticidepdf/Fenpropathrin,Fenpropathrin_10.1016_j.jenvman.2010.06.010.pdf,6,0,mpd,Hydrolases,Bacillus cereus ZH-3 | Bacillus sp. DG-02 | Clostridium species strain ZP3 | Pseudomonas aeruginosa sp. strain JQ-41 | Rhodopseudomonas sp. strain PSB07-21 | Sphingobium sp. JQL4-5(JQL4-5-mpd),"Redownload real PDFs for DOI/title leads, then rerun readability audit and pathway screening.","Import only if the paper reports a substrate-to-product/intermediate transformation, reaction/enzyme/gene evidence, and organism/source context.",checked,False,closed,,,,,not_attempted,
3,Fenpropathrin,Placeholder files - redownload PDFs by DOI/title,10.1016/j.scitotenv.2015.03.124,https://doi.org/10.1016/j.scitotenv.2015.03.124,https://scholar.google.com/scholar?q=10.1016/j.scitotenv.2015.03.124,/Volumes/WENTBROKE/Pesticide degradation database/pesticidepdf/Fenpropathrin,Fenpropathrin_10.1016_j.scitotenv.2015.03.124.pdf,6,0,mpd,Hydrolases,Bacillus cereus ZH-3 | Bacillus sp. DG-02 | Clostridium species strain ZP3 | Pseudomonas aeruginosa sp. strain JQ-41 | Rhodopseudomonas sp. strain PSB07-21 | Sphingobium sp. JQL4-5(JQL4-5-mpd),"Redownload real PDFs for DOI/title leads, then rerun readability audit and pathway screening.","Import only if the paper reports a substrate-to-product/intermediate transformation, reaction/enzyme/gene evidence, and organism/source context.",checked,False,closed,,,,,not_attempted,
3,Fenpropathrin,Placeholder files - redownload PDFs by DOI/title,10.1021/jf404908j,https://doi.org/10.1021/jf404908j,https://scholar.google.com/scholar?q=10.1021/jf404908j,/Volumes/WENTBROKE/Pesticide degradation database/pesticidepdf/Fenpropathrin,Fenpropathrin_10.1021_jf404908j.pdf,6,0,mpd,Hydrolases,Bacillus cereus ZH-3 | Bacillus sp. DG-02 | Clostridium species strain ZP3 | Pseudomonas aeruginosa sp. strain JQ-41 | Rhodopseudomonas sp. strain PSB07-21 | Sphingobium sp. JQL4-5(JQL4-5-mpd),"Redownload real PDFs for DOI/title leads, then rerun readability audit and pathway screening.","Import only if the paper reports a substrate-to-product/intermediate transformation, reaction/enzyme/gene evidence, and organism/source context.",checked,False,closed,,,,,not_attempted,
3,Prochloraz,Placeholder files - redownload PDFs by DOI/title,10.1007/s002530050680,https://doi.org/10.1007/s002530050680,https://scholar.google.com/scholar?q=10.1007/s002530050680,/Volumes/WENTBROKE/Pesticide degradation database/pesticidepdf/Prochloraz,Prochloraz_10.1007_s002530050680.pdf,6,0,,,Aureobacterium sp. strain C961 | Aureobacterium sp. strain C962 | Aureobacterium sp. strain C964 | Aureobacterium sp. strain C965 | Azotobacter sp. DSM 6428 | Bacillus cereus strain WD-2,"Redownload real PDFs for DOI/title leads, then rerun readability audit and pathway screening.","Import only if the paper reports a substrate-to-product/intermediate transformation, reaction/enzyme/gene evidence, and organism/source context.",checked,False,closed,,,,,not_attempted,
3,Prochloraz,Placeholder files - redownload PDFs by DOI/title,10.1371/journal.pone.0220975,https://doi.org/10.1371/journal.pone.0220975,https://scholar.google.com/scholar?q=10.1371/journal.pone.0220975,/Volumes/WENTBROKE/Pesticide degradation database/pesticidepdf/Prochloraz,Prochloraz_10.1371_journal.pone.0220975.pdf,6,0,,,Aureobacterium sp. strain C961 | Aureobacterium sp. strain C962 | Aureobacterium sp. strain C964 | Aureobacterium sp. strain C965 | Azotobacter sp. DSM 6428 | Bacillus cereus strain WD-2,"Redownload real PDFs for DOI/title leads, then rerun readability audit and pathway screening.","Import only if the paper reports a substrate-to-product/intermediate transformation, reaction/enzyme/gene evidence, and organism/source context.",checked,True,gold,https://journals.plos.org/plosone/article/file?id=10.1371/journal.pone.0220975&type=printable,https://journals.plos.org/plosone/article/file?id=10.1371/journal.pone.0220975&type=printable,publisher,cc-by,downloaded_open_access_pdf,/Users/nana/Desktop/PepDB/PepDatabase/curation_outputs/pathway_open_access_all_remaining_20260709/downloaded_open_access_pdfs/Prochloraz/Prochloraz_10.1371_journal.pone.0220975.pdf
3,Diphenylamine,Placeholder files - redownload PDFs by DOI/title,10.1007/PL00006754,https://doi.org/10.1007/PL00006754,https://scholar.google.com/scholar?q=10.1007/PL00006754,/Volumes/WENTBROKE/Pesticide degradation database/pesticidepdf/Diphenylamine,Diphenylamine_10.1007_PL00006754.pdf,4,0,"dpaAa, tdnC",Dioxygenases,Burkholderia sp. JS667 | Desulfobacterium anilini DSM 4660 | Desulfococcus multivorans DSM 2059 | Desulfovibrio sp. strain SHV,"Redownload real PDFs for DOI/title leads, then rerun readability audit and pathway screening.","Import only if the paper reports a substrate-to-product/intermediate transformation, reaction/enzyme/gene evidence, and organism/source context.",checked,False,closed,,,,,not_attempted,
3,Diphenylamine,Placeholder files - redownload PDFs by DOI/title,10.1128/AEM.02198-08,https://doi.org/10.1128/AEM.02198-08,https://scholar.google.com/scholar?q=10.1128/AEM.02198-08,/Volumes/WENTBROKE/Pesticide degradation database/pesticidepdf/Diphenylamine,Diphenylamine_10.1128_AEM.02198-08.pdf,4,0,"dpaAa, tdnC",Dioxygenases,Burkholderia sp. JS667 | Desulfobacterium anilini DSM 4660 | Desulfococcus multivorans DSM 2059 | Desulfovibrio sp. strain SHV,"Redownload real PDFs for DOI/title leads, then rerun readability audit and pathway screening.","Import only if the paper reports a substrate-to-product/intermediate transformation, reaction/enzyme/gene evidence, and organism/source context.",checked,True,green,,https://www.ncbi.nlm.nih.gov/pmc/articles/2681709,repository,,no_pdf_url,
3,Diphenylamine,Placeholder files - redownload PDFs by DOI/title,10.1128/aem.61.9.3282-3287.1995,https://doi.org/10.1128/aem.61.9.3282-3287.1995,https://scholar.google.com/scholar?q=10.1128/aem.61.9.3282-3287.1995,/Volumes/WENTBROKE/Pesticide degradation database/pesticidepdf/Diphenylamine,Diphenylamine_10.1128_aem.61.9.3282-3287.1995.pdf,4,0,"dpaAa, tdnC",Dioxygenases,Burkholderia sp. JS667 | Desulfobacterium anilini DSM 4660 | Desulfococcus multivorans DSM 2059 | Desulfovibrio sp. strain SHV,"Redownload real PDFs for DOI/title leads, then rerun readability audit and pathway screening.","Import only if the paper reports a substrate-to-product/intermediate transformation, reaction/enzyme/gene evidence, and organism/source context.",checked,True,bronze,https://aem.asm.org/content/aem/61/9/3282.full.pdf,https://aem.asm.org/content/aem/61/9/3282.full.pdf,publisher,,"download_error: <urlopen error [Errno 8] nodename nor servname provided, or not known>",
3,Cadusafos,Placeholder files - redownload PDFs by DOI/title,10.1016/j.femsec.2005.01.012,https://doi.org/10.1016/j.femsec.2005.01.012,https://scholar.google.com/scholar?q=10.1016/j.femsec.2005.01.012,/Volumes/WENTBROKE/Pesticide degradation database/pesticidepdf/Cadusafos,Cadusafos_10.1016_j.femsec.2005.01.012.pdf,2,0,,,Isolate CadI | Isolate CadII,"Redownload real PDFs for DOI/title leads, then rerun readability audit and pathway screening.","Import only if the paper reports a substrate-to-product/intermediate transformation, reaction/enzyme/gene evidence, and organism/source context.",checked,True,bronze,https://academic.oup.com/femsec/article-pdf/53/3/369/18099965/53-3-369.pdf,https://academic.oup.com/femsec/article-pdf/53/3/369/18099965/53-3-369.pdf,publisher,,"download_error: <urlopen error [Errno 8] nodename nor servname provided, or not known>",
3,Ethoprophos,Placeholder files - redownload PDFs by DOI/title,10.1046/j.1365-2672.2000.01080.x,https://doi.org/10.1046/j.1365-2672.2000.01080.x,https://scholar.google.com/scholar?q=10.1046/j.1365-2672.2000.01080.x,/Volumes/WENTBROKE/Pesticide degradation database/pesticidepdf/Ethoprophos,Ethoprophos_10.1046_j.1365-2672.2000.01080.x.pdf,4,0,,,Flavobacterium sp. | Pseudomonas putida epI | Pseudomonas putida epII | Sphingomonas paucimobilis,"Redownload real PDFs for DOI/title leads, then rerun readability audit and pathway screening.","Import only if the paper reports a substrate-to-product/intermediate transformation, reaction/enzyme/gene evidence, and organism/source context.",checked,False,closed,,,,,not_attempted,
3,Flubendiamide,Placeholder files - redownload PDFs by DOI/title,10.1007/s13205-015-0347-9,https://doi.org/10.1007/s13205-015-0347-9,https://scholar.google.com/scholar?q=10.1007/s13205-015-0347-9,/Volumes/WENTBROKE/Pesticide degradation database/pesticidepdf/Flubendiamide,Flubendiamide_10.1007_s13205-015-0347-9.pdf,4,0,,Peroxidases,Botryosphaeria rhodina | Chryseobacterium indologenes strain SSJ1 | Neurospora sp. | Trichoderma koningiopsis,"Redownload real PDFs for DOI/title leads, then rerun readability audit and pathway screening.","Import only if the paper reports a substrate-to-product/intermediate transformation, reaction/enzyme/gene evidence, and organism/source context.",checked,True,hybrid,https://link.springer.com/content/pdf/10.1007/s13205-015-0347-9.pdf,https://link.springer.com/content/pdf/10.1007/s13205-015-0347-9.pdf,publisher,cc-by,downloaded_open_access_pdf,/Users/nana/Desktop/PepDB/PepDatabase/curation_outputs/pathway_open_access_all_remaining_20260709/downloaded_open_access_pdfs/Flubendiamide/Flubendiamide_10.1007_s13205-015-0347-9.pdf
3,Flubendiamide,Placeholder files - redownload PDFs by DOI/title,10.1007/s13213-019-01536-w,https://doi.org/10.1007/s13213-019-01536-w,https://scholar.google.com/scholar?q=10.1007/s13213-019-01536-w,/Volumes/WENTBROKE/Pesticide degradation database/pesticidepdf/Flubendiamide,Flubendiamide_10.1007_s13213-019-01536-w.pdf,4,0,,Peroxidases,Botryosphaeria rhodina | Chryseobacterium indologenes strain SSJ1 | Neurospora sp. | Trichoderma koningiopsis,"Redownload real PDFs for DOI/title leads, then rerun readability audit and pathway screening.","Import only if the paper reports a substrate-to-product/intermediate transformation, reaction/enzyme/gene evidence, and organism/source context.",checked,True,gold,https://annalsmicrobiology.biomedcentral.com/counter/pdf/10.1007/s13213-019-01536-w,https://annalsmicrobiology.biomedcentral.com/counter/pdf/10.1007/s13213-019-01536-w,publisher,cc-by,downloaded_open_access_pdf,/Users/nana/Desktop/PepDB/PepDatabase/curation_outputs/pathway_open_access_all_remaining_20260709/downloaded_open_access_pdfs/Flubendiamide/Flubendiamide_10.1007_s13213-019-01536-w.pdf
3,Mesotrione,Placeholder files - redownload PDFs by DOI/title,10.1002/rcm.2627,https://doi.org/10.1002/rcm.2627,https://scholar.google.com/scholar?q=10.1002/rcm.2627,/Volumes/WENTBROKE/Pesticide degradation database/pesticidepdf/Mesotrione,Mesotrione_10.1002_rcm.2627.pdf,4,0,,Oxidoreductases,Amycolatopsis nivea La24 | Bacillus sp. 3B6 | Pantoea ananatis,"Redownload real PDFs for DOI/title leads, then rerun readability audit and pathway screening.","Import only if the paper reports a substrate-to-product/intermediate transformation, reaction/enzyme/gene evidence, and organism/source context.",checked,True,green,,https://hal.science/hal-00118463,repository,other-oa,no_pdf_url,
3,Mesotrione,Placeholder files - redownload PDFs by DOI/title,10.1016/j.chemosphere.2011.12.041,https://doi.org/10.1016/j.chemosphere.2011.12.041,https://scholar.google.com/scholar?q=10.1016/j.chemosphere.2011.12.041,/Volumes/WENTBROKE/Pesticide degradation database/pesticidepdf/Mesotrione,Mesotrione_10.1016_j.chemosphere.2011.12.041.pdf,4,0,,Oxidoreductases,Amycolatopsis nivea La24 | Bacillus sp. 3B6 | Pantoea ananatis,"Redownload real PDFs for DOI/title leads, then rerun readability audit and pathway screening.","Import only if the paper reports a substrate-to-product/intermediate transformation, reaction/enzyme/gene evidence, and organism/source context.",checked,False,closed,,,,,not_attempted,
3,Mesotrione,Placeholder files - redownload PDFs by DOI/title,10.1016/j.jhazmat.2024.134951,https://doi.org/10.1016/j.jhazmat.2024.134951,https://scholar.google.com/scholar?q=10.1016/j.jhazmat.2024.134951,/Volumes/WENTBROKE/Pesticide degradation database/pesticidepdf/Mesotrione,Mesotrione_10.1016_j.jhazmat.2024.134951.pdf,4,0,,Oxidoreductases,Amycolatopsis nivea La24 | Bacillus sp. 3B6 | Pantoea ananatis,"Redownload real PDFs for DOI/title leads, then rerun readability audit and pathway screening.","Import only if the paper reports a substrate-to-product/intermediate transformation, reaction/enzyme/gene evidence, and organism/source context.",checked,False,closed,,,,,not_attempted,
3,Mesotrione,Placeholder files - redownload PDFs by DOI/title,10.1111/j.1472-765X.2006.01923.x,https://doi.org/10.1111/j.1472-765X.2006.01923.x,https://scholar.google.com/scholar?q=10.1111/j.1472-765X.2006.01923.x,/Volumes/WENTBROKE/Pesticide degradation database/pesticidepdf/Mesotrione,Mesotrione_10.1111_j.1472-765X.2006.01923.x.pdf,4,0,,Oxidoreductases,Amycolatopsis nivea La24 | Bacillus sp. 3B6 | Pantoea ananatis,"Redownload real PDFs for DOI/title leads, then rerun readability audit and pathway screening.","Import only if the paper reports a substrate-to-product/intermediate transformation, reaction/enzyme/gene evidence, and organism/source context.",checked,False,closed,,,,,not_attempted,
3,Propiconazole,Placeholder files - redownload PDFs by DOI/title,10.1007/s13205-016-0429-3,https://doi.org/10.1007/s13205-016-0429-3,https://scholar.google.com/scholar?q=10.1007/s13205-016-0429-3,/Volumes/WENTBROKE/Pesticide degradation database/pesticidepdf/Propiconazole,Propiconazole_10.1007_s13205-016-0429-3.pdf,4,0,CYP450,P450,Aureobasidium pullulan Rg 92 | Burkholderia sp. strain BBK-9 | Pseudomonas aeruginosa PS-4 | Rhodotorula glutinis Rg 55,"Redownload real PDFs for DOI/title leads, then rerun readability audit and pathway screening.","Import only if the paper reports a substrate-to-product/intermediate transformation, reaction/enzyme/gene evidence, and organism/source context.",checked,True,hybrid,https://link.springer.com/content/pdf/10.1007/s13205-016-0429-3.pdf,https://link.springer.com/content/pdf/10.1007/s13205-016-0429-3.pdf,publisher,cc-by,downloaded_open_access_pdf,/Users/nana/Desktop/PepDB/PepDatabase/curation_outputs/pathway_open_access_all_remaining_20260709/downloaded_open_access_pdfs/Propiconazole/Propiconazole_10.1007_s13205-016-0429-3.pdf
3,Propiconazole,Placeholder files - redownload PDFs by DOI/title,10.1007/s13213-016-1222-6,https://doi.org/10.1007/s13213-016-1222-6,https://scholar.google.com/scholar?q=10.1007/s13213-016-1222-6,/Volumes/WENTBROKE/Pesticide degradation database/pesticidepdf/Propiconazole,Propiconazole_10.1007_s13213-016-1222-6.pdf,4,0,CYP450,P450,Aureobasidium pullulan Rg 92 | Burkholderia sp. strain BBK-9 | Pseudomonas aeruginosa PS-4 | Rhodotorula glutinis Rg 55,"Redownload real PDFs for DOI/title leads, then rerun readability audit and pathway screening.","Import only if the paper reports a substrate-to-product/intermediate transformation, reaction/enzyme/gene evidence, and organism/source context.",checked,True,gold,,https://doi.org/10.1007/s13213-016-1222-6,publisher,,no_pdf_url,
3,Propiconazole,Placeholder files - redownload PDFs by DOI/title,10.1186/s12866-020-01885-6,https://doi.org/10.1186/s12866-020-01885-6,https://scholar.google.com/scholar?q=10.1186/s12866-020-01885-6,/Volumes/WENTBROKE/Pesticide degradation database/pesticidepdf/Propiconazole,Propiconazole_10.1186_s12866-020-01885-6.pdf,4,0,CYP450,P450,Aureobasidium pullulan Rg 92 | Burkholderia sp. strain BBK-9 | Pseudomonas aeruginosa PS-4 | Rhodotorula glutinis Rg 55,"Redownload real PDFs for DOI/title leads, then rerun readability audit and pathway screening.","Import only if the paper reports a substrate-to-product/intermediate transformation, reaction/enzyme/gene evidence, and organism/source context.",checked,True,gold,https://bmcmicrobiol.biomedcentral.com/track/pdf/10.1186/s12866-020-01885-6,https://bmcmicrobiol.biomedcentral.com/track/pdf/10.1186/s12866-020-01885-6,publisher,cc-by,downloaded_open_access_pdf,/Users/nana/Desktop/PepDB/PepDatabase/curation_outputs/pathway_open_access_all_remaining_20260709/downloaded_open_access_pdfs/Propiconazole/Propiconazole_10.1186_s12866-020-01885-6.pdf
3,Boscalid,Placeholder files - redownload PDFs by DOI/title,10.1016/j.envpol.2022.120484,https://doi.org/10.1016/j.envpol.2022.120484,https://scholar.google.com/scholar?q=10.1016/j.envpol.2022.120484,/Volumes/WENTBROKE/Pesticide degradation database/pesticidepdf/Boscalid,Boscalid_10.1016_j.envpol.2022.120484.pdf,3,0,,,Bacillus simplex | Lysinibacillus boronitolerans | Peribacillus muralis,"Redownload real PDFs for DOI/title leads, then rerun readability audit and pathway screening.","Import only if the paper reports a substrate-to-product/intermediate transformation, reaction/enzyme/gene evidence, and organism/source context.",checked,False,closed,,,,,not_attempted,
3,Chlorpropham,Placeholder files - redownload PDFs by DOI/title,10.1007/s11274-018-2494-8,https://doi.org/10.1007/s11274-018-2494-8,https://scholar.google.com/scholar?q=10.1007/s11274-018-2494-8,/Volumes/WENTBROKE/Pesticide degradation database/pesticidepdf/Chlorpropham,Chlorpropham_10.1007_s11274-018-2494-8.pdf,3,0,,Hydrolases | Dioxygenase | Dioxygenases,Bacillus licheniformis NKC-1,"Redownload real PDFs for DOI/title leads, then rerun readability audit and pathway screening.","Import only if the paper reports a substrate-to-product/intermediate transformation, reaction/enzyme/gene evidence, and organism/source context.",checked,False,closed,,,,,not_attempted,
3,Clothianidin,Placeholder files - redownload PDFs by DOI/title,10.1021/acsomega.3c09749,https://doi.org/10.1021/acsomega.3c09749,https://scholar.google.com/scholar?q=10.1021/acsomega.3c09749,/Volumes/WENTBROKE/Pesticide degradation database/pesticidepdf/Clothianidin,Clothianidin_10.1021_acsomega.3c09749.pdf,3,0,,,Pseudomonas oleovorans SA2 | Pseudomonas stutzeri smk | Pseudomonas stutzeri strain SMK,"Redownload real PDFs for DOI/title leads, then rerun readability audit and pathway screening.","Import only if the paper reports a substrate-to-product/intermediate transformation, reaction/enzyme/gene evidence, and organism/source context.",checked,True,gold,https://pubs.acs.org/doi/pdf/10.1021/acsomega.3c09749,https://pubs.acs.org/doi/pdf/10.1021/acsomega.3c09749,publisher,cc-by-nc-nd,"download_error: <urlopen error [Errno 8] nodename nor servname provided, or not known>",
3,Clothianidin,Placeholder files - redownload PDFs by DOI/title,10.1155/2019/4807913,https://doi.org/10.1155/2019/4807913,https://scholar.google.com/scholar?q=10.1155/2019/4807913,/Volumes/WENTBROKE/Pesticide degradation database/pesticidepdf/Clothianidin,Clothianidin_10.1155_2019_4807913.pdf,3,0,,,Pseudomonas oleovorans SA2 | Pseudomonas stutzeri smk | Pseudomonas stutzeri strain SMK,"Redownload real PDFs for DOI/title leads, then rerun readability audit and pathway screening.","Import only if the paper reports a substrate-to-product/intermediate transformation, reaction/enzyme/gene evidence, and organism/source context.",checked,True,hybrid,http://downloads.hindawi.com/journals/jeph/2019/4807913.pdf,http://downloads.hindawi.com/journals/jeph/2019/4807913.pdf,publisher,cc-by,"download_error: <urlopen error [Errno 8] nodename nor servname provided, or not known>",
3,Dinotefuran,Placeholder files - redownload PDFs by DOI/title,10.1007/s10532-013-9629-2,https://doi.org/10.1007/s10532-013-9629-2,https://scholar.google.com/scholar?q=10.1007/s10532-013-9629-2,/Volumes/WENTBROKE/Pesticide degradation database/pesticidepdf/Dinotefuran,Dinotefuran_10.1007_s10532-013-9629-2.pdf,3,0,cahA,Hydrolases | P450 | Peroxidases,Burkholderia sp. C3 | Phanerochaete sordida YK-624,"Redownload real PDFs for DOI/title leads, then rerun readability audit and pathway screening.","Import only if the paper reports a substrate-to-product/intermediate transformation, reaction/enzyme/gene evidence, and organism/source context.",checked,True,green,,https://www.ncbi.nlm.nih.gov/pmc/articles/3714342,repository,,no_pdf_url,
3,Dinotefuran,Placeholder files - redownload PDFs by DOI/title,10.1016/j.envpol.2019.06.022,https://doi.org/10.1016/j.envpol.2019.06.022,https://scholar.google.com/scholar?q=10.1016/j.envpol.2019.06.022,/Volumes/WENTBROKE/Pesticide degradation database/pesticidepdf/Dinotefuran,Dinotefuran_10.1016_j.envpol.2019.06.022.pdf,3,0,cahA,Hydrolases | P450 | Peroxidases,Burkholderia sp. C3 | Phanerochaete sordida YK-624,"Redownload real PDFs for DOI/title leads, then rerun readability audit and pathway screening.","Import only if the paper reports a substrate-to-product/intermediate transformation, reaction/enzyme/gene evidence, and organism/source context.",checked,True,green,,https://shizuoka.repo.nii.ac.jp/records/11731,repository,cc-by-nc-nd,no_pdf_url,
3,Etoxazole,Placeholder files - redownload PDFs by DOI/title,10.1016/j.jhazmat.2025.138448,https://doi.org/10.1016/j.jhazmat.2025.138448,https://scholar.google.com/scholar?q=10.1016/j.jhazmat.2025.138448,/Volumes/WENTBROKE/Pesticide degradation database/pesticidepdf/Etoxazole,Etoxazole_10.1016_j.jhazmat.2025.138448.pdf,3,0,,Monooxygenase | Dehydrogenase | Hydrolase,Paracoccus versutus Y4,"Redownload real PDFs for DOI/title leads, then rerun readability audit and pathway screening.","Import only if the paper reports a substrate-to-product/intermediate transformation, reaction/enzyme/gene evidence, and organism/source context.",checked,False,closed,,,,,not_attempted,
3,Fenitrothion,Placeholder files - redownload PDFs by DOI/title,10.1007/s10532-005-7130-2,https://doi.org/10.1007/s10532-005-7130-2,https://scholar.google.com/scholar?q=10.1007/s10532-005-7130-2,/Volumes/WENTBROKE/Pesticide degradation database/pesticidepdf/Fenitrothion,Fenitrothion_10.1007_s10532-005-7130-2.pdf,3,0,"mpd | pNF1, pNF2",Hydrolases | Oxidoreductases,Burkholderia sp. FDS-1 | Burkholderia sp. NF100 | Cunninghamella elegans ATCC 36112,"Redownload real PDFs for DOI/title leads, then rerun readability audit and pathway screening.","Import only if the paper reports a substrate-to-product/intermediate transformation, reaction/enzyme/gene evidence, and organism/source context.",checked,False,closed,,,,,not_attempted,
3,Fenitrothion,Placeholder files - redownload PDFs by DOI/title,10.1021/acs.jafc.7b04273,https://doi.org/10.1021/acs.jafc.7b04273,https://scholar.google.com/scholar?q=10.1021/acs.jafc.7b04273,/Volumes/WENTBROKE/Pesticide degradation database/pesticidepdf/Fenitrothion,Fenitrothion_10.1021_acs.jafc.7b04273.pdf,3,0,"mpd | pNF1, pNF2",Hydrolases | Oxidoreductases,Burkholderia sp. FDS-1 | Burkholderia sp. NF100 | Cunninghamella elegans ATCC 36112,"Redownload real PDFs for DOI/title leads, then rerun readability audit and pathway screening.","Import only if the paper reports a substrate-to-product/intermediate transformation, reaction/enzyme/gene evidence, and organism/source context.",checked,False,closed,,,,,not_attempted,
3,Fenitrothion,Placeholder files - redownload PDFs by DOI/title,10.1128/AEM.66.4.1737-1740.2000,https://doi.org/10.1128/AEM.66.4.1737-1740.2000,https://scholar.google.com/scholar?q=10.1128/AEM.66.4.1737-1740.2000,/Volumes/WENTBROKE/Pesticide degradation database/pesticidepdf/Fenitrothion,Fenitrothion_10.1128_AEM.66.4.1737-1740.2000.pdf,3,0,"mpd | pNF1, pNF2",Hydrolases | Oxidoreductases,Burkholderia sp. FDS-1 | Burkholderia sp. NF100 | Cunninghamella elegans ATCC 36112,"Redownload real PDFs for DOI/title leads, then rerun readability audit and pathway screening.","Import only if the paper reports a substrate-to-product/intermediate transformation, reaction/enzyme/gene evidence, and organism/source context.",checked,True,green,,https://www.ncbi.nlm.nih.gov/pmc/articles/92054,repository,,no_pdf_url,
3,Folpet,Placeholder files - redownload PDFs by DOI/title,10.1155/2014/863094,https://doi.org/10.1155/2014/863094,https://scholar.google.com/scholar?q=10.1155/2014/863094,/Volumes/WENTBROKE/Pesticide degradation database/pesticidepdf/Folpet,Folpet_10.1155_2014_863094.pdf,3,0,,Hydrolases,Bacillus subtilis C5 | Gongronella sp. (isolate CCMI 1100) | Rhizopus stolonifer (isolate CCMI 1104),"Redownload real PDFs for DOI/title leads, then rerun readability audit and pathway screening.","Import only if the paper reports a substrate-to-product/intermediate transformation, reaction/enzyme/gene evidence, and organism/source context.",checked,True,hybrid,https://downloads.hindawi.com/journals/bmri/2014/863094.pdf,https://downloads.hindawi.com/journals/bmri/2014/863094.pdf,publisher,cc-by,"download_error: <urlopen error [Errno 8] nodename nor servname provided, or not known>",
3,Imazethapyr,Placeholder files - redownload PDFs by DOI/title,10.1007/s00284-009-9442-7,https://doi.org/10.1007/s00284-009-9442-7,https://scholar.google.com/scholar?q=10.1007/s00284-009-9442-7,/Volumes/WENTBROKE/Pesticide degradation database/pesticidepdf/Imazethapyr,Imazethapyr_10.1007_s00284-009-9442-7.pdf,3,0,,,Bacillus marcorestinctum strain YN1 | Pseudomonas sp. IM-4 | Rhizobium sp. strain IM9601,"Redownload real PDFs for DOI/title leads, then rerun readability audit and pathway screening.","Import only if the paper reports a substrate-to-product/intermediate transformation, reaction/enzyme/gene evidence, and organism/source context.",checked,False,closed,,,,,not_attempted,
3,Imazethapyr,Placeholder files - redownload PDFs by DOI/title,10.1007/s00284-023-03533-4,https://doi.org/10.1007/s00284-023-03533-4,https://scholar.google.com/scholar?q=10.1007/s00284-023-03533-4,/Volumes/WENTBROKE/Pesticide degradation database/pesticidepdf/Imazethapyr,Imazethapyr_10.1007_s00284-023-03533-4.pdf,3,0,,,Bacillus marcorestinctum strain YN1 | Pseudomonas sp. IM-4 | Rhizobium sp. strain IM9601,"Redownload real PDFs for DOI/title leads, then rerun readability audit and pathway screening.","Import only if the paper reports a substrate-to-product/intermediate transformation, reaction/enzyme/gene evidence, and organism/source context.",checked,True,hybrid,https://link.springer.com/content/pdf/10.1007/s00284-023-03533-4.pdf,https://link.springer.com/content/pdf/10.1007/s00284-023-03533-4.pdf,publisher,cc-by,downloaded_open_access_pdf,/Users/nana/Desktop/PepDB/PepDatabase/curation_outputs/pathway_open_access_all_remaining_20260709/downloaded_open_access_pdfs/Imazethapyr/Imazethapyr_10.1007_s00284-023-03533-4.pdf
3,Imazethapyr,Placeholder files - redownload PDFs by DOI/title,10.1016/j.chemosphere.2024.141178,https://doi.org/10.1016/j.chemosphere.2024.141178,https://scholar.google.com/scholar?q=10.1016/j.chemosphere.2024.141178,/Volumes/WENTBROKE/Pesticide degradation database/pesticidepdf/Imazethapyr,Imazethapyr_10.1016_j.chemosphere.2024.141178.pdf,3,0,,,Bacillus marcorestinctum strain YN1 | Pseudomonas sp. IM-4 | Rhizobium sp. strain IM9601,"Redownload real PDFs for DOI/title leads, then rerun readability audit and pathway screening.","Import only if the paper reports a substrate-to-product/intermediate transformation, reaction/enzyme/gene evidence, and organism/source context.",checked,False,closed,,,,,not_attempted,
3,Prothioconazole,Placeholder files - redownload PDFs by DOI/title,10.1016/j.ecoenv.2020.111203,https://doi.org/10.1016/j.ecoenv.2020.111203,https://scholar.google.com/scholar?q=10.1016/j.ecoenv.2020.111203,/Volumes/WENTBROKE/Pesticide degradation database/pesticidepdf/Prothioconazole,Prothioconazole_10.1016_j.ecoenv.2020.111203.pdf,3,0,,,Candida tropicalis strain W123 | Enterobacter cloacae strain Y2625 | Pseudomonas aeruginosa strain W313,"Redownload real PDFs for DOI/title leads, then rerun readability audit and pathway screening.","Import only if the paper reports a substrate-to-product/intermediate transformation, reaction/enzyme/gene evidence, and organism/source context.",checked,True,hybrid,,https://doi.org/10.1016/j.ecoenv.2020.111203,publisher,cc-by-nc-nd,no_pdf_url,
3,Bentazone,Placeholder files - redownload PDFs by DOI/title,10.1016/j.jhazmat.2020.124476,https://doi.org/10.1016/j.jhazmat.2020.124476,https://scholar.google.com/scholar?q=10.1016/j.jhazmat.2020.124476,/Volumes/WENTBROKE/Pesticide degradation database/pesticidepdf/Bentazone,Bentazone_10.1016_j.jhazmat.2020.124476.pdf,2,0,,Peroxidases | P450,Trametes versicolor,"Redownload real PDFs for DOI/title leads, then rerun readability audit and pathway screening.","Import only if the paper reports a substrate-to-product/intermediate transformation, reaction/enzyme/gene evidence, and organism/source context.",checked,True,green,https://arxiv.org/pdf/2011.11738,https://arxiv.org/pdf/2011.11738,repository,,downloaded_open_access_pdf,/Users/nana/Desktop/PepDB/PepDatabase/curation_outputs/pathway_open_access_all_remaining_20260709/downloaded_open_access_pdfs/Bentazone/Bentazone_10.1016_j.jhazmat.2020.124476.pdf
3,Chlorantraniliprole,Placeholder files - redownload PDFs by DOI/title,10.1016/j.pestbp.2024.106060,https://doi.org/10.1016/j.pestbp.2024.106060,https://scholar.google.com/scholar?q=10.1016/j.pestbp.2024.106060,/Volumes/WENTBROKE/Pesticide degradation database/pesticidepdf/Chlorantraniliprole,Chlorantraniliprole_10.1016_j.pestbp.2024.106060.pdf,2,0,,Amidases,Enterococcus mundtii E14 | Pseudomonas sp. GW13,"Redownload real PDFs for DOI/title leads, then rerun readability audit and pathway screening.","Import only if the paper reports a substrate-to-product/intermediate transformation, reaction/enzyme/gene evidence, and organism/source context.",checked,False,closed,,,,,not_attempted,
3,Chlorantraniliprole,Placeholder files - redownload PDFs by DOI/title,10.3390/bioengineering6040106,https://doi.org/10.3390/bioengineering6040106,https://scholar.google.com/scholar?q=10.3390/bioengineering6040106,/Volumes/WENTBROKE/Pesticide degradation database/pesticidepdf/Chlorantraniliprole,Chlorantraniliprole_10.3390_bioengineering6040106.pdf,2,0,,Amidases,Enterococcus mundtii E14 | Pseudomonas sp. GW13,"Redownload real PDFs for DOI/title leads, then rerun readability audit and pathway screening.","Import only if the paper reports a substrate-to-product/intermediate transformation, reaction/enzyme/gene evidence, and organism/source context.",checked,True,gold,https://www.mdpi.com/2306-5354/6/4/106/pdf?version=1576486967,https://www.mdpi.com/2306-5354/6/4/106/pdf?version=1576486967,publisher,cc-by,"download_error: <urlopen error [Errno 8] nodename nor servname provided, or not known>",
3,Dicofol,Placeholder files - redownload PDFs by DOI/title,10.1016/j.jes.2014.12.023,https://doi.org/10.1016/j.jes.2014.12.023,https://scholar.google.com/scholar?q=10.1016/j.jes.2014.12.023,/Volumes/WENTBROKE/Pesticide degradation database/pesticidepdf/Dicofol,Dicofol_10.1016_j.jes.2014.12.023.pdf,2,0,,Hydrolases,Trichoderma longbrachiatum,"Redownload real PDFs for DOI/title leads, then rerun readability audit and pathway screening.","Import only if the paper reports a substrate-to-product/intermediate transformation, reaction/enzyme/gene evidence, and organism/source context.",checked,False,closed,,,,,not_attempted,
3,Dicofol,Placeholder files - redownload PDFs by DOI/title,10.1016/j.jes.2015.03.015,https://doi.org/10.1016/j.jes.2015.03.015,https://scholar.google.com/scholar?q=10.1016/j.jes.2015.03.015,/Volumes/WENTBROKE/Pesticide degradation database/pesticidepdf/Dicofol,Dicofol_10.1016_j.jes.2015.03.015.pdf,2,0,,Hydrolases,Trichoderma longbrachiatum,"Redownload real PDFs for DOI/title leads, then rerun readability audit and pathway screening.","Import only if the paper reports a substrate-to-product/intermediate transformation, reaction/enzyme/gene evidence, and organism/source context.",checked,False,closed,,,,,not_attempted,
3,Ethion,Placeholder files - redownload PDFs by DOI/title,10.1016/j.femsle.2004.09.010,https://doi.org/10.1016/j.femsle.2004.09.010,https://scholar.google.com/scholar?q=10.1016/j.femsle.2004.09.010,/Volumes/WENTBROKE/Pesticide degradation database/pesticidepdf/Ethion,Ethion_10.1016_j.femsle.2004.09.010.pdf,2,0,,,Azospirillum species | Pseudomonas species,"Redownload real PDFs for DOI/title leads, then rerun readability audit and pathway screening.","Import only if the paper reports a substrate-to-product/intermediate transformation, reaction/enzyme/gene evidence, and organism/source context.",checked,False,closed,,,,,not_attempted,
3,Azinphos-Methyl,Placeholder files - redownload PDFs by DOI/title,10.1021/jf00121a026,https://doi.org/10.1021/jf00121a026,https://scholar.google.com/scholar?q=10.1021/jf00121a026,/Volumes/WENTBROKE/Pesticide degradation database/pesticidepdf/Azinphos-Methyl,Azinphos-Methyl_10.1021_jf00121a026.pdf,1,0,,,Pseudomonas fluorescens DSM 1976,"Redownload real PDFs for DOI/title leads, then rerun readability audit and pathway screening.","Import only if the paper reports a substrate-to-product/intermediate transformation, reaction/enzyme/gene evidence, and organism/source context.",checked,False,closed,,,,,not_attempted,
3,Captan,Placeholder files - redownload PDFs by DOI/title,10.1021/jf1030339,https://doi.org/10.1021/jf1030339,https://scholar.google.com/scholar?q=10.1021/jf1030339,/Volumes/WENTBROKE/Pesticide degradation database/pesticidepdf/Captan,Captan_10.1021_jf1030339.pdf,1,0,,,Bacillus circulans,"Redownload real PDFs for DOI/title leads, then rerun readability audit and pathway screening.","Import only if the paper reports a substrate-to-product/intermediate transformation, reaction/enzyme/gene evidence, and organism/source context.",checked,False,closed,,,,,not_attempted,
3,Carbosulfan,No local readable file - literature search needed,10.1007/s10532-020-09899-7,https://doi.org/10.1007/s10532-020-09899-7,https://scholar.google.com/scholar?q=10.1007/s10532-020-09899-7,/Volumes/WENTBROKE/Pesticide degradation database/pesticidepdf/Carbosulfan,Carbosulfan_10.1007_s10532-020-09899-7.pdf,1,0,,Phosphatases,Bacillus licheniformis strain B-1,"Use database DOI leads first; obtain full text and extract substrate, product/intermediate, reaction, enzyme/gene, organism, DOI, and evidence wording.","Import only if the paper reports a substrate-to-product/intermediate transformation, reaction/enzyme/gene evidence, and organism/source context.",checked,False,closed,,,,,not_attempted,
3,Cyprodinil,Placeholder files - redownload PDFs by DOI/title,10.1016/j.micpath.2018.11.016,https://doi.org/10.1016/j.micpath.2018.11.016,https://scholar.google.com/scholar?q=10.1016/j.micpath.2018.11.016,/Volumes/WENTBROKE/Pesticide degradation database/pesticidepdf/Cyprodinil,Cyprodinil_10.1016_j.micpath.2018.11.016.pdf,1,0,"frmA, ADH5, adhC, catA",P450,Acinetobacter johnsonii LXL_C1,"Redownload real PDFs for DOI/title leads, then rerun readability audit and pathway screening.","Import only if the paper reports a substrate-to-product/intermediate transformation, reaction/enzyme/gene evidence, and organism/source context.",checked,False,closed,,,,,not_attempted,
3,Dimethomorph,Placeholder files - redownload PDFs by DOI/title,10.1016/j.jhazmat.2020.122806,https://doi.org/10.1016/j.jhazmat.2020.122806,https://scholar.google.com/scholar?q=10.1016/j.jhazmat.2020.122806,/Volumes/WENTBROKE/Pesticide degradation database/pesticidepdf/Dimethomorph,Dimethomorph_10.1016_j.jhazmat.2020.122806.pdf,1,0,,,Bacillus cereus WL08,"Redownload real PDFs for DOI/title leads, then rerun readability audit and pathway screening.","Import only if the paper reports a substrate-to-product/intermediate transformation, reaction/enzyme/gene evidence, and organism/source context.",checked,False,closed,,,,,not_attempted,
3,Diquat,Placeholder files - redownload PDFs by DOI/title,10.3389/fmicb.2022.993721,https://doi.org/10.3389/fmicb.2022.993721,https://scholar.google.com/scholar?q=10.3389/fmicb.2022.993721,/Volumes/WENTBROKE/Pesticide degradation database/pesticidepdf/Diquat,Diquat_10.3389_fmicb.2022.993721.pdf,1,0,DN676,,Meyerozyma guilliermondii strain Wyslmt,"Redownload real PDFs for DOI/title leads, then rerun readability audit and pathway screening.","Import only if the paper reports a substrate-to-product/intermediate transformation, reaction/enzyme/gene evidence, and organism/source context.",checked,True,gold,,https://doi.org/10.3389/fmicb.2022.993721,publisher,cc-by,no_pdf_url,
3,Emamectin benzoate,Placeholder files - redownload PDFs by DOI/title,10.1007/s10532-020-09909-8,https://doi.org/10.1007/s10532-020-09909-8,https://scholar.google.com/scholar?q=10.1007/s10532-020-09909-8,/Volumes/WENTBROKE/Pesticide degradation database/pesticidepdf/Emamectin benzoate,Emamectin_benzoate_10.1007_s10532-020-09909-8.pdf,1,0,,,"Aeromonas taiwanensis ZJB-18,044","Redownload real PDFs for DOI/title leads, then rerun readability audit and pathway screening.","Import only if the paper reports a substrate-to-product/intermediate transformation, reaction/enzyme/gene evidence, and organism/source context.",checked,True,bronze,https://link.springer.com/content/pdf/10.1007/s10532-020-09909-8.pdf,https://link.springer.com/content/pdf/10.1007/s10532-020-09909-8.pdf,publisher,,downloaded_content_not_pdf,
3,Pyrimethanil,Placeholder files - redownload PDFs by DOI/title,10.1007/s10532-025-10144-2,https://doi.org/10.1007/s10532-025-10144-2,https://scholar.google.com/scholar?q=10.1007/s10532-025-10144-2,/Volumes/WENTBROKE/Pesticide degradation database/pesticidepdf/Pyrimethanil,Pyrimethanil_10.1007_s10532-025-10144-2.pdf,1,0,,,Serratia sarumanii SBS19,"Redownload real PDFs for DOI/title leads, then rerun readability audit and pathway screening.","Import only if the paper reports a substrate-to-product/intermediate transformation, reaction/enzyme/gene evidence, and organism/source context.",checked,True,hybrid,https://link.springer.com/content/pdf/10.1007/s10532-025-10144-2.pdf,https://link.springer.com/content/pdf/10.1007/s10532-025-10144-2.pdf,publisher,cc-by,downloaded_open_access_pdf,/Users/nana/Desktop/PepDB/PepDatabase/curation_outputs/pathway_open_access_all_remaining_20260709/downloaded_open_access_pdfs/Pyrimethanil/Pyrimethanil_10.1007_s10532-025-10144-2.pdf
4,Propamocarb,Screened readable files - needs different product paper,10.1016/j.ecoenv.2018.10.093,https://doi.org/10.1016/j.ecoenv.2018.10.093,https://scholar.google.com/scholar?q=10.1016/j.ecoenv.2018.10.093,/Volumes/WENTBROKE/Pesticide degradation database/pesticidepdf/Propamocarb,Propamocarb_10.1016_j.ecoenv.2018.10.093.pdf,1,0,,,Paenibacillus polymyxa,Search for a different paper that reports named microbial products/intermediates; current readable files are not enough for pathway arrows.,"Import only if the paper reports a substrate-to-product/intermediate transformation, reaction/enzyme/gene evidence, and organism/source context.",checked,False,closed,,,,,not_attempted,
3,Haloxyfop,Placeholder files - redownload PDFs by DOI/title,10.1016/j.scitotenv.2024.178012,https://doi.org/10.1016/j.scitotenv.2024.178012,https://scholar.google.com/scholar?q=10.1016/j.scitotenv.2024.178012,/Volumes/WENTBROKE/Pesticide degradation database/pesticidepdf/Haloxyfop,Haloxyfop_10.1016_j.scitotenv.2024.178012.pdf,1,0,,,Myrothecium verrucaria,"Redownload real PDFs for DOI/title leads, then rerun readability audit and pathway screening.","Import only if the paper reports a substrate-to-product/intermediate transformation, reaction/enzyme/gene evidence, and organism/source context.",checked,False,closed,,,,,not_attempted,
3,Heptachlor,Placeholder files - redownload PDFs by DOI/title,10.2166/wst.2018.127,https://doi.org/10.2166/wst.2018.127,https://scholar.google.com/scholar?q=10.2166/wst.2018.127,/Volumes/WENTBROKE/Pesticide degradation database/pesticidepdf/Heptachlor,Heptachlor_10.2166_wst.2018.127.pdf,1,0,,,Shigella sp.,"Redownload real PDFs for DOI/title leads, then rerun readability audit and pathway screening.","Import only if the paper reports a substrate-to-product/intermediate transformation, reaction/enzyme/gene evidence, and organism/source context.",checked,True,bronze,https://iwaponline.com/wst/article-pdf/77/8/2113/214812/wst077082113.pdf,https://iwaponline.com/wst/article-pdf/77/8/2113/214812/wst077082113.pdf,publisher,,"download_error: <urlopen error [Errno 8] nodename nor servname provided, or not known>",
3,Indoxacarb,Placeholder files - redownload PDFs by DOI/title,10.1016/j.bjm.2016.01.012,https://doi.org/10.1016/j.bjm.2016.01.012,https://scholar.google.com/scholar?q=10.1016/j.bjm.2016.01.012,/Volumes/WENTBROKE/Pesticide degradation database/pesticidepdf/Indoxacarb,Indoxacarb_10.1016_j.bjm.2016.01.012.pdf,1,0,,Hydrolases,Bacillus cereus,"Redownload real PDFs for DOI/title leads, then rerun readability audit and pathway screening.","Import only if the paper reports a substrate-to-product/intermediate transformation, reaction/enzyme/gene evidence, and organism/source context.",checked,True,hybrid,,https://doi.org/10.1016/j.bjm.2016.01.012,publisher,cc-by-nc-nd,no_pdf_url,
3,Propoxur,No local readable file - literature search needed,10.1080/03601239209372800,https://doi.org/10.1080/03601239209372800,https://scholar.google.com/scholar?q=10.1080/03601239209372800,/Volumes/WENTBROKE/Pesticide degradation database/pesticidepdf/Propoxur,Propoxur_10.1080_03601239209372800.pdf,1,0,,,Arthrobacter sp.,"Use database DOI leads first; obtain full text and extract substrate, product/intermediate, reaction, enzyme/gene, organism, DOI, and evidence wording.","Import only if the paper reports a substrate-to-product/intermediate transformation, reaction/enzyme/gene evidence, and organism/source context.",checked,False,closed,,,,,not_attempted,
3,Thiabendazole,Placeholder files - redownload PDFs by DOI/title,10.1007/s00253-017-8128-5,https://doi.org/10.1007/s00253-017-8128-5,https://scholar.google.com/scholar?q=10.1007/s00253-017-8128-5,/Volumes/WENTBROKE/Pesticide degradation database/pesticidepdf/Thiabendazole,Thiabendazole_10.1007_s00253-017-8128-5.pdf,1,0,,,Sphingomonas phylotype (B13),"Redownload real PDFs for DOI/title leads, then rerun readability audit and pathway screening.","Import only if the paper reports a substrate-to-product/intermediate transformation, reaction/enzyme/gene evidence, and organism/source context.",checked,False,closed,,,,,not_attempted,
4,Acibenzolar-S-methyl,Screened readable files - needs different product paper,10.1007/s10532-011-9509-6,https://doi.org/10.1007/s10532-011-9509-6,https://scholar.google.com/scholar?q=10.1007/s10532-011-9509-6,/Volumes/WENTBROKE/Pesticide degradation database/pesticidepdf/Acibenzolar-S-methyl,Acibenzolar-S-methyl_10.1007_s10532-011-9509-6.pdf,4,0,,,Bacillus amyloliquefaciens IN937a | Bacillus pumilus SE34 | Bacillus subtilis FZB24 | Bacillus subtilis GB03,Search for a different paper that reports named microbial products/intermediates; current readable files are not enough for pathway arrows.,"Import only if the paper reports a substrate-to-product/intermediate transformation, reaction/enzyme/gene evidence, and organism/source context.",checked,False,closed,,,,,not_attempted,
4,Imazamox,Screened readable files - needs different product paper,10.1080/03601234.2022.2064673,https://doi.org/10.1080/03601234.2022.2064673,https://scholar.google.com/scholar?q=10.1080/03601234.2022.2064673,/Volumes/WENTBROKE/Pesticide degradation database/pesticidepdf/Imazamox,Imazamox_10.1080_03601234.2022.2064673.pdf,2,0,,,Streptomycetaceae strains JX02 | Streptomycetaceae strains JX06,Search for a different paper that reports named microbial products/intermediates; current readable files are not enough for pathway arrows.,"Import only if the paper reports a substrate-to-product/intermediate transformation, reaction/enzyme/gene evidence, and organism/source context.",checked,False,closed,,,,,not_attempted,
4,Penthiopyrad,Screened readable files - needs different product paper,10.3390/molecules25061421,https://doi.org/10.3390/molecules25061421,https://scholar.google.com/scholar?q=10.3390/molecules25061421,/Volumes/WENTBROKE/Pesticide degradation database/pesticidepdf/Penthiopyrad,Penthiopyrad_10.3390_molecules25061421.pdf,2,0,,,Bacillus subtilis PCM 486 | Trichoderma harzianum KKP 534,Search for a different paper that reports named microbial products/intermediates; current readable files are not enough for pathway arrows.,"Import only if the paper reports a substrate-to-product/intermediate transformation, reaction/enzyme/gene evidence, and organism/source context.",checked,True,gold,https://www.mdpi.com/1420-3049/25/6/1421/pdf?version=1584706544,https://www.mdpi.com/1420-3049/25/6/1421/pdf?version=1584706544,publisher,cc-by,"download_error: <urlopen error [Errno 8] nodename nor servname provided, or not known>",
4,Propargite,Screened readable files - needs different product paper,10.1016/j.jhazmat.2009.09.050,https://doi.org/10.1016/j.jhazmat.2009.09.050,https://scholar.google.com/scholar?q=10.1016/j.jhazmat.2009.09.050,/Volumes/WENTBROKE/Pesticide degradation database/pesticidepdf/Propargite,Propargite_10.1016_j.jhazmat.2009.09.050.pdf,2,0,,,Pseudomonas putida SPR 13 | Pseudomonas putida SPR 8,Search for a different paper that reports named microbial products/intermediates; current readable files are not enough for pathway arrows.,"Import only if the paper reports a substrate-to-product/intermediate transformation, reaction/enzyme/gene evidence, and organism/source context.",checked,False,closed,,,,,not_attempted,
4,Fluxapyroxad,Screened readable files - needs different product paper,10.1038/s41598-020-78177-6,https://doi.org/10.1038/s41598-020-78177-6,https://scholar.google.com/scholar?q=10.1038/s41598-020-78177-6,/Volumes/WENTBROKE/Pesticide degradation database/pesticidepdf/Fluxapyroxad,Fluxapyroxad_10.1038_s41598-020-78177-6.pdf,1,0,,,Saccharomyces cerevisiae,Search for a different paper that reports named microbial products/intermediates; current readable files are not enough for pathway arrows.,"Import only if the paper reports a substrate-to-product/intermediate transformation, reaction/enzyme/gene evidence, and organism/source context.",checked,True,gold,https://www.nature.com/articles/s41598-020-78177-6.pdf,https://www.nature.com/articles/s41598-020-78177-6.pdf,publisher,cc-by,downloaded_open_access_pdf,/Users/nana/Desktop/PepDB/PepDatabase/curation_outputs/pathway_open_access_all_remaining_20260709/downloaded_open_access_pdfs/Fluxapyroxad/Fluxapyroxad_10.1038_s41598-020-78177-6.pdf
2,Phosphonic acid,Placeholder files - redownload PDFs by DOI/title,10.1007/BF02816226,https://doi.org/10.1007/BF02816226,https://scholar.google.com/scholar?q=10.1007/BF02816226,/Volumes/WENTBROKE/Pesticide degradation database/pesticidepdf/Phosphonic acid,Phosphonic_acid_10.1007_BF02816226.pdf,14,4,"TmpA, TmpB. | phnC–phnP | phn operon | PhnC, PhnD,PhnE, PhnG, PhnH, PhnI, PhnJ, PhnK, PhnL, and PhnM | phnW, phnA, and phnY | Not available",Lyases | Phosphatases | Hydrolases | Dioxygenases | Oxidoreductases | Phosphatase | C–P lyase,Arthrobacter atrocyaneus ATCC 13752 | Aspergillus flavus | Aspergillus sydowii | Enzyme stydy | Escherichia coli | Fusarium culmorum (DSMZ 1094) | Fusarium oxysporum (DSMZ 2018) | Ochrobactrum sp. BTU1 | +2 more,"Redownload real PDFs for DOI/title leads, then rerun readability audit and pathway screening.","Import only if the paper reports a substrate-to-product/intermediate transformation, reaction/enzyme/gene evidence, and organism/source context.",checked,False,closed,,,,,not_attempted,
2,Metalaxyl,Placeholder files - redownload PDFs by DOI/title,10.1007/s00244-013-9877-5,https://doi.org/10.1007/s00244-013-9877-5,https://scholar.google.com/scholar?q=10.1007/s00244-013-9877-5,/Volumes/WENTBROKE/Pesticide degradation database/pesticidepdf/Metalaxyl,Metalaxyl_10.1007_s00244-013-9877-5.pdf,10,0,,,Brevibacillus brevis | Candida tropicalis | Gongronella sp. | Mycelium sterila 1 | Penicillium sp. 1 | Penicillium sp. 2 | Rhizopus oryzae | Rhizopus stolonifer | +1 more,"Redownload real PDFs for DOI/title leads, then rerun readability audit and pathway screening.","Import only if the paper reports a substrate-to-product/intermediate transformation, reaction/enzyme/gene evidence, and organism/source context.",checked,True,green,,http://hdl.handle.net/10174/9791,repository,other-oa,no_pdf_url,
3,Ethoprophos,Placeholder files - redownload PDFs by DOI/title,10.1016/j.femsec.2005.01.012,https://doi.org/10.1016/j.femsec.2005.01.012,https://scholar.google.com/scholar?q=10.1016/j.femsec.2005.01.012,/Volumes/WENTBROKE/Pesticide degradation database/pesticidepdf/Ethoprophos,Ethoprophos_10.1016_j.femsec.2005.01.012.pdf,4,0,,,Flavobacterium sp. | Pseudomonas putida epI | Pseudomonas putida epII | Sphingomonas paucimobilis,"Redownload real PDFs for DOI/title leads, then rerun readability audit and pathway screening.","Import only if the paper reports a substrate-to-product/intermediate transformation, reaction/enzyme/gene evidence, and organism/source context.",checked,True,bronze,https://academic.oup.com/femsec/article-pdf/53/3/369/18099965/53-3-369.pdf,https://academic.oup.com/femsec/article-pdf/53/3/369/18099965/53-3-369.pdf,publisher,,"download_error: <urlopen error [Errno 8] nodename nor servname provided, or not known>",
3,Fenhexamid,Placeholder files - redownload PDFs by DOI/title,10.1007/s10532-025-10144-2,https://doi.org/10.1007/s10532-025-10144-2,https://scholar.google.com/scholar?q=10.1007/s10532-025-10144-2,/Volumes/WENTBROKE/Pesticide degradation database/pesticidepdf/Fenhexamid,Fenhexamid_10.1007_s10532-025-10144-2.pdf,1,0,,,Serratia sarumanii strain GBS19,"Redownload real PDFs for DOI/title leads, then rerun readability audit and pathway screening.","Import only if the paper reports a substrate-to-product/intermediate transformation, reaction/enzyme/gene evidence, and organism/source context.",checked,True,hybrid,https://link.springer.com/content/pdf/10.1007/s10532-025-10144-2.pdf,https://link.springer.com/content/pdf/10.1007/s10532-025-10144-2.pdf,publisher,cc-by,downloaded_open_access_pdf,/Users/nana/Desktop/PepDB/PepDatabase/curation_outputs/pathway_open_access_all_remaining_20260709/downloaded_open_access_pdfs/Pyrimethanil/Pyrimethanil_10.1007_s10532-025-10144-2.pdf
3,Fluazinam,Placeholder files - redownload PDFs by DOI/title,10.1016/j.ecoenv.2018.10.093,https://doi.org/10.1016/j.ecoenv.2018.10.093,https://scholar.google.com/scholar?q=10.1016/j.ecoenv.2018.10.093,/Volumes/WENTBROKE/Pesticide degradation database/pesticidepdf/Fluazinam,Fluazinam_10.1016_j.ecoenv.2018.10.093.pdf,1,0,,,Paenibacillus polymyxa,"Redownload real PDFs for DOI/title leads, then rerun readability audit and pathway screening.","Import only if the paper reports a substrate-to-product/intermediate transformation, reaction/enzyme/gene evidence, and organism/source context.",checked,False,closed,,,,,not_attempted,
