pesticide,pdf_file,probable_title,doi_candidates,year_candidates,candidate_microorganisms_or_strains,biodegradation_term_hits,molecular_term_hits,pathway_term_hits,automated_evidence_signal,review_decision,review_notes,curation_folder,pesticide_mentions,pesticide_degradation_contexts,microbial_contexts_near_pesticide,gene_enzyme_contexts_near_pesticide,abiotic_or_irrelevant_flags,title_has_pesticide,title_has_degradation_term,best_pesticide_context,review_score,review_priority,recommended_review_action,likely_database_use
Trifloxystrobin,Modification of the existing maximum residue levels and setting of import tolerances for trifloxystrobin in various crops (2).pdf,Evaluation of Chronic Dietary Risk of Trifloxystrobin and,10.3390/foods14101745; 10.3390/foods14101745/s1,2022; 2023; 2024; 2025,,34,4,60,candidate_gene/enzyme_plus_pathway,,,/Volumes/WENTBROKE/Pesticide degradation database/pesticidepdf/Trifloxystrobin/PesticideDB_curation_Trifloxystrobin_20260707,126,18,9,8,0,1,0,"103%) throughout four spiking levels (0.01, 0.1, 0.3, and 1 mg/kg), with relative stan dard deviations (RSD) ≤ 4.8%. At 3 days after treatment, the residues of trifloxystrobin (including trifloxystrobin acid), bupirimate, and ethirimol in cucumbers were found to range from <0.01 to 0.013 mg/kg, <0.01 to 0.076 mg/kg, and <0.01 to 0.04 mg/kg, respec tively. A chronic dietary risk assessment was conducted using a probabilistic model. The results showed an acceptable chronic risk (RQc ≤ 2.476%) for trifloxystrobin, bupirimate, and ethirimol across different sexes and ages, supporting the conclusion that the use of these fungicides in cucumber cultivation under the tested conditions was safe for Chinese consumers. More research was needed on children because they are at higher risk than other groups. Keywords: trifloxystrobin; bupirimate; metabolite; residue; dietary risk assessment Academic",264,High,Review first: likely useful for pathway/protein evidence extraction.,Pesticide-specific microbial degradation candidate
Glufosinate-Ammonium,"Accumulation, metabolites formation and elimination behavior of rac-glufosinate-ammonium and glufosinate-P in zebrafish (Danio rerio)..pdf",Food Chemistry: X 15 (2022) 100383,10.1002/etc.5620170713; 10.1007/978-1; 10.1007/978-1-4612-2672-7_4; 10.1007/s00216-008,2018; 2019; 2020; 2022,,49,5,43,candidate_gene/enzyme_plus_pathway,,,/Volumes/WENTBROKE/Pesticide degradation database/pesticidepdf/Glufosinate-Ammonium/PesticideDB_curation_Glufosinate_Ammonium_20260707,104,24,8,8,0,0,0,"Food Chemistry: X 15 (2022) 100383 Contents lists available at ScienceDirect Food Chemistry: X journal homepage: www.sciencedirect.com/journal/food-chemistry-x Accumulation, metabolites formation and elimination behavior of rac-glufosinate-ammonium and glufosinate-P in zebrafish (Danio rerio) Fei Wang , Qiao Lin , Xueqin Shi , Yunfang Li , Pengyu Deng , Yuping Zhang *, Deyu Hu * State Key Laboratory Breeding Base of Green Pesticide and Agricultural Bioengineering, Key Laboratory of Green Pesticide and Agricultural Bioengineering, Ministry of Education, Guizhou University, Guiyang 550025, PR China A R T I C L E I N F O A B S T R A C T Keywords: An efficient trace detection method for the determination of residues of the glufosinate enantio",255,High,Review first: likely useful for pathway/protein evidence extraction.,Pesticide-specific microbial degradation candidate
Glufosinate-Ammonium,Comparing toxicity and biodegradation of racemic glufosinate and L-glufosinate in green algae Scenedesmus obliquus..pdf,Science of the Total Environment 823 (2022) 153791,10.1002/chir.22018; 10.1002/etc; 10.1002/etc.2613; 10.1002/ps,2019; 2020; 2021; 2022,,91,37,48,candidate_gene/enzyme_plus_pathway,,,/Volumes/WENTBROKE/Pesticide degradation database/pesticidepdf/Glufosinate-Ammonium/PesticideDB_curation_Glufosinate_Ammonium_20260707,166,31,26,19,0,0,0,"ww.elsevier.com/locate/scitotenv Comparing toxicity and biodegradation of racemic glufosinate and L-glufosinate in green algae Scenedesmus obliquus Xiurou Meng, Fei Wang, Yunfang Li, Pengyu Deng, Deyu Hu, Yuping Zhang ⁎ State Key Laboratory Breeding Base of Green Pesticide and Agricultural Bioengineering, Key Laboratory of Green Pesticide and Agricultural Bioengineering, Ministry of Education, Guizhou University, Guiyang 550025, PR China H I G H L I G H T S G R A P H I C A L A B S T R A C T • L-glufosinate-ammonium was more toxic to S. obliquus than rac-glufosinate-ammo nium. • Rac-glufosinate and L-glufosinate had dif ferent effects on the toxicity of S. obliquus. • A residual analysis method for glufosinate enantiomers and their metabolites in S. obliquus system was established. • S. obliquus could promote the degradation of glufosinate-ammonium. • NAG was the main metabolite in the al",255,High,Review first: likely useful for pathway/protein evidence extraction.,Pesticide-specific microbial degradation candidate
Mandipropamid,Indigenous functional microbial degradation of the chiral fungicide mandipropamid in repeatedly treated soils Preferential changes in the R-enantiomer..pdf,Contents lists available at ScienceDirect,10.1016/j.jhazmat.2022.128961,2019; 2020; 2021; 2022,,91,99,20,candidate_gene/enzyme_plus_pathway,,,/Volumes/WENTBROKE/Pesticide degradation database/pesticidepdf/Mandipropamid/PesticideDB_curation_Mandipropamid_20260707,52,30,35,19,0,0,0,"Journal of Hazardous Materials 435 (2022) 128961 Contents lists available at ScienceDirect Journal of Hazardous Materials journal homepage: www.elsevier.com/locate/jhazmat Indigenous functional microbial degradation of the chiral fungicide mandipropamid in repeatedly treated soils: Preferential changes in the R-enantiomer Lingxi Han a, b, Yalei Liu a, Jiyun Nie a, b, Xiangwei You a, Yiqiang Li a, Xiuguo Wang a, *, Jun Wang c a Tobacco Research Institute of Chinese Academy of Agricultural Sciences (CAAS), Qingdao 266101, PR China b College of Horticulture, Qingdao Agricultural University/Laboratory of Quality & Safety Risk Assessment for Fruit (Qingdao), Ministry of Agriculture and Rural Affairs/ National Technology Centre for Whole Process Qua",255,High,Review first: likely useful for pathway/protein evidence extraction.,Pesticide-specific microbial degradation candidate
Pymetrozine,A novel hydrolase PyzH catalyses the cleavage of C=N double bond for pymetrozine degradation in Pseudomonas sp. BYT-1..pdf,"Environmental Microbiology (2021) 23(6), 3265–3273 doi:10.1111/1462-2920.15557",10.1111/1462-2920.15557,2018; 2019; 2021; 2025,AC100. Appl Environ Microbiol; BL21; BR60; BYT-1; BYT-1 and; BYT-1 and its derivative,63,122,40,candidate_gene/enzyme_plus_pathway,,,/Volumes/WENTBROKE/Pesticide degradation database/pesticidepdf/Pymetrozine/PesticideDB_curation_Pymetrozine_20260707,115,34,31,38,0,0,0,"Environmental Microbiology (2021) 23(6), 3265–3273 doi:10.1111/1462-2920.15557 A novel hydrolase PyzH catalyses the cleavage of C=N double bond for pymetrozine degradation in Pseudomonas sp. BYT-1 Mingliang Zhang, Yijun Ren, Shilong Du, moderately persistent compound (JMPR, 2014). FollowYidong Zhou, Wankui Jiang, Zhijian Ke, Mingli Jiang, ing its widespread use, pymetrozine has been detected Jiguo Qiu, Jian He and Qing Hong * in the environment, agricultural products and animals Key Laboratory of Agricultural Environmental (Badawy et al., 2015; Zhang et al., 2015). A single dose Microbiology, Ministry of Agriculture, College of Life of pymetrozine (0.",255,High,Review first: likely useful for pathway/protein evidence extraction.,Pesticide-specific microbial degradation candidate
Teflubenzuron,Transformation of the insecticide teflubenzuron by microorganisms..pdf,This article was downloaded by: [Dalhousie University],10.1081/PFC-100106185,2000; 2001; 2007; 2014,Bacillus brevis 625 incubated; was checked on its,43,7,35,candidate_gene/enzyme_plus_pathway,,,/Volumes/WENTBROKE/Pesticide degradation database/pesticidepdf/Teflubenzuron/PesticideDB_curation_Teflubenzuron_20260707,43,39,39,11,0,0,0,"ed by: [Dalhousie University] On: 13 July 2014, At: 21:29 Publisher: Taylor & Francis Informa Ltd Registered in England and Wales Registered Number: 1072954 Registered office: Mortimer House, 37-41 Mortimer Street, London W1T 3JH, UK Journal of Environmental Science and Health, Part B: Pesticides, Food Contaminants, and Agricultural Wastes Publication details, including instructions for authors and subscription information: http://www.tandfonline.com/loi/lesb20 TRANSFORMATION OF THE INSECTICIDE TEFLUBENZURON BY MICROORGANISMS a a b Zoja I. Finkelstein , Boris P. Baskunov , Ivonne M. C. M. Rietjens , Marelle G. b b c Boersma , Jacques Vervoort & Ludmila A. Golovleva a G.K. Skryabin Institute of Biochemistry and Physiology of Microorganisms , RAS, Pushchino, Moscow region, 142290, Russia b Laboratory of Biochemistry and Division of Toxicology , Wageningen University , Dreijenlaan 3, 6703,",255,High,Review first: likely useful for pathway/protein evidence extraction.,Pesticide-specific microbial degradation candidate
Thiamethoxam,Influence of the neonicotinoid insecticide thiamethoxam on soil bacterial community composition and metabolic function..pdf,Contents lists available at ScienceDirect,10.1016/j.jhazmat.2020.124275,2018; 2019; 2020; 2021,CPN 1. Biodegradation 19; RHA1. Appl. Environ. 616,64,105,17,candidate_gene/enzyme_plus_pathway,,,/Volumes/WENTBROKE/Pesticide degradation database/pesticidepdf/Thiamethoxam/PesticideDB_curation_Thiamethoxam_20260707,77,25,38,22,0,0,0,"gy, Institute of Cotton Research, Chinese Academy of Agricultural Sciences, Anyang, Henan 455000, China A R T I C L E I N F O A B S T R A C T Keywords: Understanding of neonicotinoid insecticides toxicity on non-target organisms, such as bees, has indirectly pro­ Bacteria moted their soil treatment use. However, their effect on soil ecosystems haven’t fully understood. Here, based on Degradation genes 16S rRNA high-throughput sequencing and metagenomics, the effects of neonicotinoid insecticide thiamethoxam Metagenomics on bacterial communities and metabolic functions in two types of soils were studied. Thiamethoxam treatment Neonicotinoid insecticides Soil significantly affected soil bacterial abundance, reduced microbial diversity, and changed the bacterial commu­ nity structure in the short term, and the structure soon returned to a stable state. Soil type and time were important fact",255,High,Review first: likely useful for pathway/protein evidence extraction.,Pesticide-specific microbial degradation candidate
Triazophos,"Cloning, expression and mutation of a triazophos hydrolase gene from Burkholderia sp. SZL-1..pdf","FEMS Microbiology Letters Advance Access published April 19, 2016",,2012; 2013; 2015; 2016,E6. Strain TPD-1 could; FLN-7 that hydrolyzes amide; G1 could degrade 34; GS-1 and its degrading; GS-1 could degrade 100; Klebsiella sp E6 effectively,50,71,33,candidate_gene/enzyme_plus_pathway,,,/Volumes/WENTBROKE/Pesticide degradation database/pesticidepdf/Triazophos/PesticideDB_curation_Triazophos_20260707,87,30,36,24,0,0,0,"cn Downloaded from http://femsle.oxfordjournals.org/ by guest on April 26, 2016 1 Abstract Triazophos is a broad-spectrum and highly effective insecticide, and the residues of triazophos have been frequently detected in the environment. A triazophos-degrading bacterium, Burkholderia sp. SZL-1, was isolated from a long-term triazophos-polluted soil. Strain SZL-1 could hydrolyze triazophos to 1-phenyl-3-hydroxy-1,2,4-triazole (PHT), which was further utilized as the carbon sources for growth. The triazophos hydrolase gene trhA, cloned from strain SZL-1, was expressed and homogenously purified using Ni-nitrilotriacetic acid affinity chromatography. TrhA is 55 kDa and displays maximum activity at 25℃, pH 8.0. This enzyme still has nearly 60% activity at the range of 15-50℃ for 30 min. TrhA was mutated by sequential error prone PCR and screened for improved activity for triazophos degradation",255,High,Review first: likely useful for pathway/protein evidence extraction.,Pesticide-specific microbial degradation candidate
Triazophos,Identification of the biochemical degradation pathway of triazophos and its intermediate in Diaphorobacter sp. TPD-1.pdf,Curr Microbiol (2011) 62:1294–1301,10.1007/s00284-010-9746-7; 10.1007/s00284-010-9859-z,2008; 2009; 2010; 2011,Diaphorobacter sp. TPD-1 was; Diaphorobacter triazophos or PHT; Dsp-2; During the triazophos biodegradation; E6; GS-1 and its degrading,121,11,63,candidate_gene/enzyme_plus_pathway,,,/Volumes/WENTBROKE/Pesticide degradation database/pesticidepdf/Triazophos/PesticideDB_curation_Triazophos_20260707,108,34,32,11,0,0,0,"Curr Microbiol (2011) 62:1294–1301 DOI 10.1007/s00284-010-9859-z Identification of the Biochemical Degradation Pathway of Triazophos and its Intermediate in Diaphorobacter sp. TPD-1 Chengli Yang • Rong Li • Yao Song • Kai Chen • Shunpeng Li • Jiandong Jiang Received: 2 November 2010 / Accepted: 16 December 2010 / Published online: 7 January 2011 Ó Springer Science+Business Media, LLC 2011 Abstract Triazophos is one of the most widely used Introduction organophosphorus insecticides usually detectable in the environment. A bacterial strain, Diaphorobacter sp. TPD-1, Organophosphorus insecticides (OPs) are frequently capable of",255,High,Review first: likely useful for pathway/protein evidence extraction.,Pesticide-specific microbial degradation candidate
Triazophos,"Isolation, identification and characterization of a novel triazophos-degrading Bacillus sp. (TAP-1)..pdf",Microbiological Research 167 (2012) 299–305,10.1016/j.micres.2011.10.004,2010; 2011; 2012; 2022,ANctcri1; B-5. J Biosci Bioeng; B230; Bacillus sp. TAP-1 was; Barik S; CCGE2286,111,65,18,candidate_gene/enzyme_plus_pathway,,,/Volumes/WENTBROKE/Pesticide degradation database/pesticidepdf/Triazophos/PesticideDB_curation_Triazophos_20260707,45,26,35,27,0,0,0,"ewage sludge in a wastewater treatReceived 13 June 2011 ing system of organophosphorus pesticide produced by Funong Group Co. in Jianou, Fujian, southeastern Received in revised form 22 October 2011 China. The isolate is a gram-positive and rod-shaped bacterium capable of hydrolyzing insecticide triAccepted 24 October 2011 azophos and was identiﬁed as a strain of Bacillus using polyphasic taxonomy combined with analysis of the morphological and physio-biochemical properties. TAP-1 could degrade triazophos through coKeywords: metabolism. When fed with nutrients such as yeast extract, peptone and glucose, TAP-1 could degrade Triazophos 98.5% of TAP in the medium (100 mg/l) within 5 days. The optimal pH and temperature for the degraDegradation Bacillus sp. dation were 6.5–8 and 32 ◦ C, respectively. An enzyme distribution experiment showed that the enzyme responsible for TAP degradation app",255,High,Review first: likely useful for pathway/protein evidence extraction.,Pesticide-specific microbial degradation candidate
Triazophos,Minute-Speed Biodegradation of Organophosphorus Insecticides by Cupriavidus nantongensis X1T.pdf,"Cite This: J. Agric. Food Chem. 2019, 67, 13558−13567 pubs.acs.org/JAFC",10.1021/acs.jafc.9b06157,2017; 2018; 2019; 2020,C2A1. J. Hazard; CNP-8; Dsp-2; HNM. J. Basic Microbiol; However; Stenotrophomonas sp. SMSP-1 and,265,89,76,candidate_gene/enzyme_plus_pathway,,,/Volumes/WENTBROKE/Pesticide degradation database/pesticidepdf/Triazophos/PesticideDB_curation_Triazophos_20260707,40,40,39,24,0,0,0,"States * S Supporting Information Downloaded via ORTA DOGU TEKNIK UNIV on July 12, 2020 at 17:17:00 (UTC). ABSTRACT: Organophosphorus insecticides (OPs) have been widely used to control agricultural pests, which has raised concerns about OP residues in crops and the environment. In this study, we investigated the degradation kinetics and pathways of 8 OPs by Cupriavidus nantongensis X1T and identiﬁed the enzyme via gene cloning and in vitro assays. The degradation half life of methyl parathion, triazophos, and phoxim was only 5, 9, and 43 min, respectively. It was 46 fold faster than that of triazophos by Bacillus sp. TAP-1, a well-studied triazophos-degrader. Strain X1T completely degraded not only chlorpyrifos, methyl parathion, parathion, fenitrothion, triazophos, and phoxim at 50 mg/L within 48 h but also the phenolic metabolites. This was the fastest degradation of OPs by bacterial",255,High,Review first: likely useful for pathway/protein evidence extraction.,Pesticide-specific microbial degradation candidate
Thiamethoxam,Reduced bacterial network complexity in agricultural soils after application of the neonicotinoid insecticide thiamethoxam..pdf,Environmental Pollution 274 (2021) 116540,10.1016/j.envpol.2021.116540,2018; 2019; 2020; 2021,Sphingo,30,20,2,candidate_gene/enzyme_plus_pathway,,,/Volumes/WENTBROKE/Pesticide degradation database/pesticidepdf/Thiamethoxam/PesticideDB_curation_Thiamethoxam_20260707,94,13,40,12,0,0,0,"nistry of Agriculture, Zhejiang University, Hangzhou, 310058, China c Key Laboratory of Biology of Crop Pathogens and Insects of Zhejiang Province, Zhejiang University, Hangzhou, 310058, China a r t i c l e i n f o a b s t r a c t Article history: Pesticides may alter soil microbial community structure or diversity, but their impact on microbial coReceived 15 November 2020 occurrence patterns remains unclear. Here, the effect of the widely used neonicotinoid insecticide Received in revised form thiamethoxam on the bacterial community in ﬁve arable soils was deciphered using the 16S rRNA gene 4 January 2021 amplicon sequencing technique. The degradation half-life of thiamethoxam in nonsterilized soils was Accepted 16 January 2021 Available online 23 January 2021 signiﬁcantly lower than that in sterilized soils, suggesting a considerable contribution from biodegra dation. Soil bacterial co",252,High,Review first: likely useful for pathway/protein evidence extraction.,Pesticide-specific microbial degradation candidate
Penthiopyrad,"Dissipation, Residue and Dietary Intake Risk Assessment of Penthiopyrad in Eggplants and Its Removal Using Various Household Processing Techniques..pdf","Dissipation, Residue and Dietary Intake Risk Assessment of",10.3390/foods11213327; 10.3390/foods11213327/s1,2019; 2020; 2021; 2022,,23,8,46,candidate_gene/enzyme_plus_pathway,,,/Volumes/WENTBROKE/Pesticide degradation database/pesticidepdf/Penthiopyrad/PesticideDB_curation_Penthiopyrad_20260707,148,10,8,7,0,0,0,"as further estimated after different household processing methods. Penthiopyrad dissipated quickly in eggplants, with half-lives of 1.85–2.56 days. The final residue data indicated that following the recommended spraying method, penthiopyrad would not threaten human health. Risk quotient results (<<100%) also demonstrated that the dietary intake risk of penthiopyrad in eggplants for Chinese consumers could be negligible. Washing, peeling and thermal treatments had significant removal effects on penthiopyrad from eggplants (0 < processing factor < 0.60). The characterization of the dissipation and distribution of penthiopyrad in field and processed eggplant samples could provide a more realistic reference for risk assessment of processed products, as well as some information for humans who may be exposed to penthiopyrad. Citation: Dou, L.; Mu, S.; Yang, G.; Chang, J.; Zhang, K. Dissipatio",247,High,Review first: likely useful for pathway/protein evidence extraction.,Pesticide-specific microbial degradation candidate
Thiamethoxam,Biodegradation of the neonicotinoid insecticide thiamethoxam by the nitrogen-fixing and plant-growth-promoting rhizobacterium Ensifer adhaerens strain TMX-23..pdf,Appl Microbiol Biotechnol (2013) 97:4065–4074,10.1007/s00253-012-4638-3,2010; 2011; 2012; 2013,MRL3. Ecotoxicology 20; MRM6. Bull Environ Contam; N7 isolated from toAlexander; PS19. Pestic Biochem Phys; TMX-23 Guang-can Zhou; TMX-23 enriched in MSM,117,35,92,candidate_gene/enzyme_plus_pathway,,,/Volumes/WENTBROKE/Pesticide degradation database/pesticidepdf/Thiamethoxam/PesticideDB_curation_Thiamethoxam_20260707,11,9,9,7,0,0,0,"Appl Microbiol Biotechnol (2013) 97:4065–4074 DOI 10.1007/s00253-012-4638-3 APPLIED MICROBIAL AND CELL PHYSIOLOGY Biodegradation of the neonicotinoid insecticide thiamethoxam by the nitrogen-fixing and plant-growth-promoting rhizobacterium Ensifer adhaerens strain TMX-23 Guang-can Zhou & Ying Wang & Shan Zhai & Feng Ge & Zhong-hua Liu & Yi-jun Dai & Sheng Yuan & Jun-yi Hou Received: 3 September 2012 / Revised: 3 December 2012 / Accepted: 5 December 2012 / Published online: 30 December 2012 # Springer-Verlag Berlin Heidelberg 2012 Abstract Thiamethoxam (THIA), a second generation TMX-23, enhancing growth of the bacterium and its producneonicotinoid insecticide in the",247,High,Review first: likely useful for pathway/protein evidence extraction.,Pesticide-specific microbial degradation candidate
Vinclozolin,Effect of Pesticide Vinclozolin Toxicity Exposure on Cardiac Oxidative Stress and Myocardial Damage..pdf,Effect of Pesticide Vinclozolin Toxicity Exposure on Cardiac,10.3390/toxics11060473,2020; 2021; 2022; 2023,,19,65,34,candidate_gene/enzyme_plus_pathway,,,/Volumes/WENTBROKE/Pesticide degradation database/pesticidepdf/Vinclozolin/PesticideDB_curation_Vinclozolin_20260707,32,6,19,10,0,1,0,"n harm both human and animal Received: 27 April 2023 health [1–3]. Vinclozolin [3-(3,5-dichlorophenyl)-5-methyl-5-vinyloxazolidine-2,4-dione] Revised: 19 May 2023 (VCZ) is a fungicide, widely used in Europe and the United States [4], for the control of Accepted: 20 May 2023 Sclerotinia sclerotiorum, Monilinia spp., and Botrytis cinerea on vegetables, fruits, grapevine, Published: 23 May 2023 and ornamental plants, as well as in the wine industry [5,6]. Several scientific studies have shown that vinclozolin used in agriculture can become a dangerous environmental and aquatic pollutant [7–9]. VCZ can be dispersed into the environment in several ways, hydrolyzed by microbes, abiotic degradation, or transported through water. Copyright: © 2023 by the authors. VCZ dispersion causes residues and its primary metabolites to accumulate in Licensee MDPI, Basel, Switzerland. water bodies (levels ra",247,High,Review first: likely useful for pathway/protein evidence extraction.,Pesticide-specific microbial degradation candidate
Triazophos,An alkaline phosphatase from Bacillus amyloliquefaciens YP6 of new application in biodegradation of five broad-spectrum organophosphorus pesticides..pdf,"Pesticides, Food Contaminants, and Agricultural Wastes",10.1002/jobm.201500336; 10.1007/BF02932098; 10.1007/s00253-010-2807-9; 10.1007/s10529-007-9444-0,2016; 2017; 2018; 2019,B. amyloliquefaciens YP6 was; Burkholderia sp. FDS-1 and; C2A1. J. from YP6; ML-1. Arch. Biol. Sci; Stenotrophomonas sp; YP6,107,87,14,candidate_gene/enzyme_plus_pathway,,,/Volumes/WENTBROKE/Pesticide degradation database/pesticidepdf/Triazophos/PesticideDB_curation_Triazophos_20260707,11,10,6,9,0,0,0,"10.3. The activity of AP3 was enhanced by Mg2þ, Ca2þ, and Cu2þ, and strongly inhibited by Mn2þ, phorus pesticide; EDTA, and L-Cys. Compared to disodium phenyl phosphate, p-nitrophenyl phosphate (pNPP) was biodegradation; Bacillus more suitable to AP3, and the Vm, Km, kcat, kcat/Km values of AP3 for pNPP were 4,033 U mg 1, amyloliquefaciens 12.2 mmol L 1, 3.3 106 s 1, and 2.7 108 s 1mol 1L, respectively. Degradation of the five OPs, which included chlorpyrifos, dichlorvos, dipterex, phoxim, and triazophos, was 18.7%, 53.0%, 5.5%, 68.3%, and 96.3%, respectively, after treatment with AP3 for 1 h. After treatment of the OP for 8 h, AP3 activities remained more than 80%, with the exception of phoxim. It can be postulated that AP3 may have a broad OP-degradation ability and could possibly provide excellent potential for biodegradation and bioremediation in polluted ecosystems. Introduction ar",239,High,Review first: likely useful for pathway/protein evidence extraction.,Pesticide-specific microbial degradation candidate
Vinclozolin,Chronic Exposure to Endocrine Disruptor Vinclozolin Leads to Lung Damage via Nrf2-Nf-kb Pathway Alterations..pdf,Molecular Sciences,10.3390/ijms231911320; 10.3390/ijms231911320/s1,2019; 2020; 2021; 2022,,16,25,32,candidate_gene/enzyme_plus_pathway,,,/Volumes/WENTBROKE/Pesticide degradation database/pesticidepdf/Vinclozolin/PesticideDB_curation_Vinclozolin_20260707,92,12,13,6,0,0,0,"clozolin is subject to Environmental Protection Agency (EPA) regulation as a pesticide in the United States (U.S. EPA) [1,2]. In addition to these restrictions inside the United States, as of 2006, the use of this pesticide was restricted in numerous nations, including Denmark, Copyright: © 2022 by the authors. Finland, Norway, and Sweden. To assess its risks and hazards to the environment and Licensee MDPI, Basel, Switzerland. animals, a number of tests and regulations have been applied [3,4]. Vinclozolin is created This article is an open access article as extruded or dried flowable granules. Aerial application, chemigation through irrigadistributed under the terms and tion systems, and ground machinery are all options for distribution. The U.S. EPA has conditions of the Creative Commons investigated occupational exposure to vinclozolin or its metabolites, as well as dietary Attributio",239,High,Review first: likely useful for pathway/protein evidence extraction.,Pesticide-specific microbial degradation candidate
Ametoctradin,Accelerated Biodegradation of the Agrochemical Ametoctradin by Soil-Derived Microbial Consortia..pdf,published: 25 August 2020,10.1002/jctb.6390; 10.1007/978-981-10; 10.1007/BF0049; 10.1007/BF02467676,2018; 2019; 2020; 2026,,169,72,78,candidate_gene/enzyme_plus_pathway,,,/Volumes/WENTBROKE/Pesticide degradation database/pesticidepdf/Ametoctradin/PesticideDB_curation_Ametoctradin_20260707,72,40,32,11,1,0,0,"ORIGINAL RESEARCH published: 25 August 2020 doi: 10.3389/fmicb.2020.01898 Accelerated Biodegradation of the Agrochemical Ametoctradin by Soil-Derived Microbial Consortia Hunter D. Whittington 1 , Mahatam Singh 2 , Chanh Ta 2 , M. Andrea Azcárate-Peril 3 and José M. Bruno-Bárcena 1* 1 Department of Plant and Microbial Biology, North Carolina State University, Raleigh, NC, United States, 2 BASF Corporation, Research Triangle Park, NC, United States, 3 Department of Medicine, Division of Gastroenterology and Hepatology, and UNC Microbiome Core, Center for Gastrointestinal Biology and Disease, School of Medicine, University of No",237,High,Review first: likely useful for pathway/protein evidence extraction.,Pesticide-specific microbial degradation candidate
Pinoxaden,Degradation Characteristics of Pinoxaden by Acinetobacter and Prediction of Related Genes.pdf,Degradation Characteristics of Pinoxaden by,10.21203/rs.3.rs-1375498/v1,2019; 2020; 2021; 2022,Acinetobacter pittii was screened; Colony morphology of strain; Genomic DNA was extracted; Gram staining; High performance liquid chromatography; T1P20-3 Strain T3P20-1 had,78,80,18,candidate_gene/enzyme_plus_pathway,,,/Volumes/WENTBROKE/Pesticide degradation database/pesticidepdf/Pinoxaden/PesticideDB_curation_Pinoxaden_20260707,81,29,36,11,2,1,1,"Degradation Characteristics of Pinoxaden by Acinetobacter and Prediction of Related Genes Fengshan Yang Heilongjiang University Yuning Wei Heilongjiang University Cong Sun Heilongjiang University Mingrui Yuan Heilongjiang University Weimin Zeng Heilongjiang University Chunguang Liu (  2005013@hlju.edu.cn ) Heilongjiang University https://orcid.org/0000-0002-6186-6022 Haiyan Fu Heilongjiang University Research Article Keywords: acinetobacter, degrading bacteria, degradation rate, degradation genes, pinoxaden, genome sequencing Posted",237,High,Review first: likely useful for pathway/protein evidence extraction.,Pesticide-specific microbial degradation candidate
Thiamethoxam,Effects on soil microbial community after exposure to neonicotinoid insecticides thiamethoxam and dinotefuran..pdf,Science of the Total Environment 725 (2020) 138328,10.1016/j.scitotenv.2020.138328,2017; 2018; 2019; 2020,IMBL 5.2 the three; IMBL4.1 and Pseudomonas putida; TMX-23. Appl. Microbiol. Maien; TW and of thiamethoxam; TY,69,42,49,candidate_gene/enzyme_plus_pathway,,,/Volumes/WENTBROKE/Pesticide degradation database/pesticidepdf/Thiamethoxam/PesticideDB_curation_Thiamethoxam_20260707,89,23,26,21,1,0,0,"y. • The genetic community transition changed the carbon source utilization proﬁle. • Effect on soil microbial community was inﬂuenced by type and level of expo sure. • Chloroﬂexi and Nitrospirae increased after exposure to both studied neonicotinoids. a r t i c l e i n f o a b s t r a c t Article history: The wide application of neonicotinoid insecticides in soil may affect soil microbial community, yet the informaReceived 28 January 2020 tion is limited. This study ﬁrst reports the effects of thiamethoxam and dinotefuranon on soil microbial commuReceived in revised form 22 March 2020 nity. Soil from a forest land was collected and spiked with different nominal levels (0.02 mg kg−1, 0.2 mg kg−1 Accepted 28 March 2020 and 2.0 mg kg−1) of thiamethoxam and dinotefuran, respectively, and cultivated for 112 days. During the Available online 31 March 2020 study, concentrations of the two neon",237,High,Review first: likely useful for pathway/protein evidence extraction.,Pesticide-specific microbial degradation candidate
Trifloxystrobin,Potential aquatic environmental risks of trifloxystrobin Enhancement of virus susceptibility in zebrafish through initiation of autophagy..pdf,"Wang et al. Zool. Res. 2021, 42(3): 339−349",10.24272/j.issn.2095-8137.2021.056,2018; 2019; 2020; 2021,,8,51,15,candidate_gene/enzyme_plus_pathway,,,/Volumes/WENTBROKE/Pesticide degradation database/pesticidepdf/Trifloxystrobin/PesticideDB_curation_Trifloxystrobin_20260707,19,8,10,13,1,0,0,"ion, Meishan Campus, Ningbo University, Ningbo, Zhejiang 315832, China 4 Ningbo Customs District Technology Center, Ningbo, Zhejiang 315832, China ABSTRACT that autophagy was induced by TFS, and associated Chronic pollution in aquatic ecosystems can lead to changes included an increase in autophagosomes, many adverse effects, including a greater conversion of LC3-II, accumulation of Beclin-1, and susceptibility to pathogens among resident biota. degradation of P62 in EPC cells and zebrafish. In Trifloxystrobin (TFS) is a strobilurin fungicide widely addition, TFS markedly decreased the expression used in Asia to control soybean rust. However, it has and phosphorylation of mTOR, indicating that the potential to enter aquatic ecosystems, where it activation of TFS may be associated with the mTORmay impair fish resistance to viral infections. To mediated autophagy pathway. This study provid",237,High,Review first: likely useful for pathway/protein evidence extraction.,Pesticide-specific microbial degradation candidate
Vinclozolin,"Microbial biodegradation and toxicity of vinclozolin and its toxic metabolite 3,5-dichloroaniline..pdf","J. Microbiol. Biotechnol . (2008), 18(2), 343–349",,2005; 2006; 2007; 2008,Arthobacter sp. Chromatography of; Rhodococcus sp. T1-1. RESULTS; T1-1; T1-1 Human Cell Lines; T1-1 and related organisms; T1-1 carried out as,131,14,43,candidate_gene/enzyme_plus_pathway,,,/Volumes/WENTBROKE/Pesticide degradation database/pesticidepdf/Vinclozolin/PesticideDB_curation_Vinclozolin_20260707,123,30,36,9,1,0,0,"J. Microbiol. Biotechnol . (2008), 18(2), 343–349 Microbial Biodegradation and Toxicity of Vinclozolin and its Toxic Metabolite 3,5-Dichloroaniline Lee, Jung-Bok , Ho-Yong Sohn , Kee-Sun Shin , Jong-Sik Kim , Min-Sub Jo , Chun-Pyo Jeon , 1,6 2 3 4 1 1,6 Jong-Ok Jang , Jang-Eok Kim , and Gi-Seok Kwon * 1 5 1 1 School of Bioresource Sciences, Andong National University, Andong 760-749, Korea 2 Department of Food and Nutrition, Andong National University, Andong 760-749, Korea 3 Biological Resource Center, Korea Research Institute of Bioscience and Biotechnology (KRIBB), Daejeon 305-600, Korea 4 De",237,High,Review first: likely useful for pathway/protein evidence extraction.,Pesticide-specific microbial degradation candidate
Fluxapyroxad,Investigation of Residue Dissipation of Fluxapyroxad and Its Metabolites in Chinese Cabbage and Spring Scallion Using Different Application Methods..pdf,Investigation of Residue Dissipation of Fluxapyroxad and Its,10.3390/plants13172448,2021; 2022; 2023; 2024,,46,5,42,candidate_gene/enzyme_plus_pathway,,,/Volumes/WENTBROKE/Pesticide degradation database/pesticidepdf/Fluxapyroxad/PesticideDB_curation_Fluxapyroxad_20260707,80,27,12,4,0,1,0,"plants Article Investigation of Residue Dissipation of Fluxapyroxad and Its Metabolites in Chinese Cabbage and Spring Scallion Using Different Application Methods Ji Won Lee 1 , Jin-Seong Kim 2 , Ji Hyun Park 1 , Hyun Ho Noh 1 , Min Seok Oh 1 , Jin-Hyo Kim 2, * and Kyeong-Ae Son 1, * 1 Residual Agrochemical Evaluation Division, National Institute of Agricultural Science, RDA, Wanju 55365, Republic of Korea; jwlee0928@korea.kr (J.W.L.) 2 Division of Applied Life Science, Institute of Agriculture and Life Science (IALS), Gyeongsang National University, Jinju 5282",233,High,Review first: likely useful for pathway/protein evidence extraction.,Pesticide-specific microbial degradation candidate
Pymetrozine,Isolation and Characterization of the Pymetrozine-Degrading Strain Pseudomonas sp. BYT-1..pdf,"Cite This: J. Agric. Food Chem. 2019, 67, 4170−4176 pubs.acs.org/JAFC",10.1021/acs.jafc.8b06155; 10.1038/d41586-018-04987-4,2017; 2018; 2019; 2020,BYT 4174 DOI; BYT-1; BYT-1 also supported that; BYT-1 and BYT-1 was; BYT-1 and its close; BYT-1 and related species,86,28,36,candidate_gene/enzyme_plus_pathway,,,/Volumes/WENTBROKE/Pesticide degradation database/pesticidepdf/Pymetrozine/PesticideDB_curation_Pymetrozine_20260707,109,33,36,5,0,0,0,"ple’s Republic of China ‡ Jiangsu Key Laboratory for Food Quality and Safety, State Key Laboratory Cultivation Base, Ministry of Science and Technology, Institute of Food Safety and Nutrition, Jiangsu Academy of Agricultural Sciences, Nanjing 210014, People’s Republic of China Downloaded via UNIV OF EXETER on July 16, 2020 at 16:16:27 (UTC). * S Supporting Information ABSTRACT: In this study, we isolated and characterized the bacterial strain Pseudomonas sp. BYT-1, which is capable of degrading pymetrozine and using it as the sole carbon source for growth. Strain BYT-1 could degrade 2.30 mM pymetrozine within 20 h under the optimal conditions of 30 °C and pH 7.0. Investigation of the degradation pathway showed that pymetrozine was oxidatively hydrolyzed to 4-amino-6-methyl-4,5-dihydro-2H-[1,2,4]triazin-3-one (AMDT) and nicotinic acid (NA). The former accumulates as the end product in the",231,High,Review first: likely useful for pathway/protein evidence extraction.,Pesticide-specific microbial degradation candidate
Thiamethoxam,"Assessing the toxicity of thiamethoxam, in natural LUFA 2.2 soil, through three generations of Folsomia candida..pdf",Ecotoxicology (2018) 27:764–771,10.1007/s10646-017; 10.1007/s10646-017-1765-8; 10.1007/s10646-018-1922-8; 10.1007/s11356-014,2015; 2016; 2017; 2018,,11,81,38,candidate_gene/enzyme_plus_pathway,,,/Volumes/WENTBROKE/Pesticide degradation database/pesticidepdf/Thiamethoxam/PesticideDB_curation_Thiamethoxam_20260707,75,9,5,36,0,0,0,"to the Insecta. The family Isotomidae neonicotinoid thiamethoxam, pure and in the formulation have a ventral tube or collophore which is involved in the Actara®, in freshly spiked LUFA 2.2 soil, throughout three exchange of ﬂuids with the external environment, being an generations of the springtail Folsomia candida, in order to important route of exposure to contaminants present in the test two hypotheses: 1. Actara® is more toxic than pure pore water. Sexual maturity of F. candida is achieved thiamethoxam due to the presence of additives and other between 21 to 24 days after hatching (sixth instar), and each ingredients used in the formulation; 2. The toxicity of individual can lay about 30 to 50 eggs per batch (Fountain thiamethoxam, pure or in the formulation Actara®, will and Hopkin 2005). Adults of this species were taken from change throughout the generations, due to metabolic or",231,High,Review first: likely useful for pathway/protein evidence extraction.,Pesticide-specific microbial degradation candidate
Thiamethoxam,"Effects of chronic exposure to thiamethoxam on larvae of the hoverfly iEristalis tenaxi (Diptera, Syrphidae)..pdf",Effects of chronic exposure to,10.1002/(sici)1096-9861(19991108)414:13.0.co;2-q; 10.1002/etc.3536; 10.1002/ps.3836; 10.1007/bf02932171,2015; 2016; 2017; 2018,,11,6,7,candidate_gene/enzyme_plus_pathway,,,/Volumes/WENTBROKE/Pesticide degradation database/pesticidepdf/Thiamethoxam/PesticideDB_curation_Thiamethoxam_20260707,41,10,5,10,0,0,0,"ing placed into the treatment lagoons. Larvae were randomly assigned to treatment groups with 10 individual replicates per treatment group (60 larvae in total per full experiment). Larvae were exposed to thiamethoxam from the day they were introduced to the treatment lagoon, to the day they started to pupate. The full experiment was repeated four times (240 larvae), and each separate experiment was populated with eggs from a different female, to ensure that any genetic variation in tolerance to thiamethoxam did not confound the experimental design (Hemingway et al., 2004). Lagoons contained sticks to allow larvae to climb out to pupate, but were covered with a plastic bag to prevent larvae from escaping. The dried leaves acted as a pupation site. Throughout the experiment, lagoons were kept in a dark room (21 C) to prevent light degradation of thiamethoxam helping to ensure that there wa",231,High,Review first: likely useful for pathway/protein evidence extraction.,Pesticide-specific microbial degradation candidate
Thiamethoxam,"Metabolic mechanism, responses, and functions of genes HDH1, HDH3, and GST1 of tea (Camellia sinensis L.) to the insecticide thiamethoxam..pdf",Contents lists available at ScienceDirect,10.1002/ps.7534; 10.1007/s00299-017-2159-3; 10.1007/s10646-018-1916-6; 10.1007/s42853-024-00238-9,2022; 2023; 2024; 2025,,100,118,59,candidate_gene/enzyme_plus_pathway,,,/Volumes/WENTBROKE/Pesticide degradation database/pesticidepdf/Thiamethoxam/PesticideDB_curation_Thiamethoxam_20260707,16,9,5,12,0,0,0,"T R A C T • TMX perturbed amino acid, flavonoid biosynthesis and glutathione metabo lisms most. • Functions of target genes were verified via their transient expression in N. benthamiana. • CsHDH3 exhibited a better degradation capacity of TMX than CsHDH1 and CsGST1. • CsHDH1, CsGST1, and CsHDH3 were all located in the cytoplasm. • It enriched the gene resource for phy toremediation of pollutants in the environment. A R T I C L E I N F O A B S T R A C T Keywords: Misuse of insecticides such as thiamethoxam (TMX) not only affects the quality of tea but also leaves residues in Camellia sinensis tea. Therefore, exploring the metabolic mechanisms of TMX in tea plants can evaluate effects of pesticides on the Insecticide environment and human health. Here, effects of TMX on tea plants were studied. Malondialdehyde (MDA) Metabolomics content reached a maximum of 12.59 nmol/g fresh weight (FW)",231,High,Review first: likely useful for pathway/protein evidence extraction.,Pesticide-specific microbial degradation candidate
Triazophos,Isolation of a triazophos-degrading strain Klebsiella sp. E6 effectively utilizing triazophos as sole nitrogen source..pdf,FEMS Microbiology Letters 253 (2005) 259–265,10.1016/j.femsle.2005.09.044,2001; 2003; 2004; 2005,E6; E6 TAP. Based on; E6 at di; E6 by a standard; E6 could not utilize; E6 degraded TAP the,63,27,39,candidate_gene/enzyme_plus_pathway,,,/Volumes/WENTBROKE/Pesticide degradation database/pesticidepdf/Triazophos/PesticideDB_curation_Triazophos_20260707,11,8,10,5,0,0,0,"a,*, Qingguo Tian b, Guonian Zhu c a College of Materials Science and Chemical Engineering, Zhejiang University, Hangzhou 310027, PR China b Department of Food Science and Technology, The Ohio State University, Columbus, OH 43202, USA c Institute of Pesticide and Environmental Toxicology, Zhejiang University, Hangzhou 310029, PR China Received 12 May 2005; received in revised form 26 September 2005; accepted 27 September 2005 First published online 13 October 2005 Edited by E. Baggs Abstract A triazophos-degrading strain, Klebsiella sp. E6, was isolated by enrichment technology from soil that had been exposed longterm to triazophos. The strain grew well at pH 7.0–8.0 with a broad temperature proﬁle ranging from 32 to 37 C. It could keep good growth on methanol as carbon source and TAP as additional carbon source or nitrogen source. The experiment on the degradation activities of strain",231,High,Review first: likely useful for pathway/protein evidence extraction.,Pesticide-specific microbial degradation candidate
Fluxapyroxad,Dissipation kinetics and biological degradation by yeast and dietary risk assessment of fluxapyroxad in apples..pdf,www.nature.com/scientificreports,10.1038/s41598-020-78177-6; 10.1186/1475-2891-3-5; 10.1371/journ,2017; 2018; 2019; 2020,is able to degrade,42,16,15,candidate_gene/enzyme_plus_pathway,,,/Volumes/WENTBROKE/Pesticide degradation database/pesticidepdf/Fluxapyroxad/PesticideDB_curation_Fluxapyroxad_20260707,63,23,20,7,1,0,0,"www.nature.com/scientificreports OPEN Dissipation kinetics and biological degradation by yeast and dietary risk assessment of fluxapyroxad in apples Magdalena Podbielska*, Paulina Książek & Ewa Szpyrka The aim of this study was to investigate the dissipation kinetics of fluxapyroxad in apples, the influence of biological treatment with yeast, and the estimation of dietary exposure for consumers, both adults and children. The gas chromatography technique with the electron capture detector was used to analyse the fluxapyroxad residues. Samples of apples were prepared by the quick, easy, cheap, effective, rugged and safe (QuEChERS) m",229,High,Review first: likely useful for pathway/protein evidence extraction.,Pesticide-specific microbial degradation candidate
Isopyrazam,Simultaneous Determination of the Residues of Isopyrazam Isomers and Their Metabolites in Soil and Tomatoes by Ultraperformance Liquid Chromatography-Tandem Mass Spectrometry..pdf,pubs.acs.org/JAFC Article,10.1021/acs.jafc.0c02081,2017; 2018; 2020; 2021,,81,11,36,candidate_gene/enzyme_plus_pathway,,,/Volumes/WENTBROKE/Pesticide degradation database/pesticidepdf/Isopyrazam/PesticideDB_curation_Isopyrazam_20260707,15,8,11,7,1,0,0,"pubs.acs.org/JAFC Article Simultaneous Determination of the Residues of Isopyrazam Isomers and Their Metabolites in Soil and Tomatoes by Ultraperformance Liquid Chromatography-Tandem Mass Spectrometry Kuan Fang, Yalei Liu, Xiaolian Zhang, Jianwei Fang, Dan Chen, Tong Liu,* and Xiuguo Wang* Cite This: J. Agric. Food Chem. 2021, 69, 756−766 Read Online ACCESS Metrics & More Article Recommendations * sı Supporting Information Downloaded via BUTLER UNIV on May 15, 2021 at 06:22:25 (UTC). ABSTRACT: An eﬀective and sensitive method for the determination of isopyrazam (IZM) isomers",229,High,Review first: likely useful for pathway/protein evidence extraction.,Pesticide-specific microbial degradation candidate
Thiamethoxam,Soil and entomopathogenic fungi with potential for biodegradation of insecticides degradation of flubendiamide in vivo by fungi and in vitro by laccase.pdf,Annals of Microbiology (2019) 69:1517–1529,10.1007/s13213-019-01536-w,2016; 2017; 2018; 2019,JUANT070; JUANT070 and B. rhodina; JUANT070 and in vitro; JUANT070 formed an inde-; JUSOLCL039 The genus Neurospora; JUSOLCL039 in by salts,75,29,29,candidate_gene/enzyme_plus_pathway,,,/Volumes/WENTBROKE/Pesticide degradation database/pesticidepdf/Thiamethoxam/PesticideDB_curation_Thiamethoxam_20260707,24,16,23,7,1,0,0,"hat causes loss of insect muscle functions leading to paralysis and death. The objective was to screen for filamentous fungi in soils where insecticides had been applied, to isolate entomopathogenic fungi from insect larva (Anticarsia gemmatalis) that infest soybean crops, and to use these in biodegradation of insecticides. Method Filamentous fungi were isolated from soils, and growth inhibition was evaluated on solid medium containing commercial insecticides, Belt® (flubendiamide) and Actara® (thiamethoxam). A total of 133 fungi were isolated from soil and 80 entomopathogenic fungi from insect larva. Based on growth inhibition tests, ten soil fungi, 2 entomopathogenic fungi, and Botryosphaeria rhodina MAMB-05 (reference standard) were selected for growth on commercial insecticides in solid media. Fungi were grown in submerged fermentation on media containing commercial insecticides and",229,High,Review first: likely useful for pathway/protein evidence extraction.,Pesticide-specific microbial degradation candidate
Trifloxystrobin,Trifloxystrobin-induced mitophagy through mitochondrial damage in human skin keratinocytes..pdf,Trifloxystrobin-induced mitophagy through mitochondrial,,2013; 2014; 2015; 2016,,7,32,9,candidate_gene/enzyme_plus_pathway,,,/Volumes/WENTBROKE/Pesticide degradation database/pesticidepdf/Trifloxystrobin/PesticideDB_curation_Trifloxystrobin_20260707,17,6,12,11,1,1,0,"nter, Biterials, Goyang 10326, Korea (Received June 9, 2016; Accepted August 11, 2016) ABSTRACT — Trifloxystrobin is a strobilurin class fungicide, the mode of action of which is to block the mitochondrial electron transport chain and inhibit energy production in fungi. Although adverse effects have been reported by occupational or environmental exposure of fungicides, the pathophysiologi cal mechanism in human cells remains poorly understood. In the present study, we investigated the impact of trifloxystrobin on exposed skin at the cellular organelle level using HaCaT, the human skin keratinocyte cell line. Cells were treated with trifloxystrobin for 48 hr and trifloxystrobin showed detrimental effects on mitochondria evidenced by altered mitochondrial membrane potential and morphology. To identify autophagic degradation of the damaged mitochondria, confocal imaging and Western blotting",229,High,Review first: likely useful for pathway/protein evidence extraction.,Pesticide-specific microbial degradation candidate
Triazophos,Oxidases responsible for resistance to pyrethroids sensitize Helicoverpa armigera (HÃ¼bner) to triazophos in West Africa..pdf,Insect Biochemistry and Molecular Biology 33 (2003) 883–887,10.1016/S0965-1748(03)00093-6,1999; 2000; 2001; 2003,BK77; BK77 and 27.8; BK99R9; BK99R9 was The Drosophila; BK99R9 was collected as; BK99R9. Regression lines are,6,29,7,candidate_gene/enzyme_plus_pathway,,,/Volumes/WENTBROKE/Pesticide degradation database/pesticidepdf/Triazophos/PesticideDB_curation_Triazophos_20260707,55,5,33,25,0,0,0,"ouse, France Received 4 March 2003; received in revised form 27 May 2003; accepted 3 June 2003 Abstract Helicoverpa armigera (Hübner) is the major insect pest of cotton in Africa, Turkey, Asia, India, Indonesia and Australia. Populations recently developed resistance to pyrethroids in West Africa via the overproduction of cytochrome P450 (oxidases) increasing pyrethroid metabolism. One way to overcome pyrethroid resistance is to use compounds that show negative cross-resistance to pyrethroids. Triazophos is one of these compounds: it is slightly more toxic against pyrethroid resistant larvae of H. armigera than against susceptible ones. Overproduced oxidases transform the non active triazophos into its active form, triazophos-oxon, since this form was significantly more often found in larvae from pyrethroid resistant strain (23%) than in susceptible strain (15%). This suggests that oxid",228,High,Review first: likely useful for pathway/protein evidence extraction.,Pesticide-specific microbial degradation candidate
Vinclozolin,Vinclozolin alters the expression of hormonal and stress genes in the midge Chironomus riparius..pdf,Aquatic Toxicology 174 (2016) 179–187,10.1016/j.aquatox.2016.03.001,2013; 2014; 2015; 2016,,3,162,39,candidate_gene/enzyme_plus_pathway,,,/Volumes/WENTBROKE/Pesticide degradation database/pesticidepdf/Vinclozolin/PesticideDB_curation_Vinclozolin_20260707,34,7,8,32,1,0,0,"shown Fungicide Endocrine disruption to modify the transcriptional activity of the ecdysone response pathway genes EcR, E74, and Kr-h1 by Midge increasing their mRNA levels. While no changes were observed in disembodied, a gene related with the Stress ecdysone synthesis metabolic pathway, Cyp18A1, which is involved in the inactivation of the active form of ecdysone, was upregulated. Additionally, the expression of two genes related to other hormones, FOXO and MAPR, did not show any changes when Vinclozolin was present. The analysis of stress response genes showed signiﬁcant changes in the mRNA levels of Hsp70, Hsp24, and Gp93, indicating that Vinclozolin activates the cellular stress mechanisms. Finally, the expressions of the genes Cyp4G and GstD3, which encode enzymes involved in phase I and phase II detoxiﬁcation, respectively, were analyzed. It was found that their mRNA levels were a",226,High,Review first: likely useful for pathway/protein evidence extraction.,Pesticide-specific microbial degradation candidate
Triazophos,Microbial community variation in phytoremediation of triazophos by Canna indica Linn. in a hydroponic system..pdf,Microbial community variation in phytoremediation of triazophos,10.1016/S1001-0742(09)60242-4,2008; 2009; 2010; 2014,Klebsiella sp. 398,28,6,8,candidate_gene/enzyme_plus_pathway,,,/Volumes/WENTBROKE/Pesticide degradation database/pesticidepdf/Triazophos/PesticideDB_curation_Triazophos_20260707,20,11,18,3,0,1,0,"variation in phytoremediation of triazophos by Canna indica Linn. in a hydroponic system Huiping Xiao1,2 , Shuiping Cheng1,∗, Zhenbin Wu1 1. State Key Laboratory of Freshwater Ecology and Biotechnology, Institute of Hydrobiology, the Chinese Academy of Sciences, Wuhan 430072, China. E-mail: xiaohuiping422@sina.com 2. Graduate University of Chinese Academy of Sciences, Beijing 100039, China Received 20 October 2009; revised 14 December 2009; accepted 12 January 2010 Abstract Phytoremediation of triazophos (O,O-diethyl-O-(1-phenyl-1,2,4-triazole-3-base) sulfur phosphate, TAP) pollution by Canna indica Linn. in a hydroponic system has been well studied, whereas the microbial mechanism on TAP degradation is still unknown. The variation in microbial community compositions was investigated by analyzing phospholipid fatty acids (PLFAs) proﬁles in microbes under TAP exposure. The TAP exposure r",225,High,Review first: likely useful for pathway/protein evidence extraction.,Pesticide-specific microbial degradation candidate
Fluxapyroxad,Degradation of Fluxapyroxad in Soils and WaterSediment Systems Under Aerobic or Anaerobic Conditions..pdf,"See discussions, stats, and author profiles for this publication at: https://www.researchgate.net/publication/275772670",10.1007/s00128-015-1556-y; 10.2166/WPT.2006084,2012; 2013; 2014; 2015,,47,5,14,candidate_gene/enzyme_plus_pathway,,,/Volumes/WENTBROKE/Pesticide degradation database/pesticidepdf/Fluxapyroxad/PesticideDB_curation_Fluxapyroxad_20260707,62,30,10,4,0,0,0,"See discussions, stats, and author profiles for this publication at: https://www.researchgate.net/publication/275772670 Degradation of Fluxapyroxad in Soils and Water/Sediment Systems Under Aerobic or Anaerobic Conditions Article in Bulletin of Environmental Contamination and Toxicology · May 2015 DOI: 10.1007/s00128-015-1556-y · Source: PubMed CITATIONS READS 24 325 6 authors, including: Shasha Li Xingang Liu Research Center for Eco-Environmental Sciences, Chinese Academy of Sciences Institute of Plant Protection 18 PUBLICATIONS 803 CITATIONS 269 PUBLICATIONS 7,572 CITATIONS SEE PROFILE SEE PROFILE Fengshou Dong Yong-Quan Zheng Chinese Ac",223,High,Review first: likely useful for pathway/protein evidence extraction.,Pesticide-specific microbial degradation candidate
Mandipropamid,Review of the existing maximum residue levels for mandipropamid according to Article 12 of Regulation (EC) NoÂ 3962005..pdf,APPROVED: 26 April 2018,10.2903/j.efsa; 10.2903/j.efsa.2007.32r; 10.2903/j.efsa.2009; 10.2903/j.efsa.2011.2013,2015; 2017; 2018; 2025,,55,15,76,candidate_gene/enzyme_plus_pathway,,,/Volumes/WENTBROKE/Pesticide degradation database/pesticidepdf/Mandipropamid/PesticideDB_curation_Mandipropamid_20260707,193,9,7,5,0,0,0,". Based on the conclusions derived by EFSA in the framework of Commission Regulation (EU) No 188/2011, the MRLs established by the Codex Alimentarius Commission and the additional information provided by the RMS and MS, EFSA prepared in March 2018 a draft reasoned opinion, which was circulated to MS for consultation via a written procedure. Comments received by 30 March 2018 were considered during the ﬁnalisation of this reasoned opinion. The following conclusions are derived. The metabolism of mandipropamid in fruits and leafy vegetables is similar. In roots the metabolism differs from fruits and leafy vegetables, since metabolite SYN 500003 was detected at signiﬁcant levels. The residue deﬁnition for fruits and leafy vegetables is proposed as follows: mandipropamid (any ratio of constituent isomers). For roots the following residue deﬁnition for risk assessments is proposed: sum of man",223,High,Review first: likely useful for pathway/protein evidence extraction.,Pesticide-specific microbial degradation candidate
Phosmet,Heterogeneous reaction of suspended phosmet particles with NO3 radicals..pdf,Heterogeneous Reaction of Suspended Phosmet Particles with,10.1021/jp205175p,2008; 2009; 2010; 2011,,14,15,54,candidate_gene/enzyme_plus_pathway,,,/Volumes/WENTBROKE/Pesticide degradation database/pesticidepdf/Phosmet/PesticideDB_curation_Phosmet_20260707,71,14,5,24,1,1,0,"ARTICLE pubs.acs.org/JPCA Heterogeneous Reaction of Suspended Phosmet Particles with NO3 Radicals Changgeng Liu, Jie Gan, Yang Zhang, Miao Liang, Xi Shu, Jinian Shu, and Bo Yang* Research Center for Eco-Environmental Sciences, Chinese Academy of Sciences, Beijing 100085, China ABSTRACT: As an organophosphorous insecticide, phosmet is widely used for plant protection as well as against the ectoparasites on productive livestock. It emits into the atmosphere in both gas and particulate phases via spray drift from treatments and postapplication emissions, but its degradation in the atmosphere is not well-known up to now. In this study, the heterogeneous reaction of phosmet absorbed on the azelaic acid particles with NO3 radicals is investigated in real-time using a vacuum ultraviolet photoionization aerosol time-of-ﬂight mas",223,High,Review first: likely useful for pathway/protein evidence extraction.,Pesticide-specific microbial degradation candidate
Thiamethoxam,"The metabolism of neonicotinoid insecticide thiamethoxam by soil enrichment cultures, and the bacterial diversity and plant growth-promoting properties of the cultured isolates.pdf",This article was downloaded by: [Purdue University],10.1080/03601234.2014.894761,2011; 2012; 2013; 2014,AAP-1 Isolated from Soil; CNB-1. Appl. Microbiol. Biotechnol; IM-2. bacteria isolated from; J1 and mediation of; JS765. Appl. monas maltophilia; PS19. Pestic. Biochem. Phys,156,21,79,candidate_gene/enzyme_plus_pathway,,,/Volumes/WENTBROKE/Pesticide degradation database/pesticidepdf/Thiamethoxam/PesticideDB_curation_Thiamethoxam_20260707,14,8,14,4,0,0,0,"rties of the cultured isolates GUANG-CAN ZHOU*, YING WANG*, YUAN MA, SHAN ZHAI, LING-YAN ZHOU, YI-JUN DAI and SHENG YUAN Jiangsu Key Laboratory for Microbes and Functional Genomics, Jiangsu Engineering and Technology Research Center for Industrialization of Microbial Resources, College of Life Science, Nanjing Normal University, Nanjing, PR China Downloaded by [Purdue University] at 08:44 28 August 2014 A soil enrichment culture (SEC) rapidly degraded 96% of 200 mg L 1 neonicotinoid insecticide thiamethoxam (TMX) in MSM broth within 30 d; therefore, its metabolic pathway of TMX, bacterial diversity and plant growth-promoting rhizobacteria (PGPR) activities of the cultured isolates were studied. The SEC transformed TMX via the nitro reduction pathway to form nitrso, urea metabolites and via cleavage of the oxadiazine cycle to form a new metabolite, hydroxyl CLO-tri. In addition, 16S rRNA",223,High,Review first: likely useful for pathway/protein evidence extraction.,Pesticide-specific microbial degradation candidate
Trifloxystrobin,"Simultaneous determination of trifloxystrobin and trifloxystrobin acid residue in rice and soil by a modified quick, easy, cheap, effective, rugged, and safe method using ultra high performance liquid chromatography with ta.pdf",Xixi Chen Research Article,10.1002/jssc.201400157,2012; 2013; 2014; 2025,,35,3,41,candidate_gene/enzyme_plus_pathway,,,/Volumes/WENTBROKE/Pesticide degradation database/pesticidepdf/Trifloxystrobin/PesticideDB_curation_Trifloxystrobin_20260707,71,34,15,4,0,0,0,"robin and trifloxystrobin acid Fengshou Dong residue in rice and soil by a modified quick, State Key Laboratory for Biology of Plant Diseases and Insect easy, cheap, effective, rugged, and safe Pests, Institute of Plant Protection, Chinese Academy of method using ultra high performance liquid Agricultural Sciences, Beijing, P.R. China chromatography with tandem mass spectrometry Received February 12, 2014 Revised March 12, 2014 A sensitive analytical method for the simultaneous determination of trifloxystrobin and Accepted April 7, 2014 its metabolite trifloxystrobin acid in rice including straw, bran, brown rice and soil was developed by using ultra high performance liquid chromatography coupled with tandem mass spectrometry. The fungicide trifloxystrobin and its metabolite trifloxystrobin acid were extracted using acetonitrile with 1% formic acid v/v and subsequently cleaned up by prim",221,High,Review first: likely useful for pathway/protein evidence extraction.,Pesticide-specific microbial degradation candidate
Vinclozolin,Chemical and biological transformation of the fungicide vinclozolin..pdf,"J. Agric. Food Chem. 1998, 46, 3817−3822 3817",,1995; 1996; 1997; 1998,colonies; degraded isms of the; is not responsible tures; isolated from soil that; of Corynebacterium sp. Attempts; vinclozolin-degrading pure Soil Adaptation,98,3,36,candidate_gene/enzyme_plus_pathway,,,/Volumes/WENTBROKE/Pesticide degradation database/pesticidepdf/Vinclozolin/PesticideDB_curation_Vinclozolin_20260707,100,38,39,4,0,0,0,"J. Agric. Food Chem. 1998, 46, 3817−3822 3817 Chemical and Biological Transformation of the Fungicide Vinclozolin Christine Mercadier, Danielle Vega,* and Jean Bastide Centre de Phytopharmacie URA CNRS 461, Université de Perpignan, 52 Avenue de Villeneuve, 66860 Perpignan Cedex, France Two mixed bacterial cultures were isolated from a French soil adapted to the dicarboximide fungicide vinclozolin. The vinclozolin was transformed by the mixed bacterial cultures according to two degradation pathways: (a) the formation of 2-[[(3,5-dichlorophenyl)carbamoyl]oxy]-2-methyl-3 butenoic acid and then 3,5-dichloroan",221,High,Review first: likely useful for pathway/protein evidence extraction.,Pesticide-specific microbial degradation candidate
Abamectin,Effect of soil fumigants on degradation of abamectin and their combination synergistic effect to root-knot nematode..pdf,Effect of soil fumigants on degradation of,10.1002/jssc.201401234; 10.1002/ps.1503; 10.1002/ps.2303; 10.1002/ps.3535,2015; 2016; 2017; 2018,Burkholderia sp. GB-01 for,76,2,22,candidate_gene/enzyme_plus_pathway,,,/Volumes/WENTBROKE/Pesticide degradation database/pesticidepdf/Abamectin/PesticideDB_curation_Abamectin_20260707,62,32,9,3,0,0,1,"RESEARCH ARTICLE Effect of soil fumigants on degradation of abamectin and their combination synergistic effect to root-knot nematode Bin Huang1, Jun Li1, Qian Wang1, Meixia Guo1,2, Dongdong Yan1,2, Wensheng Fang1,2, Zongjie Ren1, Qiuxia Wang1,2, Canbin Ouyang1,2, Yuan Li1,2, Aocheng Cao1,2* 1 Institute of Plant Protection, Chinese Academy of Agricultural Sciences, Beijing, China, 2 State Key Laboratory for Biology of Plant Disease and Insect Pests, Beijing, China a1111111111 * caoac@vip.sina.com a1111111111 a1111111111 a1111111111 Abstract a1111111111 Background",220,High,Review first: likely useful for pathway/protein evidence extraction.,Pesticide-specific microbial degradation candidate
Mandipropamid,"Insights on the isolation, identification, and degradation characteristics of three bacterial strains against mandipropamid and their application potential for polluted soil remediation..pdf",Pesticide Biochemistry and Physiology 191 (2023) 105376,10.1016/j.pestbp.2023.105376,2020; 2021; 2022; 2023,KDI. Biodegradation. 33; Klebsiella sp. SQY5 as; M01; M01 is capable of; MW05 may be adapted; could promote biomass growth,199,39,13,candidate_gene/enzyme_plus_pathway,,,/Volumes/WENTBROKE/Pesticide degradation database/pesticidepdf/Mandipropamid/PesticideDB_curation_Mandipropamid_20260707,163,36,40,20,2,0,0,"Pesticide Biochemistry and Physiology 191 (2023) 105376 Contents lists available at ScienceDirect Pesticide Biochemistry and Physiology journal homepage: www.elsevier.com/locate/pest Insights on the isolation, identification, and degradation characteristics of three bacterial strains against mandipropamid and their application potential for polluted soil remediation Shiyin Mu a, Li Dou a, Yu Ye a, Hao Zhang a, Jing Shi b, *, Kankan Zhang a, * a National Key Laboratory of Green Pesticide, Key Laboratory of Green Pesticide and Agricultural Bioengineering, Ministry of Education, Center for R&D of Fine Chemicals of Guizhou University, Guiyang 550025, China b Guizhou Provincial Engineering Technology Research Center for Chemical Drug R&D of Guizhou Medical University, Guiyang 550004, China A R T I C",219,High,Review first: likely useful for pathway/protein evidence extraction.,Pesticide-specific microbial degradation candidate
Propamocarb,Analysis of genes and metabolites associated with propamocarb hydrochloride response in tobacco.pdf,Received: 29 October 2019 Accepted: 5 July 2020,10.1002/agj2.20368; 10.1007/s00128-012-0703-y; 10.1007/s00726-010-0525-3; 10.1007/s11120-012,2017; 2018; 2019; 2020,,60,76,52,candidate_gene/enzyme_plus_pathway,,,/Volumes/WENTBROKE/Pesticide degradation database/pesticidepdf/Propamocarb/PesticideDB_curation_Propamocarb_20260707,36,21,24,29,2,0,0,"Received: 29 October 2019 Accepted: 5 July 2020 DOI: 10.1002/agj2.20368 ARTICLE Analysis of genes and metabolites associated with propamocarb hydrochloride response in tobacco Huijuan Yang Yuning Zhang Hongzhi Shi College of Tobacco Science, Henan Agricultural University, No. 95, Wenhua Abstract Road, Zhengzhou, Henan Province, Propamocarb hydrochloride is a systemic fungicide used against Pythium and 450002, P.R. China Phytophthora as well as other diseases in tobacco. This study aimed to underCorrespondence stand the response of tobacco to propamocarb hydrochloride treatment at the Hongzhi Shi, College of Tobacco Sci- transcriptome",219,High,Review first: likely useful for pathway/protein evidence extraction.,Pesticide-specific microbial degradation candidate
Thiamethoxam,"Characterization and metabolic analysis of domesticated anaerobic bacteria for effective thiamethoxam bioremediation Enzymatic, genetic, and pathway insights..pdf",Environmental Research 279 (2025) 121813,10.1002/anie.202005739; 10.1007/s00253-012-4638; 10.1007/s00284-020-02177-y; 10.1007/s10532-015-9754,2022; 2023; 2024; 2025,M1. Electron. J. Biotechnol; TMX-23. Appl. 2023. Enhanced,173,105,90,candidate_gene/enzyme_plus_pathway,,,/Volumes/WENTBROKE/Pesticide degradation database/pesticidepdf/Thiamethoxam/PesticideDB_curation_Thiamethoxam_20260707,25,18,21,9,2,0,0,"ry of Environment, School of Environment, South China Normal University, Guangzhou, 510006, PR China b School of Electrical and Electronic Engineering, Nanyang Technological University, 639798, Singapore c SCNU Qingyuan Institute of Science and Technology Innovation Co., Ltd., Qingyuan, 511517, PR China d Huashi (Fujian) Environment Technology Co., Ltd, Quanzhou, 362001, PR China A R T I C L E I N F O A B S T R A C T Keywords: The extensive use of neonicotinoid insecticides (NEOs), particularly thiamethoxam (THM), poses significant risks Thiamethoxam to both the ecological environment and human health, emerging as a critical environmental issue that requires Anaerobic biodegradation immediate attention. In this study, anaerobic bacteria were successfully domesticated under THM stress. The Degradation pathways results showed that anaerobic bacteria could effectively degrade THM within 7 d",219,High,Review first: likely useful for pathway/protein evidence extraction.,Pesticide-specific microbial degradation candidate
Thiamethoxam,Insights Into the Microbial Degradation and Biochemical Mechanisms of Neonicotinoids..pdf,published: 19 May 2020,10.1002/arch.10114; 10.1002/clen; 10.1002/ps.1046; 10.1002/ps.1631,2017; 2018; 2019; 2020,AAP-1 isolated from soil; BCH1 degraded 78; Bacillus subtilis BSF01 and; Brevibacterium Arora; CS-3 efficiently degraded acetamiprid; CS-3. The optimum,365,104,121,candidate_gene/enzyme_plus_pathway,,,/Volumes/WENTBROKE/Pesticide degradation database/pesticidepdf/Thiamethoxam/PesticideDB_curation_Thiamethoxam_20260707,58,22,25,25,2,0,0,"k the pesticide market, and their annual production was about surface water concentration of 0.63 µg·L−1 (n = 27 studies) 600,000 tons (Simon-Delso et al., 2015). The broad-spectrum (Christy et al., 2015). The fate of neonicotinoid insecticides characteristics and high insecticidal activity of imidacloprid in the soil environment is greatly decided by the microbial led to the development of a series of nicotinic insecticides, metabolisms. However, bacteria with a complete set of genes including thiamethoxam, clothianidin, dinotefuran, acetamiprid, required for complete mineralization have not been found thiacloprid, and nitenpyram. yet. Soil microbial degradation processes of imidacloprid, Neonicotinoids include three main compounds: acetamiprid, and thiacloprid have been understood; however, little has been reported regarding the microbial degradation 1 Chloropyridinyl compounds (imidac",219,High,Review first: likely useful for pathway/protein evidence extraction.,Pesticide-specific microbial degradation candidate
Triazophos,"Novel metabolites of triazophos formed during degradation by bacterial strains Pseudomonas kilonensis MB490 , Pseudomonas kilonensis MB498 and pseudomonas sp. MB504 isolated from cotton fields.pdf","Pesticides, Food Contaminants, and Agricultural Wastes",10.1002/14356007.a13_177; 10.1007/s00284; 10.1016/j.chemosphere.2014.03.036; 10.1016/j.chemosphere.2020,2017; 2018; 2019; 2020,B-14 and 010-9859-z. Its; Klebsiella sp. E6 Effectively; MB490 exhibited maximum; MB490 proved most efficient; MB504 performed best at; Shinella sp. NJUST26. Sci,157,13,66,candidate_gene/enzyme_plus_pathway,,,/Volumes/WENTBROKE/Pesticide degradation database/pesticidepdf/Triazophos/PesticideDB_curation_Triazophos_20260707,56,39,37,9,2,0,0,"Journal of Environmental Science and Health, Part B Pesticides, Food Contaminants, and Agricultural Wastes ISSN: (Print) (Online) Journal homepage: https://www.tandfonline.com/loi/lesb20 Novel metabolites of triazophos formed during degradation by bacterial strains Pseudomonas kilonensis MB490, Pseudomonas kilonensis MB498 and pseudomonas sp. MB504 isolated from cotton fields Samina Ambreen & Azra Yasmin To cite this article: Samina Ambreen & Azra Yasmin (2020): Novel metabolites of triazophos formed during degradation by bacterial strains Pseudomonas�kilonensis MB490,�Pseudomonas kilonensis MB498 and pseudomonas sp. MB504 isolated from cotton fields, Journal of Environmental Science and Health, Part B, DOI:",219,High,Review first: likely useful for pathway/protein evidence extraction.,Pesticide-specific microbial degradation candidate
Trifloxystrobin,Effect of intermittent water flow on biodegradation of organic micropollutants in the hyporheic zone..pdf,Contents lists available at ScienceDirect,10.1002/1099-1646(200009/10; 10.1002/elsc.200620130; 10.1007/s00044-020-02507-6; 10.1007/s00253-004,2022; 2023; 2024; 2025,,163,35,48,candidate_gene/enzyme_plus_pathway,,,/Volumes/WENTBROKE/Pesticide degradation database/pesticidepdf/Trifloxystrobin/PesticideDB_curation_Trifloxystrobin_20260707,20,15,9,10,2,0,0,"understanding the flow dynamics in HZs is crucial for gaining Biodegradation insights into the degradation of organic micropollutants. A lab-scale study using column experiments was con­ flow intermittency ducted in an attempt to elucidate the environmental processes accounting for the biodegradation capacity of the Organic micropollutants HZ under flow intermittency. A mixture of six compounds including pesticides (chloranthraniliprole, fluopyram Reductive pathways Transformation products and trifloxystrobin) and pharmaceuticals (venlafaxine, amisulpride and paroxetine) spiked at 1 μg/L level was used for degradation kinetic studies and at 1 mg/L for transformation products identification using suspect/non target liquid chromatography high-resolution mass spectrometry approaches. The experiments lasted 60 days, divided into two 14-day phases: one before and one after a 5-week desiccati",219,High,Review first: likely useful for pathway/protein evidence extraction.,Pesticide-specific microbial degradation candidate
Vinclozolin,"Chronic Exposure to Vinclozolin Induced Fibrosis, Mitochondrial Dysfunction, Oxidative Stress, and Apoptosis in Mice Kidney..pdf",Molecular Sciences,10.3390/ijms231911296; 10.3390/ijms231911296/s1,2019; 2020; 2021; 2022,,16,57,42,candidate_gene/enzyme_plus_pathway,,,/Volumes/WENTBROKE/Pesticide degradation database/pesticidepdf/Vinclozolin/PesticideDB_curation_Vinclozolin_20260707,143,8,15,17,2,0,0,"and the United Int. J. Mol. Sci. 2022, 23, 11296. https://doi.org/10.3390/ijms231911296 https://www.mdpi.com/journal/ijms Int. J. Mol. Sci. 2022, 23, 11296 2 of 19 States [8] in the control of Sclerotinia sclerotiorum, Monilinia spp., and Botrytis cinerea on vegetables, fruits, vines, and ornamental plants [9]. In particular, it is the most frequently fungicide used by the wine industry [10]. Many papers in the literature indicate vinclo zolin as an environmental and aquatic pollutant [11–13]. Vinclozolin dissipates in the environment by microbial-mediated hydrolysis, soil metabolism, abiotic degradation, and transport by water. It is actually hard to define a specific ingested dose of vinclozolin from fruits or vegetables for animals or people because this really depends on how much and how often contaminated foods are assumed. The United States Environmental Protection Agency (U.S. EP",219,High,Review first: likely useful for pathway/protein evidence extraction.,Pesticide-specific microbial degradation candidate
Thiamethoxam,Symbiotic Fungus Affected the Asian Citrus Psyllid (ACP) Resistance to Imidacloprid and Thiamethoxam..pdf,published: 16 December 2020,10.1002/arch.20254; 10.1002/mbo3; 10.1002/ps.1795; 10.1002/ps.1808,2018; 2019; 2020; 2024,of arsenophonus symbiont decreases,19,65,4,candidate_gene/enzyme_plus_pathway,,,/Volumes/WENTBROKE/Pesticide degradation database/pesticidepdf/Thiamethoxam/PesticideDB_curation_Thiamethoxam_20260707,33,4,27,23,0,0,0,"ed an insect host (apple United States have no resistance to imidacloprid. Pardo et al. maggot, Rhagoletis pomonella) degrade 6 insecticides (Boush (2018) showed that the insecticide resistance of adults and and Matsumura, 1967). The densities of symbiotic bacteria nymphs from ACP populations was significantly different. Tian Arsenophonus, Rickettsia, and Wolbachia from the Q biotype et al. (2018) found that ACP populations from Guangdong in whitefly associated with the host’s susceptibility to thiamethoxam, China have a high level of resistance to imidacloprid. This result imidacloprid, pyriproxyfen, and spiromesifen (Ghanim and indicated that ACP populations from different locations had Kontsedalov, 2009). The symbiotic bacteria Burkholderia different resistance levels to the same insecticide, which may mediated the resistance of its insect host, Riptortus pedestris, to result from dif",218,High,Review first: likely useful for pathway/protein evidence extraction.,Pesticide-specific microbial degradation candidate
Propamocarb,Biodegradation of soil-applied pesticides by selected strains of plant growth-promoting rhizobacteria (PGPR) and their effects on bacterial growth..pdf,Biodegradation (2012) 23:297–310,10.1007/s10532-011-9509-6,2009; 2010; 2011; 2012,B. amyloliquefaciens IN937a and; B. pumilus SE34 more; Bordetella sp. B9. Biodegradation; FZB24; GB03. The PGPR strains; IN937a,144,6,20,candidate_gene/enzyme_plus_pathway,,,/Volumes/WENTBROKE/Pesticide degradation database/pesticidepdf/Propamocarb/PesticideDB_curation_Propamocarb_20260707,24,22,20,2,0,0,1,"icides and 10.3–16.4 and 9.2–15.9 days, respectively, markedly their effects on bacterial growth. Interactions of lower compared with[34.2 days in the control. From Bacillus subtilis GB03, Bacillus subtilis FZB24, the rest pesticides studied degradation of propamoBacillus amyloliquefaciens IN937a and Bacillus carb hydrochloride and thiamethoxam was enhanced pumilus SE34 with two concentrations of acibenzo- in the presence of B. amyloliquefaciens IN937a and lar-S-methyl, metribuzin, napropamide, propamocarb B. pumilus SE34. Acibenzolar-S-methyl, propamohydrochloride and thiamethoxam in liquid culture carb hydrochloride and thiamethoxam significantly and soil microcosm were studied. The degradation of increased the PGPR growth. However, the stimulaacibenzolar-S-methyl by all PGPR tested in low and tory effect was related to the level of pesticide spiked. high concentration, was 5.4 and 5.7",215,High,Review first: likely useful for pathway/protein evidence extraction.,Pesticide-specific microbial degradation candidate
Thiamethoxam,"An endophytic bacterial strain, Enterobacter cloacae TMX-6, enhances the degradation of thiamethoxam in rice plants..pdf",Contents lists available at ScienceDirect,10.1016/j.chemosphere.2020.128751,2017; 2019; 2020; 2021,B1B. Appl. Environ. Micro-; Pandey; Sciences; TMX-23 is similar to; TMX-6; TMX-6 2.1. Materials Rice,94,12,41,candidate_gene/enzyme_plus_pathway,,,/Volumes/WENTBROKE/Pesticide degradation database/pesticidepdf/Thiamethoxam/PesticideDB_curation_Thiamethoxam_20260707,16,13,16,3,0,0,0,"Chemosphere 269 (2021) 128751 Contents lists available at ScienceDirect Chemosphere journal homepage: www.elsevier.com/locate/chemosphere An endophytic bacterial strain, Enterobacter cloacae TMX-6, enhances the degradation of thiamethoxam in rice plants Honglin Zhan a, b, Qun Wan b, Ya Wang b, Jiangfeng Cheng a, Xiangyang Yu b, Jing Ge b, c, * a College of Marine Science and Biological Engineering, Qingdao University of Science and Technology, Qingdao, 266042, China b Jiangsu Key Laboratory for Food Quality and Safety-State Key Laboratory Cultivation Base of Ministry of Science and Technology, 50 Zhongling Street, Nanjing, 210014, China c School of the Environment, Jiangsu University, Xuefu Rd. 301, Zhenjiang, 212013, Jiangsu, C",215,High,Review first: likely useful for pathway/protein evidence extraction.,Pesticide-specific microbial degradation candidate
Thiamethoxam,Leaching of the Neonicotinoids Thiamethoxam and Imidacloprid from Sugar Beet Seed Dressings to Subsurface Tile Drains..pdf,Leaching of the Neonicotinoids Thiamethoxam and Imidacloprid,10.1021/acs.jafc.6b02619,2013; 2014; 2015; 2016,,32,8,29,candidate_gene/enzyme_plus_pathway,,,/Volumes/WENTBROKE/Pesticide degradation database/pesticidepdf/Thiamethoxam/PesticideDB_curation_Thiamethoxam_20260707,32,20,14,4,1,1,0,"nd Imidacloprid from Sugar Beet Seed Dressings to Subsurface Tile Drains Felix E. Wettstein,† Roy Kasteel,‡ Maria F. Garcia Delgado,† Irene Hanke,‡ Sebastian Huntscha,‡ Marianne E. Balmer,‡ Thomas Poiger,*,‡ and Thomas D. Bucheli*,† † Agroscope, Zürich, Switzerland ‡ Agroscope, Wädenswil, Switzerland * S Supporting Information ABSTRACT: Pesticide transport from seed dressings toward subsurface tile drains is still poorly understood. We monitored the neonicotinoid insecticides imidacloprid and thiamethoxam from sugar beet seed dressings in ﬂow-proportional drainage water samples, together with spray applications of bromide and the herbicide S-metolachlor in spring and the fungicides epoxiconazole and kresoxim-methyl in summer. Event-driven, high ﬁrst concentration maxima up to 2830 and 1290 ng/L for thiamethoxam and imidacloprid, respectively, were followed by an extended period of tail",215,High,Review first: likely useful for pathway/protein evidence extraction.,Pesticide-specific microbial degradation candidate
Thiamethoxam,"Translocation, residues and risk assessment of thiamethoxam applied by root irrigation in tomato plant ecosystems.pdf","Translocation, residues and risk assessment of",10.1002/jsfa.11371; 10.1002/ps.365; 10.1002/ps.949; 10.1016/j.chemosphere.2018.02.104,2020; 2021; 2022; 2023,,22,5,32,candidate_gene/enzyme_plus_pathway,,,/Volumes/WENTBROKE/Pesticide degradation database/pesticidepdf/Thiamethoxam/PesticideDB_curation_Thiamethoxam_20260707,26,13,7,4,0,0,0,"Hongwu Liang Inner Mongolia University Wei Pan Shanxi Agricultural University Shijie Yin Shanxi Agricultural University Junli Cao Shanxi Agricultural University Jindong Li Shanxi Agricultural University Research Article Keywords: Thiamethoxam, root irrigation, translocation, metabolism Posted Date: May 8th, 2023 DOI: https://doi.org/10.21203/rs.3.rs-2776082/v1 License:   This work is licensed under a Creative Commons Attribution 4.0 International License. Read Full License Page 1/17 Abstract Thiamethoxam (TMX) has been registered for use on a wide range of crops due to its broad pest spectrum, high efficiency and versatile application methods. However, there is limited literature evaluating the residue behaviors of TMX applied through root irrigation. In this study, the uptake and translocation of TMX, its degradation to clothianidin (CLO) and risk assessment of TMX application in a t",215,High,Review first: likely useful for pathway/protein evidence extraction.,Pesticide-specific microbial degradation candidate
Triazophos,Development of a one-step immunoassay for triazophos using camel single-domain antibody-alkaline phosphatase fusion protein..pdf,Anal Bioanal Chem. Author manuscript; available in PMC 2020 April 13.,10.1007/s00216-018-01563-7,2016; 2017; 2019; 2020,VHHs from phage libraries,1,68,15,candidate_gene/enzyme_plus_pathway,,,/Volumes/WENTBROKE/Pesticide degradation database/pesticidepdf/Triazophos/PesticideDB_curation_Triazophos_20260707,81,6,17,29,1,0,0,"Page 3 for the selection of desired VHHs. On the other hand, the allotypes IgG2a and IgG3a of Author Manuscript camelids still remain uninvestigated in the generation of VHHs of any interest. We assumed these allotypes would provide valuable resources for the construction of high diversity of VHH libraries and herein introduced Bactianus IgG3a-derived VHH fragments into a library to explore the generation of novel VHHs with high affinity to small molecules, using the organophosphate insecticide triazophos (O,O-diethyl O-(1-phenyl-1H-1,2,4-triazol-3 yl)phosphorothioate) as a model chemical. Triazophos is widely used to control insects for agricultural production in many Asian and African countries such as China, India, Pakistan, Thailand, Angola and South Africa.[19] The stability and slow degradation of triazophos in the environment give rise to a health threat to human and ecosystems. T",215,High,Review first: likely useful for pathway/protein evidence extraction.,Pesticide-specific microbial degradation candidate
Thiamethoxam,Dissipation Behavior and Acute Dietary Risk Assessment of Thiamethoxam and Its Metabolite Clothianidin on Spinach..pdf,Dissipation Behavior and Acute Dietary Risk Assessment of,10.3390/molecules27072209; 10.3390/molecules27072209/s1,2019; 2020; 2021; 2022,,46,4,31,candidate_gene/enzyme_plus_pathway,,,/Volumes/WENTBROKE/Pesticide degradation database/pesticidepdf/Thiamethoxam/PesticideDB_curation_Thiamethoxam_20260707,129,23,4,7,0,0,0,"molecules Article Dissipation Behavior and Acute Dietary Risk Assessment of Thiamethoxam and Its Metabolite Clothianidin on Spinach Yanmei Yang, Shu Qin, Xia Wang, Junli Cao and Jindong Li * Shanxi Center for Testing of Functional Agro-Products, Shanxi Agricultural University, Taiyuan 030031, China; ymyangsuda@163.com (Y.Y.); qinshu55@126.com (S.Q.); wangxialiao@126.com (X.W.); caojunli@sxau.edu.cn (J.C.) * Correspondence: lijindong@sxau.edu.cn Abstract: Thiamethoxam and its metabolite clothianidin residues pose a potential threat to human health. This study aims to investigate the",214,High,Review first: likely useful for pathway/protein evidence extraction.,Pesticide-specific microbial degradation candidate
Imazamox,Characterization of imazamox degradation by-products by using liquid chromatography mass spectrometry and high-resolution Fourier transform ion cyclotron resonance mass spectrometry..pdf,Anal Bioanal Chem (2007) 389:1459–1467,10.1007/s00216-007-1343-7,2004; 2005; 2006; 2007,,31,9,78,candidate_gene/enzyme_plus_pathway,,,/Volumes/WENTBROKE/Pesticide degradation database/pesticidepdf/Imazamox/PesticideDB_curation_Imazamox_20260707,36,22,5,12,1,0,0,"Anal Bioanal Chem (2007) 389:1459–1467 DOI 10.1007/s00216-007-1343-7 ORIGINAL PAPER Characterization of imazamox degradation by-products by using liquid chromatography mass spectrometry and high-resolution Fourier transform ion cyclotron resonance mass spectrometry M. Harir & M. Frommberger & A. Gaspar & D. Martens & A. Kettrup & M. El Azzouzi & Ph. Schmitt-Kopplin Received: 8 March 2007 / Revised: 27 April 2007 / Accepted: 7 May 2007 / Published online: 7 June 2007 # Springer-Verlag 2007 Abstract The photodecomposition of imazamox, a herbi- formula assignments, the derived 2D van Krevelen diagram cide of",213,High,Review first: likely useful for pathway/protein evidence extraction.,Pesticide-specific microbial degradation candidate
Propamocarb,Expression and functional analysis of the Propamocarb-related gene CsDIR16 in cucumbers..pdf,Liu et al. BMC Plant Biology (2018) 18:16,10.1186/s12870-018-1236-2; 10.4236/ajac.2011.228120; 10.5812/bhs.45306,2016; 2017; 2018; 2022,LBA4404,17,146,22,candidate_gene/enzyme_plus_pathway,,,/Volumes/WENTBROKE/Pesticide degradation database/pesticidepdf/Propamocarb/PesticideDB_curation_Propamocarb_20260707,18,6,5,10,0,0,0,"more previous study, the transcriptome changes in cucumber rapidly compared with wild-type plants and CsDIR16(−) T1 fruit of cultivar ‘D0351’ in response to PM treatment were transgenic plants. These results suggested that CsDIR16 analyzed by our research group. [21]. The transcriptome overexpression reduced PM residues through accelerating data indicated that CsDIR16 showed the highest differPM degradation. ential expression between plants treated with PM versus Fig. 8 Quantitative analysis of propamocarb (PM) residues, peroxidase (POD) activity, and the malondialdehyde (MDA) content in transgenic plants. a Quantitative analysis of PM residues in T0 transgenic plants using gas chromatography. b Quantitative analysis of PM residues in T1 transgenic plants using gas chromatography. c Quantitative analysis of POD activity in T1 transgenic plants. d Quantitative analysis of the MDA content",213,High,Review first: likely useful for pathway/protein evidence extraction.,Pesticide-specific microbial degradation candidate
Imazamox,Relationship between changes of soil microbial biomass content and imazamox and benfluralin degradation.pdf,Biol Fertil Soils (2002) 35:13–17,10.1007/s00374-001-0433-5,1999; 2000; 2001; 2002,,12,5,2,candidate_gene/enzyme_plus_pathway,,,/Volumes/WENTBROKE/Pesticide degradation database/pesticidepdf/Imazamox/PesticideDB_curation_Imazamox_20260707,28,13,20,3,0,0,0,"Biol Fertil Soils (2002) 35:13–17 DOI 10.1007/s00374-001-0433-5 O R I G I N A L PA P E R Costantino Vischetti · Cristiano Casucci · Piero Perucci Relationship between changes of soil microbial biomass content and imazamox and benfluralin degradation Received: 12 July 2001 / Published online: 19 January 2002 © Springer-Verlag 2002 Abstract The present research was carried out to deter- cals and soil chemical and physico-chemical properties mine the relationship between the soil microbial biomass (Bollag et al. 1992; Schaffer 1993). The response of the content and the persistence of imazamox and benfluralin microbial biomass and biochemical activities, such as enin three different soils, incubated in the laborator",212,High,Review first: likely useful for pathway/protein evidence extraction.,Pesticide-specific microbial degradation candidate
Propargite,"Biodegradation of propargite by Pseudomonas putida, isolated from tea rhizosphere..pdf",Contents lists available at ScienceDirect,10.1016/j.jhazmat.2009.09.050,2006; 2007; 2009; 2010,SPR 13 followed by; exhibited a range of; num- 2003. ber SPR; number SPR 13 degraded; number SPR 7. Generally; soils in relation to,58,2,6,candidate_gene/enzyme_plus_pathway,,,/Volumes/WENTBROKE/Pesticide degradation database/pesticidepdf/Propargite/PesticideDB_curation_Propargite_20260707,37,24,34,3,0,0,0,"Journal of Hazardous Materials 174 (2010) 295–298 Contents lists available at ScienceDirect Journal of Hazardous Materials journal homepage: www.elsevier.com/locate/jhazmat Biodegradation of propargite by Pseudomonas putida, isolated from tea rhizosphere Soumik Sarkar ∗ , Subbiah Seenivasan, Robert Premkumar Samuel Asir UPASI Tea Research Foundation, Nirar Dam BPO, Valparai 642127, India a r t i c l e i n f o a b s t r a c t Article history: Biodegradation of miticide propargite was carried out in vitro by selected Pseudomonas strains isolated Received 3 March 2009 from tea rhizosphere. A total number of 13 strains were isolated and further screened based on their tolReceived in revised form",212,High,Review first: likely useful for pathway/protein evidence extraction.,Pesticide-specific microbial degradation candidate
Propargite,Calculation of pesticide degradation in decaying cotton gin trash..pdf,Contents lists available at ScienceDirect,10.1016/j.jhazmat.2009.09.050,2006; 2007; 2009; 2010,SPR 13 followed by; exhibited a range of; num- 2003. ber SPR; number SPR 13 degraded; number SPR 7. Generally; soils in relation to,58,2,6,candidate_gene/enzyme_plus_pathway,,,/Volumes/WENTBROKE/Pesticide degradation database/pesticidepdf/Propargite/PesticideDB_curation_Propargite_20260707,37,24,34,3,0,0,0,"Journal of Hazardous Materials 174 (2010) 295–298 Contents lists available at ScienceDirect Journal of Hazardous Materials journal homepage: www.elsevier.com/locate/jhazmat Biodegradation of propargite by Pseudomonas putida, isolated from tea rhizosphere Soumik Sarkar ∗ , Subbiah Seenivasan, Robert Premkumar Samuel Asir UPASI Tea Research Foundation, Nirar Dam BPO, Valparai 642127, India a r t i c l e i n f o a b s t r a c t Article history: Biodegradation of miticide propargite was carried out in vitro by selected Pseudomonas strains isolated Received 3 March 2009 from tea rhizosphere. A total number of 13 strains were isolated and further screened based on their tolReceived in revised form",212,High,Review first: likely useful for pathway/protein evidence extraction.,Pesticide-specific microbial degradation candidate
Imazamox,Behavior of the Chiral Herbicide Imazamox in Soils Enantiomer Composition Differentiates between Biodegradation and Photodegradation..pdf,"Cite This: Environ. Sci. Technol. 2019, 53, 5733−5740 pubs.acs.org/est",10.1021/acs.est.8b07209; 10.1021/acs.est.8b07210,2015; 2017; 2018; 2019,,153,8,19,candidate_gene/enzyme_plus_pathway,,,/Volumes/WENTBROKE/Pesticide degradation database/pesticidepdf/Imazamox/PesticideDB_curation_Imazamox_20260707,65,33,16,7,2,0,0,"Article Cite This: Environ. Sci. Technol. 2019, 53, 5733−5740 pubs.acs.org/est Behavior of the Chiral Herbicide Imazamox in Soils: Enantiomer Composition Diﬀerentiates between Biodegradation and Photodegradation Ignaz J. Buerge,* Roy Kasteel, Astrid Bächli, and Thomas Poiger Plant Protection Chemistry, Agroscope, CH-8820 Wädenswil, Switzerland * S Supporting Information Downloaded via NOTTINGHAM TRENT UNIV on August 13, 2019 at 02:36:45 (UTC). ABSTRACT: Imazamox is a chiral herbicide that, in laboratory experiments in the dark, exhibits pronounced enantioselective biodegradation in certain soils. Imazamox also",211,High,Review first: likely useful for pathway/protein evidence extraction.,Pesticide-specific microbial degradation candidate
Triazophos,"Simultaneous degradation of triazophos, methamidophos and carbofuran pesticides in wastewater using an Enterobacter bacterial bioreactor and analysis of toxicity and biosafety..pdf",Contents lists available at ScienceDirect,10.1016/j.chemosphere.2020.128054,2017; 2018; 2019; 2020,DH5a; DH5a did not cause; DH5a with the blank; Initial concentration; VM111 and its expression; Z1,147,126,23,candidate_gene/enzyme_plus_pathway,,,/Volumes/WENTBROKE/Pesticide degradation database/pesticidepdf/Triazophos/PesticideDB_curation_Triazophos_20260707,8,7,8,8,2,0,0,"Chemosphere 261 (2020) 128054 Contents lists available at ScienceDirect Chemosphere journal homepage: www.elsevier.com/locate/chemosphere Simultaneous degradation of triazophos, methamidophos and carbofuran pesticides in wastewater using an Enterobacter bacterial bioreactor and analysis of toxicity and biosafety Yuxiao Zhang, Zixiao Xu, Zhengjun Chen**, 1, Gejiao Wang*, 1 State Key Laboratory of Agricultural Microbiology, College of Life Science and Technology, Huazhong Agricultural University, Wuhan, 430070, PR China h i g h l i g h t s g r a p h i c a l a b s t r a c t Enterobacter sp. Z1 simultaneously degrades triazophos, meth amidophos and carbofuran. New protein",210,High,Review first: likely useful for pathway/protein evidence extraction.,Pesticide-specific microbial degradation candidate
Thiamethoxam,Effects of Thiamethoxam and Fenvalerate Residue Levels on Light-Stable Isotopes of Leafy Vegetables..pdf,Effects of Thiamethoxam and Fenvalerate Residue Levels on,10.3390/foods12142655,2020; 2021; 2022; 2023,,54,6,37,candidate_gene/enzyme_plus_pathway,,,/Volumes/WENTBROKE/Pesticide degradation database/pesticidepdf/Thiamethoxam/PesticideDB_curation_Thiamethoxam_20260707,183,9,7,2,0,1,0,"olic residues of the two insecticides after different numbers of application in three vegetables. The effects of pesticide residue levels on the δ13 C, δ15 N, δ2 H, and δ18 O values of vegetables were analyzed by one-way analysis of variance and correlation analysis. Partial least squares discriminant analysis (PLS-DA) was applied to build discrimination models of the vegetables with different pesticide residues based on stable isotopes. The results showed that the first degradation residues of thiamethoxam and fenvalerate in spinach, cabbage, and lettuce conformed to primary reaction kinetic equations, but the degradation half-lives were long, and accumulation occurred in the second application. The differences in the four stable isotope ratios in the control group of the three vegetables were statistically significant, and two-thirds of the stable isotope ratios Citation: Qi, F.; Liu,",209,High,Review first: likely useful for pathway/protein evidence extraction.,Pesticide-specific microbial degradation candidate
Thiamethoxam,Transcriptome profiling of the whitefly Bemisia tabaci reveals stage-specific gene expression signatures for thiamethoxam resistance..pdf,"Insect Molecular Biology (2013) 22(5), 485–496 doi: 10.1111/imb.12038",10.1111/imb.12038; 10.1371/journal.pgen.1001248,2011; 2012; 2013; 2014,a different P450 whiteflies; a gene encoding a; a is illustrated in; and life stage; and life stage were; and may play a,3,160,19,candidate_gene/enzyme_plus_pathway,,,/Volumes/WENTBROKE/Pesticide degradation database/pesticidepdf/Thiamethoxam/PesticideDB_curation_Thiamethoxam_20260707,48,5,33,39,1,0,0,"our expression results, and the when compared to a reference susceptible strain (Jones fact that the TH-R strain shows strong (47-fold) cross- et al., 2011). The authors also showed that a reduction in © 2013 The Authors. Insect Molecular Biology published by John Wiley & Sons Ltd on behalf of Royal Entomological Society., 22, 485–496 492 N. Yang et al. Table 3. Significantly enriched Kyoto Encyclopedia of Genes and Genomes (KEGG) pathways determined from differential expression associated with thiamethoxam resistance in Bemisia tabaci Differentially Pathway expressed* Expressed† P-value KO Starch and sucrose metabolism 127 393 0 ko00500 Metabolism of xenobiotics by cytochrome P450 64 378 0.022171 ko00980 Drug metabolism – cytochrome P450 64 376 0.019929 ko00982 Limonene and pinene degradation 61 362 0.027095 ko00903 Galactose metabolism 87 304 3.85E-13 ko00052 Protein processing in endo",208,High,Review first: likely useful for pathway/protein evidence extraction.,Pesticide-specific microbial degradation candidate
Acibenzolar-S-methyl,Biodegradation of soil-applied pesticides by selected strains of plant growth-promoting rhizobacteria (PGPR) and their effects on bacterial growth..pdf,Biodegradation (2012) 23:297–310,10.1007/s10532-011-9509-6,2009; 2010; 2011; 2012,B. amyloliquefaciens IN937a and; B. pumilus SE34 more; Bordetella sp. B9. Biodegradation; FZB24; GB03. The PGPR strains; IN937a,144,6,20,candidate_gene/enzyme_plus_pathway,,,/Volumes/WENTBROKE/Pesticide degradation database/pesticidepdf/Acibenzolar-S-methyl/PesticideDB_curation_Acibenzolar_S_methyl_20260707,33,32,28,1,0,0,1,"Biodegradation (2012) 23:297–310 DOI 10.1007/s10532-011-9509-6 ORIGINAL PAPER Biodegradation of soil-applied pesticides by selected strains of plant growth-promoting rhizobacteria (PGPR) and their effects on bacterial growth Charalampos K. Myresiotis • Zisis Vryzas • Euphemia Papadopoulou-Mourkidou Received: 21 March 2011 / Accepted: 16 August 2011 / Published online: 26 August 2011 Ó Springer Science+Business Media B.V. 2011 Abstract A laboratory study was conducted to of acibenzolar-S-methyl incubated in the presence of investigate the influence of four PGPR strains on PGPR strains spiked at 1.0 and 10.0 mg kg-1 were the degradation of five soil applied pesticides and 10.3–16.4 and 9.2–15.9 days, respectively, markedly their effects on bacterial growth. Interactions of lower compared with[34.2 days in the control. From Bacillus subtilis GB03, Bacillus subtilis FZB24, the rest pesticide",207,High,Review first: likely useful for pathway/protein evidence extraction.,Pesticide-specific microbial degradation candidate
Spirodiclofen,"In vitro metabolism of tebuconazole, flurtamone, fenhexamid, metalaxyl-M and spirodiclofen in Cannabis sativa L. (hemp) callus cultures..pdf",Received: 5 July 2021 Accepted article published: 26 July 2021 Published online in Wiley Online Library: 6 August 2021,10.1002/ps.6307; 10.1002/ps.6575; 10.1787/9789264061835-en,2019; 2020; 2021; 2025,,254,14,125,candidate_gene/enzyme_plus_pathway,,,/Volumes/WENTBROKE/Pesticide degradation database/pesticidepdf/Spirodiclofen/PesticideDB_curation_Spirodiclofen_20260707,58,23,23,2,0,0,0,"itive health effects of these cannabinoids. To satisfy the demand, C. sativa plants are prop agated in contained growth chambers. During indoor propagation, pesticides usually are used to ensure efﬁcient production. However, pesticide registration and safe application in C. sativa has not been investigated in detail. RESULTS: With this study the metabolic degradation of pesticides in recently established C. sativa callus cultures was examined. Tebuconazole, metalaxyl-M fenhexamid, ﬂurtamone and spirodiclofen were applied at 10 ∼M for 21 days. Results were com pared with metabolism data obtained from Brassica napus L., Glycine max (L.) Merr., Zea mays L. and Tritium aestivum L. callus cultures as well as in metabolism guideline studies. The successfully established C. sativa callus cultures were able to degrade pesticides by oxidation, demethylation, and cleavage of ester bonds in phase I",207,High,Review first: likely useful for pathway/protein evidence extraction.,Pesticide-specific microbial degradation candidate
Thiamethoxam,Biodegradation of soil-applied pesticides by selected strains of plant growth-promoting rhizobacteria (PGPR) and their effects on bacterial growth.pdf,Biodegradation (2012) 23:297–310,10.1007/s10532-011-9509-6,2009; 2010; 2011; 2012,B. amyloliquefaciens IN937a and; B. pumilus SE34 more; Bordetella sp. B9. Biodegradation; FZB24; GB03. The PGPR strains; IN937a,144,6,20,candidate_gene/enzyme_plus_pathway,,,/Volumes/WENTBROKE/Pesticide degradation database/pesticidepdf/Thiamethoxam/PesticideDB_curation_Thiamethoxam_20260707,23,21,20,1,0,0,1,"ubated in the presence of investigate the influence of four PGPR strains on PGPR strains spiked at 1.0 and 10.0 mg kg-1 were the degradation of five soil applied pesticides and 10.3–16.4 and 9.2–15.9 days, respectively, markedly their effects on bacterial growth. Interactions of lower compared with[34.2 days in the control. From Bacillus subtilis GB03, Bacillus subtilis FZB24, the rest pesticides studied degradation of propamoBacillus amyloliquefaciens IN937a and Bacillus carb hydrochloride and thiamethoxam was enhanced pumilus SE34 with two concentrations of acibenzo- in the presence of B. amyloliquefaciens IN937a and lar-S-methyl, metribuzin, napropamide, propamocarb B. pumilus SE34. Acibenzolar-S-methyl, propamohydrochloride and thiamethoxam in liquid culture carb hydrochloride and thiamethoxam significantly and soil microcosm were studied. The degradation of increased the PGPR growth",207,High,Review first: likely useful for pathway/protein evidence extraction.,Pesticide-specific microbial degradation candidate
Thiamethoxam,Lethal and Sublethal Toxicity of Thiamethoxam and Clothianidin Commercial Formulations to Soil Invertebrates in a Natural Soil.pdf,"Environmental Toxicology and Chemistry—Volume 38, Number 10—pp. 2111–2120, 2019",10.1002/etc.4521; 10.2903/j.efsa; 10.7717/peerj.2776,2016; 2017; 2018; 2019,,17,10,82,candidate_gene/enzyme_plus_pathway,,,/Volumes/WENTBROKE/Pesticide degradation database/pesticidepdf/Thiamethoxam/PesticideDB_curation_Thiamethoxam_20260707,58,12,2,8,0,0,0,"clothianidin (Titan™) was investigated using 3 soil invertebrate species: Oppia nitens, Eisenia andrei, and Folsomia candida. No adverse effects were observed for O. nitens at the highest tested concentrations (≥92 mg a.i./kg dry soil) after a 28‐d exposure. Exposure to clothianidin resulted in a 28‐d median inhibitory concentration (IC50) of 0.069 (95% conﬁdence limits: 0.039–0.12) mg/kg dry soil for F. candida, and a 56‐d IC50 of 0.26 (0.22–3.2) mg a.i./kg dry soil for E. andrei. Exposure to thiamethoxam was less toxic, with IC50s of 0.36 (0.19–0.66) and 3.0 (2.2–4.0) mg a.i./kg dry soil for F. candida and E. andrei reproduction, respectively. The observed toxicity for F. candida adult survival and reproduction and for E. andrei reproduction occurred at environmentally relevant concentrations. However, because clothianidin is a degradation product of thiamethoxam, and detection of clo",207,High,Review first: likely useful for pathway/protein evidence extraction.,Pesticide-specific microbial degradation candidate
Thiophanate-Methyl,Substrate sterilization with thiophanate-methyl and its biodegradation to carbendazim in oyster mushroom (Pleurotus ostreatus var. florida)..pdf,"See discussions, stats, and author profiles for this publication at: https://www.researchgate.net/publication/337848624",10.1002/fsn3.328; 10.1002/ps.759; 10.1007/s11356-019-07050-5; 10.1016/j.sjbs.2016,2017; 2018; 2019; 2020,with T5. The trend,19,5,15,candidate_gene/enzyme_plus_pathway,,,/Volumes/WENTBROKE/Pesticide degradation database/pesticidepdf/Thiophanate-Methyl/PesticideDB_curation_Thiophanate_Methyl_20260707,51,25,11,2,0,0,0,"See discussions, stats, and author profiles for this publication at: https://www.researchgate.net/publication/337848624 Substrate sterilization with thiophanate-methyl and its biodegradation to carbendazim in oyster mushroom (Pleurotus ostreatus var. ﬂorida) Article in Environmental Science and Pollution Research · January 2020 DOI: 10.1007/s11356-019-07050-5 CITATIONS READS 9 1,255 5 authors, including: Ved Parkash Parkash Sharma Anil Kumar Directorate of Mushroom Research ICAR-Directorate of Mushroom Research, Chambaghat, Solan (HP) 93 PUBLICATIONS 1,390 CITATIONS 86 PUBLICATIONS 278 CITATIONS SEE PROFILE SEE PROFILE Satish Kumar Anupam Barh Directorate of",207,High,Review first: likely useful for pathway/protein evidence extraction.,Pesticide-specific microbial degradation candidate
Trifloxystrobin,Kinetics and New Mechanism of Azoxystrobin Biodegradation by an iOchrobactrum anthropii Strain SH14..pdf,Kinetics and New Mechanism of Azoxystrobin,10.3390/microorganisms8050625,2017; 2018; 2019; 2020,Bacillus subtilis BSF01 and; Brevibacteriumaureum and its biochemical; CPN 1. Biodegradation 2008; CW3 from wastewater sludge; Figure SH14 alsoindicated 3; O. anthropi SH14 having,372,38,87,candidate_gene/enzyme_plus_pathway,,,/Volumes/WENTBROKE/Pesticide degradation database/pesticidepdf/Trifloxystrobin/PesticideDB_curation_Trifloxystrobin_20260707,11,11,11,2,0,0,0,"hway with the formation of N-(4,6-dimethoxypyrimidin-2-yl)-acetamide,2-amino-4 (4-chlorophenyl)-3-cyano-5,6-dimethyl-pyridine, and 3-quinolinecarboxylic acid,6,8-difluoro-4-hydroxy ethyl ester as the main intermediate products, which were further transformed without any persistent accumulative product. This is the first report of azoxystrobin degradation pathway in a microorganism. Strain SH14 also degraded other strobilurin fungicides, including kresoxim-methyl (89.4%), pyraclostrobin (88.5%), trifloxystrobin (78.7%), picoxystrobin (76.6%), and fluoxastrobin (57.2%) by following first-order kinetic model. Bioaugmentation of azoxystrobin-contaminated soils with strain SH14 remarkably enhanced the degradation of azoxystrobin, and its half-life was substantially reduced by 95.7 and 65.6 days in sterile and non-sterile soils, respectively, in comparison with the controls without strain SH14",207,High,Review first: likely useful for pathway/protein evidence extraction.,Pesticide-specific microbial degradation candidate
Glufosinate-Ammonium,Persistence and leachability of glufosinate-ammonium in a northern Ontario terrestrial environment..pdf,"3672 J. Agric. Food Chem. 1997, 45, 3672−3676",,1993; 1994; 1995; 1997,,80,4,34,candidate_gene/enzyme_plus_pathway,,,/Volumes/WENTBROKE/Pesticide degradation database/pesticidepdf/Glufosinate-Ammonium/PesticideDB_curation_Glufosinate_Ammonium_20260707,43,36,5,5,0,0,0,"3672 J. Agric. Food Chem. 1997, 45, 3672−3676 Persistence and Leachability of Glufosinate-Ammonium in a Northern Ontario Terrestrial Environment Marvin J. Faber,† Gerald R. Stephenson,*,† and Dean G. Thompson‡ Department of Environmental Biology, University of Guelph, Guelph, Ontario N1G 2W1, Canada, and Canadian Forest Service, Sault St. Marie, Ontario P6A 5M7, Canada The degradation and leaching potential of the herbicide [14C]glufosinate-ammonium [the ammonium salt of DL-homoalanin-4-yl(methyl)phosphinic acid] in a northern Ontario forest environment were examined. The DT50 and maximum le",206,High,Review first: likely useful for pathway/protein evidence extraction.,Pesticide-specific microbial degradation candidate
Trifloxystrobin,Safe Application of 75% Trifloxystrobin-Tebuconazole as Water-Dispersible Granules in Paddy Based on Residue and Dietary Risk Assessment..pdf,Safe Application of 75% Trifloxystrobin–Tebuconazole as,10.3390/molecules29010163,2021; 2022; 2023; 2024,,29,2,81,candidate_gene/enzyme_plus_pathway,,,/Volumes/WENTBROKE/Pesticide degradation database/pesticidepdf/Trifloxystrobin/PesticideDB_curation_Trifloxystrobin_20260707,97,21,8,1,0,1,0,"production region, ultimately affecting consumer health [8,9]. Trifloxystrobin is a respiratory inhibitor from the methoxyacrylic acid class of fungi cides. It is resistant to rainwater erosion and is utilized extensively to prevent and control diseases on crops, including apples, cucumbers, potatoes, and tomatoes [10,11]. Its mecha nism of action involves blocking the electron transfer chain within mitochondria, thereby inhibiting mitochondrial respiration [12]. Research findings indicate that trifloxystrobin is metabolized by plants into acid products after absorption (CGA321113). Furthermore, the toxicological significance of oximic acid surpasses that of its parent molecule [13]. Tri floxystrobin is a weak allergen and has irritating effects on the eyes [14]. Trifloxystrobin acid is highly toxic to some aquatic non-target organisms [15]. Research has revealed that acidic metabolites",206,High,Review first: likely useful for pathway/protein evidence extraction.,Pesticide-specific microbial degradation candidate
Thiamethoxam,Thiamethoxam degradation by Pseudomonas and Bacillus strains isolated from agricultural soils..pdf,Environ Monit Assess (2015) 187:300,10.1007/s10661-015-4532-4,2012; 2013; 2014; 2015,B-14 and its use; Brevundimonas sp. MJ15. data; IMBL 1.2 3.69; IMBL 1.2 48.38; IMBL 1.3 3.68; IMBL 1.3 45.36,75,2,12,candidate_gene/enzyme_plus_pathway,,,/Volumes/WENTBROKE/Pesticide degradation database/pesticidepdf/Thiamethoxam/PesticideDB_curation_Thiamethoxam_20260707,94,26,35,2,0,0,0,"Environ Monit Assess (2015) 187:300 DOI 10.1007/s10661-015-4532-4 Thiamethoxam degradation by Pseudomonas and Bacillus strains isolated from agricultural soils Shivnam Rana & Vikas Jindal & Kousik Mandal & Gurpreet Kaur & V. K. Gupta Received: 1 September 2014 / Accepted: 12 April 2015 # Springer International Publishing Switzerland 2015 Abstract Twelve bacterial species were evaluated to reduced in the presence of easily metabolize able carbon know the degradation pattern of thiamethoxam in liquid (C0 and C1) and nitrogen ((N0, N1 and N2) sources. This medium. All the ba",204,High,Review first: likely useful for pathway/protein evidence extraction.,Pesticide-specific microbial degradation candidate
Triazophos,"Isolation and characterization of organophosphorus phosphatases from iBacillus thuringiensisi MB497 capable of degrading Chlorpyrifos, Triazophos and Dimethoate..pdf",Contents lists available at ScienceDirect,10.1016/j.heliyon.2020.e04221,2017; 2018; 2019; 2020,BSAR-1 for bio; Bacillus thuringiensis MB497; Bacillus thuringiensis MB497 was; MB497; MB497 as analyzed by; MB497 at different incubation,39,98,53,candidate_gene/enzyme_plus_pathway,,,/Volumes/WENTBROKE/Pesticide degradation database/pesticidepdf/Triazophos/PesticideDB_curation_Triazophos_20260707,8,5,5,8,0,0,0,"ghest at pH 11 and at 45–50 C. However, activity and stability of OPP was highest at 37 C Organophosphate Pesticide and reduced at higher temperatures. OPP production was decreased after 48 h of incubation. Largely, OPP activity was inhibited by SDS and EDTA and signiﬁcantly enhanced by metals (Znþþ, Cuþþ and Cdþþ). Both acidic and alkaline OPPs were capable of bio-precipitation of selected metals (Ni, Mn, Cr and Cd) up to 86–100%. When used against 50 mg/l of three OP pesticides (Chlorpyrifos, Triazophos, and Dimethoate), 81–94.6% degradation of pesticides was observed by alkaline OPP, while acidic OPP showed less degradation (61–70.5%) within 30 min of incubation. 1. Introduction activity [5]. Similarly, another much effective OP degrading enzyme related to OP hydrolases is OpdA originally extracted from Agrobacterium Enzymatic detoxiﬁcation of organophosphate pesticides and other radi",204,High,Review first: likely useful for pathway/protein evidence extraction.,Pesticide-specific microbial degradation candidate
Trifloxystrobin,"Simultaneous determination of tebuconazole, trifloxystrobin, and its metabolite trifloxystrobin acid residues in gherkin under field conditions..pdf",Mariappan Paramasivam Research Article,10.1002/jssc.201401022,2013; 2014; 2015; 2025,,37,1,32,candidate_gene/enzyme_plus_pathway,,,/Volumes/WENTBROKE/Pesticide degradation database/pesticidepdf/Trifloxystrobin/PesticideDB_curation_Trifloxystrobin_20260707,50,33,14,2,0,0,0,"002/jssc.201401022 by Saru Gurung - Sun Moon University , Wiley Online Library on [07/06/2025]. See the Terms and Conditions (https://onlinelibrary.wiley.com/terms-and-conditions) on Wiley Online Library for rules of use; OA articles are governed by the applicable Creative Commons License 958 J. Sep. Sci. 2015, 38, 958–964 Mariappan Paramasivam Research Article Chellamuthu Selvi Manthirachalam Deepa Samiyannan A. Jayaprakash Simultaneous determination of Subramanian Chandrasekaran tebuconazole, trifloxystrobin, and its Pesticide Toxicology Laboratory, metabolite trifloxystrobin acid residues Department of Agricultural Entomology,Tamil Nadu in gherkin under field conditions Agricultural University, Coimbatore, Tamil Nadu A rapid, simple, and selective analytical method for the simultaneous determination of tebuconazole, trifloxystrobin, and its metabolite trifloxystrobin acid residues in",203,High,Review first: likely useful for pathway/protein evidence extraction.,Pesticide-specific microbial degradation candidate
Propamocarb,Overexpression of CsHMGB Alleviates Phytotoxicity and Propamocarb Residues in Cucumber.pdf,published: 12 June 2020,10.1007/978-3-319-74057-7_7; 10.1007/BF00386001; 10.1007/bf01415704; 10.1007/s00018-007-7162-3,2017; 2018; 2019; 2020,GV3101; method. PDS To determine,19,141,14,candidate_gene/enzyme_plus_pathway,,,/Volumes/WENTBROKE/Pesticide degradation database/pesticidepdf/Propamocarb/PesticideDB_curation_Propamocarb_20260707,161,5,7,38,1,0,0,"Horticultural Crops (Northeast Region), Northeast Agricultural University, Harbin, China, 2 College of Horticulture, Fujian Provincial Key Laboratory of Haixia Applied Plant Systems Biology, Fujian Agriculture and Forestry University, Fuzhou, China Cucumber (Cucumis sativus L.) is one of the most economically important fruits of the Cucurbitaceae family, therefore consideration of potential pesticide residues in the fruit in the context of cucumber breeding and production programs is important. Propamocarb (a pesticide commonly used to prevent downy mildew) is widely used in cucumber cultivation, but the molecular mechanism underlying the degradation and metabolism of propamocarb in cucumber is not well understood. We screened a Edited by: candidate CsHMGB gene (CsaV3-5G28190) for response to propamocarb exposure Raul Antonio Sperotto, using transcriptome data. The coding region of CsHMG",202,High,Review first: likely useful for pathway/protein evidence extraction.,Pesticide-specific microbial degradation candidate
Thiamethoxam,Application of melatonin and PGPR alleviates thiamethoxam induced toxicity by regulating the TCA cycle in iBrassica junceai L..pdf,Contents lists available at ScienceDirect,10.1016/j.sjbs.2022.01.039,2019; 2020; 2021; 2022,MTCC 3315; MTCC 3315 PGPR in; inoculation 43 species of; was cultured by adding,14,30,27,candidate_gene/enzyme_plus_pathway,,,/Volumes/WENTBROKE/Pesticide degradation database/pesticidepdf/Thiamethoxam/PesticideDB_curation_Thiamethoxam_20260707,87,4,14,23,1,0,0,"ing Saud University. This is an open access article under the CC BY-NC-ND license (http://creativecommons.org/licenses/by-nc-nd/4.0/). S. Jan, B. Singh, R. Bhardwaj et al. Saudi Journal of Biological Sciences 29 (2022) 1348–1354 including Brassica juncea L. to protect from intruding insects such of plants to pesticide toxicity. Organic acids are bio-synthetic preas leaf-hoppers, aphids, thrips and white-flies (Yadav et al., cursors for various bio-molecules. Profuse evidences demonstrate 2019). Thiamethoxam metabolism has already been reported in that organic acids accrue during abiotic stress condition such as various plants including banana (Suganthi et al., 2018) and pepper salinity (Huangfu et al., 2021), and biotic stress (Khanna et al., (Mei et al., 2019). In citrus fruits 0.061 mg/kg thiamethoxam resi- 2019) in plants. The PGPR have also been significantly known to dues were detec",201,High,Review first: likely useful for pathway/protein evidence extraction.,Pesticide-specific microbial degradation candidate
Thiophanate-Methyl,Self-assembled thiophanate-methylstar polycation complex prevents plant cell-wall penetration and fungal carbon utilization during cotton infection by Verticillium dahliae..pdf,Contents lists available at ScienceDirect,10.1016/j.ijbiomac.2023.124354,2020; 2021; 2022; 2023,and treated with various; treated with the TM; was Aldrich; was applied instead of; was found to be; was used to evaluate,15,83,20,candidate_gene/enzyme_plus_pathway,,,/Volumes/WENTBROKE/Pesticide degradation database/pesticidepdf/Thiophanate-Methyl/PesticideDB_curation_Thiophanate_Methyl_20260707,17,2,12,10,0,0,0,"N F O A B S T R A C T Keywords: No effective fungicides are available for the management of Verticillium dahliae, which causes vascular wilt Cotton disease. In this study, a star polycation (SPc)-based nanodelivery system was used for the first time to develop a Drug delivery thiophanate-methyl (TM) nanoagent for the management of V. dahliae. SPc spontaneously assembled with TM Nanopesticide through hydrogen bonding and Van der Waals forces to decrease the particle size of TM from 834 to 86 nm. Thiophanate-methyl Verticillium wilt Compared to TM alone, the SPc-loaded TM further reduced the colony diameter of V. dahliae to 1.12 and 0.64 cm, and the spore number to 1.13 × 108 and 0.72 × 108 cfu/mL at the concentrations of 3.77 and 4.71 mg/L, respectively. The TM nanoagents disturbed the expression of various crucial genes in V. dahliae, and contributed to preventing plant cell-wall degrada",201,High,Review first: likely useful for pathway/protein evidence extraction.,Pesticide-specific microbial degradation candidate
Vinclozolin,Alterations in the developing testis transcriptome following embryonic vinclozolin exposure..pdf,Reprod Toxicol. Author manuscript; available in PMC 2011 November 1.,10.1016/j.reprotox.2010.05.086,2008; 2009; 2010; 2011,,5,277,51,candidate_gene/enzyme_plus_pathway,,,/Volumes/WENTBROKE/Pesticide degradation database/pesticidepdf/Vinclozolin/PesticideDB_curation_Vinclozolin_20260707,160,6,10,34,2,0,0,"ntersex disorders, or sex reversal [reviewed in [13–15]]. The embryonic environment and exposures to chemicals such as endocrine disrupting compounds can also alter development and decrease reproductive capacity [16]. Endocrine disrupting compounds can act as hormone agonists or antagonists and have been implicated in a host of reproductive abnormalities in wildlife and human populations [17– 21]. Several endocrine disrupting compounds have been shown to inhibit male sexual development [22–24]. Vinclozolin is one such compound that is used as a fungicide for turfgrass, ornamental plants, grapes and other fruits and vegetables [24]. Vinclozolin and its major metabolites, enanilide and butenoic acid, act as anti-androgens by inhibiting androgen receptor (AR) activity [24,25]. AR activity is required for male reproductive development and expression of AR first appears in testis and reproduc",201,High,Review first: likely useful for pathway/protein evidence extraction.,Pesticide-specific microbial degradation candidate
Vinclozolin,Monitoring degradation of dicarboximidic fungicide residues in soils..pdf,"J. Agric. Food Chem. 1998, 46, 2845−2850 2845",,1995; 1996; 1997; 1998,,47,2,2,candidate_gene/enzyme_plus_pathway,,,/Volumes/WENTBROKE/Pesticide degradation database/pesticidepdf/Vinclozolin/PesticideDB_curation_Vinclozolin_20260707,26,20,23,2,0,0,0,"J. Agric. Food Chem. 1998, 46, 2845−2850 2845 Monitoring Degradation of Dicarboximidic Fungicide Residues in Soils Joan Garcia-Cazorla† and Maria Xirau-Vayreda*,‡ Head of Section, Institut Català de la Vinya i el Vi, Amàlia Soler 29, 08720 Vilafranca del Penedès, Spain, and Professor of Analytical Chemistry, Department of Analytical Chemistry, Faculty of Pharmacy, University of Barcelona, Avinguda Diagonal s/n, 08028 Barcelona, Spain Iprodione, procymidone, and vinclozolin are dicarboximidic fungicides commonly used in preharvest viticulture treatments to prevent gray mold (Botrytis) and other fungal diseases. The aim of this study is to determine the degradation of these fungicides in five vineyard soils of Penedès after three treatments at 100-day intervals with commercial formulations under laboratory conditions. The analyses were conducted over a period beginning the same day of",201,High,Review first: likely useful for pathway/protein evidence extraction.,Pesticide-specific microbial degradation candidate
Ametoctradin,Modification of the existing maximum residue level for ametoctradin in honey..pdf,ADOPTED: 4 November 2021,10.2903/j.efsa.2012.2921; 10.2903/j.efsa.2018.5147; 10.2903/j.efsa.2020.5990; 10.2903/j.efsa.2021,2020; 2021; 2022; 2025,,95,14,80,candidate_gene/enzyme_plus_pathway,,,/Volumes/WENTBROKE/Pesticide degradation database/pesticidepdf/Ametoctradin/PesticideDB_curation_Ametoctradin_20260707,147,13,5,4,0,0,0,"EFSA) on 29 June 2021. The EMS proposed to raise the existing MRL from the limit of quantiﬁcation (LOQ) of 0.05 to 5 mg/kg. EFSA assessed the application and the evaluation report as required by Article 10 of the MRL regulation. Based on the conclusions derived by EFSA in the framework of Directive 91/414/EEC, the data evaluated under previous MRL assessment and the additional data provided by the EMS in the framework of this application, the following conclusions are derived. The metabolism of ametoctradin following foliar application was investigated in crops belonging to the groups of fruit, leafy and root crops. In the crops tested, the parent compound was the main residue, with evident presence of metabolites M650F03 and M650F04 in root crops from soil uptake. Studies investigating the effect of processing on the nature of ametoctradin (hydrolysis studies) demonstrated that the acti",199,High,Review first: likely useful for pathway/protein evidence extraction.,Pesticide-specific microbial degradation candidate
Ametoctradin,Modification of the existing maximum residue levels for ametoctradin in herbs and edible flowers..pdf,Modiﬁcation of the existing maximum residue levels for,10.2903/j.efsa; 10.2903/j.efsa.2007.32r; 10.2903/j.efsa.2009.1367; 10.2903/j.efsa.2012.2921,2015; 2016; 2017; 2025,,38,9,51,candidate_gene/enzyme_plus_pathway,,,/Volumes/WENTBROKE/Pesticide degradation database/pesticidepdf/Ametoctradin/PesticideDB_curation_Ametoctradin_20260707,110,14,5,4,0,0,0,"e limit of quantiﬁcation (LOQ) to 20 mg/kg. EFSA based its assessment on the evaluation report submitted by the EMS, the draft assessment report (DAR) and its addendum prepared under Directive 91/414/EEC, the Commission review report on ametoctradin, the conclusion on the peer review of the pesticide risk assessment of the active substance ametoctradin, the Joint Meeting on Pesticide Residues (JMPR) evaluation report as well as the conclusions from previous EFSA opinions and scientiﬁc report on ametoctradin. The metabolism of ametoctradin following foliar applications was investigated in crops belonging to the groups of fruits, root and leafy vegetables. Studies investigating the effect of processing on the nature of ametoctradin (hydrolysis studies) demonstrated that the active substance is stable. In rotational crops, the major residues identiﬁed were the soil metabolites M650F03 and M",199,High,Review first: likely useful for pathway/protein evidence extraction.,Pesticide-specific microbial degradation candidate
Isopyrazam,Review of the existing maximum residue levels for isopyrazam according to Article 12 of Regulation (EC) No 3962005..pdf,APPROVED: 11 June 2021,10.2903/j.efsa.2010.1785; 10.2903/j.efsa.2011.2134; 10.2903/j.efsa.2012; 10.2903/j.efsa.2013.3165,2019; 2020; 2021; 2025,,76,17,95,candidate_gene/enzyme_plus_pathway,,,/Volumes/WENTBROKE/Pesticide degradation database/pesticidepdf/Isopyrazam/PesticideDB_curation_Isopyrazam_20260707,275,19,1,8,0,0,0,"Based on the information provided by the RMS, Member States, the UK and the EURLs, and taking into account the conclusions derived by EFSA in the framework of Commission Regulation (EU) No 188/2011, EFSA prepared in March 2021 a draft reasoned opinion, which was circulated to Member States and EURLs for consultation via a written procedure. Comments received by 29 April 2021 were considered during the ﬁnalisation of this reasoned opinion. The following conclusions are derived. The metabolism of isopyrazam in plant was investigated in primary and rotational crops. According to the results of the metabolism studies, the residue deﬁnition for enforcement can be proposed as isopyrazam (sum of isomers) and for risk assessment as sum of isopyrazam (sum of isomers) and its metabolite CSCD459488 (free and conjugated), expressed as isopyrazam. These residue deﬁnitions are also applicable to proce",199,High,Review first: likely useful for pathway/protein evidence extraction.,Pesticide-specific microbial degradation candidate
Penthiopyrad,Review of the existing maximum residue levels for penthiopyrad according to Article 12 of Regulation (EC) No 3962005..pdf,APPROVED: 27 July 2021,10.2903/j.efsa; 10.2903/j.efsa.2012.2948; 10.2903/j.efsa.2013.3312; 10.2903/j.efsa.2014.3737,2019; 2020; 2021; 2025,DSMZ 13134 in or; VC1; VX1,246,127,261,candidate_gene/enzyme_plus_pathway,,,/Volumes/WENTBROKE/Pesticide degradation database/pesticidepdf/Penthiopyrad/PesticideDB_curation_Penthiopyrad_20260707,340,11,5,4,0,0,0,"the UK and the EURLs, and taking into account the conclusions derived by EFSA in the framework of Commission Regulation (EU) No 188/2011 and the MRLs established by the Codex Alimentarius Commission, EFSA prepared in April 2021 a draft reasoned opinion, which was circulated to Member States and EURLs for consultation via a written procedure. Comments received by 13 May 2021 were considered during the ﬁnalisation of this reasoned opinion. The following conclusions are derived. The metabolism of penthiopyrad in plants was investigated in primary and rotational crops. There was no preferential isomeric degradation in plant commodities. According to the results of the metabolism studies, the residue deﬁnition for enforcement is proposed as penthiopyrad while for risk assessment, two residue deﬁnitions are proposed: (1) sum of penthiopyrad and metabolite 753-A-OH, expressed as penthiopyrad a",199,High,Review first: likely useful for pathway/protein evidence extraction.,Pesticide-specific microbial degradation candidate
Vinclozolin,"Degradation of chloroneb, triadimefon, and vinclozolin in soil, thatch, and grass clippings..pdf",Bull. Environ. Contam. Toxicol. (1994) 53:536-542 Snvironrnental,,1990; 1991; 1993; 1994,,31,4,0,candidate_gene/enzyme,,,/Volumes/WENTBROKE/Pesticide degradation database/pesticidepdf/Vinclozolin/PesticideDB_curation_Vinclozolin_20260707,34,23,26,2,0,0,0,"Bull. Environ. Contam. Toxicol. (1994) 53:536-542 Snvironrnental 9 1994 Springer-Verlag New York Inc. i Contamination and Toxicology Degradation of Chloroneb, Triadimefon, and Vinclozolin in Soil, Thatch, and Grass Clippings E. K. Frederick, ~,2 M. Bischoff, ~ C. S. Throssell, 2 R. F. Turco ~ 1Laboratory for Soil Microbiology, Department of Agronomy, Purdue University, West Lafayette, Indiana 47907-1150, USA 2Turfgrass Science, Department of Agronomy, Purdue University, West Lafayette, Indiana 47907-1150, USA Received: 30 September 1993/Accepted:27 March 1994 It is a common practice to use fungicides as a turfgrass management tool on golf courses. Commonly, putting greens, tees,",199,High,Review first: likely useful for pathway/protein evidence extraction.,Pesticide-specific microbial degradation candidate
Penthiopyrad,"Simultaneous determination of penthiopyrad enantiomers and its metabolite in vegetables, fruits, and cereals using ultra-high performance liquid chromatography-tandem mass spectrometry..pdf",ISSN 1615-9306 · JSSCCJ 45 (2) 2022 · Vol. 45 · No. 2 · January 2022,10.1002/jssc.202100446,2020; 2021; 2022; 2025,,38,4,42,candidate_gene/enzyme_plus_pathway,,,/Volumes/WENTBROKE/Pesticide degradation database/pesticidepdf/Penthiopyrad/PesticideDB_curation_Penthiopyrad_20260707,106,27,4,5,0,0,0,"://analyticalsciencejournals.onlinelibrary.wiley.com/doi/10.1002/jssc.202100446 by Saru Gurung - Sun Moon University , Wiley Online Library on [10/06/2025]. See the Terms and Conditions (https://onlinelibrary.wiley.com/terms-and-conditions) on Wiley Online Library for rules of use; OA articles are governed by the applicable Creative Commons License Received: 15 June 2021 Revised: 25 October 2021 Accepted: 26 October 2021 DOI: 10.1002/jssc.202100446 RESEARCH ARTICLE Simultaneous determination of penthiopyrad enantiomers and its metabolite in vegetables, fruits, and cereals using ultra-high performance liquid chromatography–tandem mass spectrometry Tingting Zhao2 Yu Liu2 Hongwu Liang2 Li Li1 Kaiwei Shi4 Jia Wang2 Yuke Zhu3 Cheng Ma3 1 College of Plant Protection, Shanxi Agricultural University, Taiyuan, Penthiopyrad is a novel succinate dehydrogenase inhibitor that has one chiral P. R. Chi",198,High,Review first: likely useful for pathway/protein evidence extraction.,Pesticide-specific microbial degradation candidate
Thiamethoxam,"The route and rate of thiamethoxam soil degradation in laboratory and outdoor incubated tests, and field studies following seed treatments or spray application..pdf",Received: 21 September 2017 Revised: 20 July 2018 Accepted article published: 9 August 2018 Published online in Wiley Online Library: 3 October 2018,10.1002/ps.5168; 10.1371/journal.pone.0097081,2016; 2017; 2018; 2019,,155,7,38,candidate_gene/enzyme_plus_pathway,,,/Volumes/WENTBROKE/Pesticide degradation database/pesticidepdf/Thiamethoxam/PesticideDB_curation_Thiamethoxam_20260707,184,36,15,3,1,0,0,"Research Article Received: 21 September 2017 Revised: 20 July 2018 Accepted article published: 9 August 2018 Published online in Wiley Online Library: 3 October 2018 (wileyonlinelibrary.com) DOI 10.1002/ps.5168 The route and rate of thiamethoxam soil degradation in laboratory and outdoor incubated tests, and ﬁeld studies following seed treatments or spray application Martin J Hilton,a* Simon N Emburey,b Paul A Edwards,b Christine Douganb and Dean C Rickettsb Abstract BACKGROUND: The route and rate of degradation of thiamethoxam in the laboratory and ﬁeld was investigated. The eﬀect of dark incubation versus light/dark cycles, seed treatment versus spray, and watering-in for spray application was explored in side-by-side trials. RESULTS",197,High,Review first: likely useful for pathway/protein evidence extraction.,Pesticide-specific microbial degradation candidate
Vinclozolin,Long-term studies of fungicide concentrations in greenhouses. 1. Technique for determining surficial foliar residues of fungicides with vinclozolin and triadimefon as model compounds..pdf,"J. Agric. Food Chem. 1995, 43, 157-164 157",,1991; 1992; 1994; 1995,,13,6,41,candidate_gene/enzyme_plus_pathway,,,/Volumes/WENTBROKE/Pesticide degradation database/pesticidepdf/Vinclozolin/PesticideDB_curation_Vinclozolin_20260707,41,13,35,3,1,0,0,"zolin and triadimefon as model substances and starts with solvation of the fungicides with ethanol from the surface. It proceeds by collection of the solution on disks of cloth, disk extraction with excess of ethanol, evaporation of the solution to dryness, and addition of l-chlorobutane and ends finally with HPLC determination. Validations of the evaporation step, the desorption of analyte from the disks, and the whole procedure were performed separately. The whole procedure gave recoveries of vinclozolin and triadimefon on leaves of 74% (RSD 4.2%) and 79% (RSD 5.0%), respectively, and on hard surfaces around 90% (RSD ca. 6 %) for both substances. The losses in the evaporation and in the desorption step were small, the major losses occurring when the fungicide was collected from the surface. Also, some degradation products of vinclozolin and triadimefon, i.e., 3,5-dichloroaniline, triad",197,High,Review first: likely useful for pathway/protein evidence extraction.,Pesticide-specific microbial degradation candidate
Abamectin,Photodegradation of the acaricide abamectin a kinetic study..pdf,"J. Agric. Food Chem. 2008, 56, 7355–7359 7355",10.1021/jf8014848,2005; 2006; 2007; 2008,,48,8,24,candidate_gene/enzyme_plus_pathway,,,/Volumes/WENTBROKE/Pesticide degradation database/pesticidepdf/Abamectin/PesticideDB_curation_Abamectin_20260707,29,27,5,9,2,0,0,"J. Agric. Food Chem. 2008, 56, 7355–7359 7355 Photodegradation of the Acaricide Abamectin: A Kinetic Study JUAN PABLO ESCALADA,† JOSÉ GIANOTTI,† ADRIANA PAJARES,† WALTER A. MASSAD,‡ FRANCISCO AMAT-GUERRI,§ AND NORMAN A. GARCÍA*,‡ Unidad Académica Río Gallegos, Universidad Nacional de la Patagonia Austral, 9400 Río Gallegos, Argentina, Departamento de Química, Universidad Nacional de Río Cuarto, 5800 Río Cuarto, Argentina, and Instituto de Química Orgánica, CSIC, Juan de la Cierva 3, 28006 Madrid, Spain The acaricide abamectin is a mixture of two colorless homologues in a molar ra",195,High,Review first: likely useful for pathway/protein evidence extraction.,Pesticide-specific microbial degradation candidate
Imazamox,Development of a new test design to investigate the degradation of pesticides in soil under sunlight conditions.pdf,Hassink et al. Environmental Sciences Europe (2024) 36:151 Environmental Sciences Europe,10.1186/s12302-024-00974-x,2019; 2022; 2023; 2024,,53,10,29,candidate_gene/enzyme_plus_pathway,,,/Volumes/WENTBROKE/Pesticide degradation database/pesticidepdf/Imazamox/PesticideDB_curation_Imazamox_20260707,22,15,7,6,2,0,0,"is simu by direct irradiation is common practice, but the control of the boundary conditions, i.e. soil temperature and mois ture, to maintain the structure and viability of the soil is challenging. A homogeneous and stable soil microclimate is crucial to compare the degradation data of the test item from the irradiated soil samples to the dark controls as well as to the results from the aerobic soil metabolism study. After trying different scale-up test systems with the UV-sensi tive herbicide imazamox as comparative test item, a new soil photolysis test system was developed which is manage to the soil moisture and temperature. For this, the solar simulator SolarConstant® 1200, equipped with metal halide able in the laboratory and enables a more favorable management of the boundary conditions, especially with regard lamps Radium HRI-TS 1000W/D/S/PRO, was installed by Atlas Ametek (Germa",195,High,Review first: likely useful for pathway/protein evidence extraction.,Pesticide-specific microbial degradation candidate
Penthiopyrad,Comparative Biological Half-Life of Penthiopyrad and Tebufenpyrad in Angelica Leaves and Establishment of Pre-Harvest Residue Limits (PHRLs)..pdf,Comparative Biological Half-Life of Penthiopyrad and,10.3390/foods13111742,2021; 2022; 2023; 2024,of Tetranychus urticae Koch,7,3,34,candidate_gene/enzyme_plus_pathway,,,/Volumes/WENTBROKE/Pesticide degradation database/pesticidepdf/Penthiopyrad/PesticideDB_curation_Penthiopyrad_20260707,111,4,7,5,0,1,0,"eeded 10 (n = 4). The calibration curve ranged from 0.0025–0.25 mg/L, which corresponds to 0.005–0.5 mg/kg in angelica leaves. No weighting factor was utilized. The correlation coefficients (r2 ) of 0.9999 were observed for both pesticides, indicating a satisfactory level of linearity. The recovery study was conducted at 0.01 and 0.1 mg/kg, as well as at the concen trations of the MRL. Following the SANTE guidelines (70–120% with RSD ≤ 20%) [32], the results showed acceptable average values for penthiopyrad; 104.1, 94.5, and 99.6% (with RSD ≤ 2.0%), and for tebufenpyrad; 107.1, 108.1, and 104.1% (with RSD ≤ 2.6%). The tebufenpyrad recovery at 20 mg/kg, which exceeded the highest calibration point, was additionally confirmed due to the residue study. The dilution method for tebufen pyrad demonstrated accuracy by achieving a recovery rate of 111.4% (RSD 2.0%). The storage stability study w",195,High,Review first: likely useful for pathway/protein evidence extraction.,Pesticide-specific microbial degradation candidate
Propamocarb,"Microbial degradation of the carbamate pesticides desmedipham, phenmedipham, promecarb, and propamocarb..pdf","Bull. Environm. Contain. Toxicol. 27, 529-533 (1981)",,1971; 1972; 1976; 1981,,16,1,9,candidate_gene/enzyme_plus_pathway,,,/Volumes/WENTBROKE/Pesticide degradation database/pesticidepdf/Propamocarb/PesticideDB_curation_Propamocarb_20260707,9,8,9,1,0,0,0,"Bull. Environm. Contain. Toxicol. 27, 529-533 (1981) Microbial Degradation of the Carbamate Pesticides Desmedipham, Phenmedipham, Promecarb, and Propamocarb 1 Charles O. Knowles and Herman J. Benezet Department of Entomology, University of Missouri, Columbia, MO 65211 Many chemicals used to control pests come into contact with soil where they are attacked by various chemical and biological agents that can influence their bioactivity and persistence. Soil microorganisms play an important role in this connection. Depending upon the molecular configuration of the pesticide, microbial attack can increase or decrease bioactivity. With regard to persiste",195,High,Review first: likely useful for pathway/protein evidence extraction.,Pesticide-specific microbial degradation candidate
Fluxapyroxad,Modification of the existing maximum residue levels for fluxapyroxad in kakiJapanese persimmons and cultivated mushrooms..pdf,Adopted: 11 March 2024,10.2903/j.efsa.2024.8696,2022; 2023; 2024; 2025,,26,10,64,candidate_gene/enzyme_plus_pathway,,,/Volumes/WENTBROKE/Pesticide degradation database/pesticidepdf/Fluxapyroxad/PesticideDB_curation_Fluxapyroxad_20260707,130,19,15,0,0,0,0,"e reasoned opinion. Based on the conclusions derived by EFSA in the framework of Directive 91/414/EEC, the data evaluated under previous MRL assessments, and the additional data provided by each EMS in the framework of the two applications, the following conclusions are derived. The metabolism of fluxapyroxad following foliar applications was investigated in crops belonging to the groups of fruit crops, cereals/grass and pulses/oilseeds and following seed treatment in cereals. The metabolism of fluxapyroxad in rotational crops was investigated in root/tuber, leafy and cereal crops after bare soil applications. Studies investigating the effect of processing on the nature of fluxapyroxad (hydrolysis studies) demonstrated that the a.s. is stable. Based on the metabolic pattern identified in metabolism studies, hydrolysis studies and the toxicological relevance of metabolites, the residue de",191,High,Review first: likely useful for pathway/protein evidence extraction.,Pesticide-specific microbial degradation candidate
Mandipropamid,Setting of an import tolerance for mandipropamid in cocoa beans..pdf,APPROVED: 31 October 2018,10.2903/j.efsa; 10.2903/j.efsa.2018.5147; 10.2903/j.efsa.2018.5284; 10.2903/j.efsa.2018.5491,2016; 2017; 2018; 2025,,22,14,37,candidate_gene/enzyme_plus_pathway,,,/Volumes/WENTBROKE/Pesticide degradation database/pesticidepdf/Mandipropamid/PesticideDB_curation_Mandipropamid_20260707,94,20,4,4,0,0,0,"Bouza Abstract In accordance with Article 6 of Regulation (EC) No 396/2005, the applicant Syngenta Agro GmbH submitted a request to the competent national authority in Austria to set a maximum residue level (MRL) for the active substance mandipropamid in cocoa beans imported from Nigeria and Cameroon. The data submitted in support of the request were found to be sufﬁcient to derive a MRL proposal of 0.06 mg/kg. Adequate analytical methods for enforcement are available to control the residues of mandipropamid on the commodity under consideration at the validated limit of quantiﬁcation (LOQ) of 0.01 mg/kg. Based on the risk assessment results, EFSA concluded that the long-term intake of residues resulting from the use of mandipropamid according to the reported agricultural practice is unlikely to present a risk to consumer health. The consumer risk assessment is affected by non-standard un",191,High,Review first: likely useful for pathway/protein evidence extraction.,Pesticide-specific microbial degradation candidate
Penthiopyrad,"Dissipation, residue, stereoselectivity and dietary risk assessment of penthiopyrad and metabolite PAM on cucumber and tomato in greenhouse and field..pdf",Food Chemistry 387 (2022) 132875,10.1002/ps.2287; 10.1007/BF02492120; 10.1016/j; 10.1016/j.agee.2021.107370,2019; 2020; 2021; 2022,,14,5,23,candidate_gene/enzyme_plus_pathway,,,/Volumes/WENTBROKE/Pesticide degradation database/pesticidepdf/Penthiopyrad/PesticideDB_curation_Penthiopyrad_20260707,119,15,18,0,0,0,0,"Food Chemistry 387 (2022) 132875 Contents lists available at ScienceDirect Food Chemistry journal homepage: www.elsevier.com/locate/foodchem Dissipation, residue, stereoselectivity and dietary risk assessment of penthiopyrad and metabolite PAM on cucumber and tomato in greenhouse and field Guangqian Yang , Jianmin Li , Tingting Lan , Li Dou , Kankan Zhang * State Key Laboratory Breeding Base of Green Pesticide and Agricultural Bioengineering, Key Laboratory of Green Pesticide and Agricultural Bioengineering, Ministry of Education, Guizhou University, Guiyang 550025, China A R T I C L E I N F O A B S T R A C T Keywords: Penthiopyrad is a broad-spectrum fungicide with wide application in agriculture with preferential",191,High,Review first: likely useful for pathway/protein evidence extraction.,Pesticide-specific microbial degradation candidate
Thiamethoxam,Degradation Processes of Pesticides Used in Potato Cultivations..pdf,Degradation Processes of Pesticides,10.1002/cbf.1411; 10.1002/jms.1204; 10.1002/tox.20415; 10.1007/3-540-26531-7_46,2013; 2014; 2015; 2016,BSF01; Bacillus subtilis BSF01 and; Brevibacterium aureum and its; CPN 1. Biodegradation 19; DeI-1 and DeII 2; DeI-1 was more effective,526,36,235,candidate_gene/enzyme_plus_pathway,,,/Volumes/WENTBROKE/Pesticide degradation database/pesticidepdf/Thiamethoxam/PesticideDB_curation_Thiamethoxam_20260707,36,30,17,8,4,0,1,"Degradation Processes of Pesticides Used in Potato Cultivations M. Kurek, H. Barchańska, and M. Turek Contents 1 Introduction 2 Pesticides 3 Degradation of Pesticides 4 Thiamethoxam 4.1 Abiotic Degradation of Thiamethoxam 4.2 Biodegradation of Thiamethoxam 4.3 Toxicity of Thiamethoxam 5 Lambda-Cyhalothrin and Deltamethrin 5.1 Abiotic Degradation of Lambda-Cyhalothrin 5.2 Biodegradation of Lambda-Cyhalothrin 5.3 Toxicity of Lambda-Cyhalothrin 5.4 Abiotic Degradation of Deltamethrin 5.5 Biodegradation of Deltamethrin 5.6 Toxicity of Deltamethrin 6 Rimsulfuron 6.1 Abiotic Degradation of Rimsulfuron 6.2 Biodegradation of Rimsulfuron 6.3 Toxicity of Rimsulfuron 7 Metalaxyl 7.1",191,High,Review first: likely useful for pathway/protein evidence extraction.,Pesticide-specific microbial degradation candidate
Triazophos,Quantitative Modeling of the Degradation of Pesticide Residues in Wheat Flour Supply Chain..pdf,Quantitative Modeling of the Degradation of Pesticide,10.3390/foods12040788,2020; 2021; 2022; 2023,,96,7,33,candidate_gene/enzyme_plus_pathway,,,/Volumes/WENTBROKE/Pesticide degradation database/pesticidepdf/Triazophos/PesticideDB_curation_Triazophos_20260707,44,24,2,5,0,0,1,"China * Correspondence: xiaojs@btbu.edu.cn; Tel.: +86-134-3687-7820 Abstract: Pesticide residues in grain products are a major issue due to their comprehensive and long-term impact on human health, and quantitative modeling on the degradation of pesticide residues facilitate the prediction of pesticide residue level with time during storage. Herein, we tried to study the effect of temperature and relative humidity on the degradation profiles of five pesticides (carbendazim, bensulfuron methyl, triazophos, chlorpyrifos, and carbosulfan) in wheat and flour and establish quantitative models for prediction purpose. Positive samples were prepared by spraying the corresponding pesticide standards of certain concentrations. Then, these positive samples were stored at different combinations of temperatures (20 ◦ C, 30 ◦ C, 40 ◦ C, 50 ◦ C) and relative humidity (50%, 60%, 70%, 80%). Samples were",191,High,Review first: likely useful for pathway/protein evidence extraction.,Pesticide-specific microbial degradation candidate
Abamectin,Degradation of abamectin by newly isolated Stenotrophomonas maltophilia ZJB-14120 and characterization of its abamectin-tolerance mechanism..pdf,Research in Microbiology 166 (2015) 408e418,10.1016/j.resmic.2015.04.002,2012; 2013; 2014; 2015,ABM biodegradation products of; ADP adsorption to layered; Burkholderia sp GB-01 for; DP-2. J Enhanced biotransformation; E56; KB2. Int Biodeter Biodegr,171,17,64,candidate_gene/enzyme_plus_pathway,,,/Volumes/WENTBROKE/Pesticide degradation database/pesticidepdf/Abamectin/PesticideDB_curation_Abamectin_20260707,14,13,13,2,1,0,0,"Research in Microbiology 166 (2015) 408e418 www.elsevier.com/locate/resmic Original article Degradation of abamectin by newly isolated Stenotrophomonas maltophilia ZJB-14120 and characterization of its abamectin-tolerance mechanism Yuan-Shan Wang a,b, Xing-Chang Zheng a,b, Qi-Wei Hu a,b, Yu-Guo Zheng a,b,* a Institute of Bioengineering, Zhejiang University of Technology, No. 18, Chaowang Road, Hangzhou, Zhejiang 310014, PR China b Engineering Research Center of Bioconversion and Biopurification of Ministry of Education, Zhejiang University of Technology, No. 18, Chaowang Road, Hangzhou, Zhejiang 310014, PR Ch",189,High,Review first: likely useful for pathway/protein evidence extraction.,Pesticide-specific microbial degradation candidate
Penthiopyrad,Stereoselective degradation behavior of the novel chiral antifungal agrochemical penthiopyrad in soil..pdf,Environmental Research 194 (2021) 110680,10.1016/j.envres.2020.110680,2018; 2019; 2020; 2021,,106,6,34,candidate_gene/enzyme_plus_pathway,,,/Volumes/WENTBROKE/Pesticide degradation database/pesticidepdf/Penthiopyrad/PesticideDB_curation_Penthiopyrad_20260707,127,25,17,2,1,0,0,"Environmental Research 194 (2021) 110680 Contents lists available at ScienceDirect Environmental Research journal homepage: www.elsevier.com/locate/envres Stereoselective degradation behavior of the novel chiral antifungal agrochemical penthiopyrad in soil Zhengyi Liu, Dan Chen, Jiahua Han, Ye Chen, Kankan Zhang * State Key Laboratory Breeding Base of Green Pesticide and Agricultural Bioengineering, Key Laboratory of Green Pesticide and Agricultural Bioengineering, Ministry of Education, Guizhou University, Guiyang, 550025, China A R T I C L E I N F O A B S T R A C T Keywords: Penthiopyrad is a chiral carboxamide fungicide with a broad spectrum of fungicidal activity. However, there is Penthiopyrad no report on the analysis of the enantio",189,High,Review first: likely useful for pathway/protein evidence extraction.,Pesticide-specific microbial degradation candidate
Phosmet,"Photolysis experiments on phosmet, an organophosphorus insecticide..pdf","5990 J. Agric. Food Chem. 2003, 51, 5990−5995",10.1021/jf034253y,1998; 1999; 2000; 2003,,51,6,114,candidate_gene/enzyme_plus_pathway,,,/Volumes/WENTBROKE/Pesticide degradation database/pesticidepdf/Phosmet/PesticideDB_curation_Phosmet_20260707,62,28,8,2,1,0,0,"5990 J. Agric. Food Chem. 2003, 51, 5990−5995 Photolysis Experiments on Phosmet, an Organophosphorus Insecticide KATRIN SINDERHAUF AND WOLFGANG SCHWACK* Institut für Lebensmittelchemie, Universität Hohenheim, Garbenstrasse 28, D-70593 Stuttgart, Germany The organophosphorus insecticide phosmet is used in plant protection as well as against parasites on animals. Phosmet showed numerous photoinduced reaction pathways, which first were studied in the presence of model environments for animal fur lipids (e.g., wool wax). The model solvents for saturated and unsaturated lipids were cyclohexane and cyclohexene, whereas methanol and 2-propanol were used as models for primary and secondary alcohol moieties of lipids. The measured degradation rates over an irradiation period of 7 h in all sol",189,High,Review first: likely useful for pathway/protein evidence extraction.,Pesticide-specific microbial degradation candidate
Thiamethoxam,"Comparison of Combined Dissipation Behaviors and Dietary Risk Assessments of Thiamethoxam, Bifenthrin, Dinotefuran, and Their Mixtures in Tea..pdf",Comparison of Combined Dissipation Behaviors and Dietary,10.3390/foods13193113; 10.3390/foods13193113/s1,2021; 2022; 2023; 2024,,40,35,40,candidate_gene/enzyme_plus_pathway,,,/Volumes/WENTBROKE/Pesticide degradation database/pesticidepdf/Thiamethoxam/PesticideDB_curation_Thiamethoxam_20260707,86,20,2,11,1,0,0,"lique hypulina Foods 2024, 13, 3113. https://doi.org/10.3390/foods13193113 https://www.mdpi.com/journal/foods Foods 2024, 13, 3113 2 of 13 Wehrli), and stick tea thrip (Dendrothrips minowai Priesner) are notable, inflicting substan tial damage on tea yield and quality [2]. To combat these threats, farmers often opt for pesticide mixtures containing two or more varieties, as this method is considered more effective than individual pesticide applications [3,4]. For example, emamectin benzoate and thiamethoxam were used in combination to control both tea geometrid and tea green leafhopper [5]. By offering a broader spectrum of pest control, mixed pesticides enhance efficacy in tea cultivation [6]. Pesticides play a crucial role in managing pests, pathogens, and weeds in tea cultivation. Despite undergoing natural processes like degradation through hydrolysis, photolysis, and microbial break",189,High,Review first: likely useful for pathway/protein evidence extraction.,Pesticide-specific microbial degradation candidate
Fluxapyroxad,Setting of import tolerances for fluxapyroxad in certain root crops and coffee beans..pdf,ADOPTED: 27 November 2019,10.2903/j.efsa; 10.2903/j.efsa.2007.32r; 10.2903/j.efsa.2011.2196; 10.2903/j.efsa.2013.3312,2018; 2019; 2020; 2025,,13,13,59,candidate_gene/enzyme_plus_pathway,,,/Volumes/WENTBROKE/Pesticide degradation database/pesticidepdf/Fluxapyroxad/PesticideDB_curation_Fluxapyroxad_20260707,22,4,4,10,0,0,0,"xad in certain root crops and coffee beans Assessment The European Food Safety Authority (EFSA) received an application from BASF SE to set import tolerances for the active substance ﬂuxapyroxad in various crops. The detailed description of the notiﬁed uses of ﬂuxapyroxad in Brazil for coffee beans and in the United States for the group of other root and tuber vegetables (except sugar beets), which are the basis for the current maximum residue level (MRL) application, is reported in Appendix A. Fluxapyroxad is the ISO common name for 3-(diﬂuoromethyl)-1-methyl-20 -(3,4,5-triﬂuorophenyl)1H-pyrazole-4-carboxanilide (IUPAC). The chemical structures of the active substance and its main metabolite are reported in Appendix E. Fluxapyroxad is an active substance approved in accordance with Regulation (EC) No 1107/20091 by Regulation (EU) No 589/20122 which entered into force on 1 January 2013.",187,High,Review first: likely useful for pathway/protein evidence extraction.,Pesticide-specific microbial degradation candidate
Vinclozolin,Degradation of iprodione by a soil Arthrobacter-like strain..pdf,"APPLIED AND ENVIRONMENTAL MICROBIOLOGY, Sept. 1995, p. 3216–3220 Vol. 61, No. 9",,1990; 1991; 1992; 1995,MA6 could not use; MA6 cultivated iprodione; MA6 or in an; MA6 was isolated on; MA6. in the place; PATRICIA ATHIEL,146,1,104,candidate_gene/enzyme_plus_pathway,,,/Volumes/WENTBROKE/Pesticide degradation database/pesticidepdf/Vinclozolin/PesticideDB_curation_Vinclozolin_20260707,13,13,12,0,0,0,0,"ontrast, in the sterile control medium, iprodione was spontaneously transformed into hydantoic acid and an iprodione isomer. Chemical and biological transformations of iprodione seem to occur through two different pathways. One biological degradation pathway is proposed. Agronomists periodically observe the failure of soil-applied Walker (17) demonstrated that 3,5-dichloroaniline (3,5-D) pesticides to control targeted pests and disease. Pesticide fail- was a degradation product of iprodione and vinclozolin and ure could be due to acquired resistance of the organisms; appeared concomitantly with the disappearance of these funhowever, in many cases it is known to be the result of a highly gicides. He described a test, based on colorimetric characterlimited persistence of the active ingredient (13). ization of 3,5-D, for identifying soils in which rapid degrada Except for some recalcitrant,",187,High,Review first: likely useful for pathway/protein evidence extraction.,Pesticide-specific microbial degradation candidate
Propamocarb,"Degradation of propamocarb-hydrochloride in tomatoes, potatoes and cucumber using HPLC-DAD and QuEChERS methodology..pdf","See discussions, stats, and author profiles for this publication at: https://www.researchgate.net/publication/225374534",10.1007/s00128-012-0703-y,2009; 2010; 2012; 2014,,6,1,10,candidate_gene/enzyme_plus_pathway,,,/Volumes/WENTBROKE/Pesticide degradation database/pesticidepdf/Propamocarb/PesticideDB_curation_Propamocarb_20260707,24,6,10,2,0,0,0,"See discussions, stats, and author profiles for this publication at: https://www.researchgate.net/publication/225374534 Degradation of Propamocarb-hydrochloride in Tomatoes, Potatoes and Cucumber Using HPLC-DAD and QuEChERS Methodology Article in Bulletin of Environmental Contamination and Toxicology · June 2012 DOI: 10.1007/s00128-012-0703-y · Source: PubMed CITATIONS READS 14 2,842 2 authors, including: Sherif Hussein Abd-Alrahman Agricultural Research Center 88 PUBLICATIONS 1,198 CITATIONS SEE PROFILE All content following this page was uploaded by Sherif Hussein Abd-Alrahman on 16 May 2014. The user has requested enhancement of the do",185,High,Review first: likely useful for pathway/protein evidence extraction.,Pesticide-specific microbial degradation candidate
Vinclozolin,"Simultaneous determination of vinclozolin and detection of its degradation products in mouse plasma, serum and urine, and from rabbit bile, by high-performance liquid chromatography..pdf",Simultaneous determination of vinclozolin and detection of its degradation,10.1016/j.chroma.2006.02.062,2003; 2004; 2005; 2006,,49,0,104,candidate_pathway/metabolite,,,/Volumes/WENTBROKE/Pesticide degradation database/pesticidepdf/Vinclozolin/PesticideDB_curation_Vinclozolin_20260707,92,36,6,0,0,1,1,"Journal of Chromatography A, 1115 (2006) 8–18 Simultaneous determination of vinclozolin and detection of its degradation products in mouse plasma, serum and urine, and from rabbit bile, by high-performance liquid chromatography Mugunthu R. Dhananjeyan a,∗ , Paul W. Erhardt a , Cynthia Corbitt b a Center for Drug Design and Development, College of Pharmacy, University of Toledo, Toledo, OH 43606, USA b Department of Biology, University of Louisville, Louisville KY 40292, USA Received 17 November 2005; received in revised form 15 February 2006; accepted 21 February 2006 Available on",185,High,Review first: likely useful for pathway/protein evidence extraction.,Pesticide-specific microbial degradation candidate
Mandipropamid,Modification of the existing maximum residue levels for mandipropamid in various crops..pdf,APPROVED: 21 January 2019,10.2903/j.efsa; 10.2903/j.efsa.2007.32r; 10.2903/j.efsa.2018; 10.2903/j.efsa.2018.5284,2017; 2018; 2019; 2025,,62,16,80,candidate_gene/enzyme_plus_pathway,,,/Volumes/WENTBROKE/Pesticide degradation database/pesticidepdf/Mandipropamid/PesticideDB_curation_Mandipropamid_20260707,145,13,2,5,0,0,0,"s studies and the capabilities of enforcement analytical methods, the MRL review proposed the residue deﬁnition for enforcement as: ‘mandipropamid (any ratio of constituent isomers)’. The residue deﬁnition for enforcement set in Regulation (EC) No 396/2005 is equivalent to the above mentioned residue deﬁnition, although it does not detail that it covers any ratio of constituent isomers. The residue deﬁnition for risk assessment was proposed by the MRL review for fruits and leafy vegetables as: ‘mandipropamid (any ratio of constituent isomers)’. The MRL review proposed a tentative residue deﬁnition for risk assessment for root crops as: ‘sum of mandipropamid and SYN 500003’, pending on the submission of toxicological information for hazard characterisation of the metabolite SYN 500003. The tentative residue deﬁnition for risk assessment for root crop commodities was used for the root cate",183,High,Review first: likely useful for pathway/protein evidence extraction.,Pesticide-specific microbial degradation candidate
Penthiopyrad,Modification of the existing maximum residue levels for penthiopyrad in Florence fennels and celeries..pdf,ADOPTED: 2 September 2020,10.2903/j.efsa; 10.2903/j.efsa.2012.2948; 10.2903/j.efsa.2016.4648; 10.2903/j.efsa.2018.5147,2018; 2019; 2020; 2025,,81,21,106,candidate_gene/enzyme_plus_pathway,,,/Volumes/WENTBROKE/Pesticide degradation database/pesticidepdf/Penthiopyrad/PesticideDB_curation_Penthiopyrad_20260707,191,29,3,4,0,0,0,"i Abstract In accordance with Article 6 of Regulation (EC) No 396/2005, the applicant Corteva submitted a request to the competent national authority in Italy to modify the existing maximum residue levels (MRLs) for the active substance penthiopyrad in Florence fennels and celeries. The data submitted in support of the request were found to be sufﬁcient to derive MRL proposals for Florence fennels and celeries. Adequate analytical methods for enforcement are available to control the residues of penthiopyrad in the commodities under consideration at the validated limit of quantiﬁcation (LOQ) of 0.01 mg/kg. Based on the risk assessment results, EFSA concluded that the short-term and long-term intake of penthiopyrad residues and of its metabolite PAM, resulting from the use of penthiopyrad according to the reported agricultural practice is unlikely to present a risk to consumer health. The",183,High,Review first: likely useful for pathway/protein evidence extraction.,Pesticide-specific microbial degradation candidate
Propamocarb,Modification of the existing maximum residue level for propamocarb in honey..pdf,Approved: 27 October 2023,10.2903/j; 10.2903/j.efsa.2023.8422,2021; 2022; 2023; 2025,,23,10,67,candidate_gene/enzyme_plus_pathway,,,/Volumes/WENTBROKE/Pesticide degradation database/pesticidepdf/Propamocarb/PesticideDB_curation_Propamocarb_20260707,171,8,7,0,0,0,0,"sted information. Based on the conclusions derived by EFSA in the framework of Directive 91/414/EEC, the data evaluated under previous MRL assessments, and the additional data provided by the EMS in the framework of this application, the following conclusions are derived. The metabolism of propamocarb following foliar and soil applications was investigated in crops belonging to the groups of fruit crops, root crops and leafy crops. Studies investigating the effect of processing on the nature of propamocarb (hydrolysis studies) demonstrated that the active substance is stable under processing conditions. In rotational crops, the confined study did not indicate that a different metabolism is expected in rotational crops. Based on the metabolic pattern identified in metabolism studies, hydrolysis studies, the toxicological relevance of metabolites, the residue definitions for plant products",183,High,Review first: likely useful for pathway/protein evidence extraction.,Pesticide-specific microbial degradation candidate
Pymetrozine,Residue Behavior of Methoxyfenozide and Pymetrozine in Chinese Cabbage and Their Health Risk Assessment..pdf,Residue Behavior of Methoxyfenozide and Pymetrozine in,10.3390/foods11192995; 10.3390/foods11192995/s1,2019; 2020; 2021; 2022,,19,5,42,candidate_gene/enzyme_plus_pathway,,,/Volumes/WENTBROKE/Pesticide degradation database/pesticidepdf/Pymetrozine/PesticideDB_curation_Pymetrozine_20260707,92,9,1,7,1,1,0,"cs and influence of environmental factors on the dissipation of methoxyfenozide and pymetrozine residues in Chinese cabbage were investigated. Analyses were performed using a modified QuEchERS (Quick, Easy, Cheap, Effective, Rugged, and Safe) and an optimized high performance liquid chromatography-tandem mass spectrometry (HPLC-MS/MS). The observed half-lives of methoxyfenozide and pymetrozine in cabbage samples ranged between two sampling seasons: in May–June, half-lives of methoxyfenozide and pymetrozine were 1.20 days and 1.89 days, respectively; during October–November, half-lives of methoxyfenozide and pymetrozine were 11.8 and 2.80 days, respectively. Meanwhile, a negative Spearman correlation was found between the residual concentrations and temperature (p < 0.01). This indicates that higher temperatures resulted in higher dissipation rates for methoxyfenozide and pymetrozine, sug",183,High,Review first: likely useful for pathway/protein evidence extraction.,Pesticide-specific microbial degradation candidate
Trifloxystrobin,Modification of the existing maximum residue levels and setting of import tolerances for trifloxystrobin in various crops (1).pdf,Approved: 28 March 2025,10.2903/j.efsa.2025.9387,2022; 2023; 2024; 2025,,78,16,154,candidate_gene/enzyme_plus_pathway,,,/Volumes/WENTBROKE/Pesticide degradation database/pesticidepdf/Trifloxystrobin/PesticideDB_curation_Trifloxystrobin_20260707,224,18,3,4,0,0,0,"ion of the evaluation report, considering the outcome of the meeting and the clarification of the applicant. This version replaced the previously submitted evaluation reports, and therefore, EFSA resumed the assessment. Based on the conclusions derived by EFSA in the framework of Regulation (EC) No 1107/2009, the data evaluated under previous MRL assessments and the additional data provided by the EMS in the framework of this application, the following conclusions are derived. The metabolism of trifloxystrobin was investigated following foliar application in the fruit, root, cereals and pulses/ oilseeds crop groups. The metabolism of trifloxystrobin was similar in all crops. The parent compound was the major component of the total radioactive residues (TRR). In addition, the three isomers (CGA 357262 (M2), CGA 357261 (M3) and CGA 331409 (M4)) and the metabolite CGA 321113 (M5) were also",183,High,Review first: likely useful for pathway/protein evidence extraction.,Pesticide-specific microbial degradation candidate
Trifloxystrobin,Simultaneous detection and degradation patterns of kresoxim-methyl and trifloxystrobin residues in citrus fruits by HPLC combined with QuEChERS.pdf,"This article was downloaded by: [University of Tennessee, Knoxville]",10.1080/03601234.2013.761877,2011; 2012; 2013; 2015,,16,0,31,candidate_pathway/metabolite,,,/Volumes/WENTBROKE/Pesticide degradation database/pesticidepdf/Trifloxystrobin/PesticideDB_curation_Trifloxystrobin_20260707,55,10,27,0,0,0,0,"uary 2015, At: 05:10 Publisher: Taylor & Francis Informa Ltd Registered in England and Wales Registered Number: 1072954 Registered office: Mortimer House, 37-41 Mortimer Street, London W1T 3JH, UK Journal of Environmental Science and Health, Part B: Pesticides, Food Contaminants, and Agricultural Wastes Publication details, including instructions for authors and subscription information: http://www.tandfonline.com/loi/lesb20 Simultaneous detection and degradation patterns of kresoxim-methyl and trifloxystrobin residues in citrus fruits by HPLC combined with QuEChERS a a b b Jie Zhu , Xian J. Dai , Jian J. Fang & Hua M. Zhu a College of Life Science , China Jiliang University , Hangzhou , China b Quzhou Center of Calibration and Testing for Quality and Technical Supervision , Quzhou , China Published online: 01 Mar 2013. To cite this article: Jie Zhu , Xian J. Dai , Jian J. Fang & Hua M.",183,High,Review first: likely useful for pathway/protein evidence extraction.,Pesticide-specific microbial degradation candidate
Penthiopyrad,Influence of Bacillus subtilis and Trichoderma harzianum on Penthiopyrad Degradation under Laboratory and Field Studies.pdf,Influence of Bacillus subtilis and Trichoderma,10.3390/molecules25061421,2018; 2019; 2020; 2022,B1 and its application; Bacillus sp. N1. J; NY97-1. Int. J. Environ; by plants and antagonized; was inoculated into a,120,11,41,candidate_gene/enzyme_plus_pathway,,,/Volumes/WENTBROKE/Pesticide degradation database/pesticidepdf/Penthiopyrad/PesticideDB_curation_Penthiopyrad_20260707,109,31,40,1,1,0,0,"molecules Article Influence of Bacillus subtilis and Trichoderma harzianum on Penthiopyrad Degradation under Laboratory and Field Studies Magdalena Podbielska 1, * , Małgorzata Kus-Liśkiewicz 1 , Bartosz Jagusztyn 1 , Bartosz Piechowicz 2 , Stanisław Sadło 3,† , Magdalena Słowik-Borowiec 1 , Magdalena Twarużek 4 and Ewa Szpyrka 1 1 Department of Biotechnology, Institute of Biology and Biotechnology, University of Rzeszów, Pigonia 1, 35-310 Rzeszow, Poland; mkus@univ.rzeszow.pl (M.K.-L.); bartoszjagusztyn@wp.pl (B.J.); m.slowik_borowiec@interia.pl (M.S.-B.); ewaszpyrka@interia.pl (E",181,High,Review first: likely useful for pathway/protein evidence extraction.,Pesticide-specific microbial degradation candidate
Penthiopyrad,"Systemic enantioselectivity study of penthiopyrad enantioselective bioactivity, acute toxicity, degradation and influence on tomato..pdf",Received: 8 November 2022 Revised: 3 January 2023 Accepted article published: 1 February 2023 Published online in Wiley Online Library: 16 February 2023,10.1002/ps.7388,2021; 2022; 2023; 2025,of Daphnia magna. Aquat,29,14,14,candidate_gene/enzyme_plus_pathway,,,/Volumes/WENTBROKE/Pesticide degradation database/pesticidepdf/Penthiopyrad/PesticideDB_curation_Penthiopyrad_20260707,19,9,12,1,1,0,0,"Research Article Received: 8 November 2022 Revised: 3 January 2023 Accepted article published: 1 February 2023 Published online in Wiley Online Library: 16 February 2023 (wileyonlinelibrary.com) DOI 10.1002/ps.7388 Systemic enantioselectivity study of penthiopyrad: enantioselective bioactivity, acute toxicity, degradation and inﬂuence on tomato Rui Liu,a Yue Deng,a Di Wu,b Yuping Liu,a Zikang Wang,a Simin Yu,a Yufan Nie,a Wentao Zhu,a Zhiqiang Zhoua and Jinling Diaoa* Abstract BACKGROUND: In order to promote the green development of agriculture, it is important to study the enantioselective effect of chiral pesticides. The bioactivity of the chiral fungicide penthiopyrad (PEN) racemate and enantiomers against phytopathogens, toxicity to non-target organi",181,High,Review first: likely useful for pathway/protein evidence extraction.,Pesticide-specific microbial degradation candidate
Thiamethoxam,Degradation of the Neonicotinoid Pesticides in the Atmospheric Pressure Ionization Source..pdf,"B American Society for Mass Spectrometry, 2017 J. Am. Soc. Mass Spectrom. (2018) 29:373Y381",10.1007/s13361-017-1832-7,2015; 2016; 2017; 2018,,74,5,77,candidate_gene/enzyme_plus_pathway,,,/Volumes/WENTBROKE/Pesticide degradation database/pesticidepdf/Thiamethoxam/PesticideDB_curation_Thiamethoxam_20260707,51,38,1,8,1,0,0,"arch Institute, Chinese Academy of Agricultural Sciences, 9 South Meiling Road, Hangzhou, 310008, People’s Republic of China 2 Key Laboratory of Tea Quality and Safety Control, Ministry of Agriculture, 9 South Meiling Road, Hangzhou, 310008, People’s Republic of China 3 Laboratory of Quality and Safety Risk Assessment for Tea (Hangzhou), Ministry of Agriculture, 9 South Meiling Road, Hangzhou, 310008, People’s Republic of China Abstract. During the analysis of neonicotinoid pesticide standards (thiamethoxam, clothianidin, imidacloprid, acetamiprid, and thiacloprid) by mass spectrometry, the degradation of these pesticides (M-C=N-R is degraded into M-C=O, M is the skeleton moiety, and R is NO2 or CN) was observed in the atmospheric pressure ionization interfaces (ESI and APCI). In APCI, the degradation of all the five neonicotinoid pesticides studied took place, and the primary mechanism",181,High,Review first: likely useful for pathway/protein evidence extraction.,Pesticide-specific microbial degradation candidate
Thiamethoxam,Maize (Zea mays) seeds can detect above-ground weeds; thiamethoxam alters the view..pdf,Received: 17 July 2014 Revised: 4 September 2014 Accepted article published: 4 November 2014 Published online in Wiley Online Library: 12 December 2014,10.1002/ps.3789; 10.1002/ps.3936,2013; 2014; 2015; 2025,,11,82,18,candidate_gene/enzyme_plus_pathway,,,/Volumes/WENTBROKE/Pesticide degradation database/pesticidepdf/Thiamethoxam/PesticideDB_curation_Thiamethoxam_20260707,74,6,1,21,0,0,0,d delay seed germination. Thiamethoxam as a seed treatment has been observed to enhance seed germination. No previous work has explored the eﬀect of thiamethoxam on the physiological response of buried maize seed when germinating in the presence of above-ground weeds. We hypothesised that the changes in red:far red reﬂected from above-ground weeds would be detected by maize seed phytochrome and delay seed germination by decreasing the level of GA and increasing ABA. We further hypothesised that thiamethoxam would overcome this delay in germination. RESULTS: Thiamethoxam enhanced seed germination in the presence of above-ground weeds by increasing GA signalling and downregulating DELLA protein and ABA signalling genes. An increase in amylase activity and a degradation of starch were also observed. CONCLUSIONS: Far red reﬂected from the above-ground weeds was capable of penetrating below t,181,High,Review first: likely useful for pathway/protein evidence extraction.,Pesticide-specific microbial degradation candidate
Thiamethoxam,The dissipation of thiamethoxam and its main metabolite clothianidin during strawberry growth and jam-making process..pdf,www.nature.com/scientificreports,10.1038/s41598-018-33334-w,2014; 2016; 2017; 2018,,22,3,34,candidate_gene/enzyme_plus_pathway,,,/Volumes/WENTBROKE/Pesticide degradation database/pesticidepdf/Thiamethoxam/PesticideDB_curation_Thiamethoxam_20260707,80,34,2,5,0,0,0,"www.nature.com/scientificreports OPEN The dissipation of thiamethoxam and its main metabolite clothianidin during strawberry Received: 2 May 2018 Accepted: 20 September 2018 growth and jam-making process Published: xx xx xxxx Na Liu1, Xinglu Pan2, Qingxi Yang3, Mingshan Ji3 & Zhihong Zhang 1 Few studies focused on the residue of thiamethoxam and its metabolite clothianidin on strawberry where it is widely used, despite this is essential to assess the potential food risk of thiamethoxam and its main metabolite clothianidin. In this study, the dissipation of thiame",181,High,Review first: likely useful for pathway/protein evidence extraction.,Pesticide-specific microbial degradation candidate
Thiophanate-Methyl,Characterization of the ultraviolet-visible photoproducts of thiophanate-methyl using high performance liquid chromatography coupled with high resolution tandem mass spectrometry-Detection in grapes and tomatoes..pdf,Contents lists available at ScienceDirect,10.1016/j.chroma.2016.02; 10.1016/j.chroma.2016.02.078,2012; 2014; 2015; 2016,,34,4,119,candidate_gene/enzyme_plus_pathway,,,/Volumes/WENTBROKE/Pesticide degradation database/pesticidepdf/Thiophanate-Methyl/PesticideDB_curation_Thiophanate_Methyl_20260707,57,26,12,3,2,0,0,"ion of the ultraviolet–visible photoproducts of thiophanate-methyl using high performance liquid chromatography coupled with high resolution tandem mass spectrometry—Detection in grapes and tomatoes Houda Chayata, Yannick Lassalle, Édith Nicol, Sophia Manolikakes, Yasmine Souissi, Sophie Bourcier, Corinne Gosmini, Stéphane Bouchonnet ∗ LCM, CNRS, École Polytechnique, Université Paris-Saclay, 91128 Palaiseau, France a r t i c l e i n f o a b s t r a c t Article history: UV–visible irradiation of thiophanate-methyl (TM) led to the formation of nine photoproducts that were Received 13 January 2016 characterized by high performance liquid chromatography coupled with high resolution Fourier transReceived in revised form 25 February 2016 form ion cyclotron resonance mass spectrometry (FTICR-MS). Although carbendazime has been reported Accepted 26 February 2016 in the literature to be the major",178,High,Review first: likely useful for pathway/protein evidence extraction.,Pesticide-specific microbial degradation candidate
Thiophanate-Methyl,Peer review of the pesticide risk assessment of the active substance thiophanate-methyl..pdf,CONCLUSION ON PESTICIDES PEER REVIEW,10.1016/j.foodcont.2014.03.003; 10.2903/j.efsa.2008.622; 10.2903/j.efsa.2009.1438; 10.2903/j.efsa.2010,2016; 2017; 2018; 2025,,157,17,153,candidate_gene/enzyme_plus_pathway,,,/Volumes/WENTBROKE/Pesticide degradation database/pesticidepdf/Thiophanate-Methyl/PesticideDB_curation_Thiophanate_Methyl_20260707,168,13,9,5,3,0,0,"lation (EC) No 1107/2009 of the European Parliament and of the Council. The conclusions laid down in this report were reached on the basis of the evaluation of the representative uses of thiophanate-methyl as a fungicide on wine grapes, tomato, aubergine, leek, fresh beans with pods and wheat (winter and durum), as proposed by the applicant. Full details of the representative uses can be found in Appendix A of this report. Data were submitted to conclude that the proposed representative uses of thiophanate-methyl result in a sufﬁcient fungicidal efﬁcacy against the target organisms. A data gap has been identiﬁed for a search of the scientiﬁc peer-reviewed open literature on the active substance and its relevant metabolites, in the mammalian toxicology section, for a detailed assessment of the published literature and for a tomato processing study considered relevant by EFSA that should h",177,High,Review first: likely useful for pathway/protein evidence extraction.,Pesticide-specific microbial degradation candidate
Vinclozolin,Chiral separation and enantioselective degradation of vinclozolin in soils..pdf,Chiral Separation and Enantioselective Degradation of Vinclozolin,10.1002/chir; 10.1002/chir.22284,2011; 2013; 2014; 2025,,45,1,14,candidate_gene/enzyme_plus_pathway,,,/Volumes/WENTBROKE/Pesticide degradation database/pesticidepdf/Vinclozolin/PesticideDB_curation_Vinclozolin_20260707,87,21,17,1,2,1,1,"CHIRALITY 26:155–159 (2014) Chiral Separation and Enantioselective Degradation of Vinclozolin in Soils HUI LIU, DONGHUI LIU, ZHIGANG SHEN, MINGJING SUN, ZHIQIANG ZHOU,* AND PENG WANG Department of Applied Chemistry, China Agricultural University, Beijing, China ABSTRACT Vinclozolin is a chiral fungicide with potential environmental problems. The chi ral separation of the enantiomers and enantioselective degradation in soil were investigated in this work. The enantiomers were separated by high-performance liquid chromatography (HPLC) on Chiralpak IA, IB, and AZ-H chiral columns under nor",177,High,Review first: likely useful for pathway/protein evidence extraction.,Pesticide-specific microbial degradation candidate
Imazamox,Photosynthetic Performance of the Imidazolinone Resistant Sunflower Exposed to Single and Combined Treatment by the Herbicide Imazamox and an Amino Acid Extract..pdf,published: 25 October 2016,10.1002/jpln.200800174; 10.1002/ps.3710; 10.1002/ps.993; 10.1007/s00122-011,2013; 2014; 2015; 2016,,10,16,12,candidate_gene/enzyme_plus_pathway,,,/Volumes/WENTBROKE/Pesticide degradation database/pesticidepdf/Imazamox/PesticideDB_curation_Imazamox_20260707,93,9,2,4,0,0,0,"erences between treated and untreated plants at 14 DAT only amino acid extract (AAE) did not have any effects on were smaller than at 7 DAT. While the recovery of E was almost sunflower plants at 7 and 14 DAT, but the growth of plants complete, the inhibition of A still was 19.9 % lower than in exposed to the combined treatment (AAE + imazamox) was less untreated control plants. retarded and their performance was better as compared with that Application of only AAE did not have any effect on of imazamox-treated plants. This effect was limited at 7 DAT and leaf gas exchange parameters of sunflower plants, but adding more pronounced at 14 DAT. of AAE to the imazamox solution (combined treatment) resulted in a slight improvement of plant performance in Leaf Imazamox Residues comparison to just imazamox. At 7 DAT the A of plants The resistance of IMI-R sunflower plants to imazamox is due to",175,High,Review first: likely useful for pathway/protein evidence extraction.,Pesticide-specific microbial degradation candidate
Abamectin,Microbial degradation of abamectin in reservoir water.pdf,Ecotoxicology (2006) 15:495–502,10.1007/s10646-006-0085-1,2002; 2004; 2005; 2006,,8,7,14,candidate_gene/enzyme_plus_pathway,,,/Volumes/WENTBROKE/Pesticide degradation database/pesticidepdf/Abamectin/PesticideDB_curation_Abamectin_20260707,89,17,27,0,1,0,0,"ounds (Kümmerer, was to identify the toxicity of abamectin on bacteria, al- 2001; Boxall et al. 2003a, b). Consequently, the environgae, daphnids, and fish. An extremely high toxicity of mental fate of many pharmaceuticals is not well known avermectin to the survival and reproduction of Daphnia (Halling-Sorensen et al. 1998). magna was observed in 21-day exposure tests. Zebrafish Veterinary drugs such as the avermectins (e.g. iverand the algae Scenedesmus subspicatus are less sensitive mectin, abamectin, doramectin) are commonly used in to avermectin. The compound is expected to have adverse veterinary medicine as anthelmintics against internal and effects on the aquatic environment due to its high toxic- external parasites of cattle, pigs, and horses, sheep, and ity, even at very low concentrations, to daphnids and to goats (Campbell and Benz 1984; Suarez 2002). In most fish. cases up",173,High,Review first: likely useful for pathway/protein evidence extraction.,Pesticide-specific microbial degradation candidate
Triazophos,Thermal stability of organophosphorus pesticide triazophos and its relevance in the assessment of risk to the consumer of triazophos residues in food..pdf,"J. Agric. Food Chem. 2001, 49, 103−106 103",10.1021/jf0002589,1998; 1999; 2000; 2001,,36,2,11,candidate_gene/enzyme_plus_pathway,,,/Volumes/WENTBROKE/Pesticide degradation database/pesticidepdf/Triazophos/PesticideDB_curation_Triazophos_20260707,49,28,2,4,0,0,0,"J. Agric. Food Chem. 2001, 49, 103−106 103 Thermal Stability of Organophosphorus Pesticide Triazophos and Its Relevance in the Assessment of Risk to the Consumer of Triazophos Residues in Food Alexis J. Holden,*,† Li Chen,† and Ian C. Shaw‡ Department of Environmental Management, University of Central Lancashire, Preston PR1 2HE, United Kingdom, and Food Safety Program Manager, Institute of Environmental Science and Research, Christchurch Research Centre, New Zealand The degradation of triazophos in aqueous solutions was monitored at 205 and 254 nm after separation using high-performance liquid",172,High,Review first: likely useful for pathway/protein evidence extraction.,Pesticide-specific microbial degradation candidate
Isopyrazam,Fungicide isopyrazam degradative response toward extrinsically added fungal and bacterial strains..pdf,Received: 27 January 2020 | Revised: 25 March 2020 | Accepted: 28 March 2020,10.1002/jobm.201900687; 10.1080/03067319.2019.1700965,2019; 2020; 2023; 2025,AF36 in pistachio orchards; AFu was 21; is a more environment; of A. flavus called; of the fungus pyrazam; that can be utilized,149,19,33,candidate_gene/enzyme_plus_pathway,,,/Volumes/WENTBROKE/Pesticide degradation database/pesticidepdf/Isopyrazam/PesticideDB_curation_Isopyrazam_20260707,58,37,35,2,2,0,0,"robes. BiodiKhuram Shahzad Ahmad, Department of sintegrative assays of pure fungal strains, namely Aspergillus flavus Environmental Sciences, Fatima Jinnah (AF), Penicillium chrysogenum (PC), Aspergillus niger (AN), Aspergillus terreus Women University, The Mall, Rawalpindi 46000, Pakistan. (AT), and Aspergillus fumigatus (AFu), and bacterial strains, namely XanthoEmail: chemist.phd33@yahoo.com; monas axonopodis (XA) and Pseudomonas syringae (PS), were utilized. Initial dr.k.s.ahmad@fjwu.edu.pk isopyrazam concentration (10 mg/L) was prepared with an individual micro bial suspension and monitored for 35 days. Isopyrazam biotransformation was analyzed quantitatively and qualitatively by UV–visible spectro photometery and gas chromatography–mass spectroscopy. P. syringae (R2 = 0.90) and X. axonopodis (R2 = 0.88) displayed maximal potential to me tabolize the fungicide (86% and 80%, respecti",171,High,Review first: likely useful for pathway/protein evidence extraction.,Pesticide-specific microbial degradation candidate
Isopyrazam,The behavior of isopyrazam in aquatic ecosystems implementation of a tiered investigation..pdf,"Environmental Toxicology and Chemistry, Vol. 29, No. 12, pp. 2702–2712, 2010",10.1002/etc.337,2007; 2008; 2010; 2025,,136,10,46,candidate_gene/enzyme_plus_pathway,,,/Volumes/WENTBROKE/Pesticide degradation database/pesticidepdf/Isopyrazam/PesticideDB_curation_Isopyrazam_20260707,49,30,11,2,2,0,0,"Environmental Toxicology and Chemistry, Vol. 29, No. 12, pp. 2702–2712, 2010 # 2010 SETAC Printed in the USA DOI: 10.1002/etc.337 THE BEHAVIOR OF ISOPYRAZAM IN AQUATIC ECOSYSTEMS: IMPLEMENTATION OF A TIERED INVESTIGATION LAURENCE H. HAND * and ROBIN G. OLIVER Syngenta, Jealott’s Hill International Research Centre, Bracknell, Berkshire, RG42 6EY, United Kingdom (Submitted 6 April 2010; Returned for Revision 14 May 2010; Accepted 26 July 2010) Abstract— Degradation of a new fungicide, isopyrazam, was slow in water–sediment systems maintained in the dark, with degradation half-life (DegT50) values in the total system (water column and sediment) of gre",171,High,Review first: likely useful for pathway/protein evidence extraction.,Pesticide-specific microbial degradation candidate
Thiamethoxam,Interactions Between Thiamethoxam and iDeformed Wing Virusi Can Drastically Impair Flight Behavior of Honey Bees..pdf,published: 30 April 2020,10.1002/ps.4227; 10.1007/978-1-4612-4380-9_37; 10.1007/PL00001697; 10.1007/s00040,2017; 2018; 2019; 2020,of Deformed Wing Virus,6,37,10,candidate_gene/enzyme_plus_pathway,,,/Volumes/WENTBROKE/Pesticide degradation database/pesticidepdf/Thiamethoxam/PesticideDB_curation_Thiamethoxam_20260707,130,4,2,16,0,0,0,"o G, Heavy losses of honey bee colonies in the Northern hemisphere have been documented since the Prado A, Arban F, Dubois E, beginning of the 21st century (Lee et al., 2015). It is crucial to study such losses as it is known Ribière-Chabert M, Alaux C, Thiéry R that 84% of the 264 most important crops in Europe depend on, at least to some extent, animal and Le Conte Y (2020) Interactions pollination (Williams, 1994). There is now a scientific consensus on the fact that honey bee colony Between Thiamethoxam losses are the result of multifactorial causes, including a decrease in floral resource availability, the and Deformed Wing Virus Can Drastically Impair Flight Behavior spread of pathogens and pesticide use (Goulson et al., 2015). of Honey Bees. Honey bee colonies are frequently co-exposed to several pesticides and their corresponding Front. Microbiol. 11:766. metabolites, even when f",171,High,Review first: likely useful for pathway/protein evidence extraction.,Pesticide-specific microbial degradation candidate
Thiamethoxam,The Dissipative Potential of Gamma Irradiation in Residues of Imidacloprid and Thiamethoxam in the Postharvest of Common Beans..pdf,The Dissipative Potential of Gamma Irradiation in,10.1002/etc.3335; 10.1002/ps.1616; 10.1007/s11356-014-3332-7; 10.1016/S0969-806X(98)00071-1,2016; 2017; 2018; 2025,,12,11,16,candidate_gene/enzyme_plus_pathway,,,/Volumes/WENTBROKE/Pesticide degradation database/pesticidepdf/Thiamethoxam/PesticideDB_curation_Thiamethoxam_20260707,29,6,2,8,1,0,0,"variety of Carioca, using gamma irradiation. Ground bean samples were spiked each insecticide in the laboratory at 3, 4, and 5 mg/kg, and were then irradiated at 0, 1, and 2 kGy per irradiator with a 60 Co source. Liquid chromatography-tandem mass spectrometry was used to quantify the insecticides. The irradiation promoted dissipation of thiamethoxam at 1 and 2 kGy doses, with the highest dissipation verified at 2 kGy. In general, at this higher dose of irradiation the reduction dissipation of thiamethoxam was 66% of the mean value found in the treatment without irradiation and 44% relative to the 1 kGy dose. Conversely, imidacloprid showed no effect of irradiation on waste dissipation, except in the treatment of 5 mg/kg at 2 kGy dose. From the results, it was concluded that the gamma irradiation might have applicability in dissipating thiamethoxam in real bean samples. Keywords: chroma",171,High,Review first: likely useful for pathway/protein evidence extraction.,Pesticide-specific microbial degradation candidate
Imazamox,"The effect of microplastics on behaviors of chiral imidazolinone herbicides in the aquatic environment Residue, degradation and distribution..pdf",Contents lists available at ScienceDirect,10.1016/j.jhazmat.2021.126176,2018; 2019; 2020; 2021,,53,2,6,candidate_gene/enzyme_plus_pathway,,,/Volumes/WENTBROKE/Pesticide degradation database/pesticidepdf/Imazamox/PesticideDB_curation_Imazamox_20260707,32,14,6,2,1,0,0,"ing Hou , Yuanfu Li , Yanmei Liu , Hui Zhang , Dongqiang Zeng , Huihua Tan * Guangxi key laboratory of Agric-Environment and Agric-products Safety, National Demonstration Center for Experimental Plant Science Education, College of Agriculture, Guangxi University, Nanning, Guangxi 530004, People’s Republic of China A R T I C L E I N F O A B S T R A C T Editor: Dr. R Teresa The pollution of aquatic environments by microplastics and herbicides has become a global concern. This study was focused on imazamox, imazapic, and imazethapyr sorption to polypropylene microplastics in water. And the Keywords: potential effects of microplastics on herbicide enantiomer degradation and distributions in water, sediment, and Microplastics water–sediment microcosms were investigated. Adsorption experiment results indicated that herbicide sorption Imidazolinone Herbicides to microplastics involved both chem",170,High,Review first: likely useful for pathway/protein evidence extraction.,Pesticide-specific microbial degradation candidate
Thiophanate-Methyl,Simultaneous determination of thiophanate-methyl and its metabolite carbendazim in tea using isotope dilution ultra performance liquid chromatography-tandem mass spectrometry..pdf,"doi:10.1093/chromsci/bmt165 Advance Access publication November 19, 2013 Article",10.1007/s00216-013-6901-6; 10.1093/chromsci/bmt165,2011; 2012; 2013; 2014,,37,2,30,candidate_gene/enzyme_plus_pathway,,,/Volumes/WENTBROKE/Pesticide degradation database/pesticidepdf/Thiophanate-Methyl/PesticideDB_curation_Thiophanate_Methyl_20260707,15,12,10,0,1,0,0,"Journal of Chromatographic Science 2014;52:1157– 1164 doi:10.1093/chromsci/bmt165 Advance Access publication November 19, 2013 Article Simultaneous Determination of Thiophanate-Methyl and Its Metabolite Carbendazim in Tea Using Isotope Dilution Ultra Performance Liquid Chromatography– Tandem Mass Spectrometry Hongping Chen1,2, Xin Liu1,2*, Chuanpi Wang1,2, Qinghua Wang1,2, Ying Jiang1,2, Peng Yin1 and Li Zhu1,2 1 Tea Research Institute, Chinese Academy of Agricultural Sciences, Hangzhou, Zhejiang 310008, China and 2Tea Quality and Supervision Testing Center, Ministry of Agriculture, Hangzhou, Zhejiang 310008, China *Author to whom correspondence should be addressed. Email: l",170,High,Review first: likely useful for pathway/protein evidence extraction.,Pesticide-specific microbial degradation candidate
Fluxapyroxad,"Accumulation and growth toxicity mechanisms of fluxapyroxad revealed by physiological, hepatopancreas transcriptome, and gut microbiome analysis in Pacific white shrimp (Litopenaeus vannamei)..pdf",Contents lists available at ScienceDirect,10.1002/jsfa.9905; 10.1007/s00125-016-3940-5; 10.1007/s00216-014-8073-4; 10.1016/j,2021; 2022; 2023; 2024,,13,67,28,candidate_gene/enzyme_plus_pathway,,,/Volumes/WENTBROKE/Pesticide degradation database/pesticidepdf/Fluxapyroxad/PesticideDB_curation_Fluxapyroxad_20260707,12,2,7,5,0,0,0,"gicides are widely microbiome of marine shrimp remain poorly understood. used in agriculture to control fungal diseases and they are also emerging FX is highly toxic to aquatic organisms, but the toxic effects of FX on fungicide pollutants. Agricultural chemicals can be transported into the L. vannamei are unknown, and the accumulation and elimination patmarine aquatic environment through drift deposition and surface runoff. terns of FX in L. vannamei have also not been reported. Therefore, the Fluxapyroxad (FX) is one of the worldwide most marketed SDHI fungi- present study aimed to test the dose-dependent effects of FX in cides, and previous studies have shown that FX degrades very slowly, L. vannamei under 0, 1.0, 10.0 (environmental concentration), and and the high persistence in the environment, in aerobic soil and aqueous 100.0 μg/L conditions for 21 d of exposure and 7 d of elimin",169,High,Review first: likely useful for pathway/protein evidence extraction.,Pesticide-specific microbial degradation candidate
Teflubenzuron,Identification of molecular interactions of pesticides with keratinase for their potential to inhibit keratin biodegradation..pdf,"See discussions, stats, and author profiles for this publication at: https://www.researchgate.net/publication/381281973",10.1007/s40203-024-00229-w,2022; 2023; 2024; 2025,HZN12; HZN12 using chicken feather; of Pseudomonas stutzeri and,26,89,10,candidate_gene/enzyme_plus_pathway,,,/Volumes/WENTBROKE/Pesticide degradation database/pesticidepdf/Teflubenzuron/PesticideDB_curation_Teflubenzuron_20260707,27,2,4,20,0,0,0,"keratin-degradation process. In the present study, molecular interactions of 20 selected pesticides with the keratinase enzyme were analyzed by performing molecular docking. In blind docking, 14 out of 20 pesticides showed higher inhibitory potential than the known inhibitor phenylmethylsulfonyl flouride, all of which exhibited higher inhibitory potential in site-specific docking. The stability and strength of the protein complexes formed by the top best potential pesticides namely fluralaner, teflubenzuron, cyhalothrin, and cyfluthrin has been further validated by molecular dynamic simulation studies. The present study is the first report for the preliminary investigation of the keratinase-inhibitory potential of pesticides and highlights the plausible role of these pesticides in hindering the biological process of keratin degradation and thereby their contribution in environmental pol",169,High,Review first: likely useful for pathway/protein evidence extraction.,Pesticide-specific microbial degradation candidate
Teflubenzuron,Persistence and Stability of Teflubenzuron and Diflubenzuron When Associated to Organic Particles in Marine Sediment..pdf,Bull Environ Contam Toxicol (2016) 96:224–228,10.1007/s00128-015-1707-1,2013; 2014; 2015; 2016,,12,3,16,candidate_gene/enzyme_plus_pathway,,,/Volumes/WENTBROKE/Pesticide degradation database/pesticidepdf/Teflubenzuron/PesticideDB_curation_Teflubenzuron_20260707,30,11,15,2,2,0,0,"nSuggested pathways for the disappearance of the drugs from tration of 3.13 ± 0.15 mg/g where most of the water had sediment are dissolution into seawater (outwashing), chemical been removed by filtration (Group 2) and medicated pellets and microbial degradation, bioturbation, and resuspension of (3 mm, Ektobann vet.) (group 3) were added on top of the organic material or combinations of these. Although water sediment layer. Medicated pellets (3 mm, Releeze vet.) solubility of diflubenzuron and teflubenzuron is low, 0.089 were added to vials with sediment (Group 4) and without and 0.0094 mg/L at 20°C respectively, outwashing may be sediment (Group 5). Each treatment group consisted of 42 effective over time especially from medicated pellets where vials and the weights of the faecal material and medicated the drugs are coated on the surface of the pellets. Rapid pellets were registered fo",169,High,Review first: likely useful for pathway/protein evidence extraction.,Pesticide-specific microbial degradation candidate
Triazophos,Photocatalytic degradation of triazophos in aqueous titanium dioxide.pdf,Photocatalytic degradation of triazophos in aqueous titanium dioxide,10.1016/j.jhazmat.2006.12.007,2004; 2005; 2006; 2007,the oxon derivative of,63,3,92,candidate_gene/enzyme_plus_pathway,,,/Volumes/WENTBROKE/Pesticide degradation database/pesticidepdf/Triazophos/PesticideDB_curation_Triazophos_20260707,67,33,4,6,3,1,1,"Journal of Hazardous Materials 146 (2007) 204–213 Photocatalytic degradation of triazophos in aqueous titanium dioxide suspension: Identification of intermediates and degradation pathways T. Aungpradit a , P. Sutthivaiyakit a,∗ , D. Martens b,c , S. Sutthivaiyakit d , A.A.F. Kettrup b,c a Postgraduate Education and Research Program in Analytical Chemistry, Department of Chemistry, PO Box 1011 Kasetsart, Kasetsart University, Bangkok 10903, Thailand b Department of Ecological Chemistry and Environmental Analysis, Technical University of Munich, D-85350 Freising-Weihenstephan, Germany",169,High,Review first: likely useful for pathway/protein evidence extraction.,Pesticide-specific microbial degradation candidate
Vinclozolin,"Chronic dietary exposure to a low-dose mixture of genistein and vinclozolin modifies the reproductive axis, testis transcriptome, and fertility..pdf",Chronic Dietary Exposure to a Low-Dose Mixture of Genistein and,10.1186/1471; 10.1289/ehp.0800158; 10.1289/ehp.0800158.S1,2006; 2007; 2008; 2009,we used,7,64,68,candidate_gene/enzyme_plus_pathway,,,/Volumes/WENTBROKE/Pesticide degradation database/pesticidepdf/Vinclozolin/PesticideDB_curation_Vinclozolin_20260707,65,3,5,20,1,0,0,"lly through low-dose endocrine disruptors are poorly understood. its two main metabo­lites M1 and M2—as an O bjective : We assessed the effects of a continuous, low-dose exposure to a phytoestrogen androgen-receptor (AR) binding antago­nist (genistein) and/or an antiandrogenic food contaminant (vinclozolin) on the male reproductive tract (Kelce et al. 1994, 1997; Nellemann et al. and fertility. 2003). A recent French study reported that Methods: Male rats were exposed by gavage to genistein and vinclozolin from conception to adult- 20% of 139 meal samples from work can hood, alone or in combination, at low doses (1 mg/kg/day) or higher doses (10 and 30 mg/kg/day). teens contained measurable levels of vinclo We studied a number of standard reproductive toxicology end points and also assessed testicular mRNA expression profiles using long-oligonucleotide microarrays. zolin (Leblanc et al.",168,High,Review first: likely useful for pathway/protein evidence extraction.,Pesticide-specific microbial degradation candidate
Thiamethoxam,A four-year field program investigating long-term effects of repeated exposure of honey bee colonies to flowering crops treated with thiamethoxam..pdf,A Four-Year Field Program Investigating Long-Term,10.1371/journal.pone.0077193; 10.1371/journal.pone.0077193.g001; 10.1371/journal.pone.0077193.g002; 10.1371/journal.pone.0077193.g003,2010; 2011; 2012; 2013,,13,5,29,candidate_gene/enzyme_plus_pathway,,,/Volumes/WENTBROKE/Pesticide degradation database/pesticidepdf/Thiamethoxam/PesticideDB_curation_Thiamethoxam_20260707,58,15,5,0,0,0,0,"ing1, Peter Campbell2*, Mike Coulson2, Natalie Ruddle2, Ingo Tornier3 1 JSC International Limited, Harrogate, North Yorkshire, United Kingdom, 2 Syngenta Limited, Jealott’s Hill Research Station, Bracknell, Berkshire, United Kingdom, 3 Eurofins Agroscience Services, EcoChem GmbH, Niefern-Öschelbronn, Germany Abstract Neonicotinoid residues in nectar and pollen from crop plants have been implicated as one of the potential factors causing the declines of honey bee populations. Median residues of thiamethoxam in pollen collected from honey bees after foraging on flowering seed treated maize were found to be between 1 and 7 mg/kg, median residues of the metabolite CGA322704 (clothianidin) in the pollen were between 1 and 4 mg/kg. In oilseed rape, median residues of thiamethoxam found in pollen collected from bees were between ,1 and 3.5 mg/kg and in nectar from foraging bees were between 0.",167,High,Review first: likely useful for pathway/protein evidence extraction.,Pesticide-specific microbial degradation candidate
Thiamethoxam,Influence of Tree Size and Application Rate on Expression of Thiamethoxam in Citrus and Its Efficacy Against Diaphorina citri (Hemiptera Liviidae)..pdf,Advance Access Publication Date: 20 February 2018,10.1093/jee/toy001,2016; 2017; 2018; 2025,Na Slope; was reared in continuous,19,13,22,candidate_gene/enzyme_plus_pathway,,,/Volumes/WENTBROKE/Pesticide degradation database/pesticidepdf/Thiamethoxam/PesticideDB_curation_Thiamethoxam_20260707,61,10,3,2,0,0,0,"et al. 2010, Rogers 2012). Residual activity of Materials and Methods insecticides applied to the soil are likely influenced by factors such as soil type, application volume, irrigation, tree age and size, and envir- Insecticide Application and Citrus Leaf Sampling onmental conditions such as rainfall. Moreover, neonicotinoid insec- A two-season field study was conducted during 2016 and 2017 to ticides metabolize into various analytes, though the effect of any one determine the concentration of thiamethoxam and resulting metabresulting metabolite on D. citri mortality is unknown (Byrne et al. olites in citrus leaves over time following application of Platinum 2017). For example, thiamethoxam metabolizes into clothianidin 75SG to the soil, based on application rate and tree size. We also (Nauen et al. 2003) and clothianidin further metabolizes into TZNG determined the influence of thiamet",167,High,Review first: likely useful for pathway/protein evidence extraction.,Pesticide-specific microbial degradation candidate
Triazophos,Combined treatment approaches based on ultrasound for removal of triazophos from wastewater..pdf,Ultrasonics Sonochemistry 40 (2018) 89–96,10.1016/j.ultsonch.2017.02.019,2015; 2016; 2017; 2018,,166,8,30,candidate_gene/enzyme_plus_pathway,,,/Volumes/WENTBROKE/Pesticide degradation database/pesticidepdf/Triazophos/PesticideDB_curation_Triazophos_20260707,66,39,6,13,4,0,0,"ale, Parag R. Gogate ⇑ Chemical Engineering Department, Institute of Chemical Technology, Matunga, Mumbai 40019, India a r t i c l e i n f o a b s t r a c t Article history: Pesticides have been the major contributors to the growth of agricultural productivity, but the wide Received 18 October 2016 spread use in the fields and discharge from the manufacturing industries have also contributed to enviReceived in revised form 13 February 2017 ronmental concerns. In the present work, degradation of triazophos (O,O-diethyl-O-(1-phenyl-1H-1,2,4Accepted 14 February 2017 triazol-3-yl) phosphorothioate) as a model pollutant has been investigated using high volume continuous Available online 15 February 2017 ultrasonic flow cell for the first time. Effect of power dissipation and initial pH on the extent of triazophos degradation using acoustic cavitation has been investigated initially. Under the",167,High,Review first: likely useful for pathway/protein evidence extraction.,Pesticide-specific microbial degradation candidate
Triazophos,Hydrolytic products and kinetics of triazophos in buffered and alkaline solutions with different values of pH..pdf,"5404 J. Agric. Food Chem. 2004, 52, 5404−5411",10.1021/jf049441i,2000; 2001; 2002; 2004,,64,0,60,candidate_pathway/metabolite,,,/Volumes/WENTBROKE/Pesticide degradation database/pesticidepdf/Triazophos/PesticideDB_curation_Triazophos_20260707,66,19,6,0,0,0,0,"5404 J. Agric. Food Chem. 2004, 52, 5404−5411 Hydrolytic Products and Kinetics of Triazophos in Buffered and Alkaline Solutions with Different Values of pH LIN KUNDE, YUAN DONGXING,* DENG YONGZHI, AND CHEN MENG Key Laboratory of Marine Environmental Science, Ministry of Education, Environmental Science Research Center, Xiamen University, Xiamen 361005, China The hydrolysis of triazophos was studied in buffered solutions in the range of pH 4-10 and in sodium hydroxide solutions with pH values up to 12. The results showed that the degradation of triazophos in the above solutions followed",167,High,Review first: likely useful for pathway/protein evidence extraction.,Pesticide-specific microbial degradation candidate
Triazophos,Triazophos-induced toxicity in zebrafish miRNA-217 inhibits nup43.pdf,Toxicology Research,10.1039/c8tx00065d,2014; 2015; 2016; 2018,,4,70,11,candidate_gene/enzyme_plus_pathway,,,/Volumes/WENTBROKE/Pesticide degradation database/pesticidepdf/Triazophos/PesticideDB_curation_Triazophos_20260707,50,4,6,33,2,0,0,"a number of pathophysiological conditions in was treated by the removal of chlorine, solid granule-filtering, female rats, with increased severity at high doses.29 Triazophos and by a disinfection system. Fish were fed twice daily with was likely a risk to the early development of the minnow freshly hatched brine shrimp and were not fed in the last 24 h Gobiocypris rarus, which is helpful in better understanding the before the experiment. The human embryonic kidney cell line toxicity induced by triazophos in fish embryos and larvae.30 293T was obtained from Zhejiang University, Hangzhou, The mechanisms for the stimulation of reproduction induced China. The zebrafish embryo ZF4 cell line was donated by by pesticides are indicated by increases in the protein and Hangzhou Hibio Biotech, Zhejiang, China. RNA content of the ovary and fat body of adult females.31 Triazophos has a long half-lif",166,High,Review first: likely useful for pathway/protein evidence extraction.,Pesticide-specific microbial degradation candidate
Thiamethoxam,Comparison of linuron degradation in the presence of pesticide mixtures in soil under laboratory conditions..pdf,Environ Monit Assess (2013) 185:8109–8114,10.1007/s10661-013-3158-7,2007; 2009; 2012; 2013,,18,0,5,candidate_pathway/metabolite,,,/Volumes/WENTBROKE/Pesticide degradation database/pesticidepdf/Thiamethoxam/PesticideDB_curation_Thiamethoxam_20260707,19,11,9,0,1,0,0,"of linuron degradation in the presence of pesticide mixtures in soil under laboratory conditions Maria Swarcewicz & Andrzej Gregorczyk & Justyna Sobczak Received: 14 June 2012 / Accepted: 28 February 2013 / Published online: 23 March 2013 # The Author(s) 2013. This article is published with open access at Springerlink.com Abstract It is widely recognised that complex interac- from 59 to 62 days, respectively. Other mixtures with tions occur between chemicals in mixtures. In many chlorothalonil, thiamethoxam and clothianidin did not agricultural situations, the use of tank mixes and com- have any effect. In order to compare linuron degradation plex spray programs is a common practice. Insecticides, rates in soils, a single first-order model and expanded fungicides and a herbicide being applied in potato pro- statistical analysis were used. tection were used in this research. Interactions",165,High,Review first: likely useful for pathway/protein evidence extraction.,Pesticide-specific microbial degradation candidate
Thiamethoxam,Insight into the effect of microplastics on the adsorption and degradation behavior of thiamethoxam in agricultural soils..pdf,Contents lists available at ScienceDirect,10.1016/j.chemosphere.2023.139262,2020; 2021; 2022; 2023,,36,10,5,candidate_gene/enzyme_plus_pathway,,,/Volumes/WENTBROKE/Pesticide degradation database/pesticidepdf/Thiamethoxam/PesticideDB_curation_Thiamethoxam_20260707,130,30,2,5,1,0,0,"Chemosphere 337 (2023) 139262 Contents lists available at ScienceDirect Chemosphere journal homepage: www.elsevier.com/locate/chemosphere Insight into the effect of microplastics on the adsorption and degradation behavior of thiamethoxam in agricultural soils Mingfeng Hu a, Lulu Huang b, Ya Wang a, Huihua Tan b, Xiangyang Yu a, b, * a Jiangsu Key Laboratory for Food Quality and Safety-State Key Laboratory Cultivation Base of Ministry of Science and Technology, Institute of Food Safety and Nutrition, Jiangsu Academy of Agricultural Sciences, 50 Zhongling Street, Nanjing, 210014, China b Guangxi Key Laboratory of Agric-Environment and Agric-products Safety, National Demonstration Center for Experimental Plant Science Education, C",165,High,Review first: likely useful for pathway/protein evidence extraction.,Pesticide-specific microbial degradation candidate
Thiamethoxam,Microbial Technologies Employed for Biodegradation of Neonicotinoids in the Agroecosystem..pdf,published: 02 December 2021,10.1002/bit.25136; 10.1002/clen.201200563; 10.1002/etc.4842; 10.1002/ps.4570,2018; 2019; 2020; 2021,AAP-1 from to investigate; AAP-1 isolated from soil; AAP-1. that actively participate; D-2 Grow in laboratory; D-2 by using of; D-2 uses a novel,421,137,135,candidate_gene/enzyme_plus_pathway,,,/Volumes/WENTBROKE/Pesticide degradation database/pesticidepdf/Thiamethoxam/PesticideDB_curation_Thiamethoxam_20260707,34,30,30,13,5,0,0,"cant cause for the colony collapse disorder within the predators and concern due to their toxicity and persistence in the ecological pollinators, especially bees (Woodcock et al., 2017). Mitchell et al. system and human health. Recently, Menon et al. (2021) (2017) found that due to the imprudent use of neonicotinoids proposed a study about the perseverance of different types of (acetamiprid, clothianidin, imidacloprid thiacloprid, and neonicotinoids in the water soil systems of the paddy fields thiamethoxam), the habitat of pollinators and the quality of in the Cauvery delta region, South India. This study revealed honey were severely affected. Around the globe, 198 honey that the neonicotinoids are less persistent in the water soil samples were analyzed, among 75% contained at least one class systems, and they are readily exposed to photolysis and undergo of neonicotinoid, while 45% con",165,High,Review first: likely useful for pathway/protein evidence extraction.,Pesticide-specific microbial degradation candidate
Vinclozolin,Fungicides and photochemistry photodegradation of the dicarboximide fungicide vinclozolin..pdf,"3088 J. Agrk Food Chem. 1995,43,3088-3092",,1990; 1991; 1994; 1995,,37,0,64,candidate_pathway/metabolite,,,/Volumes/WENTBROKE/Pesticide degradation database/pesticidepdf/Vinclozolin/PesticideDB_curation_Vinclozolin_20260707,54,31,17,0,1,0,0,"3088 J. Agrk Food Chem. 1995,43,3088-3092 Fungicides and Photochemistry: Photodegradation of the Dicarboximide Fungicide Vinclozolin Wolfgang Schwack,*J Frank Walker, and Beate Bourgeois Institute of Food Chemistry, University of Karlsruhe, Kaiserstrasse 12, D-76128 Karlsruhe, Germany To examine the potential of the fungicide vinclozolin to undergo photochemical reactions on plant surfaces, model experiments (A =- 280 nm) were performed in various organic solvents simulating the plant cuticle environment. On irradiation in 2-propanol and n-propanol vinclozolin was completely degraded within 1h, but the degradation was substa",165,High,Review first: likely useful for pathway/protein evidence extraction.,Pesticide-specific microbial degradation candidate
Penthiopyrad,Peer review of the pesticide risk assessment for the active substance penthiopyrad in light of confirmatory data submitted..pdf,CONCLUSION ON PESTICIDE PEER REVIEW,10.2903/j.efsa.2008.622; 10.2903/j.efsa.2013.3111; 10.2903/j.efsa.2016.1072; 10.2903/j.efsa.2021.6810,2016; 2021; 2022; 2025,,155,7,112,candidate_gene/enzyme_plus_pathway,,,/Volumes/WENTBROKE/Pesticide degradation database/pesticidepdf/Penthiopyrad/PesticideDB_curation_Penthiopyrad_20260707,73,29,6,3,2,0,0,".efsa.europa.eu/efsajournal 2 EFSA Journal 2022;20(1):7037 18314732, 2022, 1, Downloaded from https://efsa.onlinelibrary.wiley.com/doi/10.2903/j.efsa.2022.7037 by Saru Gurung - Sun Moon University , Wiley Online Library on [10/06/2025]. See the Terms and Conditions (https://onlinelibrary.wiley.com/terms-and-conditions) on Wiley Online Library for rules of use; OA articles are governed by the applicable Creative Commons License Peer review of the pesticide risk assessment of the active substance penthiopyrad Summary Penthiopyrad has been approved under Regulation (EC) No 1107/2009 on 1 May 2014 by Commission Implementing Regulation (EU) No 1187/2013. EFSA previously ﬁnalised a conclusion on this active substance on 11 April 2013 (EFSA, 2013). It was a speciﬁc provision of the approval that the applicant was required to submit to the European Commission further data on 1) the non-relevance",163,High,Review first: likely useful for pathway/protein evidence extraction.,Pesticide-specific microbial degradation candidate
Thiamethoxam,Sorption and degradation of neonicotinoid insecticides in tropical soils.pdf,"Pesticides, Food Contaminants, and Agricultural Wastes",10.1002/cem.705; 10.1002/ps.1776; 10.1002/ps.328; 10.1007/s00128,2014; 2015; 2017; 2018,,32,12,10,candidate_gene/enzyme_plus_pathway,,,/Volumes/WENTBROKE/Pesticide degradation database/pesticidepdf/Thiamethoxam/PesticideDB_curation_Thiamethoxam_20260707,33,6,1,9,1,0,0,"ust 2017 intensive application of these insecticides, knowledge of their fate in the Ghanaian and sub-Saharan Accepted 2 April 2018 African environment remains low. This study examined the behavior of neonicotinoids in soils from cocoa KEYWORDS plantations in Ghana by estimating their sorption and degradation using established kinetic models and Neonicotinoids; tropical soil; isotherms. Studies of sorption were conducted using the batch equilibrium method on imidacloprid, sorption; persistence; thiamethoxam, clothianidin, acetamiprid and thiacloprid, while degradation of imidacloprid, dissipation; degradation thiamethoxam and their respective deuterated counterparts was studied using models proposed by the European forum for coordination of pesticide fate and their use (FOCUS). Analytes were extracted using the quick, easy, cheap, effective, rugged and safe (QuEChERS) procedure and quant",163,High,Review first: likely useful for pathway/protein evidence extraction.,Pesticide-specific microbial degradation candidate
Glufosinate-Ammonium,Multiple effects of the herbicide glufosinate-ammonium and its main metabolite on neural stem cells from the subventricular zone of newborn mice..pdf,Accepted Manuscript,10.1001/jamaneurol.2013.6030; 10.1002/glia.20965; 10.1002/mrdd.10033; 10.1007/s00401-009-0624-y,2015; 2016; 2017; 2018,,37,53,53,candidate_gene/enzyme_plus_pathway,,,/Volumes/WENTBROKE/Pesticide degradation database/pesticidepdf/Glufosinate-Ammonium/PesticideDB_curation_Glufosinate_Ammonium_20260707,12,7,6,4,2,0,0,"Accepted Manuscript Title: Multiple effects of the herbicide glufosinate-ammonium and its main metabolite on neural stem cells from the subventricular zone of newborn mice Authors: Justyne Feat-Vetel, Vanessa Larrigaldie, Géraldine Meyer-Dilhet, Ameziane Herzine, Camille Mougin, Anthony Laugeray, Thierry Gefflaut, Olivier Richard, Valérie Quesniaux, Céline MontécotDubourg, Stéphane Mortaud PII: S0161-813X(18)30178-5 DOI: https://doi.org/10.1016/j.neuro.2018.10.001 Reference: NEUTOX 2402 To appear in: NEUTOX Received date: 17-5-2018 Revised date: 13-9-2018 Accepted date:",162,High,Review first: likely useful for pathway/protein evidence extraction.,Pesticide-specific microbial degradation candidate
Mandipropamid,"Residue dissipation, degradation dynamics, and dietary risk assessment of mandipropamid in ginseng under field application.pdf","Residue dissipation, degradation dynamics, and",10.1002/jsfa.10817; 10.1016/j.jgr.2021.06.007; 10.1094/PDIS-08-20; 10.21203/rs.3.rs-1202328/v2,2019; 2020; 2021; 2022,,23,1,18,candidate_gene/enzyme_plus_pathway,,,/Volumes/WENTBROKE/Pesticide degradation database/pesticidepdf/Mandipropamid/PesticideDB_curation_Mandipropamid_20260707,98,22,6,0,1,0,1,"Residue dissipation, degradation dynamics, and dietary risk assessment of mandipropamid in ginseng under eld application Zhiguang Hou Jilin Agricultural University Xingang Hou Jilin Agricultural University Liping Wei Jilin Agricultural University Zhanwen Cao Jilin Agricultural University Zhou Lu Jilin Agricultural University Hanjv Liu Jilin Agricultural University Zhongbin Lu (  luzong1979@aliyun.com ) Jilin Agricultural University Research Article Keywords: mandipropamid, ginseng, HPLC-MS/MS, dissipation, dietary risk assessment Posted Date: August 31st, 2022 DOI: https://doi.or",161,High,Review first: likely useful for pathway/protein evidence extraction.,Pesticide-specific microbial degradation candidate
Thiamethoxam,The effects of pesticide mixtures on degradation of pendimethalin in soils..pdf,Environ Monit Assess (2012) 184:3077–3084,10.1007/s10661-011-2172-x,2009; 2010; 2011; 2012,,44,1,8,candidate_gene/enzyme_plus_pathway,,,/Volumes/WENTBROKE/Pesticide degradation database/pesticidepdf/Thiamethoxam/PesticideDB_curation_Thiamethoxam_20260707,16,14,7,0,1,0,0,"Environ Monit Assess (2012) 184:3077–3084 DOI 10.1007/s10661-011-2172-x The effects of pesticide mixtures on degradation of pendimethalin in soils Maria K. Swarcewicz & Andrzej Gregorczyk Received: 27 September 2010 / Accepted: 8 June 2011 / Published online: 29 June 2011 # The Author(s) 2011. This article is published with open access at Springerlink.com Abstract Most agronomic situations involve a se- mixtures, with metribuzin or thiamethoxam, did not quence of herbicide, fungicide, and insecticide appli- affect the behavior of pendimethalin in soil. Also, we cation. On the other hand, use of pesticidal determined the influence of water content on the rate combinations has become a standard practice in the of pendimethalin degradation alone in two soils and production of many agricultural crops. One of the compared it to the rate in three pesticide mixtures. We most important processes",161,High,Review first: likely useful for pathway/protein evidence extraction.,Pesticide-specific microbial degradation candidate
Mandipropamid,Setting of import tolerances for mandipropamid in papayas..pdf,APPROVED: 2 December 2022,10.2903/j.efsa; 10.2903/j.efsa.2018.5147; 10.2903/j.efsa.2018.5284; 10.2903/j.efsa.2018.5491,2021; 2022; 2023; 2025,,33,16,61,candidate_gene/enzyme_plus_pathway,,,/Volumes/WENTBROKE/Pesticide degradation database/pesticidepdf/Mandipropamid/PesticideDB_curation_Mandipropamid_20260707,101,19,4,0,0,0,0,". Based on the conclusions derived by EFSA in the framework of Directive 91/414/EEC, the data evaluated under previous MRL assessments, and the additional data provided by the RMS in the framework of this application, the following conclusions are derived. The metabolism of mandipropamid following foliar applications was investigated in primary crops belonging to the groups of fruit crops, leafy crops and root and tuber vegetables. Studies investigating the effect of processing on the nature of mandipropamid (hydrolysis studies) demonstrated that the active substance is stable. As the proposed use of mandipropamid is on imported and permanent crops, investigations of residues in rotational crops are not required. Based on the metabolic pattern identiﬁed in metabolism studies, hydrolysis studies, and the toxicological signiﬁcance of metabolites and the capability of the enforcement method",159,High,Review first: likely useful for pathway/protein evidence extraction.,Pesticide-specific microbial degradation candidate
Vinclozolin,"Proton-induced accelerated decay of the fungicide, vinclozolin, on TiOsub2sub surface under solar irradiation Experimental and DFT study..pdf","Pesticides, Food Contaminants, and Agricultural Wastes",10.1016/0045-6535(84)90053-5; 10.1016/S0045-6535(97)00136-7; 10.1016/S0926-3373(02)00266-7; 10.1016/S1011-1344,2015; 2016; 2017; 2028,,26,3,65,candidate_gene/enzyme_plus_pathway,,,/Volumes/WENTBROKE/Pesticide degradation database/pesticidepdf/Vinclozolin/PesticideDB_curation_Vinclozolin_20260707,65,26,9,3,3,0,0,"410406 Published online: 29 Dec 2017. Submit your article to this journal View related articles View Crossmark data Full Terms & Conditions of access and use can be found at http://www.tandfonline.com/action/journalInformation?journalCode=lesb20 Download by: [Australian National University] Date: 30 December 2017, At: 20:22 JOURNAL OF ENVIRONMENTAL SCIENCE AND HEALTH, PART B 2017, VOL. 0, NO. 0, 1–7 https://doi.org/10.1080/03601234.2017.1410406 Proton-induced accelerated decay of the fungicide, vinclozolin, on TiO2 surface under solar irradiation: Experimental and DFT study Ivan Osipov, Mikhail Y. Gorbachev, and Natalia N. Gorinchoy Department of Quantum Chemistry, Institute of Chemistry, Academy of Sciences of Moldova, Kishinev, Republic of Moldova ABSTRACT ARTICLE HISTORY The photochemical degradation of vinclozolin by addition of titanium dioxide on silica support has been Received 29",159,High,Review first: likely useful for pathway/protein evidence extraction.,Pesticide-specific microbial degradation candidate
Thiamethoxam,"Efficient removal of thiamethoxam by freshwater microalgae Scenedesmus sp. TXH Removal mechanism, metabolic degradation and application..pdf",Contents lists available at ScienceDirect,10.1016/j.jenvman.2023.117388,2020; 2021; 2022; 2023,,101,16,57,candidate_gene/enzyme_plus_pathway,,,/Volumes/WENTBROKE/Pesticide degradation database/pesticidepdf/Thiamethoxam/PesticideDB_curation_Thiamethoxam_20260707,26,23,14,7,5,0,0,"Journal of Environmental Management 332 (2023) 117388 Contents lists available at ScienceDirect Journal of Environmental Management journal homepage: www.elsevier.com/locate/jenvman Research article Efficient removal of thiamethoxam by freshwater microalgae Scenedesmus sp. TXH: Removal mechanism, metabolic degradation and application Linghui Quan a, Yongtao Cheng a, Jiping Wang a, Yulin Chen a, Diantong Li a, Shiqi Wang a, Bolin Li a, Zulin Zhang a, c, Lie Yang a, Li Wu a, b, * a Hubei Key Laboratory of Mineral Resources Processing and Environment, School of Resources and Environmental Engineering, Wuhan University of Technology, Wuhan, 430070, PR China b State Environmental Protection Key Laboratory of Wetland Ecology and",157,High,Review first: likely useful for pathway/protein evidence extraction.,Pesticide-specific microbial degradation candidate
Phosmet,Microbial degradation of phosmet on blueberry fruit and in aqueous systems by indigenous bacterial flora on lowbush blueberries (Vaccinium angustifolium)..pdf,JFS M: Food Microbiology and Safety,10.1111/j.1750-3841.2007.00466.x,2004; 2006; 2007; 2025,B-14; B-14 and its use; B-14 organohalide compounds they; M6 and cloning of; and evidence for plasmid; ceased degrading chlorpyri- Horne,144,13,33,candidate_gene/enzyme_plus_pathway,,,/Volumes/WENTBROKE/Pesticide degradation database/pesticidepdf/Phosmet/PesticideDB_curation_Phosmet_20260707,185,32,39,0,2,0,0,"JFS M: Food Microbiology and Safety Microbial Degradation of Phosmet on Blueberry Fruit and in Aqueous Systems by Indigenous Bacterial Flora on Lowbush Blueberries (Vaccinium angustifolium) K.M. CROWE, A.A. BUSHWAY, R.J. BUSHWAY, AND K. DAVIS-DENTICI ABSTRACT: Phosmet-adapted bacteria isolated from lowbush blueberries (Vaccinium angustifolium) were evalu ated for their ability to degrade phosmet on blueberry fruit and in minimal salt solutions. Microbial metabolism of phosmet by isolates of Enterobacter agglomerans and Pseudomonas fluorescens resulted in signifi",155,High,Review first: likely useful for pathway/protein evidence extraction.,Pesticide-specific microbial degradation candidate
Thiamethoxam,Pest Management Science - 2015 - Hilton - The degradation rate of thiamethoxam in European field studies.pdf,Received: 12 September 2014 Revised: 10 March 2015 Accepted article published: 17 April 2015 Published online in Wiley Online Library: 19 May 2015,10.1002/ps.4024,2014; 2015; 2016; 2025,TMX-23. Appl Microbiol Biotechnol,82,9,14,candidate_gene/enzyme_plus_pathway,,,/Volumes/WENTBROKE/Pesticide degradation database/pesticidepdf/Thiamethoxam/PesticideDB_curation_Thiamethoxam_20260707,146,22,8,0,2,0,0,"Research Article Received: 12 September 2014 Revised: 10 March 2015 Accepted article published: 17 April 2015 Published online in Wiley Online Library: 19 May 2015 (wileyonlinelibrary.com) DOI 10.1002/ps.4024 The degradation rate of thiamethoxam in European ﬁeld studies Martin J Hilton,a* Tim D Jarvisa and Dean C Rickettsb Abstract BACKGROUND: Thiamethoxam is a systemic and contact pesticidal active substance in the neonicotinoid class of insecticides used worldwide to control a range of insects. Recently, concerns have been expressed regarding possible eﬀects of neonicoti noids on bees and other wildlife. The DT50 of thiamethoxam in soil may be crucial to assessing the potential long-term exposure of non-target organisms to thiamethox",155,High,Review first: likely useful for pathway/protein evidence extraction.,Pesticide-specific microbial degradation candidate
Triazophos,"Adsorption and degradation of triazophos, chlorpyrifos and their main hydrolytic metabolites in paddy soil from Chaohu Lake, China..pdf",Contents lists available at ScienceDirect,10.1016/j.jenvman.2011.04.009,2008; 2009; 2010; 2011,B-14 and its use; C2A1. J. Hazard. Mater; Dsp-2; GS-1; GS-1 and its degrading; GS-1 for the bioremediation,87,4,22,candidate_gene/enzyme_plus_pathway,,,/Volumes/WENTBROKE/Pesticide degradation database/pesticidepdf/Triazophos/PesticideDB_curation_Triazophos_20260707,58,35,14,0,2,0,0,"Journal of Environmental Management 92 (2011) 2229e2234 Contents lists available at ScienceDirect Journal of Environmental Management journal homepage: www.elsevier.com/locate/jenvman Adsorption and degradation of triazophos, chlorpyrifos and their main hydrolytic metabolites in paddy soil from Chaohu Lake, China Bin Liang a, Chengli Yang a, Mingbo Gong b, Yanfu Zhao a, Jun Zhang a, Changxiong Zhu b, **, Jiandong Jiang a, Shunpeng Li a, * a Department of Microbiology, Key Lab of Microbiological Engineering of Agricultural Environment, Ministry of Agriculture, College of Life Sciences, Nanjing Agricultural University, 210095 Nanjing, Jiangsu Province, PR China b Department of Environmental Restoration, Institute of",154,High,Review first: likely useful for pathway/protein evidence extraction.,Pesticide-specific microbial degradation candidate
Pymetrozine,Kinetic study of the degradation of the insecticide pymetrozine in a vegetable-field ecosystem..pdf,Contents lists available at ScienceDirect,10.1016/j.jhazmat.2008.08.020,2006; 2007; 2008; 2009,,11,1,13,candidate_gene/enzyme_plus_pathway,,,/Volumes/WENTBROKE/Pesticide degradation database/pesticidepdf/Pymetrozine/PesticideDB_curation_Pymetrozine_20260707,76,13,4,2,1,0,0,"Journal of Hazardous Materials 164 (2009) 497–501 Contents lists available at ScienceDirect Journal of Hazardous Materials journal homepage: www.elsevier.com/locate/jhazmat Kinetic study of the degradation of the insecticide pymetrozine in a vegetable-ﬁeld ecosystem Guoqing Shen a,∗ , Xuan Hu a , Yinan Hu b a Department of Environment and Resource, College of Agriculture and Biology, Shanghai Jiao Tong University, Shanghai 200240, PR China b College of Life Sciences, Nanjing Normal University, Nanjing 210097, PR China a r t i c l e i n f o a b s t r a c t Article history: The disappearance kinetics of pymetrozine was studied in a broccoli-ﬁeld ecosystem, and an efﬁcient Received 14 June 2008 method for the determination of pym",153,High,Review first: likely useful for pathway/protein evidence extraction.,Pesticide-specific microbial degradation candidate
Thiophanate-Methyl,Biodegradation kinetics of the benzimidazole fungicide thiophanate-methyl by bacteria isolated from loamy sand soil..pdf,"See discussions, stats, and author profiles for this publication at: https://www.researchgate.net/publication/47545994",10.1007/s10532-010-9430-4,2009; 2010; 2011; 2014,CBW. Although no metabolite; Rhodococcus jialingiae djl-6-2 was; SRS16 in pure culture; TDS-1; is identified. Strains with; showed the differences in,131,4,24,candidate_gene/enzyme_plus_pathway,,,/Volumes/WENTBROKE/Pesticide degradation database/pesticidepdf/Thiophanate-Methyl/PesticideDB_curation_Thiophanate_Methyl_20260707,9,7,9,1,2,0,0,"See discussions, stats, and author profiles for this publication at: https://www.researchgate.net/publication/47545994 Biodegradation Kinetics of the Benzimidazole Fungicide Thiophanate-methyl by Bacteria Isolated From Loamy Sand Soil Article in Biodegradation · October 2010 DOI: 10.1007/s10532-010-9430-4 · Source: PubMed CITATIONS READS 75 1,343 3 authors, including: Mariusz Cycoń Zofia Piotrowska-Seget Medical University of Silesia University of Silesia in Katowice 63 PUBLICATIONS 3,709 CITATIONS 166 PUBLICATIONS 9,136 CITATIONS SEE PROFILE SEE PROFILE All content following this page was uploaded by Mariusz Cycoń on 17 May 2014. The user has requested enhancement of the downloaded",153,High,Review first: likely useful for pathway/protein evidence extraction.,Pesticide-specific microbial degradation candidate
Trifloxystrobin,Determination of trifloxystrobin and its metabolites in Hawaii soils by ASE-LC-MSMS.pdf,"J. Agric. Food Chem. 2008, 56, 1829–1837 1829",10.1021/jf071527z,2005; 2006; 2007; 2008,,84,2,61,candidate_gene/enzyme_plus_pathway,,,/Volumes/WENTBROKE/Pesticide degradation database/pesticidepdf/Trifloxystrobin/PesticideDB_curation_Trifloxystrobin_20260707,89,32,14,0,2,0,0,"J. Agric. Food Chem. 2008, 56, 1829–1837 1829 Determination of Trifloxystrobin and Its Metabolites in Hawaii Soils by ASE-LC-MS/MS JINGYU CHEN,*,†,‡ BINH LOO,‡ AND CHITTARANJAN RAY†,§ Water Resources Research Center and Department of Civil and Environmental Engineering, University of Hawaii at Manoa, 2540 Dole Street, Honolulu, Hawaii 96822, and Chemical Analysis Laboratory, Hawaii Department of Agriculture, 2725 Waimano Home Road, Pearl City, Hawaii 96782 Analytical methods for the determination of trifloxystrobin and four of its metabolites were developed in a leaching",152,High,Review first: likely useful for pathway/protein evidence extraction.,Pesticide-specific microbial degradation candidate
Pinoxaden,"Aryldiones incorporating a [1,4,5]oxadiazepane ring. Part 2 chemistry and biology of the cereal herbicide pinoxaden..pdf",Received: 21 December 2010 Revised: 3 April 2011 Accepted: 12 April 2011 Published online in Wiley Online Library: 8 June 2011,10.1002/ps.2204,2015; 2016; 2017; 2025,,35,23,58,candidate_gene/enzyme_plus_pathway,,,/Volumes/WENTBROKE/Pesticide degradation database/pesticidepdf/Pinoxaden/PesticideDB_curation_Pinoxaden_20260707,91,9,1,2,0,0,0,"on pattern, a dione area suitable for proherbicide formation and beneficial adjuvant effects. The uptake and translocation pattern of pinoxaden when coapplied with its tailored adjuvant were analysed by autoradiography, indicating extensive and rapid penetration, followed by effective distribution throughout the plant. Crop injury reduction on incorporation of the [1,4,5]oxadiazepane ring into the aryldione template was reinforced with safener technology. Comparative studies on the behaviour of pinoxaden applied either alone or in combination with the safener cloquintocet-mexyl demonstrated that addition of the safener resulted in significant enhancement of metabolic degradation in wheat and barley, providing excellent crop tolerance and a substantial selectivity margin without adverse effects on weed control. CONCLUSION: The biological potential of pinoxaden and its active principle pin",151,High,Review first: likely useful for pathway/protein evidence extraction.,Pesticide-specific microbial degradation candidate
Thiamethoxam,High Temperatures Enhance Tolerance to Abamectin and Thiamethoxam in Bemisia tabaci (Hemiptera Aleyrodidae).pdf,High Temperatures Enhance Tolerance to,10.21203/rs.3.rs-4045510/v1,2020; 2021; 2022; 2024,,4,89,8,candidate_gene/enzyme_plus_pathway,,,/Volumes/WENTBROKE/Pesticide degradation database/pesticidepdf/Thiamethoxam/PesticideDB_curation_Thiamethoxam_20260707,24,1,3,18,0,0,0,"tabaci are induced during high temperature 32 stress, and these genes participate in the regulation of physiological and metabolic 33 processes. Our results help clarify the role of temperature on insecticide tolerance in B. 34 tabaci and provide a foundation for improving insecticide efficiency, which will 35 decrease insecticide use and reduce the exposure of nontarget organisms to toxic 36 compounds. 37 Keywords: Bemisia tabaci; CYP450s; high temperature; insecticide tolerance; 38 abamectin; thiamethoxam 39 1. Introduction 40 Chemical control methods remain a dominant factor in integrated pest 41 management due to their low cost and high effectiveness. Insects actively regulate 42 internal mechanisms that decrease the toxicity pesticides, such as the deployment of 43 cytochrome P450 monooxygenases (CYP450s); the latter are common detoxification 44 enzymes that function in the activati",151,High,Review first: likely useful for pathway/protein evidence extraction.,Pesticide-specific microbial degradation candidate
Thiamethoxam,Microbial degradation mechanism and pathway of the insecticide thiamethoxam by isolated Bacillus Cereus from activated sludge..pdf,Environmental Research 246 (2024) 117929,10.1002/ps.5168; 10.1007/s00253-012; 10.1007/s10661-015-4532-4; 10.1007/s11356-014-3470-y,2021; 2022; 2023; 2024,European Union. S1 can; Pseudoxanthomonas indica CGMCC 6648; S1; S1 as Bacillus cereus; S1 based on the; S1 did not exhibit,186,14,52,candidate_gene/enzyme_plus_pathway,,,/Volumes/WENTBROKE/Pesticide degradation database/pesticidepdf/Thiamethoxam/PesticideDB_curation_Thiamethoxam_20260707,33,30,29,4,4,0,0,"Environmental Research 246 (2024) 117929 Contents lists available at ScienceDirect Environmental Research journal homepage: www.elsevier.com/locate/envres Microbial degradation mechanism and pathway of the insecticide thiamethoxam by isolated Bacillus Cereus from activated sludge Xuezhu Xiang a, d, 1, Yue Xie a, d, 1, Di Tian b, Zhenguo Chen a, d, Xiaohui Yi a, d, Ziyan Chen a, d, Minzhi Huang a, c, d, * a SCNU (NAN’AN) Green and Low-carbon Innovation Center, Guangdong Provincial Engineering Research Center of Intelligent Low-carbon Pollution Prevention and Digital Technology & Guangdong Provincial Key Laboratory of Chemical Pollution and Environmental Safety & MOE Key Laboratory of Theoretical Chemistry of Environment,",151,High,Review first: likely useful for pathway/protein evidence extraction.,Pesticide-specific microbial degradation candidate
Phosmet,Evaluation of chemical and photochemical oxidation processes for degradation of phosmet on lowbush blueberries (Vaccinium angustifolium)..pdf,"9608 J. Agric. Food Chem. 2006, 54, 9608−9613",10.1021/jf0616210,2001; 2002; 2004; 2006,,116,4,49,candidate_gene/enzyme_plus_pathway,,,/Volumes/WENTBROKE/Pesticide degradation database/pesticidepdf/Phosmet/PesticideDB_curation_Phosmet_20260707,151,40,10,4,4,0,0,"9608 J. Agric. Food Chem. 2006, 54, 9608−9613 Evaluation of Chemical and Photochemical Oxidation Processes for Degradation of Phosmet on Lowbush Blueberries (Vaccinium angustifolium) KRISTI M. CROWE,* ALFRED A. BUSHWAY, RODNEY J. BUSHWAY, AND RUSSELL A. HAZEN Department of Food Science and Human Nutrition, 5735 Hitchner Hall, University of Maine, Orono, Maine 04469-5735 Chemical and photochemical oxidation processes were evaluated for their ability to degrade residual phosmet on lowbush blueberries and for their role in the conversion of phosmet to phosmet oxonsa toxic metabolite of phosmet. Chemical processes included 1 ppm",150,High,Review first: likely useful for pathway/protein evidence extraction.,Pesticide-specific microbial degradation candidate
Thiamethoxam,Role of Insect Gut Microbiota in Pesticide Degradation A Review..pdf,published: 03 May 2022,10.1002/arch.21218; 10.1002/ece3; 10.1002/jmor.20038; 10.1002/ps.1052,2019; 2020; 2021; 2022,from Northwestern Colombia. J; of Arsenophonus symbiont decreases; of Laodelphax striatellus. Pest; of S. frugiperda harbor; of house fly; of the bacterial doi,84,101,34,candidate_gene/enzyme_plus_pathway,,,/Volumes/WENTBROKE/Pesticide degradation database/pesticidepdf/Thiamethoxam/PesticideDB_curation_Thiamethoxam_20260707,7,3,4,5,0,0,0,"t in the microbiota of Microorganisms use a wide range of metabolic pathways to break vulnerable, unselected larvae (de Almeida et al., 2017). down and change xenobiotics when they grow rapidly (Itoh The microbial population of an insect’s digestive tract et al., 2018b; Bhatt et al., 2019, 2021; Gangola et al., 2022)—for comprises bacteria belonging to the phyla Firmicutes, example, Pseudomonas spp. and Ensifer adhaerens metabolized Proteobacteria, Actinobacteria, and Bacterioidetes, all of the thiamethoxam pesticide. The principal metabolic pathway which can impact the biology of hosts (Paniagua Voirol et al., involves the transition of its N-nitroimino group (= N-NO2 ) 2018; Gomes et al., 2020). Research on Spodoptera littoralis to N-nitrosimine/nitrosoguanidine (= N-NO, THX-II) and urea (Boisduval) found that the microbial community was mostly (= O; THX-III) metabolites (Hussain et al",150,High,Review first: likely useful for pathway/protein evidence extraction.,Pesticide-specific microbial degradation candidate
Fluxapyroxad,A Nationwide Study of Residual Fate of Fluxapyroxad and Its Metabolites in Peanut Crops Across China Assessment of Human Exposure Potential..pdf,A Nationwide Study of Residual Fate of Fluxapyroxad and Its,10.3390/molecules28010194,2019; 2021; 2022; 2023,,49,3,38,candidate_gene/enzyme_plus_pathway,,,/Volumes/WENTBROKE/Pesticide degradation database/pesticidepdf/Fluxapyroxad/PesticideDB_curation_Fluxapyroxad_20260707,143,29,2,2,1,1,0,"molecules Article A Nationwide Study of Residual Fate of Fluxapyroxad and Its Metabolites in Peanut Crops Across China: Assessment of Human Exposure Potential Xi Wang 1,2 , Li Chen 2 , Xin Ren 3 , Shanshan Kang 1,2 , Wei Li 1 and Zenglong Chen 1, * 1 State Key Laboratory of Integrated Management of Pest Insects and Rodents, Institute of Zoology, Chinese Academy of Sciences, Beijing 100101, China 2 School of Life Sciences, Hebei University, Baoding 071002, China 3 Beijing Advanced Innovation Centre for Food Nutrition and Human Health, Beijing Technology and Busine",149,High,Review first: likely useful for pathway/protein evidence extraction.,Pesticide-specific microbial degradation candidate
Thiamethoxam,Comparison of the effectiveness of thiamethoxam and its main metabolite clothianidin after foliar spraying and root irrigation to control Myzus persicae on peach..pdf,www.nature.com/scientificreports,10.1038/s41598-022-20659-w,2019; 2020; 2021; 2022,of Aphis gossypii Glover,12,9,15,candidate_gene/enzyme_plus_pathway,,,/Volumes/WENTBROKE/Pesticide degradation database/pesticidepdf/Thiamethoxam/PesticideDB_curation_Thiamethoxam_20260707,141,15,1,4,1,0,0,"www.nature.com/scientificreports OPEN Comparison of the effectiveness of thiamethoxam and its main metabolite clothianidin after foliar spraying and root irrigation to control Myzus persicae on peach Fajun Tian, Chengkui Qiao, Caixia Wang, Tao Pang, Linlin Guo, Jun Li, Rongli Pang, Hui Liu* & Hanzhong Xie* The green peach aphid, Myzus persicae, is one of the most economically important pests in peach growing areas around the world. In many countries, the application of insecticides is the main method to control and reduce the population of M. persicae. In this study, we investig",149,High,Review first: likely useful for pathway/protein evidence extraction.,Pesticide-specific microbial degradation candidate
Thiamethoxam,"Dissipation Behavior and Dietary Risk Assessment of Thiamethoxam, Pyraclostrobin, and Their Metabolites in Home-Style Pickled Cowpea..pdf",Dissipation Behavior and Dietary Risk Assessment of,10.3390/foods12183337; 10.3390/foods12183337/s1,2020; 2021; 2022; 2023,,100,8,70,candidate_gene/enzyme_plus_pathway,,,/Volumes/WENTBROKE/Pesticide degradation database/pesticidepdf/Thiamethoxam/PesticideDB_curation_Thiamethoxam_20260707,20,19,3,2,1,0,0,"foods Article Dissipation Behavior and Dietary Risk Assessment of Thiamethoxam, Pyraclostrobin, and Their Metabolites in Home-Style Pickled Cowpea Xumi Wang 1,2 , Huanqi Wu 1,2 , Kongtan Yang 2,3 , Nan Fang 2 , Hong Wen 2 , Changpeng Zhang 2 , Xiangyun Wang 2, * and Daodong Pan 1, * 1 College of Food and Pharmaceutical Sciences, Ningbo University, Ningbo 315211, China; wxm17815625975@163.com (X.W.); wuhuanqi2023@163.com (H.W.) 2 State Key Laboratory for Managing Biotic and Chemical Threats to the Quality and Safety of Agro-Products, Ministry of Agriculture and Rural Affai",149,High,Review first: likely useful for pathway/protein evidence extraction.,Pesticide-specific microbial degradation candidate
Abamectin,Time profile of abamectin and doramectin excretion and degradation in sheep faeces..pdf,Environmental Pollution 144 (2006) 197e202,10.1016/j.envpol.2005.12.019,2003; 2004; 2005; 2006,,11,2,10,candidate_gene/enzyme_plus_pathway,,,/Volumes/WENTBROKE/Pesticide degradation database/pesticidepdf/Abamectin/PesticideDB_curation_Abamectin_20260707,47,9,1,2,0,0,0,"Environmental Pollution 144 (2006) 197e202 www.elsevier.com/locate/envpol Time profile of abamectin and doramectin excretion and degradation in sheep faeces Lucija Kolar a,*, Vesna Cerkvenik Flajs b, Jernej Ku zner a, Irena Marc c, Milan Poga cnik d, Andrej Bidovec e, Cornelis A.M. van Gestel f, Nevenka Ko zuh Er zen a a Institute of Physiology, Pharmacology and Toxicology, Veterinary Faculty, University of Ljubljana, Gerbi ceva 60, SI-1000 Ljubljana, Slovenia b Institute of Food Hygiene and Bromatology, Veterinary Faculty, University of Ljubljana, Gerbi ceva 60, SI-1000 Ljubljana, Slovenia c",148,High,Review first: likely useful for pathway/protein evidence extraction.,Pesticide-specific microbial degradation candidate
Imazamox,"Isolation, characterization of a strain capable of degrading imazethapyr and its use in degradation of the herbicide in soil..pdf",Curr Microbiol (2009) 59:363–367,10.1007/s00284-009-9442-7,2006; 2007; 2008; 2009,BH-1 bicides imazapyr; BH-1 capable of degrading; BH-1. At the same; Capable of Degrading Imazethapyr; DDV-1 of; IM- chemical structure between,45,7,8,candidate_gene/enzyme_plus_pathway,,,/Volumes/WENTBROKE/Pesticide degradation database/pesticidepdf/Imazamox/PesticideDB_curation_Imazamox_20260707,6,6,6,2,1,0,0,"f titanium dioxide and humic acids caused and energy source. About 73.4% of the 50 mg l-1 initially enhancement of the degradation rate [8, 14]. The residues added IMZT was degraded after 7 days of inoculation with of IMZT, which had been found in water resources, strain IM-4. This strain also showed the capability to exceeded the European Community limit and became a degrade other imidazolinone herbicides such as imazapyr, potential pollutant of water [2]. Therefore, rapid eliminaimazapic, and imazamox. The inoculation strain IM-4 to tion of IMZT from the contaminated soil or water was soil treated with IMZT resulted in a higher degradation rate important for the environment. To our knowledge, a little than in noninoculated soil regardless if the soil was sterilized information was available in the literature about the or nonsterilized. Inoculation of strain IM-4 could also miti- microb",147,High,Review first: likely useful for pathway/protein evidence extraction.,Pesticide-specific microbial degradation candidate
Pymetrozine,"Degradation of cyprodinil, fludioxonil, cyfluthrin and pymetrozine on lettuce after different application methods..pdf",This article was downloaded by: [University of Illinois Chicago],10.1080/03601230701549271,2005; 2006; 2007; 2014,,15,1,6,candidate_gene/enzyme_plus_pathway,,,/Volumes/WENTBROKE/Pesticide degradation database/pesticidepdf/Pymetrozine/PesticideDB_curation_Pymetrozine_20260707,23,12,2,1,0,0,0,"ago] On: 11 November 2014, At: 03:27 Publisher: Taylor & Francis Informa Ltd Registered in England and Wales Registered Number: 1072954 Registered office: Mortimer House, 37-41 Mortimer Street, London W1T 3JH, UK Journal of Environmental Science and Health, Part B: Pesticides, Food Contaminants, and Agricultural Wastes Publication details, including instructions for authors and subscription information: http://www.tandfonline.com/loi/lesb20 Degradation of cyprodinil, fludioxonil, cyfluthrin and pymetrozine on lettuce after different application methods a a a a Maddalena Cabizza , Maurizio Satta , Susanna Falconi , Minica Onano & Giovanni a Uccheddu a Centro Regionale Agrario Sperimentale - Regione Sardegna , , Cagliari, Italy Published online: 10 Sep 2007. To cite this article: Maddalena Cabizza , Maurizio Satta , Susanna Falconi , Minica Onano & Giovanni Uccheddu (2007) Degradation of c",147,High,Review first: likely useful for pathway/protein evidence extraction.,Pesticide-specific microbial degradation candidate
Thiamethoxam,Biodegradation and detoxification of neonicotinoid insecticide thiamethoxam by white-rot fungus Phanerochaete chrysosporium..pdf,Contents lists available at ScienceDirect,10.1002/ps.4024; 10.1007/978-3-319-77386-5_7; 10.1007/BF00738547; 10.1007/s00128-008-9420-y,2018; 2019; 2020; 2021,Alcaligenes faecalis PMS-1. Int; TMX-23; TMX-23. Appl. https; in the toxicology research; sordida. J. Hazard. Mater; was induced on potato,178,23,99,candidate_gene/enzyme_plus_pathway,,,/Volumes/WENTBROKE/Pesticide degradation database/pesticidepdf/Thiamethoxam/PesticideDB_curation_Thiamethoxam_20260707,33,30,26,10,6,0,0,"Journal of Hazardous Materials 417 (2021) 126017 Contents lists available at ScienceDirect Journal of Hazardous Materials journal homepage: www.elsevier.com/locate/jhazmat Biodegradation and detoxification of neonicotinoid insecticide thiamethoxam by white-rot fungus Phanerochaete chrysosporium Anwei Chen *, Wenjie Li , Xiaoxiao Zhang , Cui Shang , Si Luo , Ruoyu Cao , Doudou Jin College of Resources and Environment, Hunan Agricultural University, Changsha 410128, PR China A R T I C L E I N F O A B S T R A C T Editor: Dr. R. Maria Sonia The extensive use of neonicotinoid pesticides in the past two decades caused serious impacts on many kinds of living beings. Therefore, it has been strongly suggested to detoxify and eliminate neonicotino",147,High,Review first: likely useful for pathway/protein evidence extraction.,Pesticide-specific microbial degradation candidate
Thiamethoxam,Photolytic degradation of the insecticide thiamethoxam in aqueous medium monitored by direct infusion electrospray ionization mass spectrometry..pdf,J. Mass Spectrom. 2007; 42: 1319–1325,10.1002/jms; 10.1002/jms.1204,2006; 2007; 2015; 2025,,52,6,51,candidate_gene/enzyme_plus_pathway,,,/Volumes/WENTBROKE/Pesticide degradation database/pesticidepdf/Thiamethoxam/PesticideDB_curation_Thiamethoxam_20260707,41,38,2,5,2,0,0,"JOURNAL OF MASS SPECTROMETRY J. Mass Spectrom. 2007; 42: 1319–1325 Published online in Wiley InterScience (www.interscience.wiley.com) DOI: 10.1002/jms.1204 Photolytic degradation of the insecticide thiamethoxam in aqueous medium monitored by direct infusion electrospray ionization mass spectrometry Ana P. F. M. de Urzedo,1 M. E. R. Diniz,1 Clésia C. Nascentes,1 Rodrigo R. Catharino,2 Marcos N. Eberlin2 and Rodinei Augusti1∗ 1 Department of Chemistry, Federal University of Minas Gerais, Belo Horizonte, MG, 31270-901, Brazil 2 ThoMSon Laboratory for Mass Spectrometry, Institute of Chemistry, State University of Campinas, Campinas, SP 13083-970 Brazil Received 21 November 2006; Accepted 12 February 2007",147,High,Review first: likely useful for pathway/protein evidence extraction.,Pesticide-specific microbial degradation candidate
Vinclozolin,Enantioseparation of vinclozolin by gamma-cyclodextrin-modified micellar electrokinetic chromatography..pdf,"1312 J. Agric. Food Chem. 2002, 50, 1312−1317",10.1021/jf011238p,1999; 2000; 2001; 2002,,14,7,14,candidate_gene/enzyme_plus_pathway,,,/Volumes/WENTBROKE/Pesticide degradation database/pesticidepdf/Vinclozolin/PesticideDB_curation_Vinclozolin_20260707,98,13,5,2,2,0,0,"been used as a fungicide and has an anti-androgenic activity, using γ-cyclodextrin together with sodium dodecyl sulfate. Factors affecting the chiral resolution and migration time of vinclozolin were studied. The optimum running conditions were found to be 20 mM phosphate-5 mM borate buffer (pH 8.5) containing 50 mM γ-cyclodextrin and 100 mM sodium dodecyl sulfate with an effective voltage of 20 kV at 20 °C using direct detection at 203 nm. Under these conditions, the resolution (Rs) of racemic vinclozolin was approximately 2.1. The sample was concentrated by solid-phase extraction and was fractionated by HPLC. The peak area ratio of (+) and (-)-vinclozolins in wine was found to be 2:3, namely, not racemic, suggesting that degradation rates were different between (+)- and (-)-vinclozolins. The anti-androgenic activities of (+)- and (-)-vinclozolins on dihydrotestosterone-induced transcri",147,High,Review first: likely useful for pathway/protein evidence extraction.,Pesticide-specific microbial degradation candidate
Isopyrazam,Surface water mineralization of isopyrazam according to OECD 309 observations on implementation of the new data requirement within agrochemical regulation..pdf,"Environmental Toxicology and Chemistry, Vol. 33, No. 3, pp. 516–524, 2014",10.1002/etc.2490,2012; 2013; 2014; 2025,,120,3,14,candidate_gene/enzyme_plus_pathway,,,/Volumes/WENTBROKE/Pesticide degradation database/pesticidepdf/Isopyrazam/PesticideDB_curation_Isopyrazam_20260707,49,33,7,0,2,0,0,"Environmental Toxicology and Chemistry, Vol. 33, No. 3, pp. 516–524, 2014 # 2013 SETAC Printed in the USA SURFACE WATER MINERALIZATION OF ISOPYRAZAM ACCORDING TO OECD 309: OBSERVATIONS ON IMPLEMENTATION OF THE NEW DATA REQUIREMENT WITHIN AGROCHEMICAL REGULATION LAURENCE H. HAND* and HARRIET J. MORELAND Syngenta, Product Safety Department, Jealott’s Hill International Research Centre, Bracknell, Berkshire, United Kingdom (Submitted 5 July 2013; Returned for Revision 19 September 2013; Accepted 24 November 2013) Abstract: A surface water mineralization study (according to the Organisation for Economic Co-operation and Development [OECD] guide",145,High,Review first: likely useful for pathway/protein evidence extraction.,Pesticide-specific microbial degradation candidate
Pymetrozine,Optimization of pretreatment in pymetrozine production wastewater via reactive distillation and side-stream distillation methods with response surface methodology..pdf,463 © IWA Publishing 2021 Water Science & Technology | 83.2 | 2021,10.2166/wst.2020.599,1996; 2020; 2021,,14,5,36,candidate_gene/enzyme_plus_pathway,,,/Volumes/WENTBROKE/Pesticide degradation database/pesticidepdf/Pymetrozine/PesticideDB_curation_Pymetrozine_20260707,44,15,5,4,3,0,0,"active distillation and side-stream distillation methods with response surface methodology Qi Chen, Kaijun Wang, Qixing Cai, Zhenggui Gu and Jianzhong Zhu ABSTRACT Lots of highly concentrated saline organic wastewater is produced during the pymetrozine Qi Chen Jianzhong Zhu (corresponding author) production process, causing environmental pollution and waste of resources if discharged directly. Key Laboratory of Integrated Regulation and Resource Development on Shallow Lake of Research on actual pymetrozine wastewater treatment is quite scarce. Existing treatment methods Ministry of Education, College of Environment, Hohai University, of pesticide wastewater usually have disadvantages of long treatment time, low processing Nanjing 210098, efﬁciency and low recovery rate. To solve these problems, a pretreatment process for pymetrozine China E-mail: zhuhhai2010@hhu.edu.cn wastewater was stu",145,High,Review first: likely useful for pathway/protein evidence extraction.,Pesticide-specific microbial degradation candidate
Thiamethoxam,"Deciphering the biodegradation of thiamethoxam by Phanerochaete chrysosporium with natural siderite Synergistic mechanisms, transcriptomics characterization, and molecular simulation..pdf",Contents lists available at ScienceDirect,10.1016/S1003-6326(18)64709-0; 10.1016/j; 10.1016/j.bioflm.2021.100043; 10.1016/j.cub.2021.10.041,2021; 2022; 2023; 2024,W18 reveals its adaptative,143,122,101,candidate_gene/enzyme_plus_pathway,,,/Volumes/WENTBROKE/Pesticide degradation database/pesticidepdf/Thiamethoxam/PesticideDB_curation_Thiamethoxam_20260707,8,8,7,2,3,0,0,"Journal of Hazardous Materials 480 (2024) 136327 Contents lists available at ScienceDirect Journal of Hazardous Materials journal homepage: www.elsevier.com/locate/jhazmat Deciphering the biodegradation of thiamethoxam by Phanerochaete chrysosporium with natural siderite: Synergistic mechanisms, transcriptomics characterization, and molecular simulation Shiye Zhu a , Anwei Chen a,*, Jiale Zhang a , Si Luo a , Jizhao Yang a, Youzheng Chai a , Jianhua Zeng b , Ma Bai a , Zhenghang Yang a, Gen Lu c a College of Environment and Ecology, Hunan Agricultural University, Changsha 410128, PR China b College of Food Science and Engineering, Ocean University of China, Qingdao 266000, PR China c Institute of Resource Bio",145,High,Review first: likely useful for pathway/protein evidence extraction.,Pesticide-specific microbial degradation candidate
Thiamethoxam,Evaluation of Highly Detectable Pesticides Sprayed in iBrassica napusi L. Degradation Behavior and Risk Assessment for Honeybees..pdf,Evaluation of Highly Detectable Pesticides Sprayed,10.3390/molecules23102482,2015; 2016; 2017; 2018,,21,3,31,candidate_gene/enzyme_plus_pathway,,,/Volumes/WENTBROKE/Pesticide degradation database/pesticidepdf/Thiamethoxam/PesticideDB_curation_Thiamethoxam_20260707,18,4,6,1,0,0,0,"nd 14 days after spraying. The information of meteorology was listed in Table 4. All the samples were frozen immediately and stored at −20 ◦ C until extraction for residue determination (up to 15 days). The storage stability tests were conducted before the sample analysis, and the results proved that the degradation rate of all the target compounds storing in −20 ◦ C was lower than 5% entirely. Table 1. Residues of neonicotinoids in rape flowers. Residue Levels of the Neonicotinoids (ng/g) ± SD Thiamethoxam Imidacloprid Acetamiprid Days after Untreated (30 g a.i./ha) ME (29%) (60 g a.i./ha) ME (75%) (60 g a.i./ha) ME (−5%) Treatment Control Degradation Degradation Degradation Residue Residue Residue Rate (%) Rate (%) Rate (%) 0 day ND 375.0 ± 35.5 - 1006.0 ± 150.3 - 1259.0 ± 108.2 1 day ND 315.3 ± 45.3 15.9 390.0 ± 57.5 61.2 1099.7 ± 170.4 12.7 3 day ND 108.7 ± 3.1 71.0 78.7 ± 1.5 92.2 3",145,High,Review first: likely useful for pathway/protein evidence extraction.,Pesticide-specific microbial degradation candidate
Thiamethoxam,Nicotine degradation by two novel bacterial isolates of Acinetobacter sp. TW and Sphingomonas sp. TY and their responses in the presence of neonicotinoid insecticides.pdf,World J Microbiol Biotechnol (2011) 27:1633–1640,10.1007/s11274-010-0617-y,2008; 2009; 2010; 2011,BD5 and Acinetobacter sp; DAPP-PG 224 and Sphingomonas; Fig. 1 Phylogenetic analysis; Fig. 2 Effects of; HF-1; HF-1 worked well when,85,7,6,candidate_gene/enzyme_plus_pathway,,,/Volumes/WENTBROKE/Pesticide degradation database/pesticidepdf/Thiamethoxam/PesticideDB_curation_Thiamethoxam_20260707,11,11,11,1,3,0,0,"of tobacco waste, nicotine is an degraded within 12 and 18 h for TW and TY, respectively. environmental concern because it is extremely toxic to Moreover, the presence of four widely-used commercial most organisms and could cause ecological problems neonicotinoid insecticides in the medium had no effects on (Civilini et al. 1997; American Cancer Society 2005). As a nicotine degradation by TW; among the four tested neon- result, the reduction of nicotine content in tobacco waste icotinoids, only thiamethoxam significantly delayed nico- has been the subject of intense effort. tine degradation by TY. TW and TY were also able to Biological methods are widely used in wastewater degrade selected neonicotinoids. This is the first report of treatment because they are more efficient, less expensive nicotine degradation by Acinetobacter sp. and Sphingo- and they can easily be adapted for continuou",145,High,Review first: likely useful for pathway/protein evidence extraction.,Pesticide-specific microbial degradation candidate
Thiamethoxam,Thiamethoxam-Induced Intergenerational Sublethal Effects on the Life History and Feeding Behavior of Rhopalosiphum padi.pdf,Thiamethoxam-Induced Intergenerational Sublethal Effects on,10.3390/plants13060865; 10.3390/plants13060865/s1,2021; 2022; 2023; 2024,,4,64,40,candidate_gene/enzyme_plus_pathway,,,/Volumes/WENTBROKE/Pesticide degradation database/pesticidepdf/Thiamethoxam/PesticideDB_curation_Thiamethoxam_20260707,110,1,1,40,0,1,0,"wever, biotic and creativecommons.org/licenses/by/ abiotic factors might cause these insecticides to degrade in the field to sublethal and low 4.0/). Plants 2024, 13, 865. https://doi.org/10.3390/plants13060865 https://www.mdpi.com/journal/plants Plants 2024, 13, 865 2 of 13 lethal concentrations [10,11]. Exposure to these sublethal concentrations results in a variety of non-lethal effects on insect pests, such as hormesis, resistance development, physiology, and behavior changes, etc. [12–14]. Thiamethoxam, a potent neonicotinoid insecticide, effectively controls sap-sucking insect pests including aphids [15–17]. However, insects are exposed to sublethal and low lethal concentrations of chemical insecticides after degradation via abiotic and biotic constraints [11,12] that ultimately affect the life-history parameters as well as inducing resis tance development in the directly exposed i",145,High,Review first: likely useful for pathway/protein evidence extraction.,Pesticide-specific microbial degradation candidate
Phosmet,Toxicity and biochemical responses induced by phosmet in rainbow trout (iOncorhynchus mykissi)..pdf,"Toxicology Research, 2021, 10, 983–991",10.1002/etc.5620200104; 10.1016/0003-2697(79)90738-3; 10.1016/0003-9861(59)90090-6; 10.1016/0006-2952(61)90145-9,2018; 2019; 2020; 2021,,11,51,13,candidate_gene/enzyme_plus_pathway,,,/Volumes/WENTBROKE/Pesticide degradation database/pesticidepdf/Phosmet/PesticideDB_curation_Phosmet_20260707,43,1,2,29,0,0,0,"ace water [2]. Unintended consequences, however, including Phosmet, O,O-dimethyl S-phthalimidomethyl phosphorodithioate, reproductive and teratogenic effects have been stated [3, 4]. is a broad-spectrum and non-systemic organophosphorus Phosmet residues have also been reported in fruits, potato, olive insecticide exerting its toxic action by direct contact, inhalation oil and honey [5–7]. and ingestion. It was first registered in the USA in 1966, and it is As an organophosphate, toxic action of phosmet originates used in many countries in Europe, Middle East, Africa and USA from the anticholinesterase activity causing neurotransmitter against wide variety of pests in agriculture and to treat flea, tick acetylcholine (ACh) to accumulate at cholinergic synapses. The and mite in pets [1]. In our country, it is mainly used on apple, build-up of ACh leads muscarinic and nicotinic toxicity due",144,High,Review first: likely useful for pathway/protein evidence extraction.,Pesticide-specific microbial degradation candidate
Abamectin,Evaluation of degradation kinetics for abamectin in formulations using a stability indicating method..pdf,Acta Pharm. 63 (2013) 59–69 Original research paper,10.1002/jps.2600811008; 10.1016/0304-4017(94)00743-V; 10.1016/S0099-5428(08)60219-1; 10.1016/j.jpba.2011.12.030,2010; 2011; 2012; 2013,,66,0,26,candidate_pathway/metabolite,,,/Volumes/WENTBROKE/Pesticide degradation database/pesticidepdf/Abamectin/PesticideDB_curation_Abamectin_20260707,28,28,3,0,0,0,0,"Acta Pharm. 63 (2013) 59–69 Original research paper DOI: 10.2478/acph-2013-0007 Evaluation of degradation kinetics for abamectin in formulations using a stability indicating method ATUL AWASTHI1 The aim of this study was to evaluate stability characterMAJID RAZZAK2 istics and kinetics behavior of abamectin (ABM) as a 1 % RAIDA AL-KASSAS1 JOANNE HARVEY3 (m/V) topical veterinary solution. During the study, samSANJAY GARG1,4,* ples stressed at 55 and 70 °C were regularly analyzed for several parameters over 8 weeks on a chromatographic 1 School of Pharmacy, The University of (HPLC) system, using a Prodigy C18, 250 x 4.6 mm,",143,High,Review first: likely useful for pathway/protein evidence extraction.,Pesticide-specific microbial degradation candidate
Phosmet,Spectroscopic and molecular modelling study of binding mechanism of bovine serum albumin with phosmet..pdf,Spectrochimica Acta Part A: Molecular and Biomolecular Spectroscopy 244 (2021) 118803,10.1016/0003-2697(81)90474-7; 10.1016/S0065-3233(08)60065-0; 10.1016/S0065-3233(08)60640-3; 10.1016/j,2018; 2019; 2020; 2021,,1,57,0,candidate_gene/enzyme,,,/Volumes/WENTBROKE/Pesticide degradation database/pesticidepdf/Phosmet/PesticideDB_curation_Phosmet_20260707,115,3,1,27,0,0,0,"anshu Ojha a,⁎ a CBRN Protection and Decontamination Research Group, Division of CBRN Defence, Institute of Nuclear Medicine and Allied Sciences, DRDO, Timarpur, Delhi 110054, India b Department of Chemistry, Miranda House, University of Delhi, Delhi 110007, India c Department of Chemistry, Ramjas College, University of Delhi, Delhi 110007, India d Nucleic Acids Research Lab, Department of Chemistry, University of Delhi, Delhi 110007, India a r t i c l e i n f o a b s t r a c t Article history: Phosmet exerts its neurotoxicity by inhibiting acetylcholinesterase that catalyzes the degradation of acetylchoReceived 19 April 2020 line (a neurotransmitter). Serum proteins are known to inﬂuence the biodistribution of various endogenous Received in revised form 20 July 2020 and exogenous compounds. In the present study, the binding interactions of phosmet with bovine serum albuAccepted 3 August",143,High,Review first: likely useful for pathway/protein evidence extraction.,Pesticide-specific microbial degradation candidate
Thiamethoxam,Integrated Electrochemical Oxidation and Biodegradation for Remediation of a Neonicotinoid Insecticide Pollutant..pdf,This article is licensed under CC-BY-NC-ND 4.0,10.1021/acsomega.3c09749,2022; 2023; 2024; 2025,P. Saudi Arabia oleovorans; P. oleovorans SA2. Identification; Pseudomonas sp. Previous studies; Rhodococcus sp. BCH2 and; S1 and waste water; SA2 at 200 ppm,242,12,31,candidate_gene/enzyme_plus_pathway,,,/Volumes/WENTBROKE/Pesticide degradation database/pesticidepdf/Thiamethoxam/PesticideDB_curation_Thiamethoxam_20260707,9,9,8,3,4,0,0,"k* Cite This: ACS Omega 2024, 9, 15239−15250 Read Online Downloaded via SUN MOON UNIV LIB on June 8, 2025 at 10:13:55 (UTC). ACCESS Metrics & More Article Recommendations * Supporting Information sı ABSTRACT: A novel integrated electrochemical oxidation (EO) and bacterial degradation (BD) technique was employed for the remediation of the chloropyridinyl and chlorothiazolyl classes of neonicotinoid (NEO) insecticides in the environment. Imidacloprid (IM), clothianidin (CL), acetamiprid (AC), and thiamethoxam (TH) were chosen as the target NEOs. Pseudomonas oleovorans SA2, identified through 16S rRNA gene analysis, exhibited the potential for BD. In EO, for the selected NEOs, the total percentage of chemical oxygen demand (COD) was noted in a range of 58−69%, respectively. Subsequently, in the biodegradation of EO-treated NEOs (BEO) phase, a higher percentage (80%) of total organic carbon",143,High,Review first: likely useful for pathway/protein evidence extraction.,Pesticide-specific microbial degradation candidate
Acibenzolar-S-methyl,Attenuation and soil biodegradation of fungicides by using vegetated buffer strips in vineyards during a simulated rainfall-runoff event..pdf,Environmental Science and Pollution Research (2023) 30:83678–83686,10.1007/s11356-023-27766-9,2020; 2021; 2022; 2023,,51,6,43,candidate_gene/enzyme_plus_pathway,,,/Volumes/WENTBROKE/Pesticide degradation database/pesticidepdf/Acibenzolar-S-methyl/PesticideDB_curation_Acibenzolar_S_methyl_20260707,6,5,4,2,0,0,0,"ght protection in the US; foreign copyright protection may apply 2023 Abstract Rainfall–runoff events occurring in vineyard fields can result in pesticide ground losses and the subsequent pollution of surface water bodies, derivate from the crop protection spray applications. In this study, the capacity of vegetated buffer strips (BS) to prevent surface water pollution due to the application of five fungicide products typically used in vineyards (copper, dimethomorph, oxathiapiprolin, zoxamide, acibenzolar-s-methyl, and laminarin) following a simulated run-off event has been assessed, and compared to that from a bare ground soil (BG). Two strips (5 m in length, each), one with vegetation and the other without were built up, and two different experiments were performed, a runoff event and a soil fungicide degradation kinetic evaluation. The runoff results show that fungicide mass retentio",140,High,Review first: likely useful for pathway/protein evidence extraction.,Pesticide-specific microbial degradation candidate
Thiamethoxam,Degradation of the insecticides thiamethoxam and imidacloprid by zero-valent metals exposed to ultrasonic irradiation in water medium electrospray ionization mass spectrometry monitoring..pdf,RAPID COMMUNICATIONS IN MASS SPECTROMETRY,10.1002/rcm; 10.1002/rcm.3749,2007; 2008; 2015; 2025,,36,2,32,candidate_gene/enzyme_plus_pathway,,,/Volumes/WENTBROKE/Pesticide degradation database/pesticidepdf/Thiamethoxam/PesticideDB_curation_Thiamethoxam_20260707,23,20,1,1,0,0,0,"RAPID COMMUNICATIONS IN MASS SPECTROMETRY Rapid Commun. Mass Spectrom. 2008; 22: 3472–3480 Published online in Wiley InterScience (www.interscience.wiley.com) DOI: 10.1002/rcm.3749 Degradation of the insecticides thiamethoxam and imidacloprid by zero-valent metals exposed to ultrasonic irradiation in water medium: electrospray ionization mass spectrometry monitoring Renata P. Lopes, Ana P. F. M. de Urzedo, Clésia C. Nascentes and Rodinei Augusti* Department of Chemistry, Federal University of Minas Gerais, Belo Horizonte/MG, Brazil, 31270-901! Received 3 July 2008; Revised 1 September 2008; Accepted 5 September 2008 The degradation of thiamethoxam (1) and imidacloprid (2), prototype neonicotinoid insecticides beari",140,High,Review first: likely useful for pathway/protein evidence extraction.,Pesticide-specific microbial degradation candidate
Thiamethoxam,Is there a risk to honeybees from use of thiamethoxam as a sugar beet seed treatment.pdf,"Integrated Environmental Assessment and Management — Volume 18, Number 3—pp. 709–721",10.1002/ieam.4498; 10.1016/j.scitotenv.2016.05.065,2020; 2021; 2022; 2025,,11,8,7,candidate_gene/enzyme_plus_pathway,,,/Volumes/WENTBROKE/Pesticide degradation database/pesticidepdf/Thiamethoxam/PesticideDB_curation_Thiamethoxam_20260707,146,7,3,2,1,0,0,"iamecaused by persistence in soil of pesticide residues from thoxam and clothianidin residues in pollen and nectar previous‐season seed treatments, uptake by subsequent bee‐ sampled from succeeding crops and/or weeds after thiaattractive crops planted in the same ﬁelds, and movement to methoxam seed‐treated sugar beet: That study was limited pollen and nectar. Based on European soil data (ﬁeld DT90 in scope to three ﬁeld sites in Germany and Austria. To data 23.7–307 days; Hilton et al., 2016), thiamethoxam resi- better assess the scale of uptake of residues from soil into dues would be expected to be almost totally degraded after pollen and nectar for a range of succeeding crops and/or one year, with negligible residues remaining in soil. Mass re- weeds in representative EU sugar beet growing areas, we covery in drainage water is less than 2% of seed‐applied assessed a further eight ﬁel",140,High,Review first: likely useful for pathway/protein evidence extraction.,Pesticide-specific microbial degradation candidate
Triazophos,"Nematicidal efficacy, enhanced degradation and cross adaptation of carbosulfan, cadusafos and triazophos under tropical conditions.pdf","Nematology, 2010, Vol. 12(2), 211-224",10.1163/138855409X12465264245574,2007; 2008; 2009; 2010,B-14 degraded chlorpyrifos; FEMS Microbiology Letters 253; Klebsiella S INGH,111,4,12,candidate_gene/enzyme_plus_pathway,,,/Volumes/WENTBROKE/Pesticide degradation database/pesticidepdf/Triazophos/PesticideDB_curation_Triazophos_20260707,87,25,4,0,1,0,0,"Nematology, 2010, Vol. 12(2), 211-224 Nematicidal efficacy, enhanced degradation and cross adaptation of carbosulfan, cadusafos and triazophos under tropical conditions Hari C. M EHER ∗ , Vijay T. G AJBHIYE, Ghanendra S INGH, Anju K AMRA and Gautam C HAWLA Indian Agricultural Research Institute, New Delhi 110 012, India Received: 25 April 2009; revised: 16 June 2009 Accepted for publication: 17 June 2009 Summary – Nematicides need to be applied in each cropping season but repetitive applications can reduce their persistence and efficacy due to the unpredictable phenomena of enhanced biotransformation and cross adaptation. Experiments",140,High,Review first: likely useful for pathway/protein evidence extraction.,Pesticide-specific microbial degradation candidate
Acibenzolar-S-methyl,Postharvest acibenzolar-S-methyl treatment maintains storage quality and retards softening of apple fruit..pdf,Received: 17 September 2019 | Revised: 10 December 2019 | Accepted: 18 December 2019,10.1002/jsfa.9326; 10.1002/jsfa.9376; 10.1007/s0021; 10.1007/s4216,2017; 2018; 2019; 2020,,9,35,10,candidate_gene/enzyme_plus_pathway,,,/Volumes/WENTBROKE/Pesticide degradation database/pesticidepdf/Acibenzolar-S-methyl/PesticideDB_curation_Acibenzolar_S_methyl_20260707,8,4,2,4,0,0,0,"ess, activity of pectin Funding information methylesterase, and polygalacturonase. Cellulase, β-glucosidase, and degradation of National Natural Science Foundation of protopectin in apple fruit were also suppressed by ASM treatment during storage. China, Grant/Award Number: 31801595; China Postdoctoral Science Foundation, In conclusion, ASM could maintain fruit quality by regulating cell wall-degrading enGrant/Award Number: 2018M630277 zymes during storage. Practical applications Application of acibenzolar-S-methyl after harvest has the potential of delaying fruit softening by regulating cell wall-degrading enzymes, thus retain fruit quality. KEYWORDS acibenzolar-S-methyl, cell wall-degrading enzyme, ethylene production rate, Malus domestica Borkh, respiratory rate 1 | I NTRO D U C TI O N which, flesh firmness is a vital quality characteristic which directly in fluence the preference of",139,High,Review first: likely useful for pathway/protein evidence extraction.,Pesticide-specific microbial degradation candidate
Imazamox,"Analysis of the Photodegradation of the Imidazolinone Herbicides Imazamox, Imazapic, Imazaquin, and Imazamethabenz-methyl in Aqueous Solution..pdf",Analysis of the Photodegradation of the Imidazolinone Herbicides,10.1021/acs.jafc.5b04663,2012; 2013; 2014; 2015,,77,2,118,candidate_gene/enzyme_plus_pathway,,,/Volumes/WENTBROKE/Pesticide degradation database/pesticidepdf/Imazamox/PesticideDB_curation_Imazamox_20260707,60,23,1,4,2,0,1,"Article pubs.acs.org/JAFC Analysis of the Photodegradation of the Imidazolinone Herbicides Imazamox, Imazapic, Imazaquin, and Imazamethabenz-methyl in Aqueous Solution Amy Christiansen, Alexa Peterson, Scott C. Anderson, Riley Lass, Maja Johnson, and Amanda M. Nienow* Gustavus Adolphus College 800 West College Avenue, St. Peter, Minnesota 56082, United States * S Supporting Information ABSTRACT: The photodegradation of the imidazolinone herbicides imazamox, imazapic, imazaquin, and imazamethabenz methyl has been investigated in phosphate-buﬀered solutions and buﬀered solutions containing natu",136,High,Review first: likely useful for pathway/protein evidence extraction.,Pesticide-specific microbial degradation candidate
Thiamethoxam,Investigation of dissipation kinetics and half-lives of fipronil and thiamethoxam in soil under various conditions using experimental modeling design by Minitab software..pdf,www.nature.com/scientificreports,10.1038/s41598-024-56083-5,2021; 2022; 2023; 2024,using response surface methodology,63,11,31,candidate_gene/enzyme_plus_pathway,,,/Volumes/WENTBROKE/Pesticide degradation database/pesticidepdf/Thiamethoxam/PesticideDB_curation_Thiamethoxam_20260707,96,5,1,9,2,0,0,"ed 2 & Mohamed R. Fouad 1 To determine the extent of pesticide buildup and their environmental contamination, the environmental half-lives of pesticides are examined. The influence of the factors affecting the half lives of fipronil and thiamethoxam including soil type, sterilization, temperature, and time and their interactions was studied using experimental modeling design by Minitab software. Based on the dissipation kinetics data, fipronil concentrations reduced gradually over 60 days while thiamethoxam concentrations decreased strongly. Also, fipronil and thiamethoxam dissipated more rapidly in calcareous soil than in alluvial soil. Thiamethoxam, however, disappeared more rapidly than fipronil in all treatments. Incubation at 50 °C leads to rapid the pesticide degradation. For prediction of the dissipation rate, model 5 was found to be the best fit, Residue of insecticide (%) = 15.4",136,High,Review first: likely useful for pathway/protein evidence extraction.,Pesticide-specific microbial degradation candidate
Phosmet,Sorption and degradation characteristics of phosmet in two contrasting Australian soils..pdf,"Published September, 2002",,1994; 1996; 2000; 2002,,35,2,2,candidate_gene/enzyme_plus_pathway,,,/Volumes/WENTBROKE/Pesticide degradation database/pesticidepdf/Phosmet/PesticideDB_curation_Phosmet_20260707,76,20,4,0,1,0,0,"Published September, 2002 Organic Compounds in the Environment Sorption and Degradation Characteristics of Phosmet in Two Contrasting Australian Soils H. C. Suter*, R. E. White, L. K. Heng, and L. A. Douglas ABSTRACT Aylmore, 1994). Sorption has often been described by The organophosphate insecticide phosmet [phosphorodithioic acid, the Freundlich equation: s-((1,3-dihydro-1,3-dioxo-2H-isoindol-2yl)methyl), o,o-dimethyl ester] S ⫽ KCn [1] is used to control red-legged earth mites (Halotydeus destructor), lucerne flea (Sminthurus viridis), and Oriental fruit moth (Cydia where S is the concentration of sorbed",135,High,Review first: likely useful for pathway/protein evidence extraction.,Pesticide-specific microbial degradation candidate
Vinclozolin,Vinclozolin exposure in utero induces postpubertal prostatitis and reduces sperm production via a reversible hormone-regulated mechanism..pdf,REPRODUCTION-DEVELOPMENT,10.1210/en.2009-0982,2008; 2009; 2010; 2015,,5,61,25,candidate_gene/enzyme_plus_pathway,,,/Volumes/WENTBROKE/Pesticide degradation database/pesticidepdf/Vinclozolin/PesticideDB_curation_Vinclozolin_20260707,103,4,2,22,2,0,0,"diated and reversible and involve a mechanism indepen dent of Dnmt expression. (Endocrinology 151: 783–792, 2010) nvironmental endocrine disrupting chemicals (EDCs) system abnormalities such as declining sperm counts, E are defined by the U.S. Environmental Protection Agency as “exogenous agents that interfere with the syn cryptorchidism, and hypospadias (2) and testicular cancer (3) have been postulated to be linked to EDC exposure. thesis, secretion, binding, action, or elimination of natural Vinclozolin [3-(3,5-dichlorophenyl)-5-methyl-5-vinylhormones in the body that are responsible for the main- oxazolidine-2,4-dione] is an antiandrogenic fungicide used tenance of homeostasis, reproduction, development, in the control of Botrytis cinerea, Sclerotinia sclerotiorum, and/or behavior.” The first evidence for adverse effects of and Moniliniam spp on fruits, vegetables, ornamental EDCs ca",135,High,Review first: likely useful for pathway/protein evidence extraction.,Pesticide-specific microbial degradation candidate
Mandipropamid,Effects of Household Processing on Residues of the Chiral Fungicide Mandipropamid in Four Common Vegetables..pdf,Environmental Research,10.3390/ijerph192315543; 10.3390/ijerph192315543/s1,2019; 2020; 2021; 2022,,7,1,24,candidate_gene/enzyme_plus_pathway,,,/Volumes/WENTBROKE/Pesticide degradation database/pesticidepdf/Mandipropamid/PesticideDB_curation_Mandipropamid_20260707,116,4,10,0,1,0,0,"fficient (Kow ), and mode of action [11]. For instance, washing and peeling can effectively remove the residues of chlorpyriphos and ethylparathion in tomato, probably due to the log Kow values of 4.7 and 3.8, respectively, which inhibited their transport in plant tissue and located on the outer epidermis of crops [9]. When boiling and steaming were used in processing rice products, volatilization and thermal degradation caused the reduction in pesticide residues in the range of 20.7–100% [12]. Mandipropamid is a chiral systemic fungicide with a broad bactericidal spectrum and can effectively prevent most foliar oomycete pathogens. The market sales of mandipropamid have been growing in the last half decade [13]. As applications increase, potential con tamination from mandipropamid residues in the ecosystem became more apparent. A few studies have reported the dissipation and residue dist",133,High,Review first: likely useful for pathway/protein evidence extraction.,Pesticide-specific microbial degradation candidate
Propamocarb,Modification of the existing maximum residue levels for propamocarb in radishes (roots and small leaves)..pdf,Approved: 28 October 2024,10.2903/j; 10.2903/j.efsa.2024.9092,2022; 2023; 2024; 2025,,14,3,53,candidate_gene/enzyme_plus_pathway,,,/Volumes/WENTBROKE/Pesticide degradation database/pesticidepdf/Propamocarb/PesticideDB_curation_Propamocarb_20260707,155,10,3,0,1,0,0,"pplications was investigated in crops belonging to the groups of fruit crops, root crops and leafy crops. Studies investigating the effect of processing on the nature of propamocarb (hydrolysis studies) demonstrated that the active substance is stable. In rotational crops, the confined study did not indicate that a different metabolism is expected. Based on the metabolic pattern identified in metabolism studies and hydrolysis studies, the residue definitions for plant products were proposed as ‘Propamocarb (sum of propamocarb and its salts expressed as propamocarb)’ for enforcement and risk assessment. These residue definitions are applicable to primary crops, rotational crops and processed products. EFSA concluded that, for the crops assessed in this application, the metabolism of propamocarb in primary and rotational crops, and the possible degradation in processed products have been s",131,High,Review first: likely useful for pathway/protein evidence extraction.,Pesticide-specific microbial degradation candidate
Pymetrozine,"Dissipation kinetics and exposure of spirotetramat and pymetrozine in open fields, a prelude to risk assessment of green bean consumption..pdf",Environmental Science and Pollution Research (2023) 30:57747–57758,10.1007/s11356-023-26100-7,2020; 2021; 2022; 2023,,13,1,28,candidate_gene/enzyme_plus_pathway,,,/Volumes/WENTBROKE/Pesticide degradation database/pesticidepdf/Pymetrozine/PesticideDB_curation_Pymetrozine_20260707,80,9,1,0,0,0,0,"na Bakery1 · Osama Abdallah1 · Mohamed Youssef2 · Walaa Abd El Ghany3 · Amira Abdallah2 · Sarah Greish4 · Mona M. Gaber4 · Indra Purnama5 · Shokr Abdelsalam1 · Mohamed Tawfic Ahmed4 Received: 23 October 2022 / Accepted: 18 February 2023 / Published online: 27 March 2023 © The Author(s) 2023 Abstract Determination and dissipation kinetics of pymetrozine and spirotetramat in green bean were studied using a QuEChERS method coupled to high-performance liquid chromatography-tandem mass spectrometry. Pymetrozine recoveries ranged between 88.4–93.7%, with relative standard deviation (RSD) of 5.5–14.4%. For spirotetramat the recoveries ranged between 91.7–103.4%, and the RSD were in the range of 3.2 to 12.4%. The limits of quantification (LOQs) were 0.01 mg/kg and 0.005 mg/kg for pymetrozine and spirotetramat, respectively. The developed analytical method was used to study the degradation rates",131,High,Review first: likely useful for pathway/protein evidence extraction.,Pesticide-specific microbial degradation candidate
Thiamethoxam,"Persistence, metabolism and safety evaluation of thiamethoxam in tomato crop..pdf",Received: 9 September 2008 Revised: 27 January 2009 Accepted: 5 February 2009 Published online in Wiley Interscience: 20 May 2009,10.1002/ps.1776,2005; 2008; 2009; 2025,,40,2,54,candidate_gene/enzyme_plus_pathway,,,/Volumes/WENTBROKE/Pesticide degradation database/pesticidepdf/Thiamethoxam/PesticideDB_curation_Thiamethoxam_20260707,75,12,3,0,1,0,0,"o crop, varied between 72 and 75% in 15 days with a half-life of 9 days. Total residues reached below detectable level in 15 days in tomato fruits and 20 days in soil. Maximum damage (30%) was found in control plots, as opposed to 8–10% of fruit damage in treated plots. One degradation product was detected on the tomato fruit surface, and three metabolites were identified in tomato fruits by the LC-MS technique. The metabolites have been reported for the first time in tomato fruits. CONCLUSION: Thiamethoxam at normal and double the recommended use rate effectively controlled aphids, whiteflies and Helicoverpa, as the insect population decreased to a minimum within 10 days of spraying in comparison with the control. There was no significant difference between the two rates of application, and both thiamethoxam treatments significantly increased tomato fruit yield compared with the untreat",130,High,Review first: likely useful for pathway/protein evidence extraction.,Pesticide-specific microbial degradation candidate
Trifloxystrobin,Environmental fate of trifloxystrobin in soils of different geographical origins and photolytic degradation in water.pdf,"J. Agric. Food Chem. 2006, 54, 9479−9487 9479",10.1021/jf0620214,2003; 2004; 2005; 2006,,85,3,39,candidate_gene/enzyme_plus_pathway,,,/Volumes/WENTBROKE/Pesticide degradation database/pesticidepdf/Trifloxystrobin/PesticideDB_curation_Trifloxystrobin_20260707,11,8,5,0,2,0,0,"J. Agric. Food Chem. 2006, 54, 9479−9487 9479 Environmental Fate of Trifloxystrobin in Soils of Different Geographical Origins and Photolytic Degradation in Water KAUSHIK BANERJEE,† AXEL PATRICK LIGON,‡ AND MICHAEL SPITELLER*,‡ National Research Centre for Grapes, Pune 412 307, India, and Institute of Environmental Research (INFU), University of Dortmund, Otto-Hahn-Strasse 6, 44221 Dortmund, Germany In vitro biodegradation of trifloxystrobin (TFS) under darkness could best be explained by two compartment first + first-order rate kinetics with half-lives ranging between 1.8 and",129,High,Review first: likely useful for pathway/protein evidence extraction.,Pesticide-specific microbial degradation candidate
Pymetrozine,Development and evaluation of pymetrozine controlled-release formulation to control paddy planthopper..pdf,Open Access Article. Published on 20 June 2018. Downloaded on 6/10/2025 6:16:20 AM.,10.1039/c8ra03516d,2015; 2017; 2018; 2025,,8,5,5,candidate_gene/enzyme_plus_pathway,,,/Volumes/WENTBROKE/Pesticide degradation database/pesticidepdf/Pymetrozine/PesticideDB_curation_Pymetrozine_20260707,104,1,2,6,0,0,0,"and wettable powders. These insecticides are applied by dusting or spraying using simple equipment. The active ingredient, with short eﬀectiveness time, is degraded rapidly in natural paddy ecosystems. Thus, repeated pesticide applications are required to control rice planthoppers. Altering the short-term eﬀect This article is licensed under a Creative Commons Attribution-NonCommercial 3.0 Unported Licence. formulation of pesticides to a long-acting formulation may be an alternative solution. A pymetrozine controlled-release granule (CRG; 1%) was developed by loading the pesticide on bentonite and coating the solid pesticide with resin. Analysis of pymetrozine release indicated that the 1% pymetrozine CRG release was more than 80% for 60 days. In the ﬁeld trial screening, the 1% pymetrozine CRG showed a controlled eﬀect of 61.96–78.87% at 48 days after CGR application. Application of 1%",128,High,Review first: likely useful for pathway/protein evidence extraction.,Pesticide-specific microbial degradation candidate
Abamectin,Study of the degradation in aqueous solution of a refractory organic compound avermectin type used as pesticide in agriculture..pdf,1 © IWA Publishing 2017 Water Science & Technology | in press | 2017,10.1002/9783527610884; 10.1002/jctb.3990; 10.1016/S0043-1354(02)00461-X; 10.1016/S0920-5861(99)00195-9,2014; 2015; 2016; 2017,Burkholderia sp. GB-01 for,117,13,32,candidate_gene/enzyme_plus_pathway,,,/Volumes/WENTBROKE/Pesticide degradation database/pesticidepdf/Abamectin/PesticideDB_curation_Abamectin_20260707,64,26,5,4,4,0,0,"Uncorrected Proof 1 © IWA Publishing 2017 Water Science & Technology | in press | 2017 Study of the degradation in aqueous solution of a refractory organic compound: avermectin type used as pesticide in agriculture Athir Boukhrissa, Fatiha Ferrag-Siagh, Lina-Mounia Rouidi, Smaïn Chemat and Hamid Aït-Amar ABSTRACT Athir Boukhrissa (corresponding author) We examined the removal of abamectin by electro-Fenton (EF) process and feasibility of biological Fatiha Ferrag-Siagh treatment after degradation. The effect of the operating parameters showed that abamectin (Aba) Lina-Mounia Rouidi Hamid Aït-Amar degradation was enhanced for increasing temperature. Response surface analysis of the central Laboratory of Science in Industrial Process Engineering, composite design led to the following optimal conditions for the abatement of the chemical oxygen University of Sciences and Technology H",127,High,Review first: likely useful for pathway/protein evidence extraction.,Pesticide-specific microbial degradation candidate
Thiamethoxam,Degradation of thiamethoxam by the synergetic effect between anodic oxidation and Fenton reactions..pdf,Contents lists available at ScienceDirect,10.1016/j.jhazmat.2016.02.064,2013; 2014; 2015; 2016,,129,23,49,candidate_gene/enzyme_plus_pathway,,,/Volumes/WENTBROKE/Pesticide degradation database/pesticidepdf/Thiamethoxam/PesticideDB_curation_Thiamethoxam_20260707,61,40,1,9,4,0,0,"Journal of Hazardous Materials 319 (2016) 43–50 Contents lists available at ScienceDirect Journal of Hazardous Materials journal homepage: www.elsevier.com/locate/jhazmat Degradation of thiamethoxam by the synergetic effect between anodic oxidation and Fenton reactions J. Meijide, J. Gómez, M. Pazos, M.A. Sanromán ∗ Department of Chemical Engineering, University of Vigo, Isaac Newton Building, Campus As Lagoas, Marcosende 36310 Vigo, Spain g r a p h i c a l a b s t r a c t h i g h l i g h t s • Electro-Fenton process demonstrates excellent ability to treat pesticides as thiamethoxam. • Thiamethoxam and TOC removals strongly depend on the AOPs applied. • Kinetics of thiamethoxam degradation",127,High,Review first: likely useful for pathway/protein evidence extraction.,Pesticide-specific microbial degradation candidate
Trifloxystrobin,An Overview of Strobilurin Fungicide DegradationCurrent Status and Future Perspective..pdf,published: 12 March 2020,10.1002/(SICI; 10.1002/bmc; 10.1002/etc.290; 10.1002/ps.1772,2017; 2018; 2019; 2020,Bacillus subtilis BSF01 and; Bacmaga; P31 and Conflict of; Source Comments References Klebsiella; ZS-19. Arora; azoxystrobindegrading bacteria. Howell et,194,44,67,candidate_gene/enzyme_plus_pathway,,,/Volumes/WENTBROKE/Pesticide degradation database/pesticidepdf/Trifloxystrobin/PesticideDB_curation_Trifloxystrobin_20260707,20,20,18,1,4,0,0,"the first natural strobilurin compound, Strobilurin-A, was originally Received: 19 April 2019 isolated from the mushroom Strobilurus tenacellus by Anke et al. (1977). The first patent for a Accepted: 25 February 2020 strobilurin fungicide (azoxystrobin) was introduced in the German market in 1996 (Sauter et al., Published: 12 March 2020 1999; Bartett et al., 2001). Subsequently, a series of strobilurin fungicides, including azoxystrobin, Citation: pyraclostrobin, fluoxastrobin, kresoxim-methyl, trifloxystrobin, picoxystrobin, mandestrobin, and Feng Y, Huang Y, Zhan H, Bhatt P metominostrobin, were developed and marketed (Rodrigues et al., 2013; Khandelwal et al., and Chen S (2020) An Overview 2014). Structurally, the presence of toxiphoric (E)-β-methoxyacrylate group is the main feature of Strobilurin Fungicide Degradation:Current Status of strobilurin fungicides (Balba, 2007), as presen",127,High,Review first: likely useful for pathway/protein evidence extraction.,Pesticide-specific microbial degradation candidate
Mandipropamid,Modification of the existing maximum residue level for mandipropamid in radish leaves..pdf,Approved: 27 October 2023,10.2903/j; 10.2903/j.efsa.2023.8421,2021; 2022; 2023; 2025,,37,11,75,candidate_gene/enzyme_plus_pathway,,,/Volumes/WENTBROKE/Pesticide degradation database/pesticidepdf/Mandipropamid/PesticideDB_curation_Mandipropamid_20260707,120,14,2,0,1,0,0,"he scientific reports in support of the preparation of an EU position for the preparation of the Codex Committee on Pesticide Residues (CCPR) meetings and the additional data provided by the EMS in the framework of this application, the following conclusions are derived. The metabolism of mandipropamid following foliar applications was investigated in primary crops belonging to the groups of fruit crops, leafy crops and root crops. Studies investigating the effect of processing on the nature of mandipropamid (hydrolysis studies) demonstrated that the active substance is stable. The metabolism in rotational crops was considered similar to the pathways observed in primary crops. Based on the metabolic pattern identified in metabolism studies, hydrolysis studies, the toxicological relevance of metabolites and the capability of the enforcement methods, the residue definition for plant produc",125,High,Review first: likely useful for pathway/protein evidence extraction.,Pesticide-specific microbial degradation candidate
Thiamethoxam,Biodegradation and Metabolic Pathway of the Neonicotinoid Insecticide Thiamethoxam by iLabrys portucalensisi F11..pdf,Molecular Sciences,10.3390/ijms232214326; 10.3390/ijms232214326/s1,2019; 2020; 2021; 2022,B2. Bull Environ. Contam; Capable of Fluorobenzene Degradation; F11 via Ortho Cleavage; IMBL 4.1 and Pseudomonas; IMBL 5.2 were able; L. portucalensis F11,264,7,99,candidate_gene/enzyme_plus_pathway,,,/Volumes/WENTBROKE/Pesticide degradation database/pesticidepdf/Thiamethoxam/PesticideDB_curation_Thiamethoxam_20260707,27,21,15,3,5,0,0,"International Journal of Molecular Sciences Article Biodegradation and Metabolic Pathway of the Neonicotinoid Insecticide Thiamethoxam by Labrys portucalensis F11 Oumeima Boufercha 1,2 , Ana R. Monforte 3 , Allaoueddine Boudemagh 2 , António C. Ferreira 3 , Paula M. L. Castro 3 and Irina S. Moreira 3, * 1 Laboratory of Molecular and Cellular Biology, University of Brothers Mentouri, Constantine 1, Chaâbat Erssas Campus, Ain El Bey Road, Constantine 25000, Algeria 2 Department of Microbiology, Faculty of Natural and Life Sciences, University of Brothers Mentouri, Constantine 1, Ain El Bey Road, Constantine 25000, Algeria 3 CBQF",125,High,Review first: likely useful for pathway/protein evidence extraction.,Pesticide-specific microbial degradation candidate
Thiamethoxam,"Impact of sonolytic ozonation (Osub3subUS) on degradation of pesticide residues in fresh vegetables and fruits Case study of Faisalabad, Pakistan..pdf",Ultrasonics Sonochemistry 79 (2021) 105799,10.1007/s00204-004-0616-6; 10.1007/s10661-015-4818-6; 10.1007/s11356-021-14203-y; 10.1007/s11783-019-1170-z,2018; 2019; 2020; 2021,,21,5,15,candidate_gene/enzyme_plus_pathway,,,/Volumes/WENTBROKE/Pesticide degradation database/pesticidepdf/Thiamethoxam/PesticideDB_curation_Thiamethoxam_20260707,33,10,2,0,1,0,0,"T Keywords: High pesticide residues in fresh produce is a serious food safety issue. This study was aimed at assessing the Fruits and vegetables pesticides residues in some important vegetables and fruits marketed in Faisalabad, Pakistan and the impact of Sonolytic ozonation sonolytic ozonation (O3/US) treatment in removing these contaminants. From a short grower’s survey, five Pesticides degradation registered and mostly used pesticides (acetamiprid, carbendazim, imidacloprid, thiacloprid and thiamethoxam) were identified. A time optimization trial of O3/US application (05, 10 and 15 min) on okra, showed that 10 min treatment significantly reduced three identified chemicals (thiamethoxam 100 %, imidacloprid and thiacloprid 97.17 %), without any adverse effect on its quality. In follow up trial, five fresh vegetables (cauliflower, chillies, cucumber, spinach and tomato) three fresh frui",125,High,Review first: likely useful for pathway/protein evidence extraction.,Pesticide-specific microbial degradation candidate
Trifloxystrobin,Spectral elucidation of the acid metabolites of the four geometric isomers of trifloxystrobin.pdf,Anal Bioanal Chem (2007) 388:1831–1838,10.1007/s00216-007-1382-0,2004; 2005; 2006; 2007,,71,0,51,candidate_pathway/metabolite,,,/Volumes/WENTBROKE/Pesticide degradation database/pesticidepdf/Trifloxystrobin/PesticideDB_curation_Trifloxystrobin_20260707,9,5,4,0,0,0,0,"Anal Bioanal Chem (2007) 388:1831–1838 DOI 10.1007/s00216-007-1382-0 ORIGINAL PAPER Spectral elucidation of the acid metabolites of the four geometric isomers of trifloxystrobin Kaushik Banerjee & Axel Patrick Ligon & Michael Spiteller Received: 23 February 2007 / Revised: 10 May 2007 / Accepted: 22 May 2007 / Published online: 20 June 2007 # Springer-Verlag 2007 Abstract Four geometric isomers of trifloxystrobin (TFS)— acetate] is a systemic fungicide developed by Novartis and namely EE, EZ, ZE, and ZZ—were hydrolyzed by 0.05 M marketed by Bayer Crop Science [1]. It is the first NaOH, resulting in four corresponding acid metabolites. strobilurin compound with an oxime",124,High,Review first: likely useful for pathway/protein evidence extraction.,Pesticide-specific microbial degradation candidate
Pymetrozine,Residues and dynamics of pymetrozine in rice field ecosystem..pdf,Contents lists available at ScienceDirect,10.1016/j.chemosphere.2010.10.053,2008; 2009; 2010; 2011,,15,0,3,candidate_pathway/metabolite,,,/Volumes/WENTBROKE/Pesticide degradation database/pesticidepdf/Pymetrozine/PesticideDB_curation_Pymetrozine_20260707,65,25,3,0,1,0,0,"dues were extracted from samples, cleaned up by solid phase extraction (SPE) and then deterAccepted 18 October 2010 mined by high-performance liquid chromatography electrospray ionization tandem mass spectrometry Available online 11 November 2010 (LC–ESI–MS–MS). The average recovery was 81.2–88.1% from soil, 83.4–88.6% from rice straw, 87.3– 94.1% from paddy water and 82.9–85.3% from brown rice. The relative standard deviation (RSD) was less Keywords: than 15%. The limits of detection (LODs) of pymetrozine calculated as a sample concentration were Pymetrozine Residue 0.0003 mg kg 1 (mg L 1) for soil and paddy water, 0.001 mg kg 1 for brown rice and rice straw. The Degradation results of kinetics study of pymetrozine residue showed that pymetrozine degradation in water, soil, Rice ﬁeld and rice straw coincided with C = 0.194e 0.986t, C = 0.044e 0.099t, and C = 0.988e 0.780t, respectively;",123,High,Review first: likely useful for pathway/protein evidence extraction.,Pesticide-specific microbial degradation candidate
Thiamethoxam,"Dissipation, Bioconcentration and Dietary Risk Assessment of Thiamethoxam and Its Metabolites in iAgaricus bisporusi and Substrates under Different Application Methods..pdf","Dissipation, Bioconcentration and Dietary Risk Assessment of",10.3390/toxics11060500; 10.3390/toxics11060500/s1,2020; 2021; 2022; 2023,mixed with 25 kg,127,5,87,candidate_gene/enzyme_plus_pathway,,,/Volumes/WENTBROKE/Pesticide degradation database/pesticidepdf/Thiamethoxam/PesticideDB_curation_Thiamethoxam_20260707,56,24,2,2,2,0,0,"toxics Article Dissipation, Bioconcentration and Dietary Risk Assessment of Thiamethoxam and Its Metabolites in Agaricus bisporus and Substrates under Different Application Methods Shanshan Chen 1,† , Qicai Zhang 1,† , Qinxiong Rao 1 , Xianli Wang 1 , Penghui Du 2 and Weiguo Song 1, * 1 Institute of Agro-Food Standards and Testing Technology, Shanghai Academy of Agricultural Sciences, Shanghai 201403, China; shanshanchen2013@saas.sh.cn (S.C.); qicaizhang@126.com (Q.Z.); qinxiongrao@163.com (Q.R.); wangxianli@saas.sh.cn (X.W.) 2 College of Food Sciences, Shanghai Ocean University, S",123,High,Review first: likely useful for pathway/protein evidence extraction.,Pesticide-specific microbial degradation candidate
Thiamethoxam,Kinetics and mechanism of thiamethoxam abatement by ozonation and ozone-based advanced oxidation processes..pdf,Contents lists available at ScienceDirect,10.1016/j.jhazmat.2020.122180,2017; 2018; 2019; 2020,,57,30,56,candidate_gene/enzyme_plus_pathway,,,/Volumes/WENTBROKE/Pesticide degradation database/pesticidepdf/Thiamethoxam/PesticideDB_curation_Thiamethoxam_20260707,169,14,5,9,6,0,0,"ozonation and T ozone-based advanced oxidation processes Huijiao Wanga, Juhong Zhana, Lingwei Gaoa, Gang Yua, Sridhar Komarnenib, Yujue Wanga,* a School of Environment, Tsinghua University, Beijing 100084, China b Department of Ecosystem Science and Management and Material Research Institute, 205 MRL Building, The Pennsylvania State University, University Park, PA 16802, USA GRAPHICAL ABSTRACT ARTICLE INFO ABSTRACT Editor: Xiaohong Guan In this study, the abatement of neonicotinoid insecticide, thiamethoxam, by single ozonation, ozone/ultraviolet Keywords: (O3/UV) and electro-peroxone (EP) process was evaluated. The second-order rate constants for the reaction of Ozone thiamethoxam with O3 and hydroxyl radical (%OH) at pH 7 were determined to be 15.4 M–1 s–1 and 3.9 × 109 Ultraviolet M–1 s–1, respectively. The degradation pathways of thiamethoxam were proposed based on quantum chemical E",123,High,Review first: likely useful for pathway/protein evidence extraction.,Pesticide-specific microbial degradation candidate
Phosmet,Residual degradation and toxicity of insecticides against Bactrocera oleae..pdf,Environ Sci Pollut Res,10.1007/s11356-017-0347-x,2014; 2015; 2016; 2017,,16,23,19,candidate_gene/enzyme_plus_pathway,,,/Volumes/WENTBROKE/Pesticide degradation database/pesticidepdf/Phosmet/PesticideDB_curation_Phosmet_20260707,16,5,1,4,1,0,0,"2017 / Accepted: 26 September 2017 # Springer-Verlag GmbH Germany 2017 Abstract Field and lab trials took place in Crete (July to minimized, toxicity of pyrethroids remained almost stable September 2016), concerning the residual degradation and (> 60%) for the first 2 weeks and then decreased to 30–40%, toxicity of seven active ingredients applied as bait sprays which remained stable up to the end of the study (8 weeks). against the olive fruit fly. Highest residues were recorded in Concerning phosmet, its toxicity ranged from 35 to 56% for olive leaves for dimethoate and phosmet (~ 60 mg/kg) imme- 3 weeks with no significant reduction, while spinosad presentdiately after application (day 1+), while a threefold and five- ed a lower toxicity profile (50% only for 1 week). The benefits fold reduction was observed 1 week later, respectively. of these results in the knowledge of insecticide",122,High,Review first: likely useful for pathway/protein evidence extraction.,Pesticide-specific microbial degradation candidate
Spirodiclofen,Review of the existing maximum residue levels for spirodiclofen according to Article 12 of Regulation (EC) No 3962005..pdf,APPROVED: 6 October 2021,10.2903/j.efsa.2010.1560; 10.2903/j.efsa.2015; 10.2903/j.efsa.2016.4457; 10.2903/j.efsa.2018.5147,2019; 2020; 2021; 2025,,42,38,63,candidate_gene/enzyme_plus_pathway,,,/Volumes/WENTBROKE/Pesticide degradation database/pesticidepdf/Spirodiclofen/PesticideDB_curation_Spirodiclofen_20260707,217,3,2,3,0,0,0,"o 396/2005, EFSA shall provide a reasoned opinion on: • the inclusion of the active substance in Annex IV to the Regulation, when appropriate; • the necessity of setting new MRLs for the active substance or deleting/modifying existing MRLs set out in Annex II or III of the Regulation; • the inclusion of the recommended MRLs in Annex II or III to the Regulation; • the setting of speciﬁc processing factors as referred to in Article 20(2) of the Regulation. The active substance and its use pattern Spirodiclofen is the ISO common name for 3-(2,4-dichlorophenyl)-2-oxo-1-oxaspiro[4.5]dec-3-en-4-yl 2,2-dimethylbutyrate (IUPAC). The chemical structure of the active substance and its main metabolites is reported in Appendix F. The EU MRLs for spirodiclofen are established in Annex IIIA of Regulation (EC) No 396/2005. Codex maximum residue limits (CXLs) for spirodiclofen were also established by t",122,High,Review first: likely useful for pathway/protein evidence extraction.,Pesticide-specific microbial degradation candidate
Imazamox,Behavior of imidazolinone herbicide enantiomers in earthworm-soil microcosms Degradation and bioaccumulation..pdf,Science of the Total Environment 707 (2020) 135476,10.1007/s12161; 10.1016/j.scitotenv.2019.135476,2017; 2018; 2019; 2020,,58,1,8,candidate_gene/enzyme_plus_pathway,,,/Volumes/WENTBROKE/Pesticide degradation database/pesticidepdf/Imazamox/PesticideDB_curation_Imazamox_20260707,32,21,2,0,1,0,0,"i key laboratory of Agric-Environment and Agric-products Safety, National Demonstration Center for Experimental Plant Science Education, College of Agriculture, Guangxi University, Nanning, Guangxi 530004, People's Republic of China H I G H L I G H T S G R A P H I C A L A B S T R A C T • The bioaccumulation of three imidazolinone herbicides in earthworm tissues was not enantioselective. • The degradation of imazapic in soils was enantioselective, and no signiﬁcant stereoselectivity occurred for imazamox and imazethapyr. • The BSAFs values were negatively corre lated with the log KOW values of herbi cides and were positively correlated with organic matter content of soil in earthworm-soil microcosms. a r t i c l e i n f o a b s t r a c t Article history: Imidazolinone herbicides are a group of chiral herbicides that are widely used to control weeds in crops. Despite Received 5 September 2",121,High,Review first: likely useful for pathway/protein evidence extraction.,Pesticide-specific microbial degradation candidate
Thiamethoxam,"Dissipation of neonicotinoid insecticides imidacloprid, indoxacarb and thiamethoxam on pomegranate (Punica granatum L.)..pdf",Ecotoxicology and Environmental Safety 171 (2019) 130–137,10.1016/j.ecoenv.2018.12.070,2016; 2017; 2018; 2019,,14,1,12,candidate_gene/enzyme_plus_pathway,,,/Volumes/WENTBROKE/Pesticide degradation database/pesticidepdf/Thiamethoxam/PesticideDB_curation_Thiamethoxam_20260707,58,7,3,0,1,0,0,"ring the same cropping season. The QuEChERS analytical method in conjunction with LC-MS/MS Indoxacarb was validated to analyse the insecticides on pomegranate fruits with peel (whole fruit), without peel (aril) and in Liquid chromatography mass spectrometry (LC the field soil. The method performance was satisfactory with the limit of quantification (LOQ) of 0.005 mg/kg MS/MS) Pomegranate which was below the maximum residue limits (MRLs) in pomegranate for the 3 compounds. A first order reaction Thiamethoxam kinetics was observed for the three insecticides with the half -life of degradation of 8–11.1 days for imidacloprid; 7.4–8.4 days for indoxacarb and 9.8–14.2 days for thiamethoxam. Though the insecticides are systemic in nature, the residues in the edible pomegranate aril were always < LOQ. The maximum residue levels of imi dacloprid on pomegranate was less than its MRL of 1 mg/kg, so",120,High,Review first: likely useful for pathway/protein evidence extraction.,Pesticide-specific microbial degradation candidate
Triazophos,Triazophos (TAP) removal in horizontal subsurface flow constructed wetlands (HSCWs) and its accumulation in plants and substrates..pdf,www.nature.com/scientificreports,10.1038/s41598-017-05874-0,2015; 2016; 2017; 2018,,23,7,11,candidate_gene/enzyme_plus_pathway,,,/Volumes/WENTBROKE/Pesticide degradation database/pesticidepdf/Triazophos/PesticideDB_curation_Triazophos_20260707,14,3,4,5,2,0,0,"8–45 (2014). 22. Zarate, F. M., Schulwitz, S. E., Stevens, K. J. & Venables, B. J. Bioconcentration of triclosan, methyl-triclosan, and triclocarban in the plants and sediments of a constructed wetland. Chemosphere 88, 323–329 (2012). 23. Verlicchi, P. & Zambello, E. How efficient are constructed wetlands in removing pharmaceuticals from untreated and treated urban wastewaters? A review. Sci. Total Environ. 470, 1281–1306 (2014). 24. Lin, K. D. & Yuan, D. X. Degradation kinetics and products of triazophos in intertidal sediment. J. Environ. Sci. 17, 933–936 (2005). 25. Briggs, G. G., Bromilow, R. H. & Evans, A. A. Relationships between lipophilicity and root uptake and translocation of non-ionised chemicals by barley. Pestic. Sci. 13, 495–504 (1982). 26. Xiao, H. P., Cheng, S. P. & Wu, Z. B. Microbial community variation in phytoremediation of triazophos by Canna indica Linn. in a hydrop",118,High,Review first: likely useful for pathway/protein evidence extraction.,Pesticide-specific microbial degradation candidate
Abamectin,Soil fumigation alters adsorption and degradation behavior of pesticides in soil..pdf,Environmental Pollution 246 (2019) 264e273,10.1002/ps.4911; 10.1016/j.envpol.2018.12.003; 10.1371/journal.pone.0188245,2015; 2016; 2018; 2019,,36,4,7,candidate_gene/enzyme_plus_pathway,,,/Volumes/WENTBROKE/Pesticide degradation database/pesticidepdf/Abamectin/PesticideDB_curation_Abamectin_20260707,21,7,2,0,1,0,0,"groundwater in fumigated soil. The effect on soil pesticide adsorption in different types of chloropicrin (CP) fumigated soils was also examined. We observed that the equilibrium adsorption (qe) decreased signiﬁcantly at 24 h. Soil fumiKeywords: Chloropicrin gation decreased the Freundlich Kf and Kfoc values, and increased the Freundlich exponent 1/n values, for Adsorption isotherms pesticides in fumigated Beijing soil. Soil fumigation inﬂuenced the Kf of pendimethalin, oxyﬂuorfen and Kinetics abamectin the most, which themselves had a larger Kf in untreated soil. This indicated that the greater Groundwater pollution the soil pesticide adsorption the greater the inﬂuence of a fumigation treatment on that pesticide. The Kf Degradation was decreased more in the Heilongjiang and Beijing CP-fumigated soils that had high organic carbon content compared to Hunan soil. Fumigation of the soil w",115,High,Review first: likely useful for pathway/protein evidence extraction.,Pesticide-specific microbial degradation candidate
Thiamethoxam,Assessing the effectiveness of imidacloprid and thiamethoxam via root irrigation against Megalurothrips usitatus (Thysanoptera Thripidae) and its residual effects on cowpea..pdf,https://doi.org/10.1093/jee/toad166,10.1002/jsfa.9074; 10.1002/ps.4152; 10.1007/s10340-022-01579-0; 10.1007/s10661-013-3536-1,2021; 2022; 2023; 2025,,6,6,11,candidate_gene/enzyme_plus_pathway,,,/Volumes/WENTBROKE/Pesticide degradation database/pesticidepdf/Thiamethoxam/PesticideDB_curation_Thiamethoxam_20260707,65,3,1,3,0,0,0,"sampled cowpea plants in each replicate within and protecting all parts of the crop, and then acting as neurotoxins each treatment at different growth stages were counted and statisagainst pests, they have been widely applied on seeds and roots of tically analyzed. In order to ensure the accuracy of counting, the various crops for pest control (Goulson 2013). A recent study has re- leaves or flowers with thrips were removed and packed into a sealed ported the efficacy of foliar applications of thiamethoxam mixed with bag and brought back to the laboratory for calculation. adjuvants on M. usitatus and its degradation dynamics and residues Plant and soil samples were randomly collected from each of on cowpea. Adding adjuvants can significantly improve efficacy but the blocks, with 3 cowpea plants collected for each treatment. Five does not affect the residual dynamics (0.121–0.223 mg/kg a",114,High,Review first: likely useful for pathway/protein evidence extraction.,Pesticide-specific microbial degradation candidate
Thiamethoxam,Transcriptomic analysis of Malpighian tubules from the stingless bee Melipona scutellaris reveals thiamethoxam-induced damages..pdf,Science of the Total Environment 850 (2022) 158086,10.1002/jemt.22199; 10.1002/tox.21842; 10.1007/s00018-019-03200-7; 10.1007/s00294-008-0203-0.Expression,2019; 2020; 2021; 2022,,11,252,37,candidate_gene/enzyme_plus_pathway,,,/Volumes/WENTBROKE/Pesticide degradation database/pesticidepdf/Thiamethoxam/PesticideDB_curation_Thiamethoxam_20260707,22,1,5,15,3,0,0,"a strategy Differentially gene expressed to reveal mechanisms of how bees deal with these stressors. To date, no molecular techniques have been applied for the Excretion organ Neonicotinoid evaluation of target and/or non-target organs in stingless bees, such as the Malpighian tubules (Mt). Therefore, in the Sublethal effects present study, we evaluated the differentially expressed genes (DEGs) in the Mt of M. scutellaris after one and eight days of exposure to LC50/100 (0.000543 ng a.i./μL) of thiamethoxam (TMX). Through functional annotation analysis of four transcriptome libraries, the time course line approach revealed 237 DEGs (nine clusters) associated with carbon/ energy metabolism and cellular processes (lysosomes, autophagy, and glycan degradation). The expression proﬁles of Mt were altered by TMX in processes, such as detoxiﬁcation, excretion, tissue regeneration, oxidative str",114,High,Review first: likely useful for pathway/protein evidence extraction.,Pesticide-specific microbial degradation candidate
Thiamethoxam,"Context-Dependent Effect of Dietary Phytochemicals on Honey Bees Exposed to a Pesticide, Thiamethoxam..pdf",https://doi.org/10.1093/jisesa/ieab053,10.1093/jisesa/ieab053,2018; 2019; 2020; 2021,,11,11,9,candidate_gene/enzyme_plus_pathway,,,/Volumes/WENTBROKE/Pesticide degradation database/pesticidepdf/Thiamethoxam/PesticideDB_curation_Thiamethoxam_20260707,20,2,2,3,0,0,0,"Journal of Insect Science, (2021) 21(4): 11; 1–8 https://doi.org/10.1093/jisesa/ieab053 Research Context-Dependent Effect of Dietary Phytochemicals on Honey Bees Exposed to a Pesticide, Thiamethoxam Arathi H. S. (Arathi Seshadri),1,3, and Elisa Bernklau2 1 Invasive Species and Pollinator Health Unit, USDA ARS/WRRC, Davis, CA, 95616, USA. 2Colorado State University, Department of Agricultural Biology, Fort Collins, CO, 80523, USA, and 3Corresponding author, e-mail: arathi.seshadri@usda.gov Subject Editor: Margarita Lopez-Uribe Received 8 March 2021; Editorial decision 14 July 2021 Abstract Honey bees continue to face challenges relating to the degradation of natural flowering habitats that",113,High,Review first: likely useful for pathway/protein evidence extraction.,Pesticide-specific microbial degradation candidate
Thiamethoxam,"Modeling photodegradation kinetics of three systemic neonicotinoids-dinotefuran, imidacloprid, and thiamethoxam-in aqueous and soil environment..pdf","Environmental Toxicology and Chemistry, Vol. 35, No. 7, pp. 1718–1726, 2016",10.1002/etc.3335,2014; 2015; 2016; 2017,,163,9,25,candidate_gene/enzyme_plus_pathway,,,/Volumes/WENTBROKE/Pesticide degradation database/pesticidepdf/Thiamethoxam/PesticideDB_curation_Thiamethoxam_20260707,49,35,1,4,3,0,0,"Environmental Toxicology and Chemistry, Vol. 35, No. 7, pp. 1718–1726, 2016 # 2015 SETAC Printed in the USA MODELING PHOTODEGRADATION KINETICS OF THREE SYSTEMIC NEONICOTINOIDS— DINOTEFURAN, IMIDACLOPRID, AND THIAMETHOXAM—IN AQUEOUS AND SOIL ENVIRONMENT SUDARSHAN KURWADKAR,*y AMANDA EVANS,z DUSTAN DEWINNE,x PETER WHITE,k and FORREST MITCHELL# yDepartment of Civil and Environmental Engineering, California State University, Fullerton, California, USA zDepartment of Chemistry and Biochemistry, California State University, Fullerton, California, USA xConsulting Environmental Engineers, Stephenville, Texas, USA kDepartment of Mathematics, Tarleton State University, Stephenville, Texas, USA #Texas A&M AgriLife Researc",113,High,Review first: likely useful for pathway/protein evidence extraction.,Pesticide-specific microbial degradation candidate
Pymetrozine,Self-Cleaning-Mediated SERS Chip Coupled Chemometric Algorithms for Detection and Photocatalytic Degradation of Pesticides in Food..pdf,pubs.acs.org/JAFC Article,10.1021/acs.jafc.0c06513,2018; 2019; 2020; 2021,,10,9,1,candidate_gene/enzyme_plus_pathway,,,/Volumes/WENTBROKE/Pesticide degradation database/pesticidepdf/Pymetrozine/PesticideDB_curation_Pymetrozine_20260707,32,4,6,6,4,0,0,"Chen* Cite This: J. Agric. Food Chem. 2021, 69, 1667−1674 Read Online ACCESS Metrics & More Article Recommendations * sı Supporting Information Downloaded via UNIV OF CALIFORNIA SANTA BARBARA on May 16, 2021 at 11:40:26 (UTC). ABSTRACT: Pesticide residues in food have been a grave concern to consumers. Herein, we have developed a dual-mode SERS chip using Cu2O mesoporous spheres decorated with Ag nanoparticles (MCu2O@Ag NPs) as both sensing and degradation/ clearing unit for rapid detection of pymetrozine and thiram pesticides in tea samples. Three kinds of chemometric algorithms were comparatively applied to analyze the collected SERS spectra of pesticides. In comparison, random frog-partial least squares achieved the best performance with root mean square error of prediction and residual predictive deviation values of 0.9871, 6.17, and 0.9873, 6.64 for pymetrozine and thiram, respecti",111,High,Review first: likely useful for pathway/protein evidence extraction.,Pesticide-specific microbial degradation candidate
Thiophanate-Methyl,Degradation of 3-phenoxybenzoic acid by a Bacillus sp..pdf,Degradation of 3-Phenoxybenzoic Acid by a Bacillus sp,10.1371/journal.pone.0050456.g001; 10.1371/journal.pone.0050456.g002; 10.1371/journal.pone.0050456.g003; 10.1371/journal.pone.0050456.g004,2010; 2011; 2012; 2014,Cladosporium cladosporioides Hu-01. PLoS; DG-; DG- In the current; DG- evidence of a; DG-02; DG-02 After five rounds,230,25,67,candidate_gene/enzyme_plus_pathway,,,/Volumes/WENTBROKE/Pesticide degradation database/pesticidepdf/Thiophanate-Methyl/PesticideDB_curation_Thiophanate_Methyl_20260707,3,3,3,2,0,0,1,"strain, designated DG-02, was successfully isolated from the soil with a high efficiency in degrading 3-PBA. 16S rRNA gene sequencing and the physio-biochemical characteristics strongly suggested that strain DG-02 belongs to the Bacillus genus. As far as we know, there is no any information concerning the 3-PBA degradation by bacterial strains belonging to the Bacillus genus. Although Bacillus bacteria have been found to degrade a wide range of different xenobiotic aromatic compounds, including thiophanate-methyl [41], cypermethrin [43], chlorpyrifos [44], and 4-chloro-2-nitrophenol [45], our current results firstly describe Figure 5. The proposed pathway for the 3-PBA degradation by the biodegradation of 3-PBA by this genus bacteria and definitely strain DG-02. I, oxidization; II, phenyl ether cleavage. expand this list. It is thus becoming evident that Bacillus sp. is doi:10.1371/journ",110,High,Review first: likely useful for pathway/protein evidence extraction.,Pesticide-specific microbial degradation candidate
Mandipropamid,"The enantioselective environmental fate of mandipropamid in water-sediment microcosms Distribution, degradation, degradation pathways and toxicity assessment..pdf",Science of the Total Environment 891 (2023) 164650,10.1002/ps.5052; 10.1002/ps.6389; 10.1002/ps.7388; 10.1002/saj2.20221,2020; 2021; 2022; 2023,,131,6,92,candidate_gene/enzyme_plus_pathway,,,/Volumes/WENTBROKE/Pesticide degradation database/pesticidepdf/Mandipropamid/PesticideDB_curation_Mandipropamid_20260707,11,6,8,1,4,0,0,"Science of the Total Environment 891 (2023) 164650 Contents lists available at ScienceDirect Science of the Total Environment journal homepage: www.elsevier.com/locate/scitotenv The enantioselective environmental fate of mandipropamid in watersediment microcosms: Distribution, degradation, degradation pathways and toxicity assessment Jing Zhang, Yanhong Li, Yuting Tan, Yu Zhang, Rui Li, Liangliang Zhou, Minghua Wang ⁎ Department of Pesticide Science, College of Plant Protection, Nanjing Agricultural University, State & Local Joint Engineering Research Center of Green Pesticide Invention and Application, Nanjing 210095, China H I G H L I G H T S G R A P H I C A L A B S T R A C T • R-MDP was preferentially degraded in lake wat",109,High,Review first: likely useful for pathway/protein evidence extraction.,Pesticide-specific microbial degradation candidate
Thiamethoxam,Contribution of insect gut microbiota and their associated enzymes in insect physiology and biodegradation of pesticides..pdf,PUBLISHED 14 September 2022,10.1001/archneurol; 10.1001/jamaneurol.2013.6030; 10.1002/agj2.20490; 10.1002/arch.21501,2019; 2020; 2021; 2022,CF-BD. In the presence; CL4 has that are; IM-2. J. Agric. Food; Klebsiella concentrations; Rhodococcus sp. BCH2 and; across several agricultural and,205,204,86,candidate_gene/enzyme_plus_pathway,,,/Volumes/WENTBROKE/Pesticide degradation database/pesticidepdf/Thiamethoxam/PesticideDB_curation_Thiamethoxam_20260707,10,1,5,5,2,0,0,"dv. 33, 745–755. Bhandari, G., Sharma, M., Negi, S., Gangola, S., Bhatt, P., and Chen, S. (2021). doi: 10.1016/j.biotechadv.2015.05.003 System biology analysis of endosulfan biodegradation in bacteria and its effect in Chen, X. D., Neupane, S., Gossett, H., Pelz-Stelinski, K. S., and Stelinski, other living systems: Modeling and simulation studies. J. Biomol. Struct. Dyn. 8, L. L. (2021). Insecticide rotation scheme restores insecticide susceptibility in 1–13. doi: 10.1080/07391102.2021.1982773 thiamethoxam-resistant field populations of Asian citrus psyllid, Diaphorina citri Bhatt, P., Ahmad, S., Joshi, S., and Bhatt, K. (2022b). “Recent advancement in Kuwayama (Hemiptera: Liviidae), in Florida. Pest Manag. Sci. 77, 464–473. doi: microbial enzymes and their industrial applications,” in Industrial applications of 10.1002/ps.6039 microbial enzymes, ed. P. Bhatt (Boca Raton, FL: CRC Press)",108,High,Review first: likely useful for pathway/protein evidence extraction.,Pesticide-specific microbial degradation candidate
Thiamethoxam,Enhanced Insecticidal Activity of Thiamethoxam by Zinc Oxide Nanoparticles A Novel Nanotechnology Approach for Pest Control..pdf,"This is an open access article published under an ACS AuthorChoice License, which permits",10.1021/acsomega.9b03680,2018; 2019; 2020; 2025,,6,13,7,candidate_gene/enzyme_plus_pathway,,,/Volumes/WENTBROKE/Pesticide degradation database/pesticidepdf/Thiamethoxam/PesticideDB_curation_Thiamethoxam_20260707,121,1,2,12,2,0,0,"r, approach along with successive degradation through the which leads to many serious concerns in various groups of photocatalytic activity and hence are environmentally friendly. organisms including humans.3,4 Because of these properties of NPs, the ZnO NPs were chosen Fortunately, the rapid development of the nanotechnology in the present study as they are cheap, stable, and sensitive to along with alternative strategies aimed to produce residue-free pathogens. Considering it, we predict that thiamethoxam might nanocomposites with increased insecticidal activity and least bind with the Zn atoms at the ZnO crystal surface to form a environmental persistence, along with little damaging eﬀect to composite structure and consequently cause more damaging human health and the environment. Besides, the judicious eﬀects.13 This study is devoted to investigate the relative eﬀect application of p",108,High,Review first: likely useful for pathway/protein evidence extraction.,Pesticide-specific microbial degradation candidate
Thiamethoxam,"Uptake and translocation of imidacloprid, thiamethoxam and difenoconazole in rice plants..pdf",Environmental Pollution 226 (2017) 479e485,10.1016/j.envpol.2017.04.043,2014; 2015; 2016; 2017,,22,5,16,candidate_gene/enzyme_plus_pathway,,,/Volumes/WENTBROKE/Pesticide degradation database/pesticidepdf/Thiamethoxam/PesticideDB_curation_Thiamethoxam_20260707,8,2,2,2,0,0,0,"West Bengal climatic conditions. Bull. Environ. Contam. Toxicol. 77 (5), 631e637. No conﬂict of interest exits in the submission of this manuscript, Karadeniz, H., Yenisoy-Karakaş, S., 2015. Spatial distributions and seasonal variaand the manuscript has been approved by all authors for tions of organochlorine pesticides in water and soil samples in Bolu, Turkey. Environ. Monit. Assess. 187 (3), 1e12. publication. Karmakar, R., Singh, S., Kulshrestha, G., 2006. Persistence and transformation of thiamethoxam, a neonicotinoid insecticide, in soil of different agroclimatic Acknowledgement zones of India. Bull. Environ. Contam. Toxicol. 76 (3), 400e406. Kong, Z., Dong, F., Xu, J., Liu, X., Zhang, C., Li, J., Li, Y., Chen, X., Shan, W., Zheng, Y., 2012. Determination of difenoconazole residue in tomato during home canning The research was ﬁnancially supported by the National Natural by UPLC-M",105,High,Review first: likely useful for pathway/protein evidence extraction.,Pesticide-specific microbial degradation candidate
Spirodiclofen,Enhanced degradation of spiro-insecticides and their leacher enol derivatives in soil by solarization and biosolarization techniques..pdf,Environ Sci Pollut Res (2017) 24:9278–9285,10.1007/s11356-017-8589-1,2014; 2016; 2017; 2020,,49,2,26,candidate_gene/enzyme_plus_pathway,,,/Volumes/WENTBROKE/Pesticide degradation database/pesticidepdf/Spirodiclofen/PesticideDB_curation_Spirodiclofen_20260707,12,10,1,1,2,0,0,"56-017-8589-1 RESEARCH ARTICLE Enhanced degradation of spiro-insecticides and their leacher enol derivatives in soil by solarization and biosolarization techniques José Fenoll 1 & Isabel Garrido 1 & Nuria Vela 2 & Caridad Ros 1 & Simón Navarro 3 Received: 15 September 2016 / Accepted: 6 February 2017 / Published online: 22 February 2017 # Springer-Verlag Berlin Heidelberg 2017 Abstract The leaching potential of three insecticides strategies for detoxification of soils polluted with the studied (spirodiclofen, spiromesifen, and spirotetramat) was assessed pesticides. using disturbed soil columns. Small quantities of spirodiclofen and spiromesifen were detected in leachate fraction, while Keywords Groundwater pollution . Organic amendments . spirotetramat residues were not found in the leachates. In ad- Pesticide movement . Solar heating . Soil decontamination dition, the transformation pr",104,High,Review first: likely useful for pathway/protein evidence extraction.,Pesticide-specific microbial degradation candidate
Abamectin,Intensification of abamectin pesticide degradation using the combination of ultrasonic cavitation and visible-light driven photocatalytic process Synergistic effect and optimization study..pdf,Ultrasonics Sonochemistry 35 (2017) 449–457,10.1016/j.ultsonch.2016.10.025,2014; 2015; 2016; 2017,,49,5,11,candidate_gene/enzyme_plus_pathway,,,/Volumes/WENTBROKE/Pesticide degradation database/pesticidepdf/Abamectin/PesticideDB_curation_Abamectin_20260707,22,18,2,4,4,0,0,"Ultrasonics Sonochemistry 35 (2017) 449–457 Contents lists available at ScienceDirect Ultrasonics Sonochemistry journal homepage: www.elsevier.com/locate/ultson Intensification of abamectin pesticide degradation using the combination of ultrasonic cavitation and visible-light driven photocatalytic process: Synergistic effect and optimization study Soleiman Mosleh, Mahmood Reza Rahimi ⇑ Process Intensification Laboratory, Chemical Engineering Department, Yasouj University, Yasouj 75918-74831, Iran a r t i c l e i n f o a b s t r a c t Article history: Degradation of abamectin pesticide was carried out using visible light driven Cu2(OH)PO4-HKUST-1 MOF Received 28 August 2016 photoca",103,High,Review first: likely useful for pathway/protein evidence extraction.,Pesticide-specific microbial degradation candidate
Thiamethoxam,Dual-pathway charge transfer mechanism of anataserutile TiOsub2sub-Agsub3subPOsub4sub hollow photocatalyst promotes efficient degradation of pesticides..pdf,Contents lists available at ScienceDirect,10.1016/j.jcis.2024.08.162,2022; 2023; 2024; 2025,,82,12,20,candidate_gene/enzyme_plus_pathway,,,/Volumes/WENTBROKE/Pesticide degradation database/pesticidepdf/Thiamethoxam/PesticideDB_curation_Thiamethoxam_20260707,12,10,3,3,4,0,0,"structure and dual-heterojunction can provide abundant active sites and boost efficient charge separation Photodegradation Pesticides through dual-pathway charge transfer mechanism. The A/R-TiO2-Ag3PO4 photocatalyst exhibits the highest photocurrent density (15.25 µA cm− 2), which is 8.4 and 5.2 times than that of A-TiO2-Ag3PO4 (1.82 µA cm− 2) and P25-Ag3PO4 (2.93 µA cm− 2), respectively. Photo-degradation experiment shows that A/R-TiO2-Ag3PO4 presents a high degradation percentage (98.7 %) of thiamethoxam (THX) within 30 min, which is 1.45 and 1.23 times than that of A-TiO2-Ag3PO4 (68.1 %) and P25-Ag3PO4 (80.7 %), respectively. Furthermore, the degradation percentage of THX by A/R-TiO2-Ag3PO4 is as high as 96.4 % after seven successive cycles, indicating excellent cycling stability. Therefore, this work provides a new insight into exploring other high-performance photo­ catalysts by co",103,High,Review first: likely useful for pathway/protein evidence extraction.,Pesticide-specific microbial degradation candidate
Thiamethoxam,"Removal of chlorpyrifos, thiamethoxam, and tebuconazole from water using green synthesized metal hexacyanoferrate nanoparticles.pdf",Environmental Science and Pollution Research,10.1002/jms.315; 10.1007/s00339-016-9777-4; 10.1007/s10311-017-0650-2; 10.1007/s11356-018-1346-2,2015; 2016; 2017; 2018,,124,8,74,candidate_gene/enzyme_plus_pathway,,,/Volumes/WENTBROKE/Pesticide degradation database/pesticidepdf/Thiamethoxam/PesticideDB_curation_Thiamethoxam_20260707,35,24,3,5,5,0,0,"ccurrence, bioaccumulation, and chronic toxicity to living beings have raised environmental concern and call for their whole eradication, especially from water. By virtue of semiconducting nature and high surface area, nanomaterials have become efficient adsorbent and photocatalyst in removal of toxins. To confirm this, the potential of highly crystalline metal hexacyanoferrates (MHCFs) of Zn, Cu, Co, and Ni was evaluated in deprivation of selected hazardous pesticides, viz., chlorpyrifos (CP), thiamethoxam (TH), and tebuconazole (TEB). Sharp nanocubes of ZnHCF (~ 100 nm), distorted nanocubes of CuHCF (~ 100 nm), and nanospheres of CoHCF and NiHCF (< 10 nm) were synthesized via green route using Sapindus mukorossi (raw ritha). At 50 mg L−1 of pesticide, 15 mg of MHCF photocatalyst, neutral pH and sunlight irradiation, selected agrochemicals were degraded to maximum extent (91–98%) by ZnH",101,High,Review first: likely useful for pathway/protein evidence extraction.,Pesticide-specific microbial degradation candidate
Propamocarb,Expression and functional analysis of the propamocarb-related gene CsMAPEG in cucumber..pdf,Zhang et al. BMC Plant Biology (2019) 19:371,10.1186/s12870-019-1971-z,2015; 2016; 2018; 2019,,16,182,24,candidate_gene/enzyme_plus_pathway,,,/Volumes/WENTBROKE/Pesticide degradation database/pesticidepdf/Propamocarb/PesticideDB_curation_Propamocarb_20260707,9,1,2,7,2,0,0,"(Key Laboratory of Northeastern Soybean Biology volatilization. After 15 min of incubation in a boiling water and Genetic Breeding of the Ministry of Agriculture, China) for providing the bath, the reaction was cooled and introduced into a pCXSN vector. Zhang et al. BMC Plant Biology (2019) 19:371 Page 17 of 18 Authors’ contributions 14. Li S, Qin Z, Xin M, et al. Expression and functional analysis of FZ, ZQ, XZ and MX designed experiments. FZ performed the following Cswrky30 in cucumber under propamocarb stress. Sci Agric Sin. experiments: expression pattern analysis, transformation of cucumber, 2016;07:1277–88. determination of PM residues, physiological and biochemical indexes. SL 15. Guo L. Cloning and expression of SDH gene related to residues of Cucumis and JL prepared the plant materials, performed RNA extractionand and the viride in cucumber. J Northeast Agric Univ. 2016;04:24–3",100,High,Review first: likely useful for pathway/protein evidence extraction.,Pesticide-specific microbial degradation candidate
Thiamethoxam,"Degradation Dynamics and Dietary Risk Assessments of Two Neonicotinoid Insecticides during Lonicera japonica Planting, Drying, and Tea Brewing Processes.pdf","Subscriber access provided by University of Newcastle, Australia",10.1021/acs.jafc.6b04658,2014; 2015; 2016; 2017,,29,5,23,candidate_gene/enzyme_plus_pathway,,,/Volumes/WENTBROKE/Pesticide degradation database/pesticidepdf/Thiamethoxam/PesticideDB_curation_Thiamethoxam_20260707,70,25,1,0,2,0,0,"Agricultural 7 University, Hefei 230036, China. 8 b School of Resource & Environment, Provincial Key Laboratory for Agri-Food Safety, Anhui 9 Agricultural University, Hefei, 230036, China. 10 * Corresponding Author. Email address: haiquncao@163.com 1 11 The first two authors contributed equally to this work. 12 13 14 15 16 17 18 19 20 21 22 ACS Paragon Plus Environment Journal of Agricultural and Food Chemistry Page 2 of 26 23 Abstract 24 The degradation dynamics and dietary risk assessments of thiamethoxam and thiacloprid 25 during Lonicera japonica planting, drying and tea brewing processes were systematically 26 investigated using high-performance liquid chromatography. The half-lives of thiamethoxam and 27 thiacloprid were 1.0-4.1 d in the honeysuckle flowers and leaves, degradation rate constants k 28 ranged from -0.169 to -0.696. And the safety interval time was 7 d. The sun- and o",99,High,Review first: likely useful for pathway/protein evidence extraction.,Pesticide-specific microbial degradation candidate
Thiamethoxam,Highly Advanced Degradation of Thiamethoxam by Synergistic Chemisorption-Catalysis Strategy Using MIL(Fe)Fe-SPC Composites with Ultrasonic Irradiation..pdf,Subscriber access provided by UNIV OF LOUISIANA,10.1021/acsami.8b12908,2015; 2016; 2017; 2018,TMX-23. Appl. 24 25,130,17,55,candidate_gene/enzyme_plus_pathway,,,/Volumes/WENTBROKE/Pesticide degradation database/pesticidepdf/Thiamethoxam/PesticideDB_curation_Thiamethoxam_20260707,15,14,4,1,4,0,0,"Subscriber access provided by UNIV OF LOUISIANA Energy, Environmental, and Catalysis Applications Highly Advanced Degradation of Thiamethoxam by Synergistic Chemisorption-Catalysis Strategy Using MIL(Fe)/Fe-SPC Composite with Ultrasonic Irradiation Yanan Wei, Bingfeng Wang, Xinfang Cui, Yaseen Muhammad, Yanjuan Zhang, Zuqiang Huang, Xuesheng Li, Zhenxia Zhao, and Zhongxing Zhao ACS Appl. Mater. Interfaces, Just Accepted Manuscript • DOI: 10.1021/acsami.8b12908 • Publication Date (Web): 27 Sep 2018 Downloaded from http://pubs.acs.org on September 28, 2018 Just Accepted “Just Accepted” manuscripts have been peer-reviewed and accepted f",95,High,Review first: likely useful for pathway/protein evidence extraction.,Pesticide-specific microbial degradation candidate
Thiamethoxam,Soil bacteria showing a potential of chlorpyrifos degradation and plant growth enhancement..pdf,b r a z i l i a n j o u r n a l o f m i c r o b i o l o g y 4 7 (2 0 1 6) 563–570,10.1016/j.bjm.2016.04.009,2013; 2014; 2015; 2016,B-14 and its use; C2A1. J organophosphorus pesticides; and character; eters such as; pyd-1. World J plant; was grown in a,112,10,34,candidate_gene/enzyme_plus_pathway,,,/Volumes/WENTBROKE/Pesticide degradation database/pesticidepdf/Thiamethoxam/PesticideDB_curation_Thiamethoxam_20260707,3,3,3,1,0,0,0,"l, designated as JCp4 and FCp1, were selected mentioned traits underlines and emphasizes the agronomic for further study. and environmental signiﬁcance of such microbes. The poten Bacterial strains were identiﬁed by ampliﬁcation of the 16S tial of microbes to simultaneously detoxify pollutants while rRNA gene using universal primers 27f and 1492R. Ampliﬁcaenhancing plant growth has been studied previously for pes tion was carried out in a 50 ␮L reaction mixture containing ticides carbofuran and thiamethoxam.12,13 20 pmol of primer (F and R) each, 25 ␮L PCR Master Mix The objective of this study was to isolate and character (Thermoscientiﬁc) and 20 ng of template DNA. The PCR therize CP-degrading bacteria and to determine the degradation mocycling parameters were as follows: initial denaturation at potential of these strains in both sterile as well as non-sterile 94 ◦ C for 5 min; followe",94,High,Review first: likely useful for pathway/protein evidence extraction.,Pesticide-specific microbial degradation candidate
Thiamethoxam,Changed degradation behavior of pesticides when present in mixtures..pdf,Eco-Environment & Health 1 (2022) 23–30,10.1007/BF02716843; 10.1007/s00374-002-0485-1; 10.1007/s10311-014-0458-2; 10.1007/s10646-006-0099-8,2019; 2020; 2021; 2022,,77,28,27,candidate_gene/enzyme_plus_pathway,,,/Volumes/WENTBROKE/Pesticide degradation database/pesticidepdf/Thiamethoxam/PesticideDB_curation_Thiamethoxam_20260707,4,4,4,0,1,0,0,"ed microbiological activity of the soil by the insecticides. From this ﬁnding, Swarcewicz and Gregorczyk [36] studied the dependence of the they suggested the degradation potential of the soil being lower [36]. degradation of pendimethalin, a herbicide, asking the question of Kaufman [37] showed that the herbicide dalapon is more persistent in whether the presence of other pesticides, the fungicide mancozeb, and soil when applied in combination with amitrole. The rate of dalapon the insecticide thiamethoxam, has an impact on its fate. Mixtures of degradation decreased with increasing concentrations of amitrole. The pendimethalin with mancozeb only or with mancozeb and thiamethoxam author explained this ﬁnding with the inhibition of dalapon-decomposing signiﬁcantly retarded the degradation of pendimethalin under controlled microorganism by amitrole. The presence of the antifungal fumigant",89,High,Review first: likely useful for pathway/protein evidence extraction.,Pesticide-specific microbial degradation candidate
Thiamethoxam,Degradation of Neonicotinoids and Caffeine from Surface Water by Photolysis..pdf,Degradation of Neonicotinoids and Caffeine from Surface,10.3390/molecules26237277,2018; 2019; 2020; 2021,,78,8,52,candidate_gene/enzyme_plus_pathway,,,/Volumes/WENTBROKE/Pesticide degradation database/pesticidepdf/Thiamethoxam/PesticideDB_curation_Thiamethoxam_20260707,21,9,1,2,4,0,1,"the degradation of mixtures of neonicotinoids and caffeine (two groups of chemicals with a very dissimilar behaviour) in real water using a medium-pressure mercury lamp and advanced oxidation processes by the addition of hydrogen peroxide, and that evaluates the toxicity of the treated effluent. Based on this, the present study is focused on the treatment of real surface water spiked with a mixture of common pollutants, such as three neonicotinoids insecticides (imidacloprid, clothianidin, and thiamethoxam) and caffeine. Direct and indirect photolysis are compared, observing the influence of the hydrogen peroxide dosage, and determining the global efficiency of the process by performing an ecotoxicity analysis and a preliminary evaluation of the formation of by-products. 2. Materials and Methods 2.1. Reagents The insecticides (imidacloprid, clothianidin, and thiamethoxam) and caffeine u",87,High,Review first: likely useful for pathway/protein evidence extraction.,Pesticide-specific microbial degradation candidate
Thiamethoxam,"Degradation of Thiamethoxam in aqueous solution by ozonation Influencing factors, intermediates, degradation mechanism and toxicity assessment..pdf",Chemosphere 146 (2016) 105e112,10.1016/j.chemosphere.2015.09.009,2013; 2014; 2015; 2016,,90,13,55,candidate_gene/enzyme_plus_pathway,,,/Volumes/WENTBROKE/Pesticide degradation database/pesticidepdf/Thiamethoxam/PesticideDB_curation_Thiamethoxam_20260707,15,15,1,3,4,0,0,"Chemosphere 146 (2016) 105e112 Contents lists available at ScienceDirect Chemosphere journal homepage: www.elsevier.com/locate/chemosphere Degradation of Thiamethoxam in aqueous solution by ozonation: Inﬂuencing factors, intermediates, degradation mechanism and toxicity assessment Qinghua Zhao, Yanan Ge, Peng Zuo, Dong Shi, Shouhua Jia* College of Chemistry and Material Science, Shandong Agricultural University, Tai0 an 271018, China h i g h l i g h t s g r a p h i c a l a b s t r a c t Main inﬂuencing factors on the degradation of Thiamethoxam in aqueous solution by ozonation were studied. Four intermediates were identiﬁed and the degradation mechanism was",87,High,Review first: likely useful for pathway/protein evidence extraction.,Pesticide-specific microbial degradation candidate
Mandipropamid,Mandipropamid as a chemical inducer of proximity for in vivo applications..pdf,https://doi.org/10.1038/s41589-021-00922-3,10.1038/s41589; 10.1038/s41589-021-00922-3,2019; 2020; 2021; 2022,,5,113,8,candidate_gene/enzyme_plus_pathway,,,/Volumes/WENTBROKE/Pesticide degradation database/pesticidepdf/Mandipropamid/PesticideDB_curation_Mandipropamid_20260707,6,1,1,5,1,0,0,"Any methods, additional references, Nature Research report- 27. Miles, L. E. Properties, variants, and applications of the immunoradiometric ing summaries, source data, extended data, supplementary infor- assay method. Ric. Clin. Lab. 5, 59–72 (1975). mation, acknowledgements, peer review information; details of 28. European Food Safety Authority Conclusion on the peer review of the author contributions and competing interests; and statements of pesticide risk assessment of the active substance mandipropamid. EFSA J. 10, 2935 (2012). data and code availability are available at https://doi.org/10.1038/ 29. Lampson, M. A. & Kapoor, T. M. Unraveling cell division mechanisms with s41589-021-00922-3. small-molecule inhibitors. Nat. Chem. Biol. 2, 19–27 (2006). 30. Daniel, K. et al. Conditional control of fluorescent protein degradation by an Received: 9 September 2020; Accepted: 13 October 20",86,High,Review first: likely useful for pathway/protein evidence extraction.,Pesticide-specific microbial degradation candidate
Vinclozolin,Photodegradation of chlorinated pesticides dispersed on sand. (2).pdf,www.elsevier.com/locate/chemosphere,10.1016/j.chemosphere.2004.09.085,2001; 2003; 2004; 2005,,39,1,58,candidate_gene/enzyme_plus_pathway,,,/Volumes/WENTBROKE/Pesticide degradation database/pesticidepdf/Vinclozolin/PesticideDB_curation_Vinclozolin_20260707,15,10,1,1,3,0,0,"́riaux Inorganiques, Université Blaise Pascal—CNRS, 63177 Aubière Cedex, France c Laboratoire de Photochimie Moléculaire et Macromoléculaire, Université Blaise Pascal (Clermont-Ferrand), CNRS UMR 6505, 63177 Aubière Cedex, France Received 19 November 2003; received in revised form 11 August 2004; accepted 21 September 2004 Abstract The photochemical behaviour of several chlorinated pesticides, namely 4-chloro-2-methylphenoxyacetic acid (MCPA), dichlorophen (DCPH), ﬂamprop-methyl (FPM) and vinclozolin (VCZ) is studied on various kinds of sand: Fontainebleau sand (almost pure silica), Touggourt sand (coloured sand from Sahara) and Jijel sand (dark marine sand). The photodegradation of MCPA is more rapid on Fontainebleau sand than on the two others, because the former is almost colourless pure silica and the others adsorb on the internal surface of the reactor. The degradation rate de",85,High,Review first: likely useful for pathway/protein evidence extraction.,Pesticide-specific microbial degradation candidate
Thiamethoxam,Aerobic Degradation of Clothianidin to 2-Chloro-methyl Thiazole and Methyl 3-(Thiazole-yl) Methyl Guanidine Produced by iPseudomonas stutzerii smk..pdf,"Volume 2019, Article ID 4807913, 12 pages",10.1155/2019/4807913,2016; 2017; 2018; 2019,AAP; AAP-1 isolated from insecticide; BCH; BOD-3; BOD-3 in the phylogenetic; DQ1,242,25,79,candidate_gene/enzyme_plus_pathway,,,/Volumes/WENTBROKE/Pesticide degradation database/pesticidepdf/Thiamethoxam/PesticideDB_curation_Thiamethoxam_20260707,3,3,3,2,1,0,0,"s, on catabolic rates were studied. The biodegradation studies using UV-Vis spectrophotometry, HPLC, FTIR, and LC-MS indicated the production of the following metabolites: 2 chloro-5-methyl thiazole (CMT), methyl nitroguanidine (MNG), methyl 3-[thiazole-yl], and methyl guanidine (TMG). Iden tiﬁcation of speciﬁc degradation metabolites indicates that bioremediation of toxic neonicotinoid insecticides may be achieved by application of P. stutzeri smk. 1. Introduction nitenpyram, imidacloprid, and thiamethoxam. These products are important to agriculture because of their Pests cause signiﬁcant agronomic damage; however, damage activity against sucking insect pests and some Heteroptera, is controlled with integrated pest management, which in- Coleoptera, and Lepidoptera [3, 4]. Due to their broad volves the use of diﬀerent insecticides and pesticides [1]. spectrum and pesticide potential, ne",84,High,Review first: likely useful for pathway/protein evidence extraction.,Pesticide-specific microbial degradation candidate
Thiamethoxam,An investigation of Ca-doped MgO nanoparticles for the improved catalytic degradation of thiamethoxam pesticide subjected to visible light irradiation..pdf,www.nature.com/scientificreports,10.1038/s41598-024-51738-9,2021; 2022; 2023; 2024,,118,3,15,candidate_gene/enzyme_plus_pathway,,,/Volumes/WENTBROKE/Pesticide degradation database/pesticidepdf/Thiamethoxam/PesticideDB_curation_Thiamethoxam_20260707,79,35,2,4,5,0,0,"www.nature.com/scientificreports OPEN An investigation of Ca‑doped MgO nanoparticles for the improved catalytic degradation of thiamethoxam pesticide subjected to visible light irradiation Huma Khalid 1, Atta ul Haq 1*, Ameer Fawad Zahoor 1, Ali Irfan 1 & Magdi E. A. Zaki 2* The remediation of pesticides from the environment is one of the most important technology nowadays. Herein, magnesium oxide (MgO) nanoparticles and calcium-doped magnesium oxide (Ca-doped MgO) nanoparticles were synthesized by the co-precipitation method and were used for the degradation of thiamethoxam pesticide in aqueous media. Characterization of the MgO a",83,High,Review first: likely useful for pathway/protein evidence extraction.,Pesticide-specific microbial degradation candidate
Thiamethoxam,Chronic exposure to imidacloprid or thiamethoxam neonicotinoid causes oxidative damages and alters carotenoid-retinoid levels in caged honey bees (Apis mellifera)..pdf,www.nature.com/scientificreports,10.1007/s10646-010-0546-4; 10.1021/acs.est.6b00678; 10.1038/s41598-018-34625-y,2015; 2016; 2017; 2018,,25,46,27,candidate_gene/enzyme_plus_pathway,,,/Volumes/WENTBROKE/Pesticide degradation database/pesticidepdf/Thiamethoxam/PesticideDB_curation_Thiamethoxam_20260707,6,1,1,2,0,0,0,"ue Boily1 Over the last decade, the persistent dwindling of the populations of honey bees has become a growing concern. While this phenomenon is partly attributed to neonicotinoids (NEOCs), chronic exposures to these insecticides at environmentally-relevant concentrations are needed to fully estimate their implications. In this study, honey bees were orally exposed for 10 days to low field realistic concentrations of NEOCs known for their effects on the cholinergic system (imidacloprid – IMI or thiamethoxam – THM). Selected biomarkers were measured such as acetylcholinesterase (AChE) activity, lipid peroxidation (LPO), α-tocopherol as well as several forms of vitamin A (retinoids) and carotenoids. Bees exposed to IMI showed lower levels of two carotenoids (α-carotene and α-cryptoxanthin) and α-tocopherol. The THM exposure increased the oxidized vitamin A metabolites in bees conjointly wi",80,High,Review first: likely useful for pathway/protein evidence extraction.,Pesticide-specific microbial degradation candidate
Vinclozolin,"Reversed-phase high-performance liquid chromatography of pesticides. VII. Analysis of Vinclozolin, Iprodione, Procymidone, Dichlozolinate and their degradation product 3,5-dichloroaniline on white must and wine extracts..pdf","Jowntr/ uJ’C‘h,o~naro~~crpll~. 256 ( 1983) I76- 181",,1980; 1981; 1982; 1983,,3,0,6,candidate_pathway/metabolite,,,/Volumes/WENTBROKE/Pesticide degradation database/pesticidepdf/Vinclozolin/PesticideDB_curation_Vinclozolin_20260707,8,2,2,0,0,0,0,"Jowntr/ uJ’C‘h,o~naro~~crpll~. 256 ( 1983) I76- 181 Elsevier Scientific Publishing Company, Amsterdam ~~ Printed in The Netherlands CHROM. 15.389 Note Reversed-phase high-performance liquid chromatography of pesticides VII*. Analysis of Vinclozolin, Iprodione, Procymidone, Dichlozolinate and their degradation product 3,5-dichloroaniline on white must and wine extracts PAOLO CABRAS Centro Regionale Agrario Sperimentale. L’ia Alberti 9, 09100 Cagliari (Italy) and PAOLO DIANA, MARCO MELONI, FILIPPO M. PIRISI* and RENZO PIRISI Zstituti di Tecnira e Tecnologie Fwmaceutiche and Chimicu Farmaceutica e Tossirologica della Farok di Ftrrmucia. L’niversitb di Cugliuri. b’icr Ospedale 72, 09100 Cughri (Italy) (First received June 28th, 1982; revised",79,High,Review first: likely useful for pathway/protein evidence extraction.,Pesticide-specific microbial degradation candidate
Thiamethoxam,Effect of household and industrial processing on the levels of pesticide residues and degradation products in melons..pdf,This article was downloaded by: [University of South Florida],10.1080/19440049.2012.672339,2010; 2011; 2012; 2013,,15,2,50,candidate_gene/enzyme_plus_pathway,,,/Volumes/WENTBROKE/Pesticide degradation database/pesticidepdf/Thiamethoxam/PesticideDB_curation_Thiamethoxam_20260707,20,4,1,0,1,0,0,"ticides (acetamiprid, cyromazin, imazalil and thiamethoxam) to quantify the effect of household processing on the pesticide residues. To ensure sufficiently high levels of residues in flesh and peel, the most concentrated Downloaded by [University of South Florida] at 17:27 03 June 2013 formulations were applied observing good agricultural practice. The peeling step decreased the concentration of pesticide residues for maneb, imazalil and acetamiprid by more than 90%. Cyromazin, carbendazim and thiamethoxam were reduced by approximately 50%. The reduction of the pesticides could not be fully explained by the systemic character of the pesticides. However, the agricultural practices (time of application), solubility and mode of action (systemic versus contact pesticide) of the pesticides could be used to explain the difference in processing factors for the studied pesticides. Degradation p",78,High,Review first: likely useful for pathway/protein evidence extraction.,Pesticide-specific microbial degradation candidate
Thiamethoxam,Simultaneous determination of pesticides and their degradation products in potatoes by MSPD-LC-MSMS.pdf,Contents lists available at ScienceDirect,10.1002/ps.4024; 10.1007/398_2016_13; 10.1007/s10661-017-5789-6; 10.1007/s11356-014-3117-z,2018; 2019; 2020; 2021,,74,1,98,candidate_gene/enzyme_plus_pathway,,,/Volumes/WENTBROKE/Pesticide degradation database/pesticidepdf/Thiamethoxam/PesticideDB_curation_Thiamethoxam_20260707,6,6,2,0,2,0,0,"ytical and Electrochemical Chemistry, Faculty of Chemistry, Silesian University of Technology, 6 B. Krzywoustego St., 44-100, Gliwice, Poland A R T I C L E I N F O A B S T R A C T Keywords: The matrix-solid phase dispersion coupled with ultra-high performance liquid chromatography-tandem mass Pesticides residues spectrometry was developed and in-house validated to determine pesticides commonly used in crop protection Potatoes programs dedicated to potatoes and other vegetables. Five pesticides (thiamethoxam, lambda-cyhalothrin, del­ Matrix-solid phase dispersion tamethrin, rimsulfuron and metalaxyl) and five main degradation products were selected for in-house validation Liquid chromatography Mass spectrometry and quantification in potatoes. The method showed good accuracy with recovery values between 70–96 % and Food composition relative standard deviation lower than 10 % for all target",77,High,Review first: likely useful for pathway/protein evidence extraction.,Pesticide-specific microbial degradation candidate
Phosmet,Isolation of an isocarbophos-degrading strain of Arthrobacter sp. scl-2 and identification of the degradation pathway..pdf,"J. Microbiol. Biotechnol. (2009), 19(11), 1439–1446",10.4014/jmb.0811.0626,2006; 2007; 2008; 2009,B4. Appl. Environ. Microbiol; Dsp-2; F101. Appl. Environ. Microbiol; IF1. degradation mechanism of; Isolation and Characterization was; U2,116,28,75,candidate_gene/enzyme_plus_pathway,,,/Volumes/WENTBROKE/Pesticide degradation database/pesticidepdf/Phosmet/PesticideDB_curation_Phosmet_20260707,3,3,3,1,1,0,0,"as well as 16S rDNA analysis. The strain scl-2 could utilize currently the annual production of pure isocarbophos in isocarbophos as its sole source of carbon and phosphorus China is about 5,000 t [7]. The widespread application of for growth. One hundred mg/l isocarbophos could be isocarbophos has caused environmental pollution, and it degraded to a nondetectable level in 18 h by scl-2 in cell was reported that in 2007 there was more than 9 mg/kg culture, and isofenphos-methyl, profenofos, and phosmet isocarbophos detected in Chinese celery. Isocarbophos is could also be degraded. During the degradation of a moderately toxic compound, and the median lethal isocarbophos, the metabolites isopropyl salicylate, salicylate, concentration (LC 50) of isocarbophos toward Daphnia and gentisate were detected and identified based on MS/MS magna was 13.9-353 mg/l after 48 h of static exposure analy",76,High,Review first: likely useful for pathway/protein evidence extraction.,Pesticide-specific microbial degradation candidate
Spirodiclofen,Dissipation Kinetics and Risk Assessment of Spirodiclofen and Tebufenpyrad in iAster scaberi Thunb..pdf,Dissipation Kinetics and Risk Assessment of Spirodiclofen and,10.3390/foods12020242,2019; 2020; 2022; 2023,,9,0,26,candidate_pathway/metabolite,,,/Volumes/WENTBROKE/Pesticide degradation database/pesticidepdf/Spirodiclofen/PesticideDB_curation_Spirodiclofen_20260707,81,1,1,0,0,1,0,"0.2 9.8 0.01 STR 1.0 101.8 103.6 100.0 101.8 ± 1.8 1.8 Foods 2023, 12, 242 5 of 11 Table 2. Cont. Recovery (%) Spiking Levels CV MLOQ Pesticides Replicates (mg/kg) (Mean ± SD) (%) (mg/kg) 1 2 3 0.1 82.0 98.1 87.1 89.1 ± 8.2 9.2 RCV Tebufenpyrad 1.0 106.0 102.0 101.8 103.3 ± 2.4 2.3 0.01 STR 1.0 101.4 109.8 101.3 104.2 ± 4.9 4.7 SD: standard deviation; CV: coefficient of variation; and MLOQ: method limit of quantification. For the storage stability test conducted at a concentration of 1.0 mg/kg, spirodiclofen showed a recovery rate of 101.8% ± 1.8% after 162 days of storage and tebufenpyrad showed a recovery rate of 104.2% ± 4.9% after 150 days of storage, confirming that there was no degradation or loss of both components during the storage period of the samples. 3.3. Characteristics of Pesticide Residues in Aster scaber Several studies have reported factors affecting pesticide persisten",74,High,Review first: likely useful for pathway/protein evidence extraction.,Pesticide-specific microbial degradation candidate
Triazophos,Efficient Knocking Out of the Organophosphorus Insecticides Degradation Gene iopdBi in iCupriavidus nantongensisi X1supTsup via CRISPRiCas9i with Red System..pdf,Molecular Sciences,10.3390/ijms24066003,2020; 2021; 2022; 2023,CNP-8; CNP-8. Front. Microbiol. 2017; CRISPR; Cupriavidus necator N-1. J; H1130; ST-14 and Construction of,58,119,19,candidate_gene/enzyme_plus_pathway,,,/Volumes/WENTBROKE/Pesticide degradation database/pesticidepdf/Triazophos/PesticideDB_curation_Triazophos_20260707,2,1,2,2,0,0,0,"esults demonstrate that the degradation of OPs was influenced by the OpdB gene in the X1T strain. Table 1. Degradation of eight kinds of OPs at the concentration of 20 mg/L by the strains of X1T and X1T -∆opdB. Concentration of OPs after 24 h of Treatment (mg/L) OPs C. nantongensis Control C. nantongensis X1T X1T -∆opdB Profenofos 17.1 ± 0.4 c 9.7 ± 0.2 a 17.7 ± 0.3 c Chlorpyrifos 19.1 ± 0.1 ab ND 19.4 ± 0.4 ab Methyl parathion 19.6 ± 0.0 a ND 19.7 ± 0.4 a Parathion 18.7 ± 0.5 b ND 18.7 ± 0.1 b Triazophos 18.6 ± 0.2 b 1.4 ± 0.1 c 18.6 ± 0.2 b Phoxim 18.5 ± 0.4 b 1.0 ± 0.0 d 18.7 ± 0.3 b Fenitrothion 17.6 ± 0.4 c ND 17.0 ± 0.4 c Isocarbophos 14.2 ± 0.3 d 6.2 ± 0.1 b 14.0 ± 0.2 d ND: cannot detected, meaning that the value was below the detection limit. Different letters: meaning significant differences among eight kinds of OPs (p ≤ 0.05). 3. Discussion In this study, we report the develop",72,High,Review first: likely useful for pathway/protein evidence extraction.,Pesticide-specific microbial degradation candidate
Triazophos,Kinetics and products of photo-Fenton degradation of triazophos..pdf,"7614 J. Agric. Food Chem. 2004, 52, 7614−7620",10.1021/jf048731w,2003; 2004; 2006; 2013,,65,0,34,candidate_pathway/metabolite,,,/Volumes/WENTBROKE/Pesticide degradation database/pesticidepdf/Triazophos/PesticideDB_curation_Triazophos_20260707,81,22,3,0,4,0,0,"7614 J. Agric. Food Chem. 2004, 52, 7614−7620 Kinetics and Products of Photo-Fenton Degradation of Triazophos KUNDE LIN, DONGXING YUAN,* MENG CHEN, AND YONGZHI DENG Key Laboratory of Marine Environmental Science, Ministry of Education, Environmental Science Research Center, Xiamen University, Xiamen 361005, China Triazophos is a contaminant of wastewater at manufacturing facilities, and remediative treatment may be needed. While toxicity and persistence limit the effectiveness of biological and physicochemical methods, photo-Fenton processes are promising. UV-Fenton and solar-Fenton processes were appl",71,High,Review first: likely useful for pathway/protein evidence extraction.,Pesticide-specific microbial degradation candidate
Acibenzolar-S-methyl,Modification of the existing maximum residue levels for acibenzolar-S-methyl in beans with pods and peas with pods..pdf,ADOPTED: 28 January 2021,10.2903/j.ef; 10.2903/j.efsa.2013.3122; 10.2903/j.efsa.2017; 10.2903/j.efsa.2017.4929,2019; 2020; 2021; 2025,,130,43,151,candidate_gene/enzyme_plus_pathway,,,/Volumes/WENTBROKE/Pesticide degradation database/pesticidepdf/Acibenzolar-S-methyl/PesticideDB_curation_Acibenzolar_S_methyl_20260707,202,18,0,11,0,0,0,"iol Magrans, Ileana Miron, Stefanie Nave, Ragnor Pedersen, Hermine Reich, Alejandro Rojas, Angela Sacchi, Miguel Santos, Alessia Pia Scarlato, Anne Theobald, Benedicte Vagenende and Alessia Verani Abstract In accordance with Article 6 of Regulation (EC) No 396/2005, the applicant Syngenta France SAS submitted a request to the competent national authority in France to amend the residue deﬁnition for risk assessment and to modify the existing maximum residue levels (MRLs) for the active substance acibenzolar-S-methyl in beans (with pods) and peas (with pods). The toxicological data submitted in support of this MRL application were found to be sufﬁcient to conclude that the plant metabolite 4-OH acibenzolar acid is not genotoxic in vitro, however lacking investigation of the general toxicity, a deﬁnitive conclusion cannot be derived whether 4-OH acibenzolar acid (free and conjugated) should",191,Medium,Review after high-priority papers; may contain useful evidence or context.,Pesticide-specific degradation candidate; microbial/protein evidence uncertain
Imazamox,Survey of ACCase and ALS resistance in winter annual grasses identifies target-site and nontarget-site imazamox resistance in Secale cereale..pdf,Received: 31 May 2022 Revised: 16 August 2022 Accepted article published: 30 August 2022 Published online in Wiley Online Library: 17 September 2022,10.1002/ps.7154,2019; 2020; 2021; 2022,,30,66,34,candidate_gene/enzyme_plus_pathway,,,/Volumes/WENTBROKE/Pesticide degradation database/pesticidepdf/Imazamox/PesticideDB_curation_Imazamox_20260707,119,8,0,25,0,0,0,"zamox. Out of 314 ﬁeld collected samples, we identiﬁed three feral rye populations (named A, B, and C) that were imazamox resistant. Populations B and C had a target-site mechanism with mutations in the Ser653 residue of the acetolactate synthase (ALS) gene to Asn in B and to Thr in C. Both populations B and C had greatly reduced ALS in vitro enzyme inhibition by imaza mox. ALS feral rye protein modeling showed that steric interactions induced by the amino acid substitutions at Ser653 impaired imazamox binding. Individuals from population A had no mutations in the ALS gene. The ALS enzyme from population A was equally sensitive to imazamox as to known susceptible feral rye populations. Imazamox was degraded two times faster in pop ulation A compared with a susceptible control. An oxidized imazamox metabolite formed faster in population A and this detox iﬁcation reaction was inhibited by",191,Medium,Review after high-priority papers; may contain useful evidence or context.,Pesticide-specific degradation candidate; microbial/protein evidence uncertain
Imazamox,Target site as the main mechanism of resistance to imazamox in a Euphorbia heterophylla biotype..pdf,www.nature.com/scientificreports,10.1002/ps.5159; 10.1021/bk-2014-1171.ch001; 10.1038/s41598-019-51682-z; 10.1201/9780203709993,2016; 2017; 2018; 2019,,19,47,17,candidate_gene/enzyme_plus_pathway,,,/Volumes/WENTBROKE/Pesticide degradation database/pesticidepdf/Imazamox/PesticideDB_curation_Imazamox_20260707,90,7,0,22,0,0,0,"tion in meristematic tissues to non-toxic levels. Differential herbicide translocation may be caused by different factors, such as the herbicide being retained/sequestered, herbicide metabolism and its metabolites translocating inside the plant32, or large amounts of herbicide being translocated and quickly exuded via the root system, as postulated in the only known case for MCPA in a Raphanus raphanistrum L. biotype33. The main objective of this work was to study in depth the basis of the high imazamox resistance of one E. het erophylla biotype from Brazil compared to the low resistance of one susceptible biotype of this species, analysing all the possible resistance mechanisms involved, both TSR and NTSR. This research represents the first attempt to unravel the resistance mechanisms to ALS-inhibiting herbicides in this species. Results Dose-response assays. The imazamox dose needed to",182,Medium,Review after high-priority papers; may contain useful evidence or context.,Pesticide-specific degradation candidate; microbial/protein evidence uncertain
Fluxapyroxad,Review of the existing maximum residue levels for fluxapyroxad according to Article 12 of Regulation (EC) NoÂ 3962005..pdf,ADOPTED: 16 December 2019,10.2903/j.efsa.2011.2196; 10.2903/j.efsa.2013.3312; 10.2903/j.efsa.2015.4208; 10.2903/j.efsa.2015.4223,2018; 2019; 2020; 2025,,43,89,76,candidate_gene/enzyme_plus_pathway,,,/Volumes/WENTBROKE/Pesticide degradation database/pesticidepdf/Fluxapyroxad/PesticideDB_curation_Fluxapyroxad_20260707,36,11,0,11,1,0,0,"o 396/2005, EFSA shall provide a reasoned opinion on: • the inclusion of the active substance in Annex IV to the Regulation, when appropriate; • the necessity of setting new MRLs for the active substance or deleting/modifying existing MRLs set out in Annex II or III of the Regulation; • the inclusion of the recommended MRLs in Annex II or III to the Regulation; • the setting of speciﬁc processing factors as referred to in Article 20(2) of the Regulation. The active substance and its use pattern Fluxapyroxad is the ISO common name for 3-(diﬂuoromethyl)-1-methyl-N-(30 ,40 ,50 -triﬂuorobiphenyl2-yl)pyrazole-4-carboxamide (IUPAC). The chemical structure of the active substance and its main metabolites are reported in Appendix F. The EU MRLs for ﬂuxapyroxad are established in Annexes IIIA of Regulation (EC) No 396/2005. Codex maximum residue limits (CXLs) for ﬂuxapyroxad were also established",173,Medium,Review after high-priority papers; may contain useful evidence or context.,Pesticide-specific degradation candidate; microbial/protein evidence uncertain
Thiamethoxam,A toxicokinetic model for thiamethoxam in rats implications for higher-tier risk assessment..pdf,Ecotoxicology (2013) 22:548–557,10.1007/s10646-013-1047-z,2010; 2011; 2012; 2013,,16,10,13,candidate_gene/enzyme_plus_pathway,,,/Volumes/WENTBROKE/Pesticide degradation database/pesticidepdf/Thiamethoxam/PesticideDB_curation_Thiamethoxam_20260707,48,6,0,8,0,0,0,"tion of time: (1) absorbed from the gastro-intestinal tract into the bloodstream LD50 given as a bolus dose (i.e. all dose eaten during and transported to target organ(s), and then is eliminated from 1 min); (2) LD50 dose eaten with constant ingestion rate of the body. Elimination may occur by several routes including 13 mg a.i. kg-1 bw min-1 (i.e. all dose eaten within 2 h); loss in urine and faeces. The rates of change in the doses of (3) LD50 dose eaten with constant ingestion rate of 6.5 mg thiamethoxam in the gut and bloodstream were described a.i. kg-1 bw min-1 (i.e. all dose eaten within 4 h); (4) LD50 mathematically as the difference between compartment rates dose eaten with constant ingestion rate of 13 mg a.i. kg-1 of uptake and loss. Exchange rates between compartments bw min-1 within 2 h in total but with 4 h break after the represent physical transfers of a substance, as bio",173,Medium,Review after high-priority papers; may contain useful evidence or context.,Pesticide-specific degradation candidate; microbial/protein evidence uncertain
Propamocarb,Modification of the existing maximum residue level for propamocarb in chardsbeet leaves..pdf,APPROVED: 23 October 2017,10.2903/j.efsa.2006.78r; 10.2903/j.efsa.2007.32r; 10.2903/j.efsa.2013.3214; 10.2903/j.efsa.2014.3811,2015; 2016; 2017; 2025,,15,10,43,candidate_gene/enzyme_plus_pathway,,,/Volumes/WENTBROKE/Pesticide degradation database/pesticidepdf/Propamocarb/PesticideDB_curation_Propamocarb_20260707,143,11,0,5,0,0,0,"for the intended use of propamocarb, the evaluating Member State (EMS) proposed to raise the existing MRL from 30 to 40 mg/kg. EFSA based its assessment on the evaluation report submitted by the EMS, the draft assessment report (DAR) prepared under Directive 91/414/EEC, the Commission review report on propamocarb, the conclusion on the peer review of the pesticide risk assessment of the active substance propamocarb as well as the conclusions from previous EFSA opinions and a scientiﬁc report on propamocarb. The metabolism of propamocarb following foliar and soil applications was investigated in crops belonging to the groups of fruit crops, root crops and leafy crops. Studies investigating the effect of processing on the nature of propamocarb hydrochloride (hydrolysis studies) demonstrated that the active substance is stable under processing conditions. In rotational crops, the major resi",167,Medium,Review after high-priority papers; may contain useful evidence or context.,Pesticide-specific degradation candidate; microbial/protein evidence uncertain
Acibenzolar-S-methyl,Modification of the existing maximum residue levels for acibenzolar-S-methyl in aubergines and cucurbits with edible and inedible peel..pdf,APPROVED: 10 April 2018,10.2903/j.efsa; 10.2903/j.efsa.2011.2632; 10.2903/j.efsa.2017; 10.2903/j.efsa.2017.4929,2016; 2017; 2018; 2025,,21,10,36,candidate_gene/enzyme_plus_pathway,,,/Volumes/WENTBROKE/Pesticide degradation database/pesticidepdf/Acibenzolar-S-methyl/PesticideDB_curation_Acibenzolar_S_methyl_20260707,95,11,0,4,0,0,0,") 0.01 to 0.4 mg/kg for cucurbits with edible peel, and 0.15 mg/kg for cucurbits with inedible peel and aubergines. EFSA assessed the application and the evaluation report as required by Article 10 of the MRL regulation. Based on the conclusions derived by EFSA in the framework of Regulation (EC) No 1107/2009, the data evaluated under previous MRL assessment and the additional data provided by the EMS in the framework of this application, the following conclusions are derived. The metabolism of acibenzolar-S-methyl following foliar applications was investigated in crops belonging to the fruit, leafy and cereals crop groups. Hydrolysis studies investigating the effect of processing on the nature of acibenzolar-S-methyl demonstrated that the acibenzolar-S-methyl is stable under pasteurisation and baking-like processes and likely to degrade to acibenzolar acid under sterilisation conditions",159,Medium,Review after high-priority papers; may contain useful evidence or context.,Pesticide-specific degradation candidate; microbial/protein evidence uncertain
Pinoxaden,Review of the existing maximum residue levels for pinoxaden according to Article 12 of Regulation (EC) No 3962005..pdf,APPROVED: 1 March 2021,10.2903/j.efsa.2013; 10.2903/j.efsa.2018.5147; 10.2903/j.efsa.2021.6503; 10.2903/sp.efsa.2019.en-1605,2019; 2020; 2021; 2025,,128,14,107,candidate_gene/enzyme_plus_pathway,,,/Volumes/WENTBROKE/Pesticide degradation database/pesticidepdf/Pinoxaden/PesticideDB_curation_Pinoxaden_20260707,160,13,0,4,0,0,0,"enforcement of the proposed residue deﬁnition option 1 at the combined limit of quantiﬁcation (LOQ) of 0.03 mg/kg in dry commodities and 0.05 mg/kg in high water content commodities. For the option 2, the combined LOQ of 0.03 mg/kg in all four main plant matrices was demonstrated to be achievable by multi-residue methods. According to the EURLs, the combined LOQ of 0.03 mg/kg is achievable for RD-Mo options 1 and 2 in routine analyses. Analytical standards are commercially available for parent pinoxaden, but not for metabolites M4 and M6. The available data are considered sufﬁcient to derive two sets of MRL proposals according to the two options for the residue deﬁnition for enforcement, for all commodities under evaluation. Residue trials analysing simultaneously for monitoring option 2 and risk assessment residue deﬁnitions were not available; however, since only one risk assessment r",159,Medium,Review after high-priority papers; may contain useful evidence or context.,Pesticide-specific degradation candidate; microbial/protein evidence uncertain
Thiamethoxam,Considering degradation kinetics of pesticides in plant uptake models proof of concept for potato..pdf,Received: 31 July 2022 Revised: 7 November 2022 Accepted article published: 13 November 2022 Published online in Wiley Online Library: 24 November 2022,10.1002/ps.7184; 10.1002/ps.7241; 10.1002/ps.7288,2021; 2022; 2023; 2025,,91,18,10,candidate_gene/enzyme_plus_pathway,,,/Volumes/WENTBROKE/Pesticide degradation database/pesticidepdf/Thiamethoxam/PesticideDB_curation_Thiamethoxam_20260707,18,14,0,6,1,0,0,"ions that involve multiple pesticide plant uptake and elimination processes, it is difﬁcult to directly measure degradation kinetics of pesticides in plants. To address this limitation, we proposed a modeling approach for estimating degradation rate constants of pesticides in plants, using potato as a model crop. An operational tool was developed to backward-estimate degradation rate constants, and three pesticides were selected to perform example simulations. RESULTS: The simulation results of thiamethoxam indicated that the growth dynamics of the potato had a signiﬁcant impact on the degradation kinetic estimates when the pesticide was applied during the early growth stage, as the size of the potato deter mined the uptake and elimination kinetics via diffusion. Using mepiquat, we demonstrated that geographical variations in weather conditions and soil properties led to signiﬁcant diffe",157,Medium,Review after high-priority papers; may contain useful evidence or context.,Pesticide-specific degradation candidate; microbial/protein evidence uncertain
Thiamethoxam,Thiamethoxam Actara® Induced Alterations in Kidney Liver Cerebellum and Hippocampus of Male Rats.pdf,® on the risk of diseases associated with occu-,10.4081/xeno.2017.7149,2014; 2015; 2016; 2017,,6,20,7,candidate_gene/enzyme_plus_pathway,,,/Volumes/WENTBROKE/Pesticide degradation database/pesticidepdf/Thiamethoxam/PesticideDB_curation_Thiamethoxam_20260707,35,6,0,18,1,0,0,"Based on these results, sub mg/kg/b.w./TMX in mice has shown that at Agrochemicals, Greensboro, USA. All chronic oral administration of thiamethox least 44% of this substance is metabolized other biochemical reagents used were am altered the biochemical parameters, and that its metabolites are found in the obtained from commercial sources (BIOwhich correlated with histopathological brain.13 Comparisons of the major metabol- LABO SA, France). changes in the liver kidney and brain. ic pathways of thiamethoxam in vitro using mouse, rat, and human liver fractions has Experimental animals and research shown that metabolic rates in humans are design lower than those in the rat. Though, the Male Wistar rats, weighing 226-243 g, Introduction insecticide, thiamethoxam, has been found were housed in four groups of seven ani Nowadays, acute pesticide poisoning is to cause a reduction in serum chole",155,Medium,Review after high-priority papers; may contain useful evidence or context.,Pesticide-specific degradation candidate; microbial/protein evidence uncertain
Trifloxystrobin,Modification of the existing maximum residue levels for trifloxystrobin in various crops..pdf,APPROVED: 21 December 2017,10.2903/j.efsa; 10.2903/j.efsa.2007.32r; 10.2903/j.efsa.2009.273r; 10.2903/j.efsa.2014.3592,2016; 2017; 2018; 2025,,19,20,56,candidate_gene/enzyme_plus_pathway,,,/Volumes/WENTBROKE/Pesticide degradation database/pesticidepdf/Trifloxystrobin/PesticideDB_curation_Trifloxystrobin_20260707,12,4,0,10,0,0,0,"0°C, pH 5) Yes EFSA (2014a) Sterilisation (20 min, 120°C, pH 6) No 21.5% degradation, mainly (ca. 20%) to CGA321113; EFSA (2014a) Other processing conditions DAT: days after treatment; PBI: plant-back interval; a.s.: active substance. Can a general residue definition be proposed for primary crops? Yes Rotational crop and primary crop metabolism similar? Yes Residue pattern in processed commodities similar to residue Yes pattern in raw commodities? Plant residue definition for monitoring (RD-Mo) Trifloxystrobin Plant residue definition for risk assessment (RD-RA) Trifloxystrobin and metabolite CGA 321113 Methods of analysis for monitoring of residues (analytical HPLC–MS/MS, LOQ 0.01 mg/kg in high water (corn, green materials; broccoli head), high protein (kidney technique, crop groups, LOQs) bean, dry seed), high starch (wheat grain), high oil (rape seed), and high acid (orange fruit, gra",155,Medium,Review after high-priority papers; may contain useful evidence or context.,Pesticide-specific degradation candidate; microbial/protein evidence uncertain
Thiamethoxam,Thiamethoxam Application Improves Yield and Drought Resistance of Potatoes (Solanum tuberosum L.).pdf,Thiamethoxam Application Improves Yield and Drought,10.3390/plants13040477,2021; 2022; 2023; 2024,TMX-23. Appl. Microbiol. Biotechnol,22,37,24,candidate_gene/enzyme_plus_pathway,,,/Volumes/WENTBROKE/Pesticide degradation database/pesticidepdf/Thiamethoxam/PesticideDB_curation_Thiamethoxam_20260707,128,5,0,5,0,1,0,"best indicators were obtained in the comprehensive evaluation for the T–D treatment, R.; Bai, J.; Bi, Z.; Liu, Y.; Liu, Z.; Wei, J.; suggesting that the application of thiamethoxam under drought stress was more effective than normal Mao, S.; Yao, P. Thiamethoxam irrigation. (4) Conclusions: Our results suggest that the application of thiamethoxam improves Application Improves Yield and Drought Resistance of Potatoes potato growth, thereby increasing drought tolerance and potato yield. However, thiamethoxam is a (Solanum tuberosum L.). Plants 2024, 13, neonicotinoid pesticide, and the limitation of this study is that it did not explore the ecological effects 477. https://doi.org/10.3390/ of thiamethoxam, which need to be systematically studied in the future. Moreover, considering plants13040477 the potential risks of thiamethoxam to the environment, specific agronomic measures to effecti",150,Medium,Review after high-priority papers; may contain useful evidence or context.,Pesticide-specific degradation candidate; microbial/protein evidence uncertain
Thiophanate-Methyl,Reasoned opinion on the toxicological properties and maximum residue levels (MRLs) for the benzimidazole substances carbendazim and thiophanate-methyl..pdf,APPROVED: 5 July 2021,10.2903/j.efsa; 10.2903/j.efsa.2012.2685; 10.2903/j.efsa.2014.3919; 10.2903/j.efsa.2018.5147,2019; 2020; 2021; 2025,,57,50,120,candidate_gene/enzyme_plus_pathway,,,/Volumes/WENTBROKE/Pesticide degradation database/pesticidepdf/Thiophanate-Methyl/PesticideDB_curation_Thiophanate_Methyl_20260707,380,7,0,4,0,0,0,"s, the EURLs highlighted that during routine analyses, benomyl degrades rapidly to carbendazim and therefore using routine methods is not possible to analyse separately for benomyl and carbendazim. Available residue trials data were considered sufﬁcient to derive MRL proposals as well as risk assessment values for all commodities under evaluation. Considering that homogenisation of samples leads to a drastically reduced storage stability, pending additional data to ensure that no degradation of thiophanate-methyl and carbendazim occurred in samples during storage, all the derived MRLs should be considered tentative only. Thiophanate-methyl and carbendazim are authorised for use on citrus fruits that might be fed to livestock. Livestock dietary burden calculations were therefore performed for different groups of livestock according to OECD guidance. Based on the uses reported in the frame",150,Medium,Review after high-priority papers; may contain useful evidence or context.,Pesticide-specific degradation candidate; microbial/protein evidence uncertain
Trifloxystrobin,Modification of the existing maximum residue level for trifloxystrobin in broccoli..pdf,APPROVED: 17 December 2018,10.2903/j.efsa; 10.2903/j.efsa.2007.32r; 10.2903/j.efsa.2014.3592; 10.2903/j.efsa.2014.3751,2017; 2018; 2019; 2025,,51,18,80,candidate_gene/enzyme_plus_pathway,,,/Volumes/WENTBROKE/Pesticide degradation database/pesticidepdf/Trifloxystrobin/PesticideDB_curation_Trifloxystrobin_20260707,17,5,0,6,0,0,0,"ion (20 min, 90°C, pH 4) Yes EFSA (2014a) Baking, brewing and boiling Yes EFSA (2014a) (60 min, 100°C, pH 5) Sterilisation (20 min, 120°C, pH 6) No 21.5% degradation, mainly (ca. 20%) to CGA321113 (EFSA, 2014a) Other processing conditions – – Can a general residue definition be Yes proposed for primary crops? Rotational crop and primary crop Yes metabolism similar? Residue pattern in processed Yes commodities similar to residue pattern in raw commodities? Plant residue definition for monitoring Trifloxystrobin (RD-Mo) Plant residue definition for risk Sum of trifloxystrobin, its 3 isomers (CGA 357262, CGA 357261 and assessment (RD-RA) CGA 331409) and CGA 321113 (M5), expressed as trifloxystrobin (EFSA, 2017) Methods of analysis for monitoring of HPLC–MS/MS, LOQ 0.01 mg/kg in high water (corn, green materials; residues (analytical technique, crop broccoli head), high protein (kidney bean,",148,Medium,Review after high-priority papers; may contain useful evidence or context.,Pesticide-specific degradation candidate; microbial/protein evidence uncertain
Imazamox,Photochemical degradation of imazamox in aqueous solution influence of metal ions and anionic species on the ultraviolet photolysis..pdf,"J. Agric. Food Chem. 2006, 54, 3641−3645 3641",10.1021/jf060097u,2001; 2002; 2004; 2006,,68,5,49,candidate_gene/enzyme_plus_pathway,,,/Volumes/WENTBROKE/Pesticide degradation database/pesticidepdf/Imazamox/PesticideDB_curation_Imazamox_20260707,54,37,0,7,2,0,0,"J. Agric. Food Chem. 2006, 54, 3641−3645 3641 Photochemical Degradation of Imazamox in Aqueous Solution: Influence of Metal Ions and Anionic Species on the Ultraviolet Photolysis ETIENNE QUIVET,† RENEÄ FAURE,*,† JOSEPH GEORGES,† JEAN-OLIVIER PAÏSSEÄ ,‡ BERNARD HERBRETEAU,† AND PIERRE LANTEÄ RI† Laboratoire des Sciences Analytiques UMR 5180, Université Claude Bernard Lyon 1, Bâtiment Raulin, 43 Boulevard du 11 Novembre 1918, 69622 Villeurbanne Cedex, France, and Service Central d’Analyse du CNRS, BP 22, 69390 Vernaison Cedex, France Imazamox [5-methoxymethyl-2-(4-isopropyl-4",147,Medium,Review after high-priority papers; may contain useful evidence or context.,Pesticide-specific degradation candidate; microbial/protein evidence uncertain
Thiophanate-Methyl,Updated reasoned opinion on the toxicological properties and maximum residue levels (MRLs) for the benzimidazole substances carbendazim and thiophanate-methyl..pdf,Approved: 10 January 2024,10.2903/j.efsa.2024.8569,2022; 2023; 2024; 2025,,57,53,109,candidate_gene/enzyme_plus_pathway,,,/Volumes/WENTBROKE/Pesticide degradation database/pesticidepdf/Thiophanate-Methyl/PesticideDB_curation_Thiophanate_Methyl_20260707,53,3,0,9,0,0,0,"inition be yes EFSA, 2014, 2018a proposed for primary crops? Rotational crop and primary crop yes Although rotational crops were not metabolism similar? considered in the present assessment, during the peer review for the renewal of thiophanate-methyl it was concluded that the same RD applies for primary and rotational crops (EFSA, 2018a). Residue pattern in processed yes Yes (EFSA, 2014) commodities similar to residue pattern in raw commodities? Plant residue definition for monitoring RD-Mo 1: thiophanate methyl (RD-Mo) RD-Mo 2: carbendazim Plant residue definition for risk RD-RA 1: thiophanate-methyl; assessment (RD-RA) RD-RA 2: carbendazim; RD-RA 3 (tentative): 2-AB, FH-432, DX-105, final expression of the RD pending tox assessment of the metabolites RD-RA 3 not relevant for the present assessment since the uses under consideration are for fruit crops only where the main components of",146,Medium,Review after high-priority papers; may contain useful evidence or context.,Pesticide-specific degradation candidate; microbial/protein evidence uncertain
Thiamethoxam,"Thiamethoxam, a Neonicotinoid Poisoning Causing Acute Kidney Injury via a Novel Mechanism..pdf","Thiamethoxam, a Neonicotinoid Poisoning",10.1016/j.ekir.2020.04.009,2017; 2018; 2019; 2020,,1,13,3,candidate_gene/enzyme_plus_pathway,,,/Volumes/WENTBROKE/Pesticide degradation database/pesticidepdf/Thiamethoxam/PesticideDB_curation_Thiamethoxam_20260707,14,2,0,9,0,1,0,"dispersible granules tubular atrophy in less than 5% of the core. Kidney International Reports (2020) 5, 1111–1113 1111 NEPHROLOGY ROUNDS S Ramanathan et al.: Thiamethoxam Poisoning Causing Acute Kidney Injury poisoning. Neonicotinoids are usually less reported to have mammalian toxicity effects, although the recent increase in their use has caused various side effects.1 Renal dysfunction due to secondary causes are re ported predominantly with imidocloprid toxicity, and direct toxicity due to thiamethoxam poisoning has so far not been documented. This agent has been banned in Europe since 2013 because of its toxic effects on bee colonization and thus an ill effect on cross-pollination.6 Organophosphates act primarily by inhibition of carboxyl ester hydrolases, particularly acetylcholines terase thereby preventing degradation of acetylcholine and thus facilitating cholinergic action thr",141,Medium,Review after high-priority papers; may contain useful evidence or context.,Pesticide-specific degradation candidate; microbial/protein evidence uncertain
Triazophos,Persistence and dissipation behavior of triazophos in canal water under Indian climatic conditions..pdf,"Ecotoxicology and Environmental Safety 50, 82}84 (2001)",10.1006/eesa.2001.2103,1991; 1996; 1997; 2001,,7,1,4,candidate_gene/enzyme_plus_pathway,,,/Volumes/WENTBROKE/Pesticide degradation database/pesticidepdf/Triazophos/PesticideDB_curation_Triazophos_20260707,30,18,0,2,0,0,0,"icology and Environmental Safety 50, 82}84 (2001) Environmental Research, Section B doi:10.1006/eesa.2001.2103, available online at http://www.idealibrary.com on Persistence and Dissipation Behavior of Triazophos in Canal Water under Indian Climatic Conditions Sunita Rani, V. K. Madan, and T. S. Kathpal Pesticide Residue Laboratory, Department of Entomology, CCS Haryana Agricultural University, Hisar 125 004, Haryana, India Received May 31, 2001 persistence, dissipation, and kinetic behavior of triazophos. Laboratory studies were undertaken in canal water (pH 8.3) The weekly temperature data recorded during the experispiked with Hostathion (triazophos 40 EC) at the rates of 0.25 mentation period are given in Table 1. The physico-chemical (T1) and 0.50 (T2) lg a.i. mlⴚ1 to investigate its persistence, characteristics of canal water were at follows: EC;10 dissipation, and degradation kinet",138,Medium,Review after high-priority papers; may contain useful evidence or context.,Pesticide-specific degradation candidate; microbial/protein evidence uncertain
Trifloxystrobin,Modification of existing maximum residue levels in various crops and evaluation of confirmatory data following the Article 12 MRL review for trifloxystrobin..pdf,ADOPTED: 9 December 2021,10.2903/j.efsa.2012.2873; 10.2903/j.efsa.2014.3592; 10.2903/j.efsa.2014.3751; 10.2903/j.efsa.2016.4383,2020; 2021; 2022; 2025,,48,29,86,candidate_gene/enzyme_plus_pathway,,,/Volumes/WENTBROKE/Pesticide degradation database/pesticidepdf/Trifloxystrobin/PesticideDB_curation_Trifloxystrobin_20260707,16,2,0,11,0,0,0,"content (corn, green materials; broccoli), residues (analytical technique, crop high protein (kidney bean, dry seed), high starch (wheat grain), groups, LOQs) high oil (rapeseed), high acid (orange fruit, grape bunch): -HPLC–MS/MS, LOQ 0.01 mg/kg • Matrices with high oil (olive), high protein (kidney bean): -QuEChERS (HPLC–MS/MS); LOQ of 0.01 mg/kg • Matrices with high acid, dry, high sugar and high-water content (EURL data pool): -QuEChERS (HPLC–MS/MS); LOQ of 0.01 mg/kg (determined as parent trifloxystrobin) • Matrices difficult to analyse (hops, kiln-dried cone): -HPLC–MS/MS, LOQ 0.05 mg/kg (Determined as parent and metabolite CGA 321113) -QuEChERS (HPLC–MS/MS) LOQ 0.05 mg/kg (Determined as parent trifloxystrobin) Confirmatory method and ILV available for all matrices. (EFSA, 2014a, 2017, 2019b) DAT: days after treatment; PBI: plant-back interval; BBCH: growth stages of mono- and dic",137,Medium,Review after high-priority papers; may contain useful evidence or context.,Pesticide-specific degradation candidate; microbial/protein evidence uncertain
Imazamox,Effect of Imazamox Soil Persistence on Dryland Rotational Crops1.pdf,"See discussions, stats, and author profiles for this publication at: https://www.researchgate.net/publication/237423792",10.1614/0890-037X(2003)017,2001; 2002; 2003; 2014,,2,2,4,candidate_gene/enzyme_plus_pathway,,,/Volumes/WENTBROKE/Pesticide degradation database/pesticidepdf/Imazamox/PesticideDB_curation_Imazamox_20260707,64,9,0,4,1,0,0,"r has requested enhancement of the downloaded file. Weed Technology. 2003. Volume 17:161–165 Effect of Imazamox Soil Persistence on Dryland Rotational Crops1 DANIEL A. BALL, JOSEPH P. YENISH, and THEODORE ALBY, III2 Abstract: Imazamox is an imidazolinone herbicide being developed for weed control in imidazoli none-resistant wheat (IMI-wheat) cultivars and various legume crops. In a series of studies conducted under a range of dryland cropping environments in the Pacific Northwest United States, imazamox applied to IMI-wheat or pea injured barley and canola grown 1 yr after imazamox treatment in low rainfall, low–soil pH locations of Oregon. Injury was not observed in higher rainfall locations near Pullman, WA. Non–herbicide-resistant wheat planted 1 yr after IMI-wheat treated with imazamox was not injured. Of particular concern for imazamox carryover are low-rainfall areas with low-pH so",134,Medium,Review after high-priority papers; may contain useful evidence or context.,Pesticide-specific degradation candidate; microbial/protein evidence uncertain
Phosmet,Photodegradation of phosmet in wool wax models and on sheep wool determination of wool wax bound phosmet by means of isotope ratio mass spectrometry..pdf,"J. Agric. Food Chem. 2005, 53, 4873−4879 4873",10.1021/jf047834b,1996; 2003; 2004; 2005,,43,5,78,candidate_gene/enzyme_plus_pathway,,,/Volumes/WENTBROKE/Pesticide degradation database/pesticidepdf/Phosmet/PesticideDB_curation_Phosmet_20260707,108,27,0,3,1,0,0,"J. Agric. Food Chem. 2005, 53, 4873−4879 4873 Photodegradation of Phosmet in Wool Wax Models and on Sheep Wool: Determination of Wool Wax Bound Phosmet by Means of Isotope Ratio Mass Spectrometry KATRIN SINDERHAUF AND WOLFGANG SCHWACK* Institut für Lebensmittelchemie, Universität Hohenheim, Garbenstrasse 28, D-70593 Stuttgart, Germany The photochemical reactions of phosmet, an organophosphorus insecticide used for plant protection and for control of ectoparasites on productive livestock, were studied in the presence of wool wax. Induced by UV light, phosmet feature",133,Medium,Review after high-priority papers; may contain useful evidence or context.,Pesticide-specific degradation candidate; microbial/protein evidence uncertain
Thiamethoxam,Kinetics and mechanism of the hydrolysis of thiamethoxam.pdf,This article was downloaded by: [East Carolina University],10.1080/03601230902934785,2005; 2008; 2009; 2013,,57,3,70,candidate_gene/enzyme_plus_pathway,,,/Volumes/WENTBROKE/Pesticide degradation database/pesticidepdf/Thiamethoxam/PesticideDB_curation_Thiamethoxam_20260707,51,7,0,2,0,0,0,"antial or systematic reproduction, redistribution, reselling, loan, sub-licensing, systematic supply, or distribution in any form to anyone is expressly forbidden. Terms & Conditions of access and use can be found at http:// www.tandfonline.com/page/terms-and-conditions Journal of Environmental Science and Health Part B (2009) 44, 435–441 Copyright C Taylor & Francis Group, LLC ISSN: 0360-1234 (Print); 1532-4109 (Online) DOI: 10.1080/03601230902934785 Kinetics and mechanism of the hydrolysis of thiamethoxam RAJIB KARMAKAR, SHASHI B. SINGH and GITA KULSHRESTHA Division of Agricultural Chemicals, Indian Agricultural Research Institute, New Delhi, India The degradation of thiamethoxam [(EZ)-3-(2-chloro-1,3-thiazol-5-yl-methyl)-5-methyl-1,3,5-oxadiazinan-4-ylidene (nitro) amine] insecticide in buffers at different pH and temperature levels was investigated in laboratory studies. Acidic hydro",132,Medium,Review after high-priority papers; may contain useful evidence or context.,Pesticide-specific degradation candidate; microbial/protein evidence uncertain
Acibenzolar-S-methyl,Modification of the existing maximum residue level for acibenzolar-S-methyl in hazelnuts..pdf,APPROVED: 8 April 2019,10.2903/j.efsa; 10.2903/j.efsa.2017; 10.2903/j.efsa.2018.5147; 10.2903/j.efsa.2019.5705,2017; 2018; 2019; 2025,,27,13,47,candidate_gene/enzyme_plus_pathway,,,/Volumes/WENTBROKE/Pesticide degradation database/pesticidepdf/Acibenzolar-S-methyl/PesticideDB_curation_Acibenzolar_S_methyl_20260707,98,12,0,0,0,0,0,"MS proposed to raise the existing MRL from 0.1 to 0.2 mg/kg. EFSA assessed the application and the evaluation report as required by Article 10 of the MRL regulation. Based on the conclusions derived by EFSA in the framework of the European Union (EU) pesticides peer review under Regulation (EC) No 1107/2009, the data evaluated under previous MRL assessments, and the data provided by the EMS in the framework of the present MRL application, the following conclusions are derived. The metabolism of acibenzolar-S-methyl following foliar application was investigated in crops belonging to the groups of fruit crops, leafy crops and cereals. Studies investigating the effect of processing on the nature of acibenzolar-S-methyl (hydrolysis studies) demonstrated that the active substance is stable under conditions that simulate pasteurisation and baking, brewing and boiling process but is likely to d",127,Medium,Review after high-priority papers; may contain useful evidence or context.,Pesticide-specific degradation candidate; microbial/protein evidence uncertain
Acibenzolar-S-methyl,Modification of the existing maximum residue levels for acibenzolar-S-methyl in grapes..pdf,Modiﬁcation of the existing maximum residue levels for,10.2903/j; 10.2903/j.efsa; 10.2903/j.efsa.2013.3122; 10.2903/j.efsa.2017.4985,2021; 2022; 2023; 2025,,42,18,77,candidate_gene/enzyme_plus_pathway,,,/Volumes/WENTBROKE/Pesticide degradation database/pesticidepdf/Acibenzolar-S-methyl/PesticideDB_curation_Acibenzolar_S_methyl_20260707,127,16,0,0,0,0,0,"er Santonja, Luna Greco, Samira Jarrah, Renata Leuschner, Javier Martinez Perez, Ileana Miron, Stefanie Nave, Ragnor Pedersen, Hermine Reich, Silvia Ruocco, Miguel Santos, Alessia Pia Scarlato, Anne Theobald, Manuela Tiramani and Alessia Verani Abstract In accordance with Article 6 of Regulation (EC) No 396/2005, the applicant Syngenta Crop Protection AG submitted a request to the competent national authority in Italy to modify the existing maximum residue levels (MRLs) for the active substance acibenzolar-S-methyl in grapes. The data submitted in support of the request were found to be sufﬁcient to derive MRL proposals for table and wine grapes. Adequate analytical methods for enforcement are available to control the residues of acibenzolar-Smethyl residues and of the metabolite acibenzolar acid (free and conjugated) in plant matrices at the validated limit of quantiﬁcation (LOQ) of 0.0",127,Medium,Review after high-priority papers; may contain useful evidence or context.,Pesticide-specific degradation candidate; microbial/protein evidence uncertain
Phosmet,Review of the existing maximum residue levels for phosmet according to Article 12 of Regulation (EC) No 3962005..pdf,APPROVED: 30 June 2022,10.2903/j.efsa.2018.5147; 10.2903/j.efsa.2021.6237; 10.2903/j.efsa.2022.7448; 10.2903/sp.efsa.2019.EN-1605,2021; 2022; 2025; 2027,,30,25,35,candidate_gene/enzyme_plus_pathway,,,/Volumes/WENTBROKE/Pesticide degradation database/pesticidepdf/Phosmet/PesticideDB_curation_Phosmet_20260707,151,9,0,0,0,0,0,"by the RMS and the EURLs and taking into account the conclusions derived by EFSA in the framework of Regulation (EC) No 1107/2009 and the MRLs established by the Codex Alimentarius Commission (CAC), EFSA prepared in May 2022 a draft reasoned opinion, which was circulated to Member States and the EURLs for consultation via a written procedure. Comments received by 3 June 2022 were considered during the ﬁnalisation of this reasoned opinion. The following conclusions are derived. The metabolism of phosmet in plant was investigated in primary crops, in the framework of the peer review for renewal. According to the results of the metabolism studies, the residue deﬁnition for enforcement is proposed as phosmet only, and as phosmet, phosmet-oxon and phthalic acid for risk assessment, pending additional data on the characterisation of metabolites and further toxicological assessment. A speciﬁc r",127,Medium,Review after high-priority papers; may contain useful evidence or context.,Pesticide-specific degradation candidate; microbial/protein evidence uncertain
Thiamethoxam,Determination of the residue dynamics and dietary risk of thiamethoxam and its metabolite clothianidin in citrus and soil by LC-MSMS..pdf,"Pesticides, Food Contaminants, and Agricultural Wastes",10.1007/s10661-017; 10.1007/s12161-013-9710-9; 10.1016/j.chroma.2009.11.060; 10.1016/j.foodchem.2014.02.124,2016; 2017; 2018; 2019,,42,4,41,candidate_gene/enzyme_plus_pathway,,,/Volumes/WENTBROKE/Pesticide degradation database/pesticidepdf/Thiamethoxam/PesticideDB_curation_Thiamethoxam_20260707,119,26,0,0,0,0,0,"Journal of Environmental Science and Health, Part B Pesticides, Food Contaminants, and Agricultural Wastes ISSN: 0360-1234 (Print) 1532-4109 (Online) Journal homepage: https://www.tandfonline.com/loi/lesb20 Determination of the residue dynamics and dietary risk of thiamethoxam and its metabolite clothianidin in citrus and soil by LC-MS/MS Ting Gui, Gui F. Jia, Jin Xu, Shi J. Ge, Xiao F. Long, Yu P. Zhang & De Y. Hu To cite this article: Ting Gui, Gui F. Jia, Jin Xu, Shi J. Ge, Xiao F. Long, Yu P. Zhang & De Y. Hu (2019): Determination of the residue dynamics and dietary risk of thiamethoxam and its metabolite clothianidin in citrus and soil by LC-MS/MS, Journal of Environmental Science and Health, Part B, DOI: 10.1080/03601234.2019.1571361 To link to this article: ht",126,Medium,Review after high-priority papers; may contain useful evidence or context.,Pesticide-specific degradation candidate; microbial/protein evidence uncertain
Propargite,Setting of maximum residue limits for propargite in citrus fruits and tea..pdf,APPROVED: 12 February 2018,10.2903/j.efsa.2007.32r; 10.2903/j.efsa.2011.2087; 10.2903/j.efsa.2013.3350; 10.2903/j.efsa.2018.5193,2016; 2017; 2018; 2025,of rats,124,3,116,candidate_gene/enzyme_plus_pathway,,,/Volumes/WENTBROKE/Pesticide degradation database/pesticidepdf/Propargite/PesticideDB_curation_Propargite_20260707,170,14,0,0,0,0,0,"n MRL of 50 mg/kg for tea could be derived. However, a risk manager decision is required whether the setting of a MRL of 50 mg/kg for tea is acceptable since the MRL reported to be into force in India is 10 mg/kg. Adequate analytical enforcement methods are available to control the residues of propargite on the commodities under consideration. Since the enforcement method of analysis is not enantioselective, residues are determined as the sum of any possible isomer ratio of the active substance propargite. EFSA concluded that the use of propargite on oranges and tea as reported in the countries of origin will not result in a consumer exposure exceeding the toxicological reference values and therefore is unlikely to pose a consumer health risk. However, it should be noted that the risk assessment is affected by uncertainties linked to the toxicological proﬁle and the reliability of result",125,Medium,Review after high-priority papers; may contain useful evidence or context.,Pesticide-specific degradation candidate; microbial/protein evidence uncertain
Thiamethoxam,Monitoring residue levels and dietary risk assessment of thiamethoxam and its metabolite clothianidin for Chinese consumption of Chinese kale..pdf,Received: 24 January 2021 Revised: 13 May 2021 Accepted article published: 18 June 2021 Published online in Wiley Online Library: 28 June 2021,10.1002/jsfa.11371,2020; 2021; 2022; 2025,,28,3,25,candidate_gene/enzyme_plus_pathway,,,/Volumes/WENTBROKE/Pesticide degradation database/pesticidepdf/Thiamethoxam/PesticideDB_curation_Thiamethoxam_20260707,124,26,0,0,0,0,0,"Research Article Received: 24 January 2021 Revised: 13 May 2021 Accepted article published: 18 June 2021 Published online in Wiley Online Library: 28 June 2021 (wileyonlinelibrary.com) DOI 10.1002/jsfa.11371 Monitoring residue levels and dietary risk assessment of thiamethoxam and its metabolite clothianidin for Chinese consumption of Chinese kale Kai-long Li,† Wu-ying Chen,† Min Zhang, Xiang-wen Luo, Yong Liu, De-yong Zhang and Ang Chen* Abstract BACKGROUND: Thiamethoxam is widely used to control pests in Chinese kale, popularly consumed leafy vegetables. The potential risk to the environment and human health has aroused much public concern. Therefore, it is important to investigate the degradation behavior, residue distribution and dietary risk assessment of thiame",125,Medium,Review after high-priority papers; may contain useful evidence or context.,Pesticide-specific degradation candidate; microbial/protein evidence uncertain
Thiamethoxam,Monitoring residue levels and dietary risk assessment of thiamethoxam and its metabolite clothianidin for Chinese consumption of Chinese kale.pdf,Received: 24 January 2021 Revised: 13 May 2021 Accepted article published: 18 June 2021 Published online in Wiley Online Library: 28 June 2021,10.1002/jsfa.11371,2020; 2021; 2022; 2025,,28,3,25,candidate_gene/enzyme_plus_pathway,,,/Volumes/WENTBROKE/Pesticide degradation database/pesticidepdf/Thiamethoxam/PesticideDB_curation_Thiamethoxam_20260707,124,26,0,0,0,0,0,"Research Article Received: 24 January 2021 Revised: 13 May 2021 Accepted article published: 18 June 2021 Published online in Wiley Online Library: 28 June 2021 (wileyonlinelibrary.com) DOI 10.1002/jsfa.11371 Monitoring residue levels and dietary risk assessment of thiamethoxam and its metabolite clothianidin for Chinese consumption of Chinese kale Kai-long Li,† Wu-ying Chen,† Min Zhang, Xiang-wen Luo, Yong Liu, De-yong Zhang and Ang Chen* Abstract BACKGROUND: Thiamethoxam is widely used to control pests in Chinese kale, popularly consumed leafy vegetables. The potential risk to the environment and human health has aroused much public concern. Therefore, it is important to investigate the degradation behavior, residue distribution and dietary risk assessment of thiame",125,Medium,Review after high-priority papers; may contain useful evidence or context.,Pesticide-specific degradation candidate; microbial/protein evidence uncertain
Thiamethoxam,Hormetic effects of thiamethoxam on Schizaphis graminum demographics and feeding behavior..pdf,Ecotoxicology (2024) 33:253–265,10.1007/s10340-10022-01494-10344; 10.1007/s10646-024-02743-1; 10.1007/s11356-11022-20182-11355; 10.1016/j.pestbp.2020,2021; 2022; 2023; 2024,of N. lugens when,1,76,43,candidate_gene/enzyme_plus_pathway,,,/Volumes/WENTBROKE/Pesticide degradation database/pesticidepdf/Thiamethoxam/PesticideDB_curation_Thiamethoxam_20260707,83,1,0,29,0,0,0,"t brush were considered dead. generation adults whose parents were treated with the LC5 and LC10 of thiamethoxam. Brieﬂy, the wheat plants were Sublethal effects of thiamethoxam on Schizaphis sprayed with the LC5 and LC10 using a hand sprayer until graminum (F0) run-off (adaxial and abaxial leaf sides). Plants were sprayed with distilled water for blank controls. The treated plants We employed the sublethal concentrations (LC5 and LC10) were air-dried for 2 h at room temperature before experiof thiamethoxam to elucidate their impact on directly ments. Adult aphids were starved for approximately 1 h exposed S. graminum (F0) after likely occurring due to between wiring and the beginning of the EPG experiment. insecticide degradation under ﬁeld conditions. The healthy After starvation, aphids were individually connected via wheat plants were sprayed with the LC5 (2.259 mg L−1) and their dor",124,Medium,Review after high-priority papers; may contain useful evidence or context.,Pesticide-specific degradation candidate; microbial/protein evidence uncertain
Thiamethoxam,"Spatial and temporal distribution, degradation, and metabolism of three neonicotinoid insecticides on different parts, especially pests' target feeding parts of apple tree..pdf",Received: 18 November 2019 Revised: 13 January 2020 Accepted article published: 21 January 2020 Published online in Wiley Online Library: 7 February 2020,10.1002/ps.5756,2018; 2019; 2020; 2025,,74,2,34,candidate_gene/enzyme_plus_pathway,,,/Volumes/WENTBROKE/Pesticide degradation database/pesticidepdf/Thiamethoxam/PesticideDB_curation_Thiamethoxam_20260707,19,13,0,0,0,0,0,"NIs) have been recently banned in some countries because of increased pest resis tance and deleterious risks to non-target organisms. Recent studies considered all parts of crops as a whole part in plant pro tection. However, there are few reports focused on the distribution and metabolic trends of NIs on target feeding sites of different pests in apple orchards. RESULTS: The spatial and temporal distribution, absorption, degradation, and metabolism of three NIs, imidacloprid, acetami prid, and thiamethoxam, on different parts of apple trees were studied under foliar spray and root irrigation treatments. In the spray treatment, the initial average concentration ratios (TCRs) were 31.6% for lower shoots, 23.3% for upper leaves, 23.2% for upper shoots, 21.0% for lower leaves, and 0.5% and 0.4% for upper and lower fruits, respectively. The average half-lives of the three NIs were 2.9 days f",124,Medium,Review after high-priority papers; may contain useful evidence or context.,Pesticide-specific degradation candidate; microbial/protein evidence uncertain
Abamectin,Degradation of abamectin and doramectin on sheep grazed pasture..pdf,"Ecotoxicology, 14, 627–635, 2005",10.1007/s10646-005-0012-x,2002; 2003; 2004; 2005,,36,1,10,candidate_gene/enzyme_plus_pathway,,,/Volumes/WENTBROKE/Pesticide degradation database/pesticidepdf/Abamectin/PesticideDB_curation_Abamectin_20260707,57,30,0,0,0,0,0,"Ecotoxicology, 14, 627–635, 2005 2005 Springer Science+Business Media, Inc. Printed in The U.S.A. DOI: 10.1007/s10646-005-0012-x Degradation of Abamectin and Doramectin on Sheep Grazed Pasture NEVENKA KOŽUH ERŽEN,1,* LUCIJA KOLAR,1 VESNA CERKVENIK FLAJS,2 JERNEJ KUŽNER,1 IRENA MARC3 AND MILAN POGAČNIK4 1 Institute of Physiology, Pharmacology and Toxicology, University of Ljubljana, Veterinary Faculty , Gerbicˇeva 60, SI-1000, Ljubljana, Slovenia 2 Institute of Food Hygiene and Bromatology, University of Ljubljana, Veterinary Faculty, Gerbicˇeva 60, SI-1000, Ljubljana, Slovenia 3 Centre for Sustainable Recultivation Vremsˇcˇica, University of",123,Medium,Review after high-priority papers; may contain useful evidence or context.,Pesticide-specific degradation candidate; microbial/protein evidence uncertain
Thiamethoxam,Montmorillonite-supported nanoscale zero-valent iron for thiamethoxam removal response surface optimization and degradation pathway..pdf,Environmental Science and Pollution Research (2021) 28:23113–23122,10.1007/s10158-006-0040-0; 10.1007/s10967-013-2779-1; 10.1007/s11051-012-0899-0; 10.1007/s11356,2018; 2019; 2020; 2021,,38,9,35,candidate_gene/enzyme_plus_pathway,,,/Volumes/WENTBROKE/Pesticide degradation database/pesticidepdf/Thiamethoxam/PesticideDB_curation_Thiamethoxam_20260707,80,22,0,6,3,0,0,"Environmental Science and Pollution Research (2021) 28:23113–23122 https://doi.org/10.1007/s11356-020-12309-3 RESEARCH ARTICLE Montmorillonite-supported nanoscale zero-valent iron for thiamethoxam removal: response surface optimization and degradation pathway Chunxia Ding 1 & Wei-ai Zeng 2 & A-juan Zhao 2 & Mengyun Yang 1 & Yanlan Xie 1 & Yaocheng Deng 3 & Daoxin Gong 3 & Meizheng Duan 2 & Hailin Cai 2 & Pengfei Xie 2 & Yong Zhou 4 & Zhiyong Wen 1 Received: 17 July 2020 / Accepted: 29 December 2020 / Published online: 13 January 2021 # The Author(s), under exclusive licence to Springer-Verlag GmbH, DE part of Springer Nature 2021 Abstract As a highly efficient insecticide, thiamethoxam w",121,Medium,Review after high-priority papers; may contain useful evidence or context.,Pesticide-specific degradation candidate; microbial/protein evidence uncertain
Thiamethoxam,Neonicotinoids thiamethoxam and clothianidin adversely affect the colonisation of invertebrate populations in aquatic microcosms..pdf,Environmental Science and Pollution Research (2018) 25:9593–9599,10.1002/aqc.748; 10.1007/s00128-011-0515-5; 10.1007/s11356-014-3277-x; 10.1007/s11356-017-1125-5,2015; 2016; 2017; 2018,,4,6,6,candidate_gene/enzyme_plus_pathway,,,/Volumes/WENTBROKE/Pesticide degradation database/pesticidepdf/Thiamethoxam/PesticideDB_curation_Thiamethoxam_20260707,32,5,0,5,1,0,0,"er, which does not account for the possibility of lateral median levels of 8.2 ppb of clothianidin and levels of < movement of neonicotinoids through the soil profile nor 2 ppb thiamethoxam (Hladik et al. 2014). Both movement of the pesticide in surface runoff. thiamethoxam and clothianidin have relatively long half There are widespread concerns as to their potentially far- lives in soil; the DT50 of clothianidin is 148–1155 days, reaching impacts upon wildlife (Chagnon et al. 2015; Goulson and thiamethoxam’s is 229 days on average (Main et al. 2013; Hallmann et al. 2014; Pisa et al. 2015; Van Dijk et al. 2014). Their persistence in the soil and high-water solubil2013; Whitehorn et al. 2012). Neonicotinoids and their toxic ity (thiamethoxam = 4100 mg/L; clothianidin = 327 mg/L metabolites have been found to be persistent, not just in the (Main et al. 2014)) means there is high potential",121,Medium,Review after high-priority papers; may contain useful evidence or context.,Pesticide-specific degradation candidate; microbial/protein evidence uncertain
Triazophos,Enhanced efficiency and stability in the degradation of triazophosphorus pesticides by Alsub6subSisub2subOsub13subWOsub2.72sub nanocomposites through synergistic action of S-scheme heterojunction and oxygen vacancies..pdf,Contents lists available at ScienceDirect,10.1002/adma.202107668; 10.1002/jctb.7091; 10.1002/smtd.202201013; 10.1007/s10311-022-01472-3,2022; 2023; 2024; 2025,,81,24,20,candidate_gene/enzyme_plus_pathway,,,/Volumes/WENTBROKE/Pesticide degradation database/pesticidepdf/Triazophos/PesticideDB_curation_Triazophos_20260707,22,19,0,8,4,0,0,"ey Laboratory of Advanced Electrode Materials for Novel Solar Cells for Petroleum and Chemical Industry of China, School of Chemistry and Life Sciences, Suzhou University of Science and Technology, Suzhou 215009, Jiangsu, PR China c School of Physics and Electronic Information, Huaibei Normal University, Huaibei 235000, Anhui, PR China H I G H L I G H T S G R A P H I C A L A B S T R A C T • The Al6Si2O13/WO2.72 nanocomposites exhibits excellent photocatalytic activity and stability in degrading triazophos pesticides, reducing the rate from 100.0% to 13.7% in 140.0 min. • The S-scheme heterojunction signifi cantly enhances photocatalytic perfor mance by improving charge separation and minimizing recombination. • Abundant oxygen vacancies combined with the S-scheme heterojunction accelerate charge separation, further enhancing photocatalytic degradation activity. A R T I C L E I N F O A B",119,Medium,Review after high-priority papers; may contain useful evidence or context.,Pesticide-specific degradation candidate; microbial/protein evidence uncertain
Trifloxystrobin,Modification of the existing maximum residue level for trifloxystrobin in honey..pdf,Modiﬁcation of the existing maximum residue level for,10.2903/j.efsa.2014.3592; 10.2903/j.efsa.2014.3751; 10.2903/j.efsa.2016.4571; 10.2903/j.efsa.2017.4989,2021; 2022; 2023; 2025,,39,25,106,candidate_gene/enzyme_plus_pathway,,,/Volumes/WENTBROKE/Pesticide degradation database/pesticidepdf/Trifloxystrobin/PesticideDB_curation_Trifloxystrobin_20260707,20,2,0,10,1,0,0,"r content (corn, green materials; broccoli), residues (analytical technique, crop high protein (kidney bean, dry seed), high starch (wheat grain), groups, LOQs) high oil (rapeseed), high acid (orange fruit, grape bunch): - HPLC–MS/MS, LOQ 0.01 mg/kg Matrices with high oil (olive), high protein (kidney bean): - QuEChERS (HPLC–MS/MS); LOQ of 0.01 mg/kg Matrices with high acid, dry, high sugar and high-water content (EURL data pool): - QuEChERS (HPLC–MS/MS); LOQ of 0.01 mg/kg (determined as parent trifloxystrobin) Matrices difficult to analyse (hops, kiln-dried cone): - HPLC–MS/MS, LOQ 0.05 mg/kg (Determined as parent and metabolite CGA 321113) - QuEChERS (HPLC–MS/MS) LOQ 0.05 mg/kg (Determined as parent trifloxystrobin) Confirmatory method and ILV available for all matrices. (EFSA, 2014a, 2017, 2019b) DAT: days after treatment; PBI: plant-back interval;; MRL: maximum residue level; HPLC–MS",119,Medium,Review after high-priority papers; may contain useful evidence or context.,Pesticide-specific degradation candidate; microbial/protein evidence uncertain
Thiamethoxam,Photodegradation of clothianidin and thiamethoxam in agricultural soils.pdf,Environmental Science and Pollution Research,10.1007/s11356-018-3121-9,2014; 2015; 2016; 2018,,92,2,34,candidate_gene/enzyme_plus_pathway,,,/Volumes/WENTBROKE/Pesticide degradation database/pesticidepdf/Thiamethoxam/PesticideDB_curation_Thiamethoxam_20260707,64,37,0,6,3,0,0,"Environmental Science and Pollution Research https://doi.org/10.1007/s11356-018-3121-9 RESEARCH ARTICLE Photodegradation of clothianidin and thiamethoxam in agricultural soils Yang Li 1 & Yadong Li 1 & Yiming Liu 2 & Timothy J. Ward 3 Received: 23 April 2018 / Accepted: 31 August 2018 # Springer-Verlag GmbH Germany, part of Springer Nature 2018 Abstract Presented in this paper is a study on the photodegradation of two widely used neonicotinoid insecticides clothianidin and thiamethoxam in three soils and in solid phase. The effects of light with differing wavelengths were examined using the natural sunlight and single ultraviolet A (UVA) and ult",118,Medium,Review after high-priority papers; may contain useful evidence or context.,Pesticide-specific degradation candidate; microbial/protein evidence uncertain
Imazamox,"Behavior of the Chiral Herbicide Imazamox in Soils pH-Dependent, Enantioselective Degradation, Formation and Degradation of Several Chiral Metabolites..pdf","Cite This: Environ. Sci. Technol. 2019, 53, 5725−5732 pubs.acs.org/est",10.1021/acs.est.8b07209,2016; 2017; 2018; 2019,,198,7,80,candidate_gene/enzyme_plus_pathway,,,/Volumes/WENTBROKE/Pesticide degradation database/pesticidepdf/Imazamox/PesticideDB_curation_Imazamox_20260707,91,38,0,1,1,0,0,"Article Cite This: Environ. Sci. Technol. 2019, 53, 5725−5732 pubs.acs.org/est Behavior of the Chiral Herbicide Imazamox in Soils: pH-Dependent, Enantioselective Degradation, Formation and Degradation of Several Chiral Metabolites Ignaz J. Buerge,*,† Astrid Bächli,† Roy Kasteel,† Reto Portmann,‡ Rocío López-Cabeza,§ Lars F. Schwab,∥ and Thomas Poiger† † Agroscope, Plant Protection Chemistry, CH-8820 Wädenswil, Switzerland ‡ Agroscope, Food Analytics, CH-3003 Bern, Switzerland § IRNAS, Institute of Natural Resources and Agrobiology of Seville, E-41012 Seville, Spain Downloaded via MIAMI UNIV on October 22, 2019",117,Medium,Review after high-priority papers; may contain useful evidence or context.,Pesticide-specific degradation candidate; microbial/protein evidence uncertain
Thiamethoxam,Adsorption-desorption and degradation of insecticides clothianidin and thiamethoxam in agricultural soils..pdf,Chemosphere 207 (2018) 708e714,10.1016/j.chemosphere.2018.05.139,2013; 2014; 2016; 2018,,54,2,15,candidate_gene/enzyme_plus_pathway,,,/Volumes/WENTBROKE/Pesticide degradation database/pesticidepdf/Thiamethoxam/PesticideDB_curation_Thiamethoxam_20260707,81,24,0,1,1,0,0,"Chemosphere 207 (2018) 708e714 Contents lists available at ScienceDirect Chemosphere journal homepage: www.elsevier.com/locate/chemosphere Adsorption-desorption and degradation of insecticides clothianidin and thiamethoxam in agricultural soils Yang Li a, Peidong Su a, Yadong Li a, *, Kejun Wen a, Guihong Bi b, Michael Cox b a Dept. of Civil and Environmental Engineering, Jackson State University, 1400 John R. Lynch St., Jackson, MS 39217, USA b Dept. of Plant and Soil Sciences, Mississippi State University, 32 Creelman St., Mississippi State, MS 39762, USA h i g h l i g h t s Adsorption-desorption and degradation of neonicotinoid insecticides clothianidin and thiamethoxam in agricultural soils were studied. Both",114,Medium,Review after high-priority papers; may contain useful evidence or context.,Pesticide-specific degradation candidate; microbial/protein evidence uncertain
Thiamethoxam,Dissipation Kinetics and Environmental Risk Assessment of Thiamethoxam in the Sandy Clay Loam Soil of Tropical Sugarcane Crop Ecosystem..pdf,Bulletin of Environmental Contamination and Toxicology,10.1007/s00128-020-02951-5; 10.1016/j.foodc,2016; 2018; 2019; 2020,,4,2,19,candidate_gene/enzyme_plus_pathway,,,/Volumes/WENTBROKE/Pesticide degradation database/pesticidepdf/Thiamethoxam/PesticideDB_curation_Thiamethoxam_20260707,62,6,0,1,0,0,0,"% recoveries. The insecticide was observed to persist in the sandy clay loam soil for 60 days and reached below the detectable level of less than 0.01 mg/kg (LOQ = 0.01 mg/kg) on 75th day when applied @ 120 g a.i./ha. The half-life was worked out to be 16.50 days. At double the recommended dose (240 g a.i./ha), the insecticide persisted up to 75 days with the half-life of 16.91 days. The risk quotient values indicated medium to low level of risk to earthworms during the course of degradation of thiamethoxam in the soil. Keywords Thiamethoxam · Persistence · Dissipation · Sugarcane · Risk assessment Worldwide sugarcane is cultivated in more than 110 coun- extensive damage to sugarcane crop year after year across tries. India ranks second in terms of area under sugarcane the Indian sub-continent. The sugarcane varieties, which are and its production, next only to Brazil. In 2018, India’s s",113,Medium,Review after high-priority papers; may contain useful evidence or context.,Pesticide-specific degradation candidate; microbial/protein evidence uncertain
Thiamethoxam,"The protective role of L-carnitine on oxidative stress, neurotransmitter perturbations, astrogliosis, and apoptosis induced by thiamethoxam in the brains of male rats..pdf",Naunyn-Schmiedeberg's Archives of Pharmacology (2024) 397:4365–4379,10.1007/s00210-023-02887-7,2021; 2022; 2023; 2024,,15,42,25,candidate_gene/enzyme_plus_pathway,,,/Volumes/WENTBROKE/Pesticide degradation database/pesticidepdf/Thiamethoxam/PesticideDB_curation_Thiamethoxam_20260707,25,1,0,11,1,0,0,"n E on the kidney of atherosclerotic rats. of Alexander disease-associated mutations on the assembly and Biomed Aging Pathol 2:212–215. https://​doi.​org/​10.​1177/​07482​ organization of GFAP intermediate filaments. Mol Biol Cell. 33712​472523 https://​doi.​org/​10.​1091/​mbc.​E22-​01-​0013 Salama A, Elgohary R (2021) L-carnitine and Co Q10 ameliorate Yang Y, Yu Q, Zhang C, Wang X, He L, Huang Y, Li E, Qin J, Chen L potassium dichromate-induced acute brain injury in rats targeting (2023) Acute thiamethoxam exposure induces hepatotoxicity and AMPK/AKT/NF-κβ. Int Immunopharmacol 101:e107867. https://​ neurotoxicity in juvenile Chinese mitten crab (Eriocheir sinensis). doi.​org/​10.​1016/j.​intimp.​2021.​107867 Ecotoxicol Environ Saf 249:e114399. https://​doi.​org/​10.​1016/j.​ Salimi A, Alyan N, Akbari N, Jamali Z, Pourahmad J (2022) Selenium ecoenv.​2022.​114399 and L-carnitine protects",110,Medium,Review after high-priority papers; may contain useful evidence or context.,Pesticide-specific degradation candidate; microbial/protein evidence uncertain
Pymetrozine,Monitoring residue levels and dietary risk assessment of pymetrozine for Chinese consumption of cauliflower..pdf,Received: 28 August 2018 Revised: 15 November 2018 Accepted: 29 November 2018,10.1002/bmc.4455; 10.1007/s00128; 10.1007/s10337; 10.1007/s10661,2017; 2018; 2019; 2025,,8,1,9,candidate_gene/enzyme_plus_pathway,,,/Volumes/WENTBROKE/Pesticide degradation database/pesticidepdf/Pymetrozine/PesticideDB_curation_Pymetrozine_20260707,113,8,0,0,1,0,0,"ith determination coefficients (R2) >0.999. Pymetrozine dissipated The Major State Research Development Program of China, Grant/Award Number: rapidly in cauliflower with a half‐life of <4 days. The terminal residues of pymetrozine 2016YFD 0200206‐3; The National Natural were <0.008–0.0881 mg/kg in cauliflower at 7, 10 and 14 days after spraying from six Science Foundation of China, Grant/Award Number: Nos. 21667007 and 21866009 sites. The routine washing process removed about half amount of the pymetrozine in cauliflower; the reduction ratios were 51.0–52.8%. The dietary risk assessment indi cated that pymetrozine did not exhibit obvious dietary health risks in cauliflower when good agricultural practices were implemented. KEY W ORDS cauliflower, degradation, pymetrozine, residues, risk assessment, washing process 1 | I N T RO D U CT I O N people. In 2005, China became the world's larges",105,Medium,Review after high-priority papers; may contain useful evidence or context.,Pesticide-specific degradation candidate; microbial/protein evidence uncertain
Phosmet,Peer review of the pesticide risk assessment of the active substance phosmet..pdf,CONCLUSION ON PESTICIDES PEER REVIEW,10.2903/j.efsa.2008.622; 10.2903/j.efsa.2009.1438; 10.2903/j.efsa.2011.2092; 10.2903/j.efsa.2012.2665,2019; 2020; 2021; 2025,,75,23,93,candidate_gene/enzyme_plus_pathway,,,/Volumes/WENTBROKE/Pesticide degradation database/pesticidepdf/Phosmet/PesticideDB_curation_Phosmet_20260707,176,5,0,5,2,0,0,"evaluation was ‘Imidan 50 WP’, a wettable powder (WP) containing 500 g/kg phosmet. The representative uses evaluated were foliar spray applications for the control of a wide variety of pests, of which Lepidoptera, Coleoptera, Thysanoptera and Hemiptera, and among these mostly scales, and Diptera, mostly fruit ﬂies on citrus, pome fruits, peaches/nectarines and potatoes. Full details of the GAPs can be found in the list of end points in Appendix A. Data were submitted to conclude that the use of phosmet according to the representative uses proposed at EU level results in a sufﬁcient insecticidal efﬁcacy against the target organisms, following the guidance document SANCO/2012/11251-rev. 4 (European Commission, 2014b). A data gap has been identiﬁed for a search of the scientiﬁc peer-reviewed open literature on the active substance and its relevant metabolites, dealing with side effects on h",104,Medium,Review after high-priority papers; may contain useful evidence or context.,Pesticide-specific degradation candidate; microbial/protein evidence uncertain
Thiamethoxam,"Degradation of sex pheromone and plant volatile components by an antennal glutathione S-transferase in the oriental fruit moth,Grapholita molesta Busck (Lepidoptera Tortricidae)..pdf",Degradation of sex pheromone and plant volatile,10.1002/arch.21512,2015; 2016; 2017; 2018,,32,109,11,candidate_gene/enzyme_plus_pathway,,,/Volumes/WENTBROKE/Pesticide degradation database/pesticidepdf/Thiamethoxam/PesticideDB_curation_Thiamethoxam_20260707,5,3,0,2,0,0,1,"YDBK2017‐37; National Natural Science maximal peaks at 35–40°C. Spectrophotometric analysis Foundation of China, Grant/Award Numbers: 31860506, 31272043; Project of Industry‐ indicated that insecticides had weak inhibitory effects on the University‐Research Collaboration of Yan’ an activity of rGmolGSTD1 with the inhibitory rates of 28.82% University in 2017, Grant/Award Number: 2017cxy04 for chlorpyrifos, 22.27% for lambda‐cyhalothrin, 18.07% for bifenthrin, 20.42% for acetamiprid, 17.57% for thiamethoxam, 25.67% for metaflumizone, 27.43% for abamectin, and 7.24% *Guang‐Wei Li and Xiu‐Lin Chen contributed equally to this work. Arch. Insect Biochem. Physiol. 2018;e21512. wileyonlinelibrary.com/journal/arch © 2018 Wiley Periodicals, Inc. | 1 of 16 https://doi.org/10.1002/arch.21512 2 of 16 | LI ET AL. for chlorbenzuron. rGmolGSTD1 exhibited high degradation activity to the sex pheromone",94,Medium,Review after high-priority papers; may contain useful evidence or context.,Pesticide-specific degradation candidate; microbial/protein evidence uncertain
Thiamethoxam,"Induction of apoptosis, oxidative stress, hormonal, and histological alterations in the reproductive system of thiamethoxam-exposed female rats..pdf",Environmental Science and Pollution Research (2023) 30:77917–77930,10.1007/s11356-023-27743-2,2020; 2021; 2022; 2023,of Halomonas sp,7,88,35,candidate_gene/enzyme_plus_pathway,,,/Volumes/WENTBROKE/Pesticide degradation database/pesticidepdf/Thiamethoxam/PesticideDB_curation_Thiamethoxam_20260707,19,1,0,8,2,0,0,"ay affect the transcriptional status due the higher stress on the organ. Furthermore, the internal cellular dysfunction caused by the treatments may lead to the degradation of mRNA molecules (El-Garawani et al. 2020b). Moreover, results of caspase-3 support the evidence of apoptosis which References may undergo other pathway in the higher dose treatments Abd-Allah E, EL- Ghareeb AE-W, Hafez O, Abd EL-Rahman H (2022) rather than the intrinsic one. Biochemical and histopathological evaluations of thiamethoxam on the male reproductive system. Egypt J Chem 0–0. https://​doi.​ org/​10.​21608/​ejchem.​2022.​120399.​5400 Agarwal A, Gupta S, Sharma RK (2005) Role of oxidative stress in Conclusion female reproduction. Reprod Biol Endocrinol 3:28. https://​doi.​ org/​10.​1186/​1477-​7827-3-​28 The exposure of TMX to female rats may have a hazard- Alchalabi ASH, Rahim H, Aklilu E, Al-Sultan II, Azi",92,Medium,Review after high-priority papers; may contain useful evidence or context.,Pesticide-specific degradation candidate; microbial/protein evidence uncertain
Abamectin,Lethal and sublethal effects of pesticides on Chrysoperla carnea larvae (Neuroptera Chrysopidae) and the influence of rainfastness in their degradation pattern over time..pdf,Lethal and sublethal effects of pesticides on Chrysoperla carnea,10.1007/s10646-016-1641-y,2013; 2014; 2015; 2016,,13,7,28,candidate_gene/enzyme_plus_pathway,,,/Volumes/WENTBROKE/Pesticide degradation database/pesticidepdf/Abamectin/PesticideDB_curation_Abamectin_20260707,14,4,0,0,0,0,0,"al. Fig. 1 Survival curves of Chrysoperla carnea L3 larvae (n = 42) exposed to different pesticides in the laboratory (Kaplan–Meier estimator and Bonferroni test). The length of each developmental stage is also shown (lambda-cyhalothrin), 11.9 (deltamethrin) and 0 % (chlor- was classified as short-lived (IOBC A) both in presence and pyrifos) (Fig. 1). Median larval survival times in days absence of rainfall, and the study was stopped at this point (LT50) were calculated for every product except abamectin (Table 3). and pendimethalin because larval mortality was \50 % at Chlorpyrifos residue degradation was however accelerthe end of the experiment. The lowest LT50 was that of ated by rainfall. After exposure to 1-day-old residues, the chlorpyrifos (\1 day), followed by deltamethrin (23 days). percentages of pupation (Kruskal–Wallis test, H = 20.88; Values for lambda-cyhalothrin and hexyth",91,Medium,Review after high-priority papers; may contain useful evidence or context.,Pesticide-specific degradation candidate; microbial/protein evidence uncertain
Thiamethoxam,Incorporating nickel-substituted polyoxometalate into a photoactive metal-organic framework for efficient photodegradation of thiamethoxam insecticide..pdf,Contents lists available at ScienceDirect,10.1002/adma.202310283; 10.1002/cssc.202000328; 10.1002/smll.202100762; 10.1016/j,2022; 2023; 2024; 2025,,117,22,41,candidate_gene/enzyme_plus_pathway,,,/Volumes/WENTBROKE/Pesticide degradation database/pesticidepdf/Thiamethoxam/PesticideDB_curation_Thiamethoxam_20260707,13,12,0,4,4,0,0,"Journal of Colloid and Interface Science 691 (2025) 137457 Contents lists available at ScienceDirect Journal of Colloid And Interface Science journal homepage: www.elsevier.com/locate/jcis Regular Article Incorporating nickel-substituted polyoxometalate into a photoactive metal–organic framework for efficient photodegradation of thiamethoxam insecticide Bing-Bing Lu a,b,1 , Qing-Yun Zhao a,1 , Jia-Chang Lu a , Ze-Lin Chen a, Rui Wang a, Xiang-Chuan Kong a, Jun-Hao Yu a , Ying Fu a,b,* , Fei Ye a,b,* a Department of Chemistry, College of Arts and Sciences, Northeast Agricultural University, Harbin 150030, China b Key Laboratory of Agricultural Functional Molecule Design and Utilization of Heilongjiang Province, Northeast Agricultural University, Harbin 150030, China H I G H L I G H T S G R A P H I C A L A B S T R A C T • The Ni4P2@N",87,Medium,Review after high-priority papers; may contain useful evidence or context.,Pesticide-specific degradation candidate; microbial/protein evidence uncertain
Abamectin,"Degradation of sex pheromone and plant volatile components by an antennal glutathione S-transferase in the oriental fruit moth,Grapholita molesta Busck (Lepidoptera Tortricidae)..pdf",Degradation of sex pheromone and plant volatile,10.1002/arch.21512,2016; 2017; 2018; 2025,,32,109,11,candidate_gene/enzyme_plus_pathway,,,/Volumes/WENTBROKE/Pesticide degradation database/pesticidepdf/Abamectin/PesticideDB_curation_Abamectin_20260707,5,2,0,2,0,0,1,"s negative controls. The tested eight insecticides, including chlorpyrifos (CAS. 2921‐88‐2; AccuStandard, New Haven, CT), lambda‐cyhalothrin (CAS. 91465‐08‐6; Aladdin, Shanghai, China), bifenthrin (CAS. 82657‐04‐3; Dr. Ehrenstorfer, Augsburg, Germany), acetamiprid (CAS. 135410‐20‐7; Adamas, Basel, Switzerland), thiamethoxam (CAS. 153719‐23‐4, Ark Pharm, Libertyville, IL), metaflumizone (CAS. 139968‐49‐3; BASF, Ludwigshafen, Germany), chlorbenzuron (CAS. 57160‐47‐1; Aladdin, Shanghai, China) and abamectin (CAS. 71751‐41‐2; AccuStandard, New Haven, CT), are all widely used in local orchard pests’ control. All tested insecticides were provided by Research and Development Center of Biorational Pesticide (Northwest A&F University). In addition to chlorbenzuron dissolved in 2‐methylformamide, the insecticides were dissolved in acetone and the solution were used to calibrate the absorbance. 2.1",85,Medium,Review after high-priority papers; may contain useful evidence or context.,Pesticide-specific degradation candidate; microbial/protein evidence uncertain
Thiamethoxam,"A common neonicotinoid pesticide, thiamethoxam, alters honey bee activity, motor functions, and movement to light..pdf",www.nature.com/scientificreports,10.1007/978-1-4615-2676-6; 10.1007/s00244-007-9071-8; 10.1038/s41598-017-15308-6; 10.1093/jee/tov287,2015; 2016; 2017; 2018,,10,9,7,candidate_gene/enzyme_plus_pathway,,,/Volumes/WENTBROKE/Pesticide degradation database/pesticidepdf/Thiamethoxam/PesticideDB_curation_Thiamethoxam_20260707,8,2,0,1,0,0,0,"ural pollinators, honey bees are routinely exposed to a wide variety of pesti cides that reduce colony health4–6. Neonicotinoid pesticides are of particular concern because they are neurotoxic insecticides that are used globally on multiple crops visited by honey bees to collect food resources7–9. Neonicotinoids comprise about one third of the insecticides on the global market9–11. Although their use has been temporarily restricted in the European Union12, they remain commonly used worldwide13. Thiamethoxam (TMX) is one of the most widely used neonicotinoids because TMX and its degradation products are highly toxic to insects9,14. Since TMX is systemic (spreading to all plant tissues) and environmentally persistent, it is found in multiple resources that bees collect and consume: nectar, pollen, guttation droplets, and water runoff15,16. TMX acts by binding with high affinity to insect n",81,Medium,Review after high-priority papers; may contain useful evidence or context.,Pesticide-specific degradation candidate; microbial/protein evidence uncertain
Thiamethoxam,"Photocatalytic degradation with immobilised TiO(2) of three selected neonicotinoid insecticides imidacloprid, thiamethoxam and clothianidin..pdf",Contents lists available at SciVerse ScienceDirect,10.1016/j.chemosphere.2012.04.039,2009; 2010; 2011; 2012,,119,6,72,candidate_gene/enzyme_plus_pathway,,,/Volumes/WENTBROKE/Pesticide degradation database/pesticidepdf/Thiamethoxam/PesticideDB_curation_Thiamethoxam_20260707,60,36,0,3,4,0,0,"Chemosphere 89 (2012) 293–301 Contents lists available at SciVerse ScienceDirect Chemosphere journal homepage: www.elsevier.com/locate/chemosphere Photocatalytic degradation with immobilised TiO2 of three selected neonicotinoid insecticides: Imidacloprid, thiamethoxam and clothianidin Romina Žabar a, Tilen Komel b, Jure Fabjan b, Mojca Bavcon Kralj c, Polonca Trebše a,⇑ a Laboratory for Environmental Research, University of Nova Gorica, Vipavska 13, P.O. Box 301, 5000 Nova Gorica, Slovenia b Nova Gorica Gymnasium, Delpinova 9, 5000 Nova Gorica, Slovenia c Agricultural and Forestry Chamber of Slovenia, Agricultural and Forestry Institute of Nova Gorica, Pri Hrastu 18, 5000 Nova Gorica, Slovenia h i g h l i g h t s g r a p h i c a l a b s t r a c t "" Neonicot",79,Medium,Review after high-priority papers; may contain useful evidence or context.,Pesticide-specific degradation candidate; microbial/protein evidence uncertain
Spirodiclofen,Terminal Residues and Risk Assessment of Spiromesifen and Spirodiclofen in Tomato Fruits..pdf,Terminal Residues and Risk Assessment of Spiromesifen and,10.3390/plants12071493,2020; 2021; 2022; 2023,,8,4,24,candidate_gene/enzyme_plus_pathway,,,/Volumes/WENTBROKE/Pesticide degradation database/pesticidepdf/Spirodiclofen/PesticideDB_curation_Spirodiclofen_20260707,92,1,0,4,1,0,0,"chromatograms of of blank blank sample extract (A,C), C),spiromesifen spiromesifen fortified sample extract (5 µg/kg) (B), spirodiclofen fortified sample extract (5 µg/kg) fortified sample extract (5 µg/kg) (B), spirodiclofen fortified sample extract (5 µg/kg) (D). 2.4. 2.4.Dissipation DissipationofofSpiromesifen Spiromesifenand andSpirodiclofen SpirodiclofenininTomato TomatoFruits Fruits The Thedissipation dissipationprofiles of of profiles spiromesifen spiromesifenandandspirodiclofen residues spirodiclofen in tomato residues fruit were in tomato fruit observed up to 14 days after spraying the authorized dose of 120 g a.i/ha were observed up to 14 days after spraying the authorized dose of 120 g a.i/ha and 84 g and 84 g a.i/ha and theand a.i/ha double dose of the double 240ofg240 dose a.i/ha andand g a.i/ha 168168 g a.i/ha, respectively. g a.i/ha, respectively.TheTheresults resultsshowe",77,Medium,Review after high-priority papers; may contain useful evidence or context.,Pesticide-specific degradation candidate; microbial/protein evidence uncertain
Glufosinate-Ammonium,Effects of L-Glufosinate-ammonium and temperature on reproduction controlled by neuroendocrine system in lizard (Eremias argus)..pdf,Environmental Pollution 257 (2020) 113564,10.1016/j.envpol.2019.113564,2017; 2018; 2019; 2020,,12,26,36,candidate_gene/enzyme_plus_pathway,,,/Volumes/WENTBROKE/Pesticide degradation database/pesticidepdf/Glufosinate-Ammonium/PesticideDB_curation_Glufosinate_Ammonium_20260707,7,1,0,2,0,0,0,"ed soil group.) Fig. 5. The degradation of L-GLA in soil (a) and accumulation in testis, ovary and egg (b) during 90 days (n ¼ 4). Bars indicate standard deviation (SD). * represents a signiﬁcant difference compared to the T group at each sampling time. Different uppercase letters indicate a statistically signiﬁcant difference between different tissues in the HT group. Different lower case letters indicate a statistically signiﬁcant difference between different tissues in the T group. (L-GLA: L-Glufosinate-ammonium; T: L-GLA polluted soil group; H: high temperature without L-GLA soil group; HT: high temperature with L-GLA polluted soil group.) group, the highest L-GLA content was found in the testis. It is worth rose after exposure to L-GLA and increased further under high noting that in the T group, L-GLA content was increased signiﬁ- temperature condition, whereas decreased exposure to",76,Medium,Review after high-priority papers; may contain useful evidence or context.,Pesticide-specific degradation candidate; microbial/protein evidence uncertain
Triazophos,Pathways of Amino Acid Degradation in Nilaparvata lugens (StÃ¥l) with Special Reference to Lysine-Ketoglutarate ReductaseSaccharopine Dehydrogenase (LKRSDH)..pdf,Pathways of Amino Acid Degradation in,10.1006/jmbi.1997.0951; 10.1016/j.brainres.2010.02.018; 10.1016/j.gene.2013.09.034; 10.1016/j.jinsphys.2010.03.004,2011; 2013; 2014; 2015,,78,189,41,candidate_gene/enzyme_plus_pathway,,,/Volumes/WENTBROKE/Pesticide degradation database/pesticidepdf/Triazophos/PesticideDB_curation_Triazophos_20260707,2,2,0,2,0,0,1,"he three major energy sources for animals. Amino acids as an energy source are especially impormanuscript. The specific roles of these authors are tant for carnivorous animals and for all animals during starvation. For example, in the brown articulated in the ‘author contributions’ section. planthopper Nilaparvata lugens, upregulated transcription level of a proline-degraded gene was Competing Interests: The authors have declared observed due to starvation induced by the antifeedant activity of triazophos, and proline as an althat no competing interests exist. ternative energy source was then catabolized [1]. Lys-ketoglutarate reductase/saccharopine de hydrogenase (LKR/SDH) is a bifunctional enzyme catalyzing the first two degradation steps of lysine (Lys) in plants and animals. In a tick Haemaphysalis longicornis, the Hllkr/sdh transcripts were more abundant in starved individuals than",73,Medium,Review after high-priority papers; may contain useful evidence or context.,Pesticide-specific degradation candidate; microbial/protein evidence uncertain
Thiamethoxam,"A common neonicotinoid pesticide, thiamethoxam, impairs honey bee flight ability..pdf",www.nature.com/scientificreports,10.1002/(SICI)1096-9063(199704)49:4; 10.1002/etc.3183; 10.1002/etc.v20:11; 10.1007/978-1-4615-2676-6,2014; 2015; 2016; 2017,,13,2,10,candidate_gene/enzyme_plus_pathway,,,/Volumes/WENTBROKE/Pesticide degradation database/pesticidepdf/Thiamethoxam/PesticideDB_curation_Thiamethoxam_20260707,9,1,0,1,0,0,0,"tic interactions between multiple stressors3, 7, 8. Neonicotinoids and their degradation products are agonists of insect nicotinic acetylcholine receptors5 and have a wide variety of neural effects8, 9. These compounds can therefore harm bee foraging10–13, homing14–17, locomotion18, 19, navigation20, and colony health17. Although neonicotinoids are partially restricted in Europe21, they are still commonly used worldwide5, 22, and thus their sublethal impacts deserve further study. We focused on thiamethoxam (TMX), a second generation neonicotinoid that is widely used5 and persistent6, and is thus frequently found in multiple environmental substrates such as nectar, pollen, guttation, water, and bee hives6, 23–25. Henry et al.16, 17 demonstrated that TMX reduced forager return rates to the nest, raising the interesting possi bility that TMX impairs navigation, flight ability, or both. Sub",69,Medium,Review after high-priority papers; may contain useful evidence or context.,Pesticide-specific degradation candidate; microbial/protein evidence uncertain
Thiamethoxam,"Photocatalytic degradation of a widely used insecticide Thiamethoxam in aqueous suspension of TiO2 adsorption, kinetics, product analysis and toxicity assessment..pdf",Science of the Total Environment 458–460 (2013) 388–398,10.1016/j.scitotenv.2013.04.041; 10.1155/2012,2010; 2011; 2012; 2013,,116,13,68,candidate_gene/enzyme_plus_pathway,,,/Volumes/WENTBROKE/Pesticide degradation database/pesticidepdf/Thiamethoxam/PesticideDB_curation_Thiamethoxam_20260707,88,34,1,3,5,0,0,"Science of the Total Environment 458–460 (2013) 388–398 Contents lists available at SciVerse ScienceDirect Science of the Total Environment journal homepage: www.elsevier.com/locate/scitotenv Photocatalytic degradation of a widely used insecticide Thiamethoxam in aqueous suspension of TiO2: Adsorption, kinetics, product analysis and toxicity assessment Niyaz A. Mir a, A. Khan a, M. Muneer a,⁎, S. Vijayalakhsmi b a Department of Chemistry, Aligarh Muslim University, Aligarh-202002, UP, India b SAIF, CRNTS, IIT Bombay, Powai, 400076, Mumbai, India H I G H L I G H T S G R A P H I C A L A B S T R A C T • TiO2 P25 is a more efﬁcient photocatalyst than UV100 & PC500 for degradation of Thiamethoxam. • Low H2O2 dosages enhance degradation whereas overdose re",69,Medium,Review after high-priority papers; may contain useful evidence or context.,Pesticide-specific degradation candidate; microbial/protein evidence uncertain
Triazophos,Identification and degradation characteristics of Bacillus cereus strain WD-2 isolated from prochloraz-manganese-contaminated soils..pdf,Identification and degradation characteristics,10.1002/ps.2780100605; 10.1007/s11356-011-0472-x; 10.1007/s13213-011-0251-4; 10.1016/S0261-2194(02)00097-2,2016; 2017; 2018; 2019,Bacillus pumilus W1. Ann; PUPCCC 64 and its; PUPCCC 64. Environ Sci; Through repeated separation and; WD-2; WD-2 Growth curves of,101,9,3,candidate_gene/enzyme_plus_pathway,,,/Volumes/WENTBROKE/Pesticide degradation database/pesticidepdf/Triazophos/PesticideDB_curation_Triazophos_20260707,2,2,2,2,1,0,1,"WD-2 is shown in Fig 2. The results indicated that the sequence of the 16S rDNA gene of strain WD-2 showed a high sequence similarity (more than 99%) to the genus Bacillus. Based on the physiological and biochemical characteristics and the 16S rDNA of the strain, strain WD-2 could be preliminarily identified as Bacillus cereus. The degradation of pesticides by the genus Bacillus has been widely reported by previous studies. Tang et al. isolated a Bacillus sp. (TAP-1) strain capable of degrading triazophos, and Ali M et al. isolated a Bacillus pumilus strain (WI) capable of degrading organophosphate. In addition, Zhang et al. successfully isolated Bacillus cereus strain Y1, which could efficiently decompose deltamethrin[22–24]. These results indicated that the genus Bacillus plays an essential role in the biodegradation of pesticides. Growth curves of the strain WD-2 Growth curves of stra",69,Medium,Review after high-priority papers; may contain useful evidence or context.,Pesticide-specific degradation candidate; microbial/protein evidence uncertain
Trifloxystrobin,Persistence and dissipation kinetics of trifloxystrobin and tebuconazole in onion and soil..pdf,This article was downloaded by: [University of Western Ontario],10.1080/03601234.2014.896674,2012; 2013; 2014; 2015,,18,1,20,candidate_gene/enzyme_plus_pathway,,,/Volumes/WENTBROKE/Pesticide degradation database/pesticidepdf/Trifloxystrobin/PesticideDB_curation_Trifloxystrobin_20260707,4,2,1,1,0,0,0,"in, its metabolite CGA 321113 and tebuconazole at in the uncertainties of measurement among the three sub ﬁve concentrations (0.015–1.0 mg mL 1) with each deter- strates (spring onion, matured onion bulb and soil). It mination being carried out ﬁve times. From the GC chro- remained within a range of 7.2–13% showing the accuracy matograms, a graph was constructed with the average of the analytical method carried out. peak area against the concentration of the analytes. Uncertainty of measurement Trifloxystrobin and tebuconazole residues in onion To evaluate the accuracy of the analytical method used, Residues of triﬂoxystrobin, its metabolite CGA 321113 and the uncertainty of measurement was calculated by tebuconazole were analyzed in spring onion (immature 516 Mohapatra Table 1. Recovery of triﬂoxystrobin, its metabolite CGA 321113 and tebuconazole from spring onion, mature onion bulb an",69,Medium,Review after high-priority papers; may contain useful evidence or context.,Pesticide-specific degradation candidate; microbial/protein evidence uncertain
Abamectin,Contribution of insect gut microbiota and their associated enzymes in insect physiology and biodegradation of pesticides..pdf,PUBLISHED 14 September 2022,10.1001/archneurol; 10.1001/jamaneurol.2013.6030; 10.1002/agj2.20490; 10.1002/arch.21501,2019; 2020; 2021; 2022,CF-BD. In the presence; CL4 has that are; IM-2. J. Agric. Food; Klebsiella concentrations; Rhodococcus sp. BCH2 and; across several agricultural and,205,204,86,candidate_gene/enzyme_plus_pathway,,,/Volumes/WENTBROKE/Pesticide degradation database/pesticidepdf/Abamectin/PesticideDB_curation_Abamectin_20260707,6,1,2,4,2,0,0,"(2020). Target and non-target impact of systemic insecticides on a polyphagous aphid pest and its Sharma, A., Kumar, V., and Shahzad, B. (2019). Worldwide pesticide usage and parasitoid. Chemosphere 247:125728. doi: 10.1016/j.chemosphere.2019.125728 its impacts on ecosystem. SN Appl. Sci. 1:1446. doi: 10.1007/s42452-019-1485-1 Riga, M., Tsakireli, D., Ilias, A., Morou, E., Myridakis, A., Stephanou, E., et al. Siddiqui, J. A., Khan, M. M., Bamisile, B. S., Hafeez, M., Qasim, M., Rasheed, (2014). Abamectin is metabolized by CYP392A16, a cytochrome P450 associated M. T., et al. (2022). Role of insect gut microbiota in pesticide degradation: A with high levels of acaricide resistance in Tetranychus urticae. Insect Biochem. Mol. review. Front. Microbiol. 13:870462. doi: 10.3389/fmicb.2022.870462 Biol. 46, 43–53. doi: 10.1016/j.ibmb.2014.01.006 Skidmore, I. H., and Hansen, A. K. (2017). The ev",68,Medium,Review after high-priority papers; may contain useful evidence or context.,Pesticide-specific degradation candidate; microbial/protein evidence uncertain
Penthiopyrad,Nano selenium repairs the fruit growth and flavor quality of tomato under the stress of penthiopyrad..pdf,Plant Physiology and Biochemistry 184 (2022) 126–136,10.1016/j.plaphy.2022.05.026,2019; 2020; 2021; 2022,,21,28,12,candidate_gene/enzyme_plus_pathway,,,/Volumes/WENTBROKE/Pesticide degradation database/pesticidepdf/Penthiopyrad/PesticideDB_curation_Penthiopyrad_20260707,5,2,2,1,1,0,0,"d Chemistry, China Agricultural University, Yuanmingyuan West Road 2, Beijing, 100193, China A R T I C L E I N F O A B S T R A C T Keywords: This study explored the repair effect of Selenium nanoparticles (Se-NPs) on tomato under the stress of Pen­ Antioxidant system thiopyrad (Pen), and expected to select out the optimal concentration and the application time of Se-NPs, to Degradation maximize the repair effect without causing phytotoxicity. The results showed that Pen induced severe oxidative Penthiopyrad stress stress on tomato and inhibited the growth and flavor quality of fruit. Compared with the control, the application Plant hormones Repair effect of 1 mg/L Se-NPs at the immature green stage significantly improved the antioxidant capacity of tomato to Selenium nanoparticles reduce the MDA content. Besides, the plant hormones were synthesized normally, the contents of soluble sugar",67,Medium,Review after high-priority papers; may contain useful evidence or context.,Pesticide-specific degradation candidate; microbial/protein evidence uncertain
Thiamethoxam,Therapeutic potential of polysaccharide extracted from fenugreek seeds against thiamethoxam-induced hepatotoxicity and genotoxicity in Wistar adult rats..pdf,Toxicology Mechanisms and Methods,10.1080/15376516.2018.1564949,2016; 2017; 2018; 2019,,17,56,15,candidate_gene/enzyme_plus_pathway,,,/Volumes/WENTBROKE/Pesticide degradation database/pesticidepdf/Thiamethoxam/PesticideDB_curation_Thiamethoxam_20260707,13,1,1,6,3,0,0,"th decline in total protein and albumin ip levels. Remarkably, a clear sign of genotoxicity was delivered by total disruption in cr hematological parameters and micronucleus test shown by severe chromatin degradation. These data were also associated with oxidative stress set up, histological and DNA injuries. us However, co-administration with FWEP succeeded significantly in a dose dependent manner in reducing and healing liver’s hematological and genotoxic induced by TMX injuries. an Keywords: Thiamethoxam, polysaccharide, genotoxicity, oxidative stress. M 1. Introduction ed Pesticides are one of the most hazardous agricultural chemicals affecting all mammalian pt systems (Sarwar 2015; Oliveira et al. 2012), leading to several diseases including cancer, ce leukemia, asthma, hormone disruption, hypersensitivity and hepatotoxicity (Van Maele-Fabry et al. 2010; Ben Amara et al. 2011). Amon",66,Medium,Review after high-priority papers; may contain useful evidence or context.,Pesticide-specific degradation candidate; microbial/protein evidence uncertain
Abamectin,Role of Insect Gut Microbiota in Pesticide Degradation A Review..pdf,published: 03 May 2022,10.1002/arch.21218; 10.1002/ece3; 10.1002/jmor.20038; 10.1002/ps.1052,2019; 2020; 2021; 2022,from Northwestern Colombia. J; of Arsenophonus symbiont decreases; of Laodelphax striatellus. Pest; of S. frugiperda harbor; of house fly; of the bacterial doi,84,101,34,candidate_gene/enzyme_plus_pathway,,,/Volumes/WENTBROKE/Pesticide degradation database/pesticidepdf/Abamectin/PesticideDB_curation_Abamectin_20260707,2,2,1,1,0,0,0,"de’s systems (Kikuchi et al., 2012; Engel and Moran, 2013; Xia et al., (eco) toxicological qualities and the pesticide’s ability to harm 2013; Chmiel et al., 2019). Frontiers in Microbiology | www.frontiersin.org 2 May 2022 | Volume 13 | Article 870462 Siddiqui et al. Pesticide Degradation by Insect-Associated Microbes TABLE 1 | Some of the common pesticides that have been used against various resistant insect pests. Pesticides Common name of the targeted insect pests Scientific name References Abamectin American serpentine leafminer Liriomyza trifolii Ferguson, 2004 Beet armyworm Spodoptera exigua Ishtiaq et al., 2012 Cotton leafworm Spodoptera litura Ahmad et al., 2008 Acetamiprid Melon and cotton aphid Aphis gossypii Bass et al., 2015 Tobacco whitefly Bemisia tabaci Basit et al., 2013 Asian citrus psyllid Diaphorina citri Naeem et al., 2016 Colorado potato beetle Leptinotarsa decemlin",65,Medium,Review after high-priority papers; may contain useful evidence or context.,Pesticide-specific degradation candidate; microbial/protein evidence uncertain
Abamectin,"Degradation of the acaricides abamectin, flufenoxuron and amitraz on Saudi Arabian dates.pdf",Food Chemistry 100 (2007) 1590–1593,10.1016/j.foodchem.2006.01.002,2004; 2005; 2006; 2007,,3,0,13,candidate_pathway/metabolite,,,/Volumes/WENTBROKE/Pesticide degradation database/pesticidepdf/Abamectin/PesticideDB_curation_Abamectin_20260707,34,3,1,0,1,0,0,"Food Chemistry Food Chemistry 100 (2007) 1590–1593 www.elsevier.com/locate/foodchem Degradation of the acaricides abamectin, ﬂufenoxuron and amitraz on Saudi Arabian dates Alaa Kamel a,*, Saleh Al-Dosary b, Samy Ibrahim b, Mohammed Asif Ahmed c a Analytical Chemistry Laboratory, Oﬃce of Pesticides Program, US Environmental Protection Agency, 701 Mapes Road, Fort Meade, MD 20755-5350, USA b Department of Plant Protection, College of Food and Agricultural Science, King Saud University, P.O. Box 2460, 11451 Riyadh, Saudi Arabia c Department of Food Sciences, College of Food and Agricultural Science, King Saud Universit",62,Medium,Review after high-priority papers; may contain useful evidence or context.,Pesticide-specific degradation candidate; microbial/protein evidence uncertain
Thiamethoxam,"Thiamethoxam, Clothianidin, and Imidacloprid Seed Treatments Effectively Control Thrips on Corn Under Field Conditions..pdf",doi: 10.1093/jisesa/iey128,10.1093/jisesa/iey128,2015; 2016; 2017; 2018,,1,2,4,candidate_gene/enzyme_plus_pathway,,,/Volumes/WENTBROKE/Pesticide degradation database/pesticidepdf/Thiamethoxam/PesticideDB_curation_Thiamethoxam_20260707,19,1,3,0,1,0,0,"be that neonicotinoid GPX (guaiacol peroxidase), phenolic contents, and antioxidant insecticides demonstrate different water solubilities, degradation activity. The activities of these components seem to mirror increased rates, and insecticide–soil interactions (Wu et al. 2012, Huseth and corn plant growth (height and weight) and strengthen the ability of Groves 2014, Schaafsma et al. 2015, He et al. 2016, Schaafsma plants to protect themselves against exogenous disturbances (Duan et al. 2016). Thiamethoxam exhibits good systematicity in plants et al. 2012, Tang et al. 2017). A strong corn seedling is essential for (via the roots) and breaks down into clothianidin, which may con- resisting thrips infestations, and a powerful self-compensation abiltribute to its continued or extended activity in plants and insects ity can enable corn to recover quickly after thrips infestation. The (Nauen",62,Medium,Review after high-priority papers; may contain useful evidence or context.,Pesticide-specific degradation candidate; microbial/protein evidence uncertain
Thiamethoxam,An Aptamer Sensor Based on Alendronic Acid-Modified Upconversion Nanoparticles Combined with Magnetic Separation for Rapid and Sensitive Detection of Thiamethoxam..pdf,An Aptamer Sensor Based on Alendronic Acid-Modified,10.3390/foods14020182; 10.3390/foods14020182/s1,2022; 2023; 2024; 2025,,4,4,9,candidate_gene/enzyme_plus_pathway,,,/Volumes/WENTBROKE/Pesticide degradation database/pesticidepdf/Thiamethoxam/PesticideDB_curation_Thiamethoxam_20260707,73,2,0,3,2,0,0,"e Detection of Neonicotinoid pesticides are a class of insecticides that have been developed since Thiamethoxam. Foods 2025, 14, 182. https://doi.org/10.3390/ the 1980s [1]. Because of their unique mechanism of action and high efficiency and foods14020182 broad-spectrum insecticidal effect, neonicotinoid pesticides have emerged as the most rapidly expanding category of insecticides. [2–4]. As a second-generation neonicotinoid, Copyright: © 2025 by the authors. Licensee MDPI, Basel, Switzerland. thiamethoxam has a novel structure with good gastrotoxicity, contact toxicity, and endoThis article is an open access article toxic activity, making it one of the most profitable and widely used neonicotinoids [5]. distributed under the terms and However, the safety of thiamethoxam and its metabolites are increasingly being called conditions of the Creative Commons into question due to their ongoi",59,Medium,Review after high-priority papers; may contain useful evidence or context.,Pesticide-specific degradation candidate; microbial/protein evidence uncertain
Abamectin,"Efficient degradation of ivermectin by newly isolated Aeromonas taiwanensis ZJB-18,044..pdf",Biodegradation (2020) 31:275–288,10.1007/s10532-009-9314; 10.1007/s10532-020-09909-8; 10.1007/s13592-013-0226-5; 10.1007/s42398-020-00099-w,2017; 2018; 2019; 2020,A2-50; A2-50 was investigated in; ADP adsorption to layered; AVM1; Aeromonas salmonicida strain CBA100; DP-2. J Hazard Mater,161,15,32,candidate_gene/enzyme_plus_pathway,,,/Volumes/WENTBROKE/Pesticide degradation database/pesticidepdf/Abamectin/PesticideDB_curation_Abamectin_20260707,3,3,3,0,2,0,1,"t al. 2014; Kumar et al. 2019; Pande et al. 2020). producing workshop in Hebei Meihe Pharmaceutical However, reports on biological degradation of IVM Co., Ltd. (China). Pig feces samples were provided by are rare (Hao 2009). In our previous research, a the Institute of Animal Husbandry and Veterinary bacterium Stenotrophomonas maltophilia ZJB-14,120 Science, Zhejiang Academy of Agricultural Sciences. was found to be capable of efficiently degrading Soil samples were treated as previous research abamectin, emamectin, erythromycin and spiramycin (Nagano and Nikaido 2009; Wang et al. 2015). Pig except IVM (Wang et al. 2015). Therefore, it is of feces samples were fresh pig manure after feeding interests to carry out researches on microbial degra- different doses of IVM. dation of IVM. Here we report the biological degradation of IVM by a macrolide-tolerant bacterium Isolation and identifica",58,Medium,Review after high-priority papers; may contain useful evidence or context.,Pesticide-specific degradation candidate; microbial/protein evidence uncertain
Thiamethoxam,Degradation of Three Herbicides and Effect on Bacterial Communities under Combined Pollution..pdf,Degradation of Three Herbicides and Effect on Bacterial,10.3390/toxics12080562; 10.3390/toxics12080562/s1,2021; 2022; 2023; 2024,DN36. Appl. Microbiol. Biotechnol; Nocardioides of sp. Nocardioides; Nocardioides sp. DN36 from; could e; could efficiently degrade prometryn; of Pseudomonas oleovorans that,123,10,56,candidate_gene/enzyme_plus_pathway,,,/Volumes/WENTBROKE/Pesticide degradation database/pesticidepdf/Thiamethoxam/PesticideDB_curation_Thiamethoxam_20260707,2,2,2,0,1,0,1,"of prometryn. The half-life of prometryn was increased to 1.6 times that of individual exposure. Compared to prometryn and acetochlor, the degradation rate of atrazine in soil was stable in individual and combined exposure experiments, and the half-lives were 6.21–6.85 d. Swarcewicz et al. investigated the combined effects of multiple pesticides on the degradation of pendimethalin in soils, and the results showed that the degradation of pendimethalin was significantly inhibited by mancozeb and thiamethoxam [30]. The Toxics 2024, 12, 562 6 of 12 above results indicated that the combined pollution of multiple pesticides might result in greater herbicide persistence, leading to an increased risk of environmental contamination. Toxics 2024, 11, x FOR PEER REVIEWIn fact, there are many factors that affect the interactions of pesticides in soil, particularly 6 of 13 the microbial population.",55,Medium,Review after high-priority papers; may contain useful evidence or context.,Pesticide-specific degradation candidate; microbial/protein evidence uncertain
Vinclozolin,Bacterial degradation of monocyclic aromatic amines..pdf,published: 18 August 2015,10.1002/(SICI)1098; 10.1002/jobm.201300079; 10.1002/jobm.3620340203; 10.1002/mbo3.33,2012; 2013; 2014; 2015,ADP1. J. Bacteriol. 183; AK-5 di; AK-5. Biodegradation 22; AP-3. Biosci. Biotechnol. Biochem; B13; CA10. J. Bacteriol. 183,219,124,115,candidate_gene/enzyme_plus_pathway,,,/Volumes/WENTBROKE/Pesticide degradation database/pesticidepdf/Vinclozolin/PesticideDB_curation_Vinclozolin_20260707,2,2,2,1,1,0,0,"article was submitted to the formation of methemoglobinemia in animals and humans (Ohta et al., 1983). Occupational Microbiotechnology, Ecotoxicology exposure to aromatic amines causes an increased risk of bladder cancer in workers even 30 years and Bioremediation, after exposure (Pira et al., 2010). Several pesticides including diuron, metobromuron, linuron, a section of the journal Frontiers in Microbiology isoproturon, chlorotoluron, acetochlor, bentazon, butachlor, metolachlor, amitraz, and vinclozolin may release several monocyclic aromatic amines in soil because of their microbial transformation Received: 19 May 2015 (Dupret et al., 2011). Cigarette smoke releases several carcinogenic aromatic amines including Accepted: 27 July 2015 Published: 18 August 2015 p-toluidine, 2-naphthylamine, and 4-aminobiphenyl into the ambient air (Stabbert et al., 2003). Bladder cancer is strongly as",55,Medium,Review after high-priority papers; may contain useful evidence or context.,Pesticide-specific degradation candidate; microbial/protein evidence uncertain
Vinclozolin,Biodegradation of propiconazole by newly isolated Burkholderia sp. strain BBK_9..pdf,Biodegradation of propiconazole by newly isolated,10.1007/s10532-010-9350-3; 10.1007/s13205-016-0429-3,2013; 2014; 2015; 2016,Appl Environ Microbiol 66; BBK_9 LD50 value was; BBK_9 Praveen Satapute1; BBK_9 can be used; BBK_9 regarding to the; BBK_9 strain reveals closer,161,32,42,candidate_gene/enzyme_plus_pathway,,,/Volumes/WENTBROKE/Pesticide degradation database/pesticidepdf/Vinclozolin/PesticideDB_curation_Vinclozolin_20260707,2,2,2,0,1,0,1,"xtensive attention were not responsible for the PCZ degradation. On the in the agricultural field and environmental microbiology. source of these outcomes, strain BBK_9 can be used as Interestingly, only few literatures are there which are potential strain for bioremediation of contaminated sites. dealing with the fungicide degradation by bacteria and in the previous years, many experiments have suggested that bacterial community are effective degraders of many dif ferent classes of fungicides: vinclozolin (Lee et al. 2008), tubeconazole (Nicole et al. 2009), captan (Megadi et al. & Basappa Kaliwal 2010), benzimidazole (Cycon et al. 2011) and thiram b_kaliwal@yahoo.com (Sherif et al. 2011) and is necessary since PCZ biodegra1 Department of Microbiology and Biotechnology, Karnatak dation was not thoroughly investigated with the exception University, Dharwad, Karnataka, India of Sarkar et",55,Medium,Review after high-priority papers; may contain useful evidence or context.,Pesticide-specific degradation candidate; microbial/protein evidence uncertain
Thiamethoxam,"Nano Structured Ni and Ru Impregnated TiO₂ Photocatalysts Synthesis, Characterization and Photocatalytic Degradation of Neonicotinoid Insecticides.pdf",Nanoscience and Nanotechnology,10.1166/jnn.2019.15880,2012; 2014; 2018; 2019,,112,9,46,candidate_gene/enzyme_plus_pathway,,,/Volumes/WENTBROKE/Pesticide degradation database/pesticidepdf/Thiamethoxam/PesticideDB_curation_Thiamethoxam_20260707,6,5,0,2,3,0,0,"ennai 25, India 2 PG and Research Department of Chemistry, Holy Cross College, Trichy 2, India 3 Department of Chemical Engineering, A.C. Tech, Anna University, Chennai 25, India Titania by sol gel and Ni–Ru titania catalysts by wet impregnation methods were prepared and characterized by XRD, UV-DRS, BET and TEM techniques. Catalytic activities of the photocata lysts were evaluated towards the degradation of three widely used neonicotinoids type insecticides namely acetamiprid, imidacloprid and thiamethoxam under UV, Visible and solar irradiations. The reaction parameters such as initial concentration of the insecticide, weight of the catalyst and pH of the system were found to influence the reaction rate. The results indicated that the metal impreg nated catalysts were found to be more active than pure TiO2 . Ni/TiO2 or Ru/TiO2 catalysts degraded all the insecticides completely even und",54,Medium,Review after high-priority papers; may contain useful evidence or context.,Pesticide-specific degradation candidate; microbial/protein evidence uncertain
Glufosinate-Ammonium,HCAR Is a Limitation Factor for Chlorophyll Cycle and Chlorophyll b Degradation in Chlorophyll- b-Overproducing Plants.pdf,HCAR Is a Limitation Factor for Chlorophyll Cycle,10.3390/biom10121639,2017; 2018; 2019; 2020,GV3101,46,39,31,candidate_gene/enzyme_plus_pathway,,,/Volumes/WENTBROKE/Pesticide degradation database/pesticidepdf/Glufosinate-Ammonium/PesticideDB_curation_Glufosinate_Ammonium_20260707,1,1,1,1,0,0,0,"psis Transformation The full-length complementary DNA (cDNA) of Arabidopsis HCAR (At1g04620) gene was amplified and introduced into the Gateway entry vector pENTR4-Dual and then introduced into the Gateway-compatible binary vector pEarleyGate100 by LR reaction [30]. The construct was introduced into Agrobacterium tumefaciens (strain GV3101) and subsequently transformed into Arabidopsis using a floral dip method [31]. HCAR-overexpressing transformants were screened by spraying with the herbicide glufosinate ammonium (Basta). 2.3. Pigment Preparation and Chl Analysis First, leaves were harvested and weighed. Second, Chl and its metabolic intermediate molecules were extracted from leaf tissue by homogenization with pre-cooled acetone [32]. The extracts were Biomolecules 2020, 10, x 4 of 10 Biomolecules First,2020, 10, 1639 leaves 4 of 10 were harvested and weighed. Second, Chl and its metab",52,Medium,Review after high-priority papers; may contain useful evidence or context.,Pesticide-specific degradation candidate; microbial/protein evidence uncertain
Teflubenzuron,Chitin Synthesis and Degradation in Crustaceans A Genomic View and Application..pdf,Chitin Synthesis and Degradation in Crustaceans: A Genomic,10.3390/md19030153,2018; 2019; 2020; 2021,,33,256,48,candidate_gene/enzyme_plus_pathway,,,/Volumes/WENTBROKE/Pesticide degradation database/pesticidepdf/Teflubenzuron/PesticideDB_curation_Teflubenzuron_20260707,1,1,0,1,0,0,1,"ar whether the CHS genes in crustaceans share functional roles with insects or if they are distinct. RNA interference (dsCHS1 and dsCHS1+2) experiments in L. salmonis demonstrated the existence of compensation mechanisms in the chitin synthesis path way, and CHS knockdown in these salmon lice resulted in a common phenotype, which was characterized by appendage deformities and an inability to swim [36]. Moreover, CHS inhibitors, such as diflubenzuron (DFB), hexaflumuron (HX), lufenuron (LF), and teflubenzuron (TFB) are known to interfere with chitin formation and molting in insects and completely inhibit the molting process in crustaceans (copepods), which eventually leads to death [18]. Mar. Drugs 2021, 19, 153 11 of 23 3. Chitin Degradation Pathways and Gene Families 3.1. Chitin Degradation Pathways Chitin is mainly degraded through two biological pathways: chitin is first decomposed by",52,Medium,Review after high-priority papers; may contain useful evidence or context.,Pesticide-specific degradation candidate; microbial/protein evidence uncertain
Thiamethoxam,Biodegradation of flonicamid by Ensifer adhaerens CGMCC 6315 and enzymatic characterization of the nitrile hydratases involved..pdf,Zhao et al. Microb Cell Fact (2021) 20:133,10.1186/s12934-021-01620-4,2018; 2019; 2020; 2021,Rhodococcus sp. BCH2 and; TMX-23. https; for protein expression experi,124,88,51,candidate_gene/enzyme_plus_pathway,,,/Volumes/WENTBROKE/Pesticide degradation database/pesticidepdf/Thiamethoxam/PesticideDB_curation_Thiamethoxam_20260707,3,3,1,0,1,0,0,"O degradation ability in surface water, but immobilized cells barely degraded FLO (data not shown) [16]. As a nitrogen-fixing bacterium, application of M. flocculans is usually limited to microbe–plant combined remediation. E. adhaerens, as a nitrogen-fixing and plant growth-promoting rhizobacterium, is a common inhab itant of soil and water environments, and shows great potential to decompose complex organic pollutants [39]. Zhou et al. [27] reported that E. adhaerens breaks down the pesticide thiamethoxam and produces secondary metabolites that are beneficial to plant growth and ger Fig. 3 Time course of FLO degradation by E. adhaerens CGMCC 6315 mination. In the present study, E. adhaerens CGMCC in surface water. A Free cells; B cells immobilized by gel beads using 6315 is shown to be capable of removing FLO from sur calcium alginate as a carrier face water. Zhao et al. Microb Cell Fa",52,Medium,Review after high-priority papers; may contain useful evidence or context.,Pesticide-specific degradation candidate; microbial/protein evidence uncertain
Thiamethoxam,RNA m6A Methylation Suppresses Insect Juvenile Hormone Degradation to Minimize Fitness Costs in Response to A Pathogenic Attack.pdf,www.advancedscience.com,10.1002/advs.202307650,2022; 2023; 2024; 2025,HD-73; adapt to adverse environmental; after knockdown of PxMettl3; also Scienti; and 74.0; and in the Cry1Ac-treated,5,174,56,candidate_gene/enzyme_plus_pathway,,,/Volumes/WENTBROKE/Pesticide degradation database/pesticidepdf/Thiamethoxam/PesticideDB_curation_Thiamethoxam_20260707,1,1,1,1,0,0,0,"se in susceptibil- pathogen infection and adaption to heavy metal stress, water and ity (Figure 3E), which again probably reﬂects their pleiotropic ef- drought stresses, salt stress, and extreme temperatures.[15b] In fects. insects, we have recently found that m6 A modiﬁcation can regu A possible explanation for the downregulation of m6 A- late a cytochrome P450 gene CYP4C64 thereby conferring resismodiﬁed PxJHE is that the methylation triggered a degrada- tance to the neonicotinoid insecticide thiamethoxam in Bemisia tion pathway. Two rapid degradation pathways of m6 A-containing tabaci.[33] For pathogenic microorganisms, evading the host’s immRNAs have been revealed: YTHDF2 (an m6 A reader protein)- mune defenses is essential for survival. A study showed that m6 A mediated deadenylation via recruiting the CCR4/NOT (deadeny- modiﬁcation of genomic RNAs of human metapneumovirus is Adv. S",52,Medium,Review after high-priority papers; may contain useful evidence or context.,Pesticide-specific degradation candidate; microbial/protein evidence uncertain
Triazophos,"Residue Degradation and Risk Assessment of Difenoconazole and Its Metabolite during Tea Growing, Processing and Brewing by Ultra-Performance Liquid Chromatography-Tandem Mass Spectrometry Determination..pdf",Residue Degradation and Risk Assessment of Difenoconazole,10.3390/foods13071123; 10.3390/foods13071123/s1,2021; 2022; 2023; 2024,,67,0,59,candidate_pathway/metabolite,,,/Volumes/WENTBROKE/Pesticide degradation database/pesticidepdf/Triazophos/PesticideDB_curation_Triazophos_20260707,5,1,0,0,0,0,1,"leaching rate of metabolite difenoconazole- difenoconazole-alcohol is higher than that of difenoconazole. The fact that the spent leaves contain many more alcohol is higher than that of difenoconazole. The fact that the spent leaves contain many residues than the infusion dose is a characteristic shared by many pesticides [32]. And more residues than the infusion dose is a characteristic shared by many pesticides [32]. this result may be related to the water solubility of pesticides, the LRs of triazophos, And this result may be related to the water solubility of pesticides, the LRs of triazophos, endosulfan, and lambda-cyhalothrin were measured in tea infusion, where the LRs of endosulfan, and lambda-cyhalothrin were measured in tea infusion, where the LRs of triazophos in tea infusion was highest with its average at 29.06%, endosulfan and lambda cyhalothrin at 5.11% and 1.73%, respecti",52,Medium,Review after high-priority papers; may contain useful evidence or context.,Pesticide-specific degradation candidate; microbial/protein evidence uncertain
Pymetrozine,Electrochemical behavior of the insecticide pymetrozine at an electrochemically pretreated glassy carbon electrode and its analytical application..pdf,View Article Online,10.1039/c5ay01987g,2012; 2013; 2014; 2015,,4,0,4,candidate_pathway/metabolite,,,/Volumes/WENTBROKE/Pesticide degradation database/pesticidepdf/Pymetrozine/PesticideDB_curation_Pymetrozine_20260707,78,4,3,0,3,0,0,"etrozine at the EPGCE showed a signiﬁcant increase. The electrochemical behavior of pymetrozine was investigated systematically and some dynamics were investigated in detail for the ﬁrst time. The results indicate that the reaction of pymetrozine on the EPGCE is a two electron and two proton process, which is controlled by both diﬀusion and adsorption. Under optimum conditions, a good linear relationship was obtained between Received 29th July 2015 Accepted 11th September 2015 peak currents and pymetrozine concentrations in the range of 1 10 7 to 5 10 6 mol L 1 with a detection limit of 8 10 8 mol L 1 (S/N ¼ 3). The proposed method was applied to the determination of DOI: 10.1039/c5ay01987g pymetrozine in real samples with satisfactory recovery results. Finally, the degradation of pymetrozine www.rsc.org/methods was also studied in natural soil. and only substance in the azomethine pyrid",51,Medium,Review after high-priority papers; may contain useful evidence or context.,Pesticide-specific degradation candidate; microbial/protein evidence uncertain
Thiamethoxam,Photo-degradation dynamics of five neonicotinoids Bamboo vinegar as a synergistic agent for improved functional duration..pdf,Photo-degradation dynamics of five,10.1002/etc.3335; 10.1016/j.chemosphere.2009.12.029; 10.1016/j.chemosphere.2013.09.057; 10.1016/j.chemosphere.2014.12.016,2016; 2017; 2018; 2019,,161,7,76,candidate_gene/enzyme_plus_pathway,,,/Volumes/WENTBROKE/Pesticide degradation database/pesticidepdf/Thiamethoxam/PesticideDB_curation_Thiamethoxam_20260707,24,23,3,0,6,0,1,"oxidation processes, with products identified Editor: Yulin Gao, Chinese Academy of Agricultural using liquid chromatography-quadrupole time-of-flight mass spectrometry (LC-Q-TOF-MS) Sciences Institute of Plant Protection, CHINA found to be consistent with literature reported results. Bamboo vinegar exerted a photoReceived: June 17, 2019 quenching effect on the neonicotinoids, with an improved efficiency at higher vinegar conAccepted: September 26, 2019 centrations. The photo-quenching rates of thiamethoxam and dinotefuran were 381.58% and 310.62%, respectively, when a 30-fold dilution of vinegar was employed. The photoPublished: October 17, 2019 degradation products in bamboo vinegar were identical to those observed in methanol, with Peer Review History: PLOS recognizes the acetic acid being the main factor influencing the observed quenching effects. benefits of transparency in the peer",51,Medium,Review after high-priority papers; may contain useful evidence or context.,Pesticide-specific degradation candidate; microbial/protein evidence uncertain
Thiophanate-Methyl,Influence of Bacillus subtilis and Trichoderma harzianum on Penthiopyrad Degradation under Laboratory and Field Studies.pdf,Influence of Bacillus subtilis and Trichoderma,10.3390/molecules25061421,2018; 2019; 2020; 2022,B1 and its application; Bacillus sp. N1. J; NY97-1. Int. J. Environ; by plants and antagonized; was inoculated into a,120,11,41,candidate_gene/enzyme_plus_pathway,,,/Volumes/WENTBROKE/Pesticide degradation database/pesticidepdf/Thiophanate-Methyl/PesticideDB_curation_Thiophanate_Methyl_20260707,2,2,2,0,1,0,0,"respectively. Salunkhe et al. [43] report that the degradation of carbendazim by four B. subtilis strains, TL-171, TS-204, DR-39 and CS-126, was within the range of 75.7%–95.2%. A degradation effectiveness of 73.2% was also observed by Panda et al. [44] for B. licheniformis JTC-3 bacteria. Sharma et al. [39] determined the biodegradation effectiveness of carbendazim as 85% for T. harzianum, 47% for T. viride, and 21% for T. atroviride. Cycoń et al. [45] conducted a study on the degradation of thiophanate methyl by Bacillus sp. TDS-2 strains, determining its effectiveness at a level of 77%. Youness et al. [46] report that gram-positive bacteria degrade tebuconazole by 30% in the case of B. cereus 2B9 and Bacillus sp. IB13, and by 50% in the case of Bacillus sp. 29B3 and Bacillus sp. 3B6. The degradation of tebuconazole is also influenced by another microorganism, Nocardia asteroides LAB",47,Medium,Review after high-priority papers; may contain useful evidence or context.,Pesticide-specific degradation candidate; microbial/protein evidence uncertain
Spirodiclofen,Pesticide degradation capacity of a novel strain belonging toiSerratia sarumaniii(GBS19) with its genomic profile.pdf,Biodegradation (2025) 36:49,10.1007/s10532-025-10144-2,2021; 2022; 2024; 2025,B2 reduced Colony formation; B2. J Gen Plant; Entero- M; GBS19 and mech extensively; GBS19 was more; Herbicide,152,87,35,candidate_gene/enzyme_plus_pathway,,,/Volumes/WENTBROKE/Pesticide degradation database/pesticidepdf/Spirodiclofen/PesticideDB_curation_Spirodiclofen_20260707,2,2,2,1,2,0,1,"road pesticide degradation spectrum, and capabilities of the strain, LC–MS/MS chromatographic whole-genome sequencing further indicated the pres- analysis of 25 pesticide-active chemicals confirmed that ence of genomic regions associated with pesticide deg- Serratia sarumanii effectively biodegrades several pesradation, a finding that was validated by LC–MS/MS ticide active ingredients, including fludioxonil, fenhexaanalysis. Detailed genomic analysis, including ribosomal mid, pyrimethanil, and spirodiclofen. These findings underscore the biodegradative potential of Serratia saruGülperi Alatassi and Ömür Baysal are share first manii and its promising application in the bioremediation authorship. of pesticide-contaminated soils. Supplementary Information The online version contains supplementary material available at https://​doi.​ R. S. Silme org/​10.​1007/​s10532-​025-​10144-2. Center f",45,Medium,Review after high-priority papers; may contain useful evidence or context.,Pesticide-specific degradation candidate; microbial/protein evidence uncertain
Thiamethoxam,Photodegradation of neonicotinoid insecticides in water by semiconductor oxides.pdf,Environ Sci Pollut Res,10.1007/s11356-015-4721-2,2012; 2013; 2014; 2015,,91,16,47,candidate_gene/enzyme_plus_pathway,,,/Volumes/WENTBROKE/Pesticide degradation database/pesticidepdf/Thiamethoxam/PesticideDB_curation_Thiamethoxam_20260707,14,11,0,1,5,0,0,"Environ Sci Pollut Res DOI 10.1007/s11356-015-4721-2 RESEARCH ARTICLE Photodegradation of neonicotinoid insecticides in water by semiconductor oxides José Fenoll 1 & Isabel Garrido 1 & Pilar Hellín 1 & Pilar Flores 1 & Simón Navarro 2 Received: 11 February 2015 / Accepted: 13 May 2015 # Springer-Verlag Berlin Heidelberg 2015 Abstract The photocatalytic degradation of three Keywords Water detoxification . Thiamethoxam . neonicotinoid insecticides (NIs), thiamethoxam (TH), Imidacloprid . Acetamiprid . Photocatalytic oxidation . ZnO . imidacloprid (IM) and acetamiprid (AC), in pure water has TiO2 been studied using zinc oxide (ZnO) and titanium dioxide (TiO2) as photocatalysts under natural sunlight and artificial light irradiation. Photocatalytic experiments showed that the Introduction addition of these chalcogenide oxides in tandem with the electron acceptor (Na2S2O8) strongly enhances t",45,Medium,Review after high-priority papers; may contain useful evidence or context.,Pesticide-specific degradation candidate; microbial/protein evidence uncertain
Phosmet,Screening for Lactobacillus plantarum Strains That Possess Organophosphorus Pesticide-Degrading Activity and Metabolomic Analysis of Phorate Degradation..pdf,published: 03 September 2018,10.1002/jbt.20106; 10.1002/jsfa.6710; 10.1002/jssc.201600151; 10.1002/jssc.201600560,2015; 2016; 2017; 2018,L. plantarum P9 was; No. NCBI accession Food; P9 degraded rather than; P9 growing in MRS; P9 showed good tolerance; P9 was allowed to,119,24,63,candidate_gene/enzyme_plus_pathway,,,/Volumes/WENTBROKE/Pesticide degradation database/pesticidepdf/Phosmet/PesticideDB_curation_Phosmet_20260707,1,1,1,0,0,0,0,"rading pollution of OPPs poses serious health risk to humans and strains from a bacterial culture collection of 121 L. plantarum wildlife (Rezg et al., 2010). strains. In order to ensure that the screened strains could be The National Pesticide Information Center of United States developed as potential probiotics, we also assayed the tolerance listed chlorpyrifos, phorate, dimethoate, malathion, acephate, of selected bacteria to simulated gastric juice and bile. Finally, the naled, dicrotophos, phosmet, diazinon, and azinphos-methyl mechanism of phorate degradation was further explored using a as the most used OPPs (NPIC1 ). Residues of some OPPs are metabolomic approach. repeatedly reported in the terrestrial and aquatic food chains (Regueiro et al., 2015), e.g., dimethoate residues in soil (Liu et al., 2016), olives (Paíga et al., 2016), and apples (Szpyrka et al., 2015); MATERIALS AND",44,Medium,Review after high-priority papers; may contain useful evidence or context.,Pesticide-specific degradation candidate; microbial/protein evidence uncertain
Thiophanate-Methyl,Biodegradation of carbendazim by a potent novel Chryseobacterium sp. JAS14 and plant growth promoting Aeromonas caviae JAS15 with subsequent toxicity analysis.pdf,https://doi.org/10.1007/s13205-020-02319-w,10.1007/s1135; 10.1007/s1320; 10.1007/s13205-020-02319-w,2017; 2018; 2019; 2020,BIHB 723 isolated from; NY97 Vigna radiata growth; SG-4G Changes in labile; and characterize potent MBC; and nutrients; bacterial isolates were grown,168,11,52,candidate_gene/enzyme_plus_pathway,,,/Volumes/WENTBROKE/Pesticide degradation database/pesticidepdf/Thiophanate-Methyl/PesticideDB_curation_Thiophanate_Methyl_20260707,1,1,1,0,0,0,0,"lants. MBC is taken up by plants through broad range of fungal diseases on arable crops, fruits, veg- the roots, seeds or leaves and, afterwards, it is transferred to etables and herbs (Bai et al. 2017; Singh et al. 2016, 2019; the whole plant (De la Huebra et al. 2000). Xiao et al. 2013). It is also the hydrolytic product and active The increasing concern of MBC contamination, along component of some systemic fungicides such as benomyl with its toxicological properties has prompted researchand thiophanate-methyl (Cuppen et al. 2000; McCarroll ers to strive for biodegradation options for MBC contamiet al. 2002). The half-life of carbendazim in soil varies from nated sites (Singh et al. 2016). Biodegradation has received increasing attention as a reliable, ecologically and econom ically attractive technique for cleaning the polluted enviElectronic supplementary material The online version",44,Medium,Review after high-priority papers; may contain useful evidence or context.,Pesticide-specific degradation candidate; microbial/protein evidence uncertain
Triazophos,Sonochemical degradation of pesticides in aqueous solution investigation on the influence of operating parameters and degradation pathway - a systematic review..pdf,Sonochemical degradation of pesticides in aqueous,10.1039/c9ra11025a,2017; 2018; 2019; 2020,,251,44,73,candidate_gene/enzyme_plus_pathway,,,/Volumes/WENTBROKE/Pesticide degradation database/pesticidepdf/Triazophos/PesticideDB_curation_Triazophos_20260707,7,7,0,3,6,0,1,"azine-2,4- degradation of Simazine diamine; The extent of the TOC 1,10 -[(6-chloro-1,3, removal by sonolysis, 5-triazine-2,4-diyl)- sonocatalytic, diimino]- photocatalytic and diethanol; 4,6-bis- sonophotocatalytic (ethylamino)-1,3, were 11%, 31%, 26% 5-triazin-2-ol; and 43%, respectively 6-chloro-1,3,5 -triazine-2,4 -diamine; N-(4-amino This journal is © The Royal Society of Chemistry 2020 -6-hydroxy 1,3,5-triazin-2-yl) acetamide; 4,6-diamino-1, 3,5-triazin-2-ol; 1,3,5-triazine-2, 4,6-triol 17 Triazophos, M (g 20 An ultrasonic H2O2 Temperature 3Z-Undecene- Combination of 61 mol 1) ¼ 313.31, ppm generator: 40 (triazophos: 37 C; treatment 5,7,10-triynoic acid; ultrasound with H2O2, pKa ¼ 0.15, log P: kHz, 0–1500 W H2O2 time 90 min; pH 1-(2-hydroxyethyl)- ozone and Fenton's 3.55 1: 2.3–7.3; ow rate 2-hydroxymethyl- reagent result in 48.6%, 1 to 1 : 5); 480 mL min 5-nitroimidazole; 54.6% a",38,Medium,Review after high-priority papers; may contain useful evidence or context.,Pesticide-specific degradation candidate; microbial/protein evidence uncertain
Phosmet,Elucidating the kinetics and mechanisms of tetramethrin biodegradation by the fungal strain Neocosmospora sp. AF3.pdf,Chen et al. Microbial Cell Factories (2025) 24:124 Microbial Cell Factories,10.1186/s12934-025-02747-4,2022; 2023; 2024; 2025,An injection volume of; Bacillus megaterium HLJ7; Bacillus subtilis BSF01 and; CW3 2013; HLJ7 in contami- 41; Inverted Petri dishes were,163,25,48,candidate_gene/enzyme_plus_pathway,,,/Volumes/WENTBROKE/Pesticide degradation database/pesticidepdf/Phosmet/PesticideDB_curation_Phosmet_20260707,1,1,0,0,0,0,0,"table in the environment and X1X2 1 5.93 5.93 0.06 0.81 then further oxidized to chrysanthemal. Previous studX1X3 1 131.25 131.25 1.35 0.30 ies have shown that N-hydroxymethyl-3,4,5,6-tetrahyX2X3 1 5.38 5.38 0.06 0.82 drophthalimide is an important secondary metabolite X12 1 2048.04 2048.04 21.14 0.01 of tetramethrin and is subsequently converted to tetX22 1 26.05 26.05 0.27 0.63 rahydrophthalimide, which is an intermediate of various X32 1 599.35 599.35 6.19 0.06 pesticides, such as Folpet and Phosmet [21, 22]. TetrahyResidue 5 484.48 96.90 drophthalimide eventually cleaves to form acrylamide Lack of fit 3 479.23 159.74 60.86 0.02 and then it is further broken down. Throughout this degPure error 2 5.25 2.62 radation process, the toxicity of the metabolites gradually Sum total 14 7685.19 decreases. As illustrated in the Ecosar toxicity analyX1 refers to temperature; X2 refers to pH; X3 r",36,Medium,Review after high-priority papers; may contain useful evidence or context.,Pesticide-specific degradation candidate; microbial/protein evidence uncertain
Thiamethoxam,Effect of intensifying additives on the degradation of thiamethoxam using ultrasound cavitation..pdf,Ultrasonics - Sonochemistry 70 (2021) 105310,10.1016/j.ultsonch.2020.105310,2015; 2016; 2020; 2021,,180,16,58,candidate_gene/enzyme_plus_pathway,,,/Volumes/WENTBROKE/Pesticide degradation database/pesticidepdf/Thiamethoxam/PesticideDB_curation_Thiamethoxam_20260707,156,34,0,2,6,0,0,"Ultrasonics - Sonochemistry 70 (2021) 105310 Contents lists available at ScienceDirect Ultrasonics - Sonochemistry journal homepage: www.elsevier.com/locate/ultson Effect of intensifying additives on the degradation of thiamethoxam using T ultrasound cavitation P.B. Patila, S. Raut-Jadhava, , A.B. Panditb ⁎ a Department of Chemical Engineering, Bharati Vidyapeeth (Deemed to be University) College of Engineering, Dhankawadi, Pune 411043, India b Department of Chemical Engineering, Institute of Chemical Technology, Matunga, Mumbai 400019, India ARTICLE INFO ABSTRACT Keywords: The present study has investigated the degradation of thiamethoxam using ultrasound cavitation (US) operated Ultrasound cavitation at a frequency of 2",35,Medium,Review after high-priority papers; may contain useful evidence or context.,Pesticide-specific degradation candidate; microbial/protein evidence uncertain
Thiamethoxam,Enhancing photodegradation of thiamethoxam insecticide using SnSsub2subNCL as a photocatalyst Mechanistic insights and environmental implications..pdf,Contents lists available at ScienceDirect,10.1002/CJCE.25140; 10.1002/JCCS.201200027; 10.1002/JCTB.1185; 10.1002/SMLL.202001974,2021; 2022; 2023; 2024,,197,17,35,candidate_gene/enzyme_plus_pathway,,,/Volumes/WENTBROKE/Pesticide degradation database/pesticidepdf/Thiamethoxam/PesticideDB_curation_Thiamethoxam_20260707,15,15,0,2,6,0,0,"Chemosphere 359 (2024) 142343 Contents lists available at ScienceDirect Chemosphere journal homepage: www.elsevier.com/locate/chemosphere Enhancing photodegradation of thiamethoxam insecticide using SnS2/NCL as a photocatalyst: Mechanistic insights and environmental implications Vishal Gadore , Soumya Ranjan Mishra , Md. Ahmaruzzaman * Department of Chemistry, National Institute of Technology Silchar, 788010, Assam, India H I G H L I G H T S G R A P H I C A L A B S T R A C T • A novel S-scheme SnS2/CO2− 3 @Ni–Co LDH photocatalyst was fabricated. • Formation of S-scheme heterojunction delayed charge recombination. • Enhanced degradation of thiamethoxam insecticide under vi",35,Medium,Review after high-priority papers; may contain useful evidence or context.,Pesticide-specific degradation candidate; microbial/protein evidence uncertain
Thiamethoxam,"Gene expression profiling in the thiamethoxam resistant and susceptible B-biotype sweetpotato whitefly, Bemisia tabaci..pdf",Gene expression profiling in the thiamethoxam resistant and,,2009; 2010; 2011; 2012,A forward SSH library; the up-regulated genes of,1,89,4,candidate_gene/enzyme_plus_pathway,,,/Volumes/WENTBROKE/Pesticide degradation database/pesticidepdf/Thiamethoxam/PesticideDB_curation_Thiamethoxam_20260707,29,0,12,29,0,1,0,,188,Low,Keep as background unless title/snippet clearly shows biodegradation evidence.,Background or likely non-microbial/non-specific
Spirodiclofen,Transcriptome profiling of a spirodiclofen susceptible and resistant strain of the European red mite Panonychus ulmi using strand-specific RNA-seq..pdf,Bajda et al. BMC Genomics (2015) 16:974,10.1186/s12864-015-2157-1,2014; 2015; 2019; 2020,Brompton; MAR-AB highly resistant; alignment and had a; allowed us to identify; also showed decreased A; and T. urticae. The,13,331,17,candidate_gene/enzyme_plus_pathway,,,/Volumes/WENTBROKE/Pesticide degradation database/pesticidepdf/Spirodiclofen/PesticideDB_curation_Spirodiclofen_20260707,57,0,35,38,0,0,0,,183,Low,Keep as background unless title/snippet clearly shows biodegradation evidence.,Background or likely non-microbial/non-specific
Thiamethoxam,"Transcriptomic and proteomic responses of sweetpotato whitefly, Bemisia tabaci, to thiamethoxam..pdf",Transcriptomic and Proteomic Responses of,10.1093/bioinformatics/bts515; 10.1371/journal; 10.1371/journal.pone.0012338; 10.1371/journal.pone.0061820,2010; 2011; 2012; 2013,and the remaining clean; has been cultured without; in comparthem; of German data. Bioinformatics; of Tribolium castaneum. Proc; was significantly over- expressed,5,268,51,candidate_gene/enzyme_plus_pathway,,,/Volumes/WENTBROKE/Pesticide degradation database/pesticidepdf/Thiamethoxam/PesticideDB_curation_Thiamethoxam_20260707,69,0,15,35,0,0,0,,183,Low,Keep as background unless title/snippet clearly shows biodegradation evidence.,Background or likely non-microbial/non-specific
Thiamethoxam,Influence of the Neonicotinoid Insecticide Thiamethoxam on miRNA Expression in the Honey Bee (Hymenoptera Apidae)..pdf,doi: 10.1093/jisesa/iex074,10.1093/jisesa/iex074,2014; 2015; 2016; 2017,,5,38,3,candidate_gene/enzyme_plus_pathway,,,/Volumes/WENTBROKE/Pesticide degradation database/pesticidepdf/Thiamethoxam/PesticideDB_curation_Thiamethoxam_20260707,41,0,5,22,0,0,0,,157,Low,Keep as background unless title/snippet clearly shows biodegradation evidence.,Background or likely non-microbial/non-specific
Thiamethoxam,Effects of multigenerational imidacloprid and thiamethoxam stress on metabolism and physiology of Aphis glycines Matsumura (Hemiptera Aphididae)..pdf,Effects of multigenerational imidacloprid and,10.1002/arch.21429; 10.1002/ps.365; 10.1002/ps.4152; 10.1002/ps.4731,2019; 2020; 2021; 2022,at 25; had been cultured in; of A. glycines used,2,144,14,candidate_gene/enzyme_plus_pathway,,,/Volumes/WENTBROKE/Pesticide degradation database/pesticidepdf/Thiamethoxam/PesticideDB_curation_Thiamethoxam_20260707,157,0,4,35,0,0,0,,148,Low,Keep as background unless title/snippet clearly shows biodegradation evidence.,Background or likely non-microbial/non-specific
Vinclozolin,Transgenerational sperm DNA methylation epimutation developmental origins following ancestral vinclozolin exposure..pdf,Transgenerational sperm DNA methylation epimutation developmental origins,10.1038/s41598-018-23612-y; 10.1080/15592294.2019.1614417,2016; 2017; 2018; 2019,large numbers of oocytes; various germ dymal sperm; will then be restored,1,270,22,candidate_gene/enzyme_plus_pathway,,,/Volumes/WENTBROKE/Pesticide degradation database/pesticidepdf/Vinclozolin/PesticideDB_curation_Vinclozolin_20260707,47,0,6,37,1,0,0,,145,Low,Keep as background unless title/snippet clearly shows biodegradation evidence.,Background or likely non-microbial/non-specific
Thiamethoxam,The Synergistic Effect of Thiamethoxam and Synapsin dsRNA Targets Neurotransmission to Induce Mortality in iAphis gossypiii..pdf,Molecular Sciences,10.3390/ijms23169388; 10.3390/ijms23169388/s1,2019; 2020; 2021; 2022,of Aphis gossypii Glover,4,119,16,candidate_gene/enzyme_plus_pathway,,,/Volumes/WENTBROKE/Pesticide degradation database/pesticidepdf/Thiamethoxam/PesticideDB_curation_Thiamethoxam_20260707,22,0,3,10,0,0,0,,142,Low,Keep as background unless title/snippet clearly shows biodegradation evidence.,Background or likely non-microbial/non-specific
Propamocarb,Expression and Functional Analysis of the Propamocarb-Related Gene CsMCF in Cucumber.pdf,published: 04 July 2019,10.1007/BF00386001; 10.1007/s00424-003-1099-7; 10.1007/s10863-012; 10.1007/s11738-013-1274-1,2016; 2017; 2018; 2019,,23,170,28,candidate_gene/enzyme_plus_pathway,,,/Volumes/WENTBROKE/Pesticide degradation database/pesticidepdf/Propamocarb/PesticideDB_curation_Propamocarb_20260707,12,0,5,11,1,0,0,,141,Low,Keep as background unless title/snippet clearly shows biodegradation evidence.,Background or likely non-microbial/non-specific
Trifloxystrobin,"Investigation of the protective role of Ginkgo biloba L. against phytotoxicity, genotoxicity and oxidative damage induced by Trifloxystrobin..pdf",www.nature.com/scientificreports,10.1038/s41598-024-70712-z,2021; 2022; 2023; 2024,,5,38,12,candidate_gene/enzyme_plus_pathway,,,/Volumes/WENTBROKE/Pesticide degradation database/pesticidepdf/Trifloxystrobin/PesticideDB_curation_Trifloxystrobin_20260707,13,0,9,5,1,0,0,,141,Low,Keep as background unless title/snippet clearly shows biodegradation evidence.,Background or likely non-microbial/non-specific
Phosmet,Identification of an opd (organophosphate degradation) gene in an Agrobacterium isolate..pdf,"APPLIED AND ENVIRONMENTAL MICROBIOLOGY, July 2002, p. 3371–3376 Vol. 68, No. 7",10.1128/AEM.68.7.3371,1998; 1999; 2001; 2002,ATCC 27551; ATCC 27551 and B; ATCC 27551 and Bre-; ATCC 27551 and Brevundimonas; ATCC is also linked; B-1,25,147,7,candidate_gene/enzyme_plus_pathway,,,/Volumes/WENTBROKE/Pesticide degradation database/pesticidepdf/Phosmet/PesticideDB_curation_Phosmet_20260707,7,0,5,7,1,0,0,,129,Low,Keep as background unless title/snippet clearly shows biodegradation evidence.,Background or likely non-microbial/non-specific
Imazamox,Application of an Enzymatic Hydrolysed L-α-Amino Acid Based Biostimulant to Improve Sunflower Tolerance to Imazamox.pdf,Application of an Enzymatic Hydrolysed L-α-Amino Acid,10.3390/plants11202761,2019; 2020; 2021; 2022,,10,31,16,candidate_gene/enzyme_plus_pathway,,,/Volumes/WENTBROKE/Pesticide degradation database/pesticidepdf/Imazamox/PesticideDB_curation_Imazamox_20260707,24,0,3,6,0,0,0,,127,Low,Keep as background unless title/snippet clearly shows biodegradation evidence.,Background or likely non-microbial/non-specific
Pinoxaden,"Target-site mutations Ile1781Leu and Ile2041Asn in the iACCase2i gene confer resistance to fluazifop-p-butyl and pinoxaden herbicides in a johnsongrass accession from Arkansas, USA..pdf",Received: 3 August 2023 Revised: 18 February 2024 Accepted: 22 February 2024,10.1002/pld3.576; 10.1002/pld3.65; 10.1002/ps.2133; 10.1002/ps.3342,2022; 2023; 2024; 2025,,3,91,9,candidate_gene/enzyme_plus_pathway,,,/Volumes/WENTBROKE/Pesticide degradation database/pesticidepdf/Pinoxaden/PesticideDB_curation_Pinoxaden_20260707,41,0,1,25,0,0,0,,125,Low,Keep as background unless title/snippet clearly shows biodegradation evidence.,Background or likely non-microbial/non-specific
Pinoxaden,Mechanism for the inhibition of the carboxyltransferase domain of acetyl-coenzyme A carboxylase by pinoxaden..pdf,Mechanism for the inhibition of the carboxyl-,10.1073/pnas.1012039107,2008; 2009; 2010; 2025,,5,42,2,candidate_gene/enzyme_plus_pathway,,,/Volumes/WENTBROKE/Pesticide degradation database/pesticidepdf/Pinoxaden/PesticideDB_curation_Pinoxaden_20260707,50,0,1,32,0,0,0,,124,Low,Keep as background unless title/snippet clearly shows biodegradation evidence.,Background or likely non-microbial/non-specific
Imazamox,Multiple mechanisms are involved in new imazamox-resistant varieties of durum and soft wheat..pdf,www.nature.com/scientificreports,10.1002/ps.4462; 10.1038/s41598-017-13874-3; 10.1038/srep05315; 10.1371/journal.pone.0063576,2014; 2015; 2016; 2017,,25,64,35,candidate_gene/enzyme_plus_pathway,,,/Volumes/WENTBROKE/Pesticide degradation database/pesticidepdf/Imazamox/PesticideDB_curation_Imazamox_20260707,124,0,0,17,0,0,0,,119,Low,Keep as background unless title/snippet clearly shows biodegradation evidence.,Background or likely non-microbial/non-specific
Thiamethoxam,Thiamethoxam as an inadvertent anti-aphrodisiac in male bees..pdf,Toxicology Reports 9 (2022) 36–45,10.1002/ps.3868; 10.1002/ps.4342; 10.1007/PL00001699; 10.1007/PL00012654,2019; 2020; 2021; 2022,,1,18,34,candidate_gene/enzyme_plus_pathway,,,/Volumes/WENTBROKE/Pesticide degradation database/pesticidepdf/Thiamethoxam/PesticideDB_curation_Thiamethoxam_20260707,54,0,4,4,0,0,0,,115,Low,Keep as background unless title/snippet clearly shows biodegradation evidence.,Background or likely non-microbial/non-specific
Thiamethoxam,Protective effect of vitamin C against thiamethoxam-induced toxicity in male rats..pdf,ISSN: 2226-4485 (Print)  Original Research,10.5455/OVJ.2023.v13.i10.13,2020; 2021; 2022; 2023,,9,36,45,candidate_gene/enzyme_plus_pathway,,,/Volumes/WENTBROKE/Pesticide degradation database/pesticidepdf/Thiamethoxam/PesticideDB_curation_Thiamethoxam_20260707,14,0,3,4,0,0,0,,111,Low,Keep as background unless title/snippet clearly shows biodegradation evidence.,Background or likely non-microbial/non-specific
Triazophos,A sensitive fluorometric bio-barcodes immunoassay for detection of triazophos residue in agricultural products and water samples by iterative cycles of DNA-RNA hybridization and dissociation of fluorophores by Ribonuclease.pdf,Science of the Total Environment 717 (2020) 137268,10.1002/chem.201102060; 10.1007/s12161; 10.1016/j; 10.1016/j.ab.2006.07.023,2017; 2018; 2019; 2020,,8,28,33,candidate_gene/enzyme_plus_pathway,,,/Volumes/WENTBROKE/Pesticide degradation database/pesticidepdf/Triazophos/PesticideDB_curation_Triazophos_20260707,46,0,1,19,1,0,0,,109,Low,Keep as background unless title/snippet clearly shows biodegradation evidence.,Background or likely non-microbial/non-specific
Thiamethoxam,Treatment of Four Stored-Grain Pests with Thiamethoxam plus Chlorantraniliprole Enhanced Impact on Different Types of Grain Commodities and Surfaces..pdf,Treatment of Four Stored-Grain Pests with Thiamethoxam plus,10.3390/insects14070619,2020; 2021; 2022; 2023,,1,4,42,candidate_gene/enzyme_plus_pathway,,,/Volumes/WENTBROKE/Pesticide degradation database/pesticidepdf/Thiamethoxam/PesticideDB_curation_Thiamethoxam_20260707,46,0,3,0,0,1,0,,84,Low,Keep as background unless title/snippet clearly shows biodegradation evidence.,Background or likely non-microbial/non-specific
Pymetrozine,Acute Toxicity of an Emerging Insecticide Pymetrozine to Procambarus clarkii Associated with Rice-Crayfish Culture (RCIS)..pdf,Environmental Research,10.3390/ijerph15050984,2015; 2016; 2017; 2018,,5,24,6,candidate_gene/enzyme_plus_pathway,,,/Volumes/WENTBROKE/Pesticide degradation database/pesticidepdf/Pymetrozine/PesticideDB_curation_Pymetrozine_20260707,112,0,3,0,0,0,0,,79,Low,Keep as background unless title/snippet clearly shows biodegradation evidence.,Background or likely non-microbial/non-specific
Pinoxaden,Growth Stage of Alopecurus myosuroides Huds. Determines the Efficacy of Pinoxaden.pdf,Growth Stage of Alopecurus myosuroides Huds. Determines the,10.3390/plants10040732; 10.3390/plants10040732/s1,2018; 2019; 2020; 2021,,1,2,10,candidate_gene/enzyme_plus_pathway,,,/Volumes/WENTBROKE/Pesticide degradation database/pesticidepdf/Pinoxaden/PesticideDB_curation_Pinoxaden_20260707,86,0,3,0,0,0,0,,72,Low,Keep as background unless title/snippet clearly shows biodegradation evidence.,Background or likely non-microbial/non-specific
Thiophanate-Methyl,Environmental Impact of Xenobiotic Aromatic Compounds and Their Biodegradation Potential in iComamonas testosteronii..pdf,Environmental Impact of Xenobiotic Aromatic Compounds and,10.3390/ijms252413317,2021; 2022; 2023; 2024,BR6020. J. Bacteriol. 2006; CNB-1; CNB-1. Appl. Environ. Microbiol; CNB-1. Environ. Microbiol. 2007; E6 and discovery of; E6. Appl. Environ. Microbiol,140,65,94,candidate_gene/enzyme_plus_pathway,,,/Volumes/WENTBROKE/Pesticide degradation database/pesticidepdf/Thiophanate-Methyl/PesticideDB_curation_Thiophanate_Methyl_20260707,7,0,7,0,2,0,0,,71,Low,Keep as background unless title/snippet clearly shows biodegradation evidence.,Background or likely non-microbial/non-specific
Trifloxystrobin,Exogenous Tebuconazole and Trifloxystrobin Regulates Reactive Oxygen Species Metabolism Toward Mitigating Salt-Induced Damages in Cucumber Seedling..pdf,Exogenous Tebuconazole and Trifloxystrobin,10.3390/plants8100428,2016; 2017; 2018; 2019,,13,51,28,candidate_gene/enzyme_plus_pathway,,,/Volumes/WENTBROKE/Pesticide degradation database/pesticidepdf/Trifloxystrobin/PesticideDB_curation_Trifloxystrobin_20260707,3,0,3,0,0,1,0,,69,Low,Keep as background unless title/snippet clearly shows biodegradation evidence.,Background or likely non-microbial/non-specific
Thiamethoxam,Thiamethoxam at environmentally relevant concentrations induces neurotoxicity in zebrafish larvae through binding with multiple receptors..pdf,Eco-Environment & Health 4 (2025) 100133,10.1016/j.eehl.2024.12.002,2022; 2023; 2024; 2025,,14,65,68,candidate_gene/enzyme_plus_pathway,,,/Volumes/WENTBROKE/Pesticide degradation database/pesticidepdf/Thiamethoxam/PesticideDB_curation_Thiamethoxam_20260707,19,0,0,13,3,0,0,,65,Low,Keep as background unless title/snippet clearly shows biodegradation evidence.,Background or likely non-microbial/non-specific
Trifloxystrobin,"Tebuconazole and trifloxystrobin regulate the physiology, antioxidant defense and methylglyoxal detoxification systems in conferring salt stress tolerance in iTriticum aestivumi L..pdf",Physiol Mol Biol Plants (June 2020) 26(6):1139–1154,10.1007/s12298-020-00810-5; 10.1016/j.envpol; 10.1155/2014/757219; 10.1155/2016/3076357,2017; 2018; 2019; 2020,,12,50,23,candidate_gene/enzyme_plus_pathway,,,/Volumes/WENTBROKE/Pesticide degradation database/pesticidepdf/Trifloxystrobin/PesticideDB_curation_Trifloxystrobin_20260707,4,0,3,2,1,0,0,,61,Low,Keep as background unless title/snippet clearly shows biodegradation evidence.,Background or likely non-microbial/non-specific
Thiamethoxam,"(Quasi)-Binomial vs. Gaussian Models to Evaluate Thiamethoxam, Pirimiphos-Methyl, Alpha-Cypermethrin and Deltamethrin on Different Types of Storage Bag Materials Against Ephestia kuehniella Zeller (Lepidoptera Pyralidae) an.pdf",(Quasi)-Binomial vs. Gaussian Models to Evaluate,10.3390/insects; 10.3390/insects12020182,2018; 2019; 2020; 2021,,3,3,63,candidate_gene/enzyme_plus_pathway,,,/Volumes/WENTBROKE/Pesticide degradation database/pesticidepdf/Thiamethoxam/PesticideDB_curation_Thiamethoxam_20260707,23,0,1,0,0,0,0,,59,Low,Keep as background unless title/snippet clearly shows biodegradation evidence.,Background or likely non-microbial/non-specific
Thiamethoxam,"Cellulose Nanocrystals Loaded with Thiamethoxam Fabrication, Characterization, and Evaluation of Insecticidal Activity against iPhenacoccus solenopsisi Tinsley (Hemiptera Pseudococcidae)..pdf",Cellulose Nanocrystals Loaded with Thiamethoxam:,10.3390/nano10040788,2017; 2018; 2019; 2020,,10,10,3,candidate_gene/enzyme_plus_pathway,,,/Volumes/WENTBROKE/Pesticide degradation database/pesticidepdf/Thiamethoxam/PesticideDB_curation_Thiamethoxam_20260707,21,0,2,2,2,1,0,,59,Low,Keep as background unless title/snippet clearly shows biodegradation evidence.,Background or likely non-microbial/non-specific
Pymetrozine,Resin bound gold nanocomposites assisted SEATR-FTIR spectroscopy for detection of pymetrozine insecticide in vegetable samples..pdf,Contents lists available at ScienceDirect,10.1016/j.heliyon.2024.e37856,2021; 2022; 2023; 2024,,1,8,11,candidate_gene/enzyme_plus_pathway,,,/Volumes/WENTBROKE/Pesticide degradation database/pesticidepdf/Pymetrozine/PesticideDB_curation_Pymetrozine_20260707,132,0,3,0,2,0,0,,39,Low,Keep as background unless title/snippet clearly shows biodegradation evidence.,Background or likely non-microbial/non-specific
Glufosinate-Ammonium,The IBR5 phosphatase promotes Arabidopsis auxin responses through a novel mechanism distinct from TIR1-mediated repressor degradation..pdf,BMC Plant Biology BioMed Central,10.1186/1471-2229-8-41,2005; 2006; 2007; 2008,,16,142,14,candidate_gene/enzyme_plus_pathway,,,/Volumes/WENTBROKE/Pesticide degradation database/pesticidepdf/Glufosinate-Ammonium/PesticideDB_curation_Glufosinate_Ammonium_20260707,1,0,0,1,0,0,0,,35,Low,Keep as background unless title/snippet clearly shows biodegradation evidence.,Background or likely non-microbial/non-specific
Propargite,"Effect of storage, washing, and cooking on the stability of five pesticides in edible fungi of Agaricus bisporus A degradation kinetic stud.pdf",Received: 9 August 2019 | Revised: 6 October 2019 | Accepted: 8 October 2019,10.1002/fsn3.1261; 10.1002/fsn3.328; 10.1002/jsfa.7563; 10.1007/s11356-016-6260-x,2018; 2019; 2020; 2025,,8,5,21,candidate_gene/enzyme_plus_pathway,,,/Volumes/WENTBROKE/Pesticide degradation database/pesticidepdf/Propargite/PesticideDB_curation_Propargite_20260707,23,0,1,1,2,0,0,,35,Low,Keep as background unless title/snippet clearly shows biodegradation evidence.,Background or likely non-microbial/non-specific
Triazophos,"Biodegradation of nitenpyram (neonicotinoid insecticide) by endophytic bacterium, iBacillus thuringiensisi strain NIT-2, isolated from neonicotinoid-treated plant samples..pdf",DOI: 10.1584/jpestics.D24-002,10.1007/698_2022_853; 10.1007/s10646-012-0863-x; 10.1007/s11356-014-3332-7; 10.1016/j.biortech.2011.06.055,2021; 2022; 2023; 2024,DF-1; DF-1 through the removal; DF-1.30; HPLC; NIT-2; NIT-2 101 Fig. 6,243,15,92,candidate_gene/enzyme_plus_pathway,,,/Volumes/WENTBROKE/Pesticide degradation database/pesticidepdf/Triazophos/PesticideDB_curation_Triazophos_20260707,1,0,1,0,0,0,0,,35,Low,Keep as background unless title/snippet clearly shows biodegradation evidence.,Background or likely non-microbial/non-specific
Acibenzolar-S-methyl,Influence of Bacillus subtilis and Trichoderma harzianum on Penthiopyrad Degradation under Laboratory and Field Studies.pdf,Influence of Bacillus subtilis and Trichoderma,10.3390/molecules25061421,2018; 2019; 2020; 2022,B1 and its application; Bacillus sp. N1. J; NY97-1. Int. J. Environ; by plants and antagonized; was inoculated into a,120,11,41,candidate_gene/enzyme_plus_pathway,,,/Volumes/WENTBROKE/Pesticide degradation database/pesticidepdf/Acibenzolar-S-methyl/PesticideDB_curation_Acibenzolar_S_methyl_20260707,1,1,1,1,1,0,0,"quality and safety of produced food [19]. A review of the literature indicates a great interest in the use of bacteria and fungi for the degradation of active substances of pesticides. Bacillus spp. bacteria are used for the production of commercial preparations, including enzymes, insecticides, antibiotics, and vitamins, as well as other metabolites (hyaluronic acid) [20,21]. Bacillus spp. also degrade pesticides, usually insecticides including chlorpyrifos [22], aldrin, dieldrin, DDT [23–25] acibenzolar-S-methyl [26], diazinon [27], endosulfan [28], parathion-methyl [29], metribuzin [30], malation [31], cypermethrin [32], and quinalphos [33]. Trichoderma spp. are free-living fungi that are common in soil and root ecosystems. They are opportunistic plant symbionts, as well as parasites of other fungi. Fungi of the genus Trichoderma spp. inhibit and/or break down pectinases and other en",34,Low,Keep as background unless title/snippet clearly shows biodegradation evidence.,Background or likely non-microbial/non-specific
Glufosinate-Ammonium,Initial steps in the degradation of phosphinothricin (glufosinate) by soil bacteria..pdf,"APPLIED AND ENVIRONMENTAL MICROBIOLOGY, Mar. 1989, p. 711-716 Vol. 55. No. 3",,1986; 1987; 1988; 1989,DX-35 and Pseuidodegradation products; E. coli DH-1; Oxi- N-Acetyl- Trans-; on L-glutamic acid as; representing the group of; that was able to,50,58,32,candidate_gene/enzyme_plus_pathway,,,/Volumes/WENTBROKE/Pesticide degradation database/pesticidepdf/Glufosinate-Ammonium/PesticideDB_curation_Glufosinate_Ammonium_20260707,1,1,1,1,1,0,0,"ugel, K. Hagele, H. Hagenmaier, S. Jessipow, GLP-1. Eur. J. Biochem. 165:267-273. W. A. Konig, and H. Zahner. 1972. Stoffwechselprodukte von 16. Pochon, J., and P. Tardieux. 1962. Techniques en microbiologie Mikroorganismen. Phosphinothricin und Phosphinothricyl-Ala- due sol. Editions de la Tourelle, St. Mande (Seine). nyl-Alanin. Helv. Chim. Acta 55:224-239. 17. Smith, A. E. 1988. Persistence and transformation of the herbi2. Bradford, M. M. 1976. A rapid and sensitive method for the cide [""4C]glufosinate-ammonium in prairie soils under labora quantification of microgram quantities of protein, utilizing the tory conditions. J. Agric. Food Chem. 36:393-397. principle of protein-dye binding. Anal. Biochem. 72:248-254. 18. Talbot, H. W., L. M. Johnson, and D. M. Munnecke. 1984. 3. Calanduoni, J. A., and J. J. Villafranca. 1986. Inhibition of Glyphosate utilization by Pseuidornonas sp. and",34,Low,Keep as background unless title/snippet clearly shows biodegradation evidence.,Background or likely non-microbial/non-specific
Triazophos,Bacilli-Mediated Degradation of Xenobiotic Compounds and Heavy Metals..pdf,published: 09 October 2020,10.1002/9780470054581.eib063; 10.1002/biof.5520140132; 10.1002/bit.10425; 10.1002/elsc.201300042,2018; 2019; 2020; 2021,A. rzi. BioMed. Res; AK1 and Lysinibacillus sp; AK2. J. Hazard. recent; B-1 degraded cinnamic acid; BFN; Bacilli-Mediated Degradation of SanPS1,489,165,103,candidate_gene/enzyme_plus_pathway,,,/Volumes/WENTBROKE/Pesticide degradation database/pesticidepdf/Triazophos/PesticideDB_curation_Triazophos_20260707,4,4,4,2,5,0,0,"ation Zhang et al., 2009 NY97-I 62. Bacillus cereus Prochloraz-manganese 90.7% degradation at pH 8. Jiang et al., 2019 WD-2 63. Bacillus sp. DG-02 Fenpropathrin Transformed into 3,4-dihydroxybenzoic acid, 3,4-dimethoxyphenol, Chen et al., 2014 and phenol 64. Bacillus Monocrotophos Degraded via three routes. Dash and Osborne, aryabhattai strain 2020 VITNNDJ5 65. Bacillus firmus Fipronil Degraded via fipronil sulfide, fipronil sulfone and fipronil amide. Mandal et al., 2013 66. Bacillus sp. TAP-1 Triazophos Co-metabolized via hydrolyzing insecticide triazophos Tang and You, 2012 67. Bacillus pumilus Organophosphates Hydrolysis of organophosphates by enzyme encoding by opdA Ali et al., 2012 W1 68. Bacillus subtilis Profenofos 4-Bromo-2-chlorophenol was identified as a metabolite Salunkhe et al., 2013 DR-39 69. Bacillus subtilis Profenofos 4-Bromo-2-chlorophenol was identified as a metabolit",33,Low,Keep as background unless title/snippet clearly shows biodegradation evidence.,Background or likely non-microbial/non-specific
Glufosinate-Ammonium,Degradation of Fungal MicroRNAs Triggered by Short Tandem Target Mimics Is via the Small-RNA-Degrading Nuclease..pdf,Degradation of Fungal MicroRNAs Triggered by Short Tandem,10.1007/s00253-017-8197-5; 10.1007/s00438-012-0678-8; 10.1007/s10142-016; 10.1007/s11427-017-9277-9,2017; 2018; 2019; 2025,AGL-1 was cultured on; ARSEF 23 was grown; Characteristics Plasmid used MR-WT; of,33,100,15,candidate_gene/enzyme_plus_pathway,,,/Volumes/WENTBROKE/Pesticide degradation database/pesticidepdf/Glufosinate-Ammonium/PesticideDB_curation_Glufosinate_Ammonium_20260707,0,0,0,0,0,0,1,,31,Low,Keep as background unless title/snippet clearly shows biodegradation evidence.,Background or likely non-microbial/non-specific
Vinclozolin,The AUTOTAC chemical biology platform for targeted protein degradation via the autophagy-lysosome system..pdf,https://doi.org/10.1038/s41467-022-28520-4 OPEN,10.1016/j.pneurobio.2020.101782; 10.1021/acs.molpharmaceut.9b00696; 10.1038/s41467-022-28520-4; 10.3390/jcm9040937,2019; 2020; 2021; 2022,,97,150,13,candidate_gene/enzyme_plus_pathway,,,/Volumes/WENTBROKE/Pesticide degradation database/pesticidepdf/Vinclozolin/PesticideDB_curation_Vinclozolin_20260707,4,3,0,0,2,0,0,"r YTK-105 at the indicated concentrations (24 h). m Densitometry of (l) (n = 3). n WB in U87-MG cells treated with Fumagillin-105 at the indicated concentrations (24 h). o WB in U87-MG cells treated with Fumagilin-105, Fumagilin or YTK-105 (1 µM, 24 h). When indicated, n = 3 biologically independent experiments. Data are presented as mean values ± SD where relevant. Source data are provided with this paper. AUTOTACs, we sought out to degrade estrogen receptor beta vinclozolinM2, a metabolite of vinclozolin, and fumagillol, a (ERβ) using its nonsteroidal and synthetic ligand, PHTPP hydrolyzed product of fumagillin (Fig. 2b). Fumagillin covalently (Fig. 2a, b). PHTPP-based AUTOTAC (PHTPP-1304) induced binds MetAP2 via a spiro-epoxide moiety24, and vinclozolin self-oligomerization of p62 (Fig. 2c) and degradation of ERβ at derivatives and metabolites inhibit androgen binding to AR25,26. hal",30,Low,Keep as background unless title/snippet clearly shows biodegradation evidence.,Background or likely non-microbial/non-specific
Glufosinate-Ammonium,Phenotypes on demand via switchable target protein degradation in multicellular organisms..pdf,Received 12 Jan 2016 | Accepted 10 Jun 2016 | Published 22 Jul 2016 DOI: 10.1038/ncomms12202 OPEN,10.1038/ncomms12202,2012; 2013; 2014; 2016,DH5a; U1; based on GV3101 carrying; expressing with CRISPR,42,256,37,candidate_gene/enzyme_plus_pathway,,,/Volumes/WENTBROKE/Pesticide degradation database/pesticidepdf/Glufosinate-Ammonium/PesticideDB_curation_Glufosinate_Ammonium_20260707,2,0,1,1,1,0,0,,29,Low,Keep as background unless title/snippet clearly shows biodegradation evidence.,Background or likely non-microbial/non-specific
Thiamethoxam,"The Degradation Process of Typical Neonicotinoid Insecticides in Tidal Streams in Subtropical Cities A Case Study of the Wuchong Stream, South China..pdf",The Degradation Process of Typical Neonicotinoid Insecticides,10.3390/toxics11030203; 10.3390/toxics11030203/s1,2020; 2021; 2022; 2023,,296,2,20,candidate_gene/enzyme_plus_pathway,,,/Volumes/WENTBROKE/Pesticide degradation database/pesticidepdf/Thiamethoxam/PesticideDB_curation_Thiamethoxam_20260707,3,3,2,0,3,0,1,"Os would microorganisms exhibit were different isolated degradation kinetics and characterized in the same [21]. In addition, deg differ radation processes, which could be influenced by molecular structures and ent NEOs would exhibit different degradation kinetics in the same degradation processes, chemical prop erties could which (as indicated in Figure be influenced 1). The photodegradation by molecular rates of dinotefuran, structures and chemical properties (asimidacloprid, indicated in and thiamethoxam were Figure 1). The 0.20, 0.30, photodegradation andof rates 0.18 mg∙L −1∙h respectively dinotefuran, −1 [22–24]. Previous imidacloprid, and thiamethoxam deg radation were experiments 0.20, 0.30, and 0.18mostly simulated mg·L−1 ·h −1 , and optimized respectively the Previous [22–24]. degradation processes of degradation NEOs experi in themostly ments laboratory by single-factor simula",29,Low,Keep as background unless title/snippet clearly shows biodegradation evidence.,Background or likely non-microbial/non-specific
Penthiopyrad,Effect of microorganisms on degradation of fluopyram and tebuconazole in laboratory and field studies..pdf,Environmental Science and Pollution Research (2023) 30:47727–47741,10.1007/s11356-023-25669-3,2021; 2022; 2023; 2025,B1 and its application,98,10,30,candidate_gene/enzyme_plus_pathway,,,/Volumes/WENTBROKE/Pesticide degradation database/pesticidepdf/Penthiopyrad/PesticideDB_curation_Penthiopyrad_20260707,1,0,0,0,0,0,0,,27,Low,Keep as background unless title/snippet clearly shows biodegradation evidence.,Background or likely non-microbial/non-specific
Pymetrozine,Role of Insect Gut Microbiota in Pesticide Degradation A Review..pdf,published: 03 May 2022,10.1002/arch.21218; 10.1002/ece3; 10.1002/jmor.20038; 10.1002/ps.1052,2019; 2020; 2021; 2022,from Northwestern Colombia. J; of Arsenophonus symbiont decreases; of Laodelphax striatellus. Pest; of S. frugiperda harbor; of house fly; of the bacterial doi,84,101,34,candidate_gene/enzyme_plus_pathway,,,/Volumes/WENTBROKE/Pesticide degradation database/pesticidepdf/Pymetrozine/PesticideDB_curation_Pymetrozine_20260707,1,0,0,0,0,0,0,,27,Low,Keep as background unless title/snippet clearly shows biodegradation evidence.,Background or likely non-microbial/non-specific
Thiamethoxam,Effect of plasma-activated water and buffer solution combined with ultrasound on fungicide degradation and quality of cherry tomato during storage..pdf,Ultrasonics Sonochemistry 97 (2023) 106461,10.1016/j.ultsonch.2023.106461,2020; 2021; 2022; 2023,,37,5,22,candidate_gene/enzyme_plus_pathway,,,/Volumes/WENTBROKE/Pesticide degradation database/pesticidepdf/Thiamethoxam/PesticideDB_curation_Thiamethoxam_20260707,2,2,2,2,3,0,0,"l analysis was When the ultrasonic waves are combined with ozonation, it breaks carried out by Statistix 9 software (Analytical Software Tallahassee, FL, down O3 into microbubbles and increases the solubility of O3 in the USA). solution, which also could be responsible for pesticide degradation [38,39]. The synergistic effect of PALs combined with ultrasound may 3. Results and discussions generate hydroxyl radicals and improve the oxidation process [3,40]. Turkish Food Codex-approved metalaxyl, thiamethoxam, and captan for 3.1. Impact of PAW, PABS, and combined with ultrasound on fungicide use on tomatoes with MRL of 0.2, 0.2, and 1.0 mg kg− 1. Cengiz, Başlar, degradation Basançelebi and Kılıçlı [41] reported the maximum degradation effi­ ciency of captan, thiamethoxam, and metalaxyl pesticides after ultra­ The impact of PAW, PABS, and combined with ultrasound treatment sound combined w",27,Low,Keep as background unless title/snippet clearly shows biodegradation evidence.,Background or likely non-microbial/non-specific
Thiamethoxam,Photocatalytic degradation of four insecticides and their main generated transformation products in soil and pepper crop irrigated with reclaimed agro-wastewater under natural sunlight..pdf,Contents lists available at ScienceDirect,10.1002/jsfa.3728; 10.1007/s00128-008-9420-y; 10.1007/s10552-013-0195; 10.1007/s11356-015-4721-2,2018; 2019; 2020; 2021,,40,16,30,candidate_gene/enzyme_plus_pathway,,,/Volumes/WENTBROKE/Pesticide degradation database/pesticidepdf/Thiamethoxam/PesticideDB_curation_Thiamethoxam_20260707,6,4,0,2,4,0,0,"d Quality Group of Fruit and Vegetable Products, Murcia Institute of Agri-Food Research and Development, C/ Mayor s/n, La Alberca, 30150 Murcia, Spain b Department of Agricultural Chemistry, Geology and Pedology, Faculty of Chemistry, University of Murcia, Campus Universitario de Espinardo, 30100 Murcia, Spain A R T I C L E I N F O A B S T R A C T Editor: Dr. L. Haizhou This work is the first-ever study of the concurrence of four insecticides (chlorantraniliprole, imidacloprid, pir­ imicarb and thiamethoxam) and their main transformation products (TPs) in soil and pepper crop irrigated with Keywords: reclaimed and non-reclaimed water under agricultural field conditions. Field experiments were conducted using Agro-wastewater different irrigation supplies: control water (CW), wastewater polluted with phytosanitary commercial products Pepper containing the studied insecticides (WW) and recl",27,Low,Keep as background unless title/snippet clearly shows biodegradation evidence.,Background or likely non-microbial/non-specific
Glufosinate-Ammonium,Genetic dissection of peroxisome-associated matrix protein degradation in Arabidopsis thaliana..pdf,Genetic Dissection of Peroxisome-Associated Matrix,10.1534/genetics.112.146100,2011; 2012; 2013; 2025,mutants with defects in,111,257,11,candidate_gene/enzyme_plus_pathway,,,/Volumes/WENTBROKE/Pesticide degradation database/pesticidepdf/Glufosinate-Ammonium/PesticideDB_curation_Glufosinate_Ammonium_20260707,1,1,0,1,1,0,0,"radation (ERAD), the process by which misfolded tumefaciens-mediated transformation (Clough and Bent proteins are ubiquitinated and retrotranslocated from the 1998) of backcrossed pex6-2 lacking the ICLp:GFP-ICL transER lumen to the cytosol for proteasomal degradation gene. Homozygous lines were selected in the progeny of trans(reviewed in Hoseki et al. 2010). Peroxins needed for formants by following resistance to kanamycin (pBINPEX6) or PEX5 ubiquitination and retrotranslocation resemble ERAD glufosinate ammonium (Basta) (35S:HsPEX6 and 35S:PEX5). components (Gabaldon et al. 2006; Schluter et al. 2006), Surface-sterilized seeds were plated on plant nutrient suggesting that damaged peroxisomal proteins may be ret- (PN) medium (Haughn and Somerville 1986) supplemented rotranslocated out of the peroxisome and degraded in the with 0.5% (w/v) sucrose (PNS) and solidiﬁed with 0.6% cytosol by",26,Low,Keep as background unless title/snippet clearly shows biodegradation evidence.,Background or likely non-microbial/non-specific
Imazamox,Adsorption and degradation of imazapic in soils under different environmental conditions..pdf,Adsorption and degradation of imazapic in,10.1016/j.biortech; 10.1371/journal.pone.0219462; 10.1371/journal.pone.0219462.g001; 10.1371/journal.pone.0219462.g002,2015; 2016; 2017; 2019,,104,0,10,candidate_pathway/metabolite,,,/Volumes/WENTBROKE/Pesticide degradation database/pesticidepdf/Imazamox/PesticideDB_curation_Imazamox_20260707,1,1,1,0,1,0,1,"ence on the behavior of imidazolinone herbicides in soil [5]. Of the three soil pH values examined, alkaline soil (pH 8.0) resulted in the fastest degradation rate of imazapic (t1/2 = 138.6 d), neutral soil (pH 7.0) produced a slower degradation rate (t1/2 = 147.4 d), and acid soil (pH 6.0) produced the slowest degradation rate (t1/2 = 154.0 d) (Fig 3C, Table 3). The result indicates that imaza pic would have a long residual period in acidic soil. The adsorption of the imidazolinone herbi cides imazamox and imazethapyr has been reported to decrease when soil pH becomes more alkaline [12,15,30,31]. Imazapic adsorption is similarly affected. The more imazapic that is adsorbed, the less it can be degraded by microorganisms [32]. This may be one reason why alkaline soil conditions would favor imazapic degradation. Imazapic is a weak acid compound, and predominantly exists in an anionic form",26,Low,Keep as background unless title/snippet clearly shows biodegradation evidence.,Background or likely non-microbial/non-specific
Quintozene,Biodegradation of pentachloronitrobenzene by Cupriavidus sp. YNS-85 and its potential for remediation of contaminated soils..pdf,Environ Sci Pollut Res,10.1007/s00253-012-3927-1; 10.1007/s10482-009-9313-z; 10.1007/s11356-017-8640-2; 10.1016/S0043-1354(98)00132-8,2014; 2015; 2016; 2017,Cu2; HPD-2 on the soil; PCNB-degrading bacteria YNS-85; PCP-1. Phil Trans R; PD653. the National Natural; The present study aimed,79,32,35,candidate_gene/enzyme_plus_pathway,,,/Volumes/WENTBROKE/Pesticide degradation database/pesticidepdf/Quintozene/PesticideDB_curation_Quintozene_20260707,1,1,1,0,1,0,0,"ri- Keywords Bacterial degradation . Dechlorination . Heavy nated nitroaromatic compound. However, only a few bacteria metals . Acid stress . Intermediates . Bioaugmentation have been reported to be able to utilize PCNB. In the present study, one pentachloronitrobenzene (PCNB)-degrading bacterium, Cupriavidus sp. YNS-85, was isolated from a contami- Introduction nated Panax notoginseng plantation. The strain cometabolized 200 mg L−1 PCNB in aqueous solution with a Pentachloronitrobenzene (PCNB, Quintozene) is an organoremoval rate of 73.8% after 5 days. The bacterium also de- chlorine pesticide widely used for soil and seed treatment graded PCNB effectively under acid conditions (pH 4–6) and against fungal diseases (Li and Yang 2013). It was reported showed resistance to toxic trace elements (arsenic, copper, and that about 349–454 t a−1 were used in the USA (EPA 2006). cadmium). Its abi",26,Low,Keep as background unless title/snippet clearly shows biodegradation evidence.,Background or likely non-microbial/non-specific
Thiamethoxam,"Co-Mn-Fe spinel-carbon composite catalysts enhanced persulfate activation for degradation of neonicotinoid insecticides (Non) radical path identification, degradation pathway and toxicity analysis..pdf",Contents lists available at ScienceDirect,10.1002/adfm.201102361; 10.1002/adma.201305459; 10.1002/cssc.202002240; 10.1002/ese3.819,2020; 2021; 2022; 2023,,162,33,94,candidate_gene/enzyme_plus_pathway,,,/Volumes/WENTBROKE/Pesticide degradation database/pesticidepdf/Thiamethoxam/PesticideDB_curation_Thiamethoxam_20260707,6,5,1,2,5,0,0,"• Fe-Co-Mn metal valence cycle and car­ bon synergistically promote ROS generation. • The toxicity of the TPs was analyzed through model prediction and typic microbes. A R T I C L E I N F O A B S T R A C T Editor: Sungjun Bae The extensive utilization of neonicotinoid insecticides (NNIs) in agricultural practices ultimately poses a sig­ nificant threat to both the environment and human health. This work focuses on the efficient degradation and Keywords: detoxification of the representative NNI, thiamethoxam (THX), and explores the underlying mechanism using a Spinel Co-Fe-Mn mixed spinel doped carbon composite catalyst activated persulfate. The findings demonstrate that the Advanced oxidation composite effectively degrades THX, achieving a degradation rate of 95% in 30 mins, while requiring only a Degradation fraction (one-sixteenth) of the oxidant dosage compared to pure carbon. The stu",26,Low,Keep as background unless title/snippet clearly shows biodegradation evidence.,Background or likely non-microbial/non-specific
Thiamethoxam,"Effects of mixed application of avermectin, imidacloprid and carbendazim on soil degradation and toxicity toward earthworms..pdf",www.nature.com/scientificreports,10.1038/s41598-023-41206-1,2019; 2020; 2021; 2023,,33,17,12,candidate_gene/enzyme_plus_pathway,,,/Volumes/WENTBROKE/Pesticide degradation database/pesticidepdf/Thiamethoxam/PesticideDB_curation_Thiamethoxam_20260707,1,1,1,0,1,0,0,"iderably compared with those in the individual application, which led to higher residues in soil after several applications. This is in accordance to the scientific literature, which states that mixed application prolongs the degradation time of certain pesticides in soil. For example, the fungicide chlorothalonil significantly inhibits the degradation of the herbicide metolachlor in soil, and the inhibition rate is up to two ­times31. The fungicide mancozeb and its mixture with the insecticide thiamethoxam significantly suppress the degradation of the herbicide pendimethalin in ­soil2. A possible reason may be that microbial degradation of a compound in a mixture can be strongly impacted by other compounds in the ­mixture32,33. Thus, the combined application of pesticides might suppress the degrada tive activity of soil microorganisms. Our hypothesis is that the ternary mixture of averm",26,Low,Keep as background unless title/snippet clearly shows biodegradation evidence.,Background or likely non-microbial/non-specific
Glufosinate-Ammonium,Glufosinate and ammonium sulfate inhibit atrazine degradation in adapted soils.pdf,Biol Fertil Soils (2008) 45:19–26,10.1002/ps.1601; 10.1007/s00374-008-0299-x,2005; 2006; 2007; 2008,ADP cyanuric acid Shaner,106,10,20,candidate_gene/enzyme_plus_pathway,,,/Volumes/WENTBROKE/Pesticide degradation database/pesticidepdf/Glufosinate-Ammonium/PesticideDB_curation_Glufosinate_Ammonium_20260707,0,0,0,0,0,0,0,,23,Low,Keep as background unless title/snippet clearly shows biodegradation evidence.,Background or likely non-microbial/non-specific
Quintozene,Biodegradation of pentachloronitrobenzene by Arthrobacter nicotianae DH19..pdf,Letters in Applied Microbiology ISSN 0266-8254,10.1007/S11356-014-3507-2; 10.1111/lam.12476; 10.1155/2014/265140,2014; 2015; 2018; 2023,A. nicoognized as a; Alcaligenes xylosoxidans from agricultural; Arthrobacter nicotianae initial inoculum; C8B; C8B in broth medium; DDF,121,9,24,candidate_gene/enzyme_plus_pathway,,,/Volumes/WENTBROKE/Pesticide degradation database/pesticidepdf/Quintozene/PesticideDB_curation_Quintozene_20260707,0,0,0,0,0,0,0,,23,Low,Keep as background unless title/snippet clearly shows biodegradation evidence.,Background or likely non-microbial/non-specific
Vinclozolin,Enhanced biodegradation of dicarboximide fungicides in soil.pdf,Contents lists available at ScienceDirect,10.1016/j.jhazmat.2020.123888,2018; 2019; 2020; 2021,Brevundimonas Mercadier; J3 colony is Paenarthrobacter; JD and Pseudomonas paucimobilis; Paenarthrobacter sp. YJN-5. Appl; SRS16 in pure culture; SRS2. Appl. Ghazali,114,13,33,candidate_gene/enzyme_plus_pathway,,,/Volumes/WENTBROKE/Pesticide degradation database/pesticidepdf/Vinclozolin/PesticideDB_curation_Vinclozolin_20260707,0,0,0,0,0,0,0,,23,Low,Keep as background unless title/snippet clearly shows biodegradation evidence.,Background or likely non-microbial/non-specific
Thiophanate-Methyl,The effects of pesticide mixtures on degradation of pendimethalin in soils..pdf,Environ Monit Assess (2012) 184:3077–3084,10.1007/s10661-011-2172-x,2009; 2010; 2011; 2012,,44,1,8,candidate_gene/enzyme_plus_pathway,,,/Volumes/WENTBROKE/Pesticide degradation database/pesticidepdf/Thiophanate-Methyl/PesticideDB_curation_Thiophanate_Methyl_20260707,1,1,1,0,1,0,0,"hiametoxam 35.6 ab 54.4 ab that mancozeb could influence the biodegradation of Pendimethalin+metribuzin 28.7 a 37.7 ab PDM in soil, too. The effect of different herbicides, Pendimethalin+mancozeb 46.1 b 63.9 b fungicides, and insecticides on the degradation of PDM Pendimethalin+thiametoxam+ 62.2 c 63.3 b in the soil was investigated by Plieth and Börner mancozeb (1985). The results showed that in presence of a, b, c—means in the column marked by the same letters they mecoprop salt, triadimefon, thiophanate methyl, brodo not differ significantly mophos, and oxydementon methyl did not influence * p=0.05; level of significance (Tukey test) the decomposition of PDM in field conditions. The Environ Monit Assess (2012) 184:3077–3084 3081 Fig. 1 Dissipation of pendimethalin alone and in 2,0 2,0 mixture with mancozeb and Pendimethalin concentration thiametoxam in soils under 60% of field capacit",22,Low,Keep as background unless title/snippet clearly shows biodegradation evidence.,Background or likely non-microbial/non-specific
Triazophos,"Biodegradation mechanism of 1H-1,2,4-triazole by a newly isolated strain Shinella sp. NJUST26..pdf",www.nature.com/scientificreports,10.1038/srep29675,2013; 2014; 2015; 2016,Ch06; NJUST26 appeared ivory white; NJUST26 capable of utilizing; NJUST26 was constructed from; NJUST26 was designated as; NJUST26 was inoculated in,178,10,55,candidate_gene/enzyme_plus_pathway,,,/Volumes/WENTBROKE/Pesticide degradation database/pesticidepdf/Triazophos/PesticideDB_curation_Triazophos_20260707,3,3,3,1,4,0,0,"be an effective method to achieve high removal efficiency12. However, species capable of degrading TZ has never been reported previously. Therefore, the isolation of species capable of degrading TZ is rather crucial for formulating an effective stratege for the bioremediation of TZ contaminants. Some species, such as Bacillus12, Enterobacter and Serratia13, Kitasatospora and Streptomyces14, Pseudomonas15, Trichoderma16 and Shinella17, have been reported to degrade the derivatives of TZ, such as triazophos, tebuconazole, ipconazole, propiconazole and Jiangsu Key Laboratory of Chemical Pollution Control and Resources Reuse, School of Environmental and Biological Engineering, Nanjing University of Science and Technology, Nanjing 210094, Jiangsu Province, China. Correspondence and requests for materials should be addressed to J.S. (email: shenjinyou@mail.njust.edu.cn) or L.W. (email: wanglj@",22,Low,Keep as background unless title/snippet clearly shows biodegradation evidence.,Background or likely non-microbial/non-specific
Fenamiphos,"Analytical method validation, dissipation and safety evaluation of combination fungicides fenamidoneâ€‰+â€‰mancozeb and iprovalicarbâ€‰+â€‰propineb inon tomato..pdf",J Food Sci Technol (June 2020) 57(6):2061–2069,10.1007/s13197-020-04240-9,2017; 2018; 2019; 2020,,5,2,15,candidate_gene/enzyme_plus_pathway,,,/Volumes/WENTBROKE/Pesticide degradation database/pesticidepdf/Fenamiphos/PesticideDB_curation_Fenamiphos_20260707,0,0,0,0,0,0,0,,20,Low,Keep as background unless title/snippet clearly shows biodegradation evidence.,Background or likely non-microbial/non-specific
Imazamox,Characterization of Acetamiprid Biodegradation by the Microbial Consortium ACE-3 Enriched From Contaminated Soil..pdf,published: 08 July 2020,10.1002/clen; 10.1002/jctb.4577; 10.1002/ps.1046; 10.1002/ps.2174,2017; 2018; 2019; 2020,AAP-1 Schloss; AAP-1 isolated from soil; ATA1 using co-metabolism. Bioremediat; D-2; IM-2. J. Agr. Food; Pigmentiphaga sp. D-2,255,21,59,candidate_gene/enzyme_plus_pathway,,,/Volumes/WENTBROKE/Pesticide degradation database/pesticidepdf/Imazamox/PesticideDB_curation_Imazamox_20260707,2,2,2,1,3,0,0,"es, Stenotrophomonas maltophilia D310-3 has the ability of such as microbial modification and evolution, multicellular efficiently degrading chlorimuron-ethyl, producing eight immobilization and microfluidic screening (Emelyanova et al., degradation products (Zang et al., 2016). Enterobacter sp. 2017; Chen et al., 2019). However, there is no doubt that and Acinetobacter baumannii can degrade pesticides and the microbial consortium ACE-3 screened in this work has pesticide intermediates, such as imazamox, p-hydroxyphenyl great application potential for acetamiprid removal in actual acetate, and phenol (Sharma T. et al., 2014; Liu et al., 2016; contaminated soil and water environments in the future. Thotsaporn et al., 2016). In order to elucidate the mechanisms of pesticide biodegradation, the bacterial diversity of many pesticide- CONCLUSION degrading consortia has recently been deciphere",19,Low,Keep as background unless title/snippet clearly shows biodegradation evidence.,Background or likely non-microbial/non-specific
Vinclozolin,Determination of impurities in pesticides and their degradation products formed during the wine-making process by solid-phase extraction and gas chromatography with detection by electron impact mass spectrometry. I. Vincloz.pdf,RAPID COMMUNICATIONS IN MASS SPECTROMETRY,10.1002/rcm.1383,1999; 2001; 2003; 2004,,34,1,60,candidate_gene/enzyme_plus_pathway,,,/Volumes/WENTBROKE/Pesticide degradation database/pesticidepdf/Vinclozolin/PesticideDB_curation_Vinclozolin_20260707,0,0,0,0,0,0,0,,19,Low,Keep as background unless title/snippet clearly shows biodegradation evidence.,Background or likely non-microbial/non-specific
Abamectin,Release and Degradation of Microencapsulated Spinosad and Emamectin Benzoate..pdf,www.nature.com/scientificreports,10.1021/acs.jafc.7b01295; 10.1038/s41598-017-11419-2,2013; 2014; 2016; 2017,,31,2,20,candidate_gene/enzyme_plus_pathway,,,/Volumes/WENTBROKE/Pesticide degradation database/pesticidepdf/Abamectin/PesticideDB_curation_Abamectin_20260707,2,0,1,0,1,0,0,,18,Low,Keep as background unless title/snippet clearly shows biodegradation evidence.,Background or likely non-microbial/non-specific
Vinclozolin,Environmental hormone disruptors evidence that vinclozolin developmental toxicity is mediated by antiandrogenic metabolites..pdf,Environmental hormone disruptors evidence that vinclozolin developmental toxicity is mediated by antiandrogenic metabolites.,,,,0,0,0,unreadable,,,/Volumes/WENTBROKE/Pesticide degradation database/pesticidepdf/Vinclozolin/PesticideDB_curation_Vinclozolin_20260707,0,0,0,0,0,1,1,,18,Low,Keep as background unless title/snippet clearly shows biodegradation evidence.,Background or likely non-microbial/non-specific
Phosmet,An efficient catalytic degradation of trichloroethene in a percarbonate system catalyzed by ultra-fine heterogeneous zeolite supported zero valent iron-nickel bimetallic composite..pdf,Applied Catalysis A: General 531 (2017) 177–186,10.1016/j.apcata.2016.11; 10.1016/j.apcata.2016.11.001,2014; 2015; 2016; 2017,,70,45,21,candidate_gene/enzyme_plus_pathway,,,/Volumes/WENTBROKE/Pesticide degradation database/pesticidepdf/Phosmet/PesticideDB_curation_Phosmet_20260707,1,0,0,1,1,0,0,,17,Low,Keep as background unless title/snippet clearly shows biodegradation evidence.,Background or likely non-microbial/non-specific
Thiamethoxam,Cardiotoxicity and myocardial infarction-associated DNA damage induced by thiamethoxam in vitro and in vivo Protective role of Trigonella foenum-graecum seed-derived polysaccharide..pdf,Received: 20 June 2018 Revised: 24 October 2018 Accepted: 3 November 2018,10.1002/tox.22682,2017; 2018; 2019; 2025,,35,64,20,candidate_gene/enzyme_plus_pathway,,,/Volumes/WENTBROKE/Pesticide degradation database/pesticidepdf/Thiamethoxam/PesticideDB_curation_Thiamethoxam_20260707,8,0,0,2,3,0,0,,17,Low,Keep as background unless title/snippet clearly shows biodegradation evidence.,Background or likely non-microbial/non-specific
Thiamethoxam,Non-Metal Doped Titania Photocatalysts for the Degradation of Neonicotinoid Insecticides Under Visible Light Irradiation.pdf,Nanoscience and Nanotechnology,10.1166/jnn.2018.14643,2011; 2012; 2015; 2018,,48,2,2,candidate_gene/enzyme_plus_pathway,,,/Volumes/WENTBROKE/Pesticide degradation database/pesticidepdf/Thiamethoxam/PesticideDB_curation_Thiamethoxam_20260707,5,4,1,1,4,0,0,"catalysts were characterized by using various instrumental techniques such as X-ray diffraction (XRD), UV-Diffuse reflectance spectroscopy (UV-DRS), Scanning Electron Microscopy (SEM), Transmission Electron Microscopy (TEM) and X-ray photoelectron spectroscopy (XPS). Nanosize of titania was confirmed by both XRD and TEM studies. Visible light inactivity of TiO2 is overcome by C, N, B, F doped titania catalysts in the degradation of neonicotinoid type insec ticides namely imidacloprid (IMI) and thiamethoxam (TMX). The degradation efficiencies of the catalysts under different irradiations namely UV, visible and solar were compared. Among the cat IP: 87.116.182.185 alysts, CNBF/TiO2 degraded On:atMon, IMI completely 150,18240Jun 2018 and 330 23:05:56 min whereas TMX has been Copyright: American Scientific Publishers degraded completely at 210, 270 and 420 min under UV, solar and visible ir",17,Low,Keep as background unless title/snippet clearly shows biodegradation evidence.,Background or likely non-microbial/non-specific
Thiamethoxam,pH-sensitive thiamethoxam nanoparticles based on bimodal mesoporous silica for improving insecticidal efficiency..pdf,pH-sensitive thiamethoxam,10.1002/adma.201602111; 10.1002/anie.201002639; 10.1007/s10311-017; 10.1007/s13204-018-0745-5,2018; 2019; 2020; 2021,,5,5,3,candidate_gene/enzyme_plus_pathway,,,/Volumes/WENTBROKE/Pesticide degradation database/pesticidepdf/Thiamethoxam/PesticideDB_curation_Thiamethoxam_20260707,9,0,0,1,3,1,0,,17,Low,Keep as background unless title/snippet clearly shows biodegradation evidence.,Background or likely non-microbial/non-specific
Triazophos,Mechanisms of oxidative response during biodegradation of malathion by S. oneidensis MR-1..pdf,Environmental Science and Pollution Research (2024) 31:16832–16845,10.1007/s11356-024-32283-4,2021; 2022; 2023; 2024,FO-36bT; KCTC; MAGK3; Ml-1. Arch Biol Sci; Oxidative stress measurement Conservation; Scytonema sp. BHUS-5. via,100,49,25,candidate_gene/enzyme_plus_pathway,,,/Volumes/WENTBROKE/Pesticide degradation database/pesticidepdf/Triazophos/PesticideDB_curation_Triazophos_20260707,1,0,1,0,1,0,0,,17,Low,Keep as background unless title/snippet clearly shows biodegradation evidence.,Background or likely non-microbial/non-specific
Fenamiphos,Dynamics and residues of mixed formulation of fenamidone and mancozeb in gherkin field ecosystem..pdf,Ecotoxicology and Environmental Safety 98 (2013) 292–296,10.1016/j.ecoenv.2013.08.006,2007; 2010; 2012; 2013,,6,0,13,candidate_pathway/metabolite,,,/Volumes/WENTBROKE/Pesticide degradation database/pesticidepdf/Fenamiphos/PesticideDB_curation_Fenamiphos_20260707,0,0,0,0,0,0,0,,15,Low,Keep as background unless title/snippet clearly shows biodegradation evidence.,Background or likely non-microbial/non-specific
Teflubenzuron,Environmental Impact of Xenobiotic Aromatic Compounds and Their Biodegradation Potential in iComamonas testosteronii..pdf,Environmental Impact of Xenobiotic Aromatic Compounds and,10.3390/ijms252413317,2021; 2022; 2023; 2024,BR6020. J. Bacteriol. 2006; CNB-1; CNB-1. Appl. Environ. Microbiol; CNB-1. Environ. Microbiol. 2007; E6 and discovery of; E6. Appl. Environ. Microbiol,140,65,94,candidate_gene/enzyme_plus_pathway,,,/Volumes/WENTBROKE/Pesticide degradation database/pesticidepdf/Teflubenzuron/PesticideDB_curation_Teflubenzuron_20260707,6,0,0,0,2,0,0,,11,Low,Keep as background unless title/snippet clearly shows biodegradation evidence.,Background or likely non-microbial/non-specific
Glufosinate-Ammonium,The Potyvirus Silencing Suppressor Protein VPg Mediates Degradation of SGS3 via Ubiquitination and Autophagy Pathways..pdf,VIRUS-CELL INTERACTIONS,10.1006/viro.1996.0344; 10.1007/978-3-319-32919-2_1; 10.1007/s11105-013-0670-4; 10.1016/S0092,2014; 2015; 2016; 2017,AH109; GV3101 containing proper constructs,46,191,36,candidate_gene/enzyme_plus_pathway,,,/Volumes/WENTBROKE/Pesticide degradation database/pesticidepdf/Glufosinate-Ammonium/PesticideDB_curation_Glufosinate_Ammonium_20260707,1,1,0,1,2,0,0,"SALK_001394) mutants were obtained from the Arabidopsis Biological Resource Center (ABRC) at The Ohio State University. Screening for homozygousmutation lines was performed essentially as described previously (78, 79). Arabidopsis (ecotype Col-0) plants were transformed by the ﬂoral-dip method (80). Transformants were screened by direct spraying January 2017 Volume 91 Issue 1 e01478-16 jvi.asm.org 12 Potyvirus VPg Mediates SGS3 Degradation Journal of Virology of solutions containing 20 mg/liter glufosinate-ammonium or 1/2⫻ Murashige & Skoog (MS) medium supplied with 15 ␮g/ml hygromycin B and then further conﬁrmed by PCR. Plasmid constructs. All plasmids used in this work were constructed by using Gateway technology (Invitrogen, Burlington, Ontario, Canada). TuMV genes were ampliﬁed by using the TuMV-GFP infectious clone (GenBank accession no. NC_002509) as the template. SGS3 (At5g23570)",8,Low,Keep as background unless title/snippet clearly shows biodegradation evidence.,Background or likely non-microbial/non-specific
Quintozene,Bioaccumulation and degradation of pentachloronitrobenzene in Medicago sativa..pdf,Contents lists available at SciVerse ScienceDirect,10.1007/s11356-012-0991-0; 10.1016/j.jenvman.2013.02.004,2010; 2011; 2012; 2013,,60,34,7,candidate_gene/enzyme_plus_pathway,,,/Volumes/WENTBROKE/Pesticide degradation database/pesticidepdf/Quintozene/PesticideDB_curation_Quintozene_20260707,1,1,1,0,2,0,0,"e altered after PCNB exposure. The URE, PPO, ALP and ACP activities were increased in soil following the planting of alfalfa. The objective of the study was to analyze the potential of different cultivars of alfalfa to accumulate and degrade PCNB from the contaminated soil. Ó 2013 Elsevier Ltd. All rights reserved. 1. Introduction scientists and engineers working in this ﬁeld. To date, only a few reports indicated that several fungi and actinomycetes are able to Pentachloronitrobenzene (PCNB or Quintozene) is an organo- degrade PCNB (Torres et al., 1996; Lièvremont et al., 1998; Li et al., chlorine fungicide used for seed dressing and soil treatment in 2011). Studies on clear-up of persistent organic pollutions have agricultural management. It is used extensively in recent years for been performed and showed as a possible treatment strategy crop production (Wen et al., 2010). Although PC",8,Low,Keep as background unless title/snippet clearly shows biodegradation evidence.,Background or likely non-microbial/non-specific
Thiamethoxam,The impact of inorganic salts on the ultrasonic degradation of contaminants A review..pdf,Ultrasonics Sonochemistry 111 (2024) 107076,10.1002/0471649643; 10.1002/9781118131473; 10.1002/clen.201400508; 10.1007/978-90-481-3887-6_13,2021; 2022; 2023; 2024,,297,34,42,candidate_gene/enzyme_plus_pathway,,,/Volumes/WENTBROKE/Pesticide degradation database/pesticidepdf/Thiamethoxam/PesticideDB_curation_Thiamethoxam_20260707,3,3,0,0,3,0,0,ondary radicals All salt types decreased rate with al [44] (est) power: 23 W Na2SO4 NaNO2 inhibiting rate the most and NaHCO3 Na2SO4 the least Intensity: 1.83 NaNO2 W/cm2 NaNO3 (continued on next page) H.A. Fernandez and L.K. Weavers Table 2 (continued ) Reference Compound MW logKow Compound Frequency Power/power Salt type Salt Author observations/ Observations or effect of salt (g/ concentration (kHz) intensity/ concentration attributions of results introduction mol) power density Dominguez et Thiamethoxam 291.72 − 0.31 1 µM 578 40 W/Lc NaCl 0.1 & 1 mM Secondary radicals Na2SO4 enhanced degradation. All al [70] Imidacloprid 255.66 0.57 Na2SO4 other salts inhibitory Acetamiprid 222.6 0.8 NaNO3 Salt decreases vapor Thiacloprid 252.7 1.26 K2HPO4 pressure and increases NaHCO3 surface tension Three different river water samples Camargo- Acetaminophen (ACE) 151 0.46 3.31 µM 375 Calorimetric M,8,Low,Keep as background unless title/snippet clearly shows biodegradation evidence.,Background or likely non-microbial/non-specific
Triazophos,Contribution of insect gut microbiota and their associated enzymes in insect physiology and biodegradation of pesticides..pdf,PUBLISHED 14 September 2022,10.1001/archneurol; 10.1001/jamaneurol.2013.6030; 10.1002/agj2.20490; 10.1002/arch.21501,2019; 2020; 2021; 2022,CF-BD. In the presence; CL4 has that are; IM-2. J. Agric. Food; Klebsiella concentrations; Rhodococcus sp. BCH2 and; across several agricultural and,205,204,86,candidate_gene/enzyme_plus_pathway,,,/Volumes/WENTBROKE/Pesticide degradation database/pesticidepdf/Triazophos/PesticideDB_curation_Triazophos_20260707,1,1,1,0,2,0,0,"us bacterial and three were gram-positive bacteria, potentially deleting strains noticed complete degradation of clothianidin (El Khoury deltamethrin up to 100 mg/L. This study concluded that et al., 2022). insecticide-tolerated gut microbiota is enriched with nutrients For the biodegradation of multi-pesticides such as and is considered a powerful tool for the remediation of various chlorpyriphos, cypermethrin, malathion, quinalphos, and kinds of pollutants from the ecosystem (Özdal and Algur, triazophos, 13 indigenous microbial species were isolated from 2020). An indigenous rod-shaped gram-negative bacterium was the gut of the cotton bollworm (Helicoverpa armigera) and isolated from the digestive tract of a grasshopper (Poecilimon tested for their degradation efficiency. After physiochemical, tauricola) for the potential biodegradation of α-endosulfan morphological and 16S rRNA sequen",8,Low,Keep as background unless title/snippet clearly shows biodegradation evidence.,Background or likely non-microbial/non-specific
Triazophos,A Comprehensive Review of Multifunctional Nanozymes for Degradation and Detection of Organophosphorus Pesticides in the Environment..pdf,A Comprehensive Review of Multifunctional Nanozymes for,10.3390/toxics; 10.3390/toxics12120926,2022; 2023; 2024; 2025,,82,78,21,candidate_gene/enzyme_plus_pathway,,,/Volumes/WENTBROKE/Pesticide degradation database/pesticidepdf/Triazophos/PesticideDB_curation_Triazophos_20260707,8,1,0,4,5,0,0,"hows the application and performance of metal oxide nanozymes in the degradation and detection of organophosphorus pesticides. Table 4. Degradation and detection performance of metal oxide nanozymes for organophospho rus pesticides. Serial Nanozyme Target Compound Linear Range Detection Limit Degradation Property Reference Number 1 CuO NPs Malathion 0.1~5 mg L−1 0.08 mg L−1 [52] 2 GeO2 NPs Paraoxon 0.1~50 pM 14 fM [47] Fenitrothion, Chlorpyrifos, Identify organophosphorus 3 Ag2 O NPs Omethoate, Triazophos, pesticides at concentrations [53] Methyl parathion, Trichlorfon as low as 10 ng mL−1 γ-MnOOH 5~50 ng mL−1 ; 4 Omethoate; Dichlorvos 0.35 ng mL−1 ; 0.14 ng mL−1 [54] NWs 1~10 ng mL−1 PEC mode: PEC mode: 0.017 ng mL−1 ; 0.0001~0.5 µmol L−1 ; 5 MO@FHO Malathion colorimetric mode: [55] colorimetric mode: 0.8 nmol L−1 0.001~50 µmol L−1 Rapid hydrolysis was achieved at low 6 CeO2 @NC Paraoxo",6,Low,Keep as background unless title/snippet clearly shows biodegradation evidence.,Background or likely non-microbial/non-specific
Triazophos,Microbial degradation of halogenated aromatics molecular mechanisms and enzymatic reactions..pdf,Microbial degradation of halogenated aromatics:,10.1002/anie.201904923; 10.1002/cbic.201900413; 10.1111/1751-7915.13488,2019; 2020; 2025; 2027,Aerono- Palfey; CBDB1; CBDB1 characterization; CBDB1. Appl Envi- Anaerobic; DCMB5; DCMB5 is capable of,261,342,174,candidate_gene/enzyme_plus_pathway,,,/Volumes/WENTBROKE/Pesticide degradation database/pesticidepdf/Triazophos/PesticideDB_curation_Triazophos_20260707,1,1,1,1,3,0,1,"from the TfdA reaction, 2,4-dichlorophenol opdB gene to result in 3,5,6-trichloro-2-pyridinol and is a substrate for the next enzyme in the operon, diethylphosphate as products (green reaction in Fig. 3B). 2,4-dichlorophenol hydroxylase which further hydroxy- OpdB hydrolase also has a broad spectrum of substrate lates 2,4-DCP to generate the hydroxylated product utilization, allowing it to hydrolyse various organophos(blue reaction in Fig. 3A) (Fukumori and Hausinger, phate pesticides including triazophos, parathion, isocar1993a,b; Saari and Hausinger, 1998; Hegg et al., 1999; bophos, profenofos, malathion, cadusafos, methidathion Dunning Hotopp and Hausinger, 2002). Additionally, the and dimethoate. Some of the products, such as 3,5,6-tritfd genes for the degradation of 2,4-D were also found in chloro-2-pyridinol can be further degraded by enzymes diverse bacteria that contain 2,4-D deg",6,Low,Keep as background unless title/snippet clearly shows biodegradation evidence.,Background or likely non-microbial/non-specific
Glufosinate-Ammonium,Co-option of an extracellular protease for transcriptional control of nutrient degradation in the fungus Aspergillus nidulans..pdf,https://doi.org/10.1038/s42003-021-02925-1 OPEN,10.1038/s42003-021-02925-1,2018; 2019; 2020; 2021,Genotypea Origin; MH1103636. Aspergillus nitrogen-free medium; after four selective advantage; construction. Nat. Equipment Grant; constructions described below used; contains two distinct regulatory,25,144,12,candidate_gene/enzyme_plus_pathway,,,/Volumes/WENTBROKE/Pesticide degradation database/pesticidepdf/Glufosinate-Ammonium/PesticideDB_curation_Glufosinate_Ammonium_20260707,0,0,0,0,1,0,0,,5,Low,Keep as background unless title/snippet clearly shows biodegradation evidence.,Background or likely non-microbial/non-specific
Glufosinate-Ammonium,Gibberellin-mediated RGA-LIKE1 degradation regulates embryo sac development in Arabidopsis..pdf,doi:10.1093/jxb/eraa395 Advance Access Publication 26 August 2020,10.1093/jxb/eraa395,2016; 2018; 2019; 2020,to 405 nm and,30,138,11,candidate_gene/enzyme_plus_pathway,,,/Volumes/WENTBROKE/Pesticide degradation database/pesticidepdf/Glufosinate-Ammonium/PesticideDB_curation_Glufosinate_Ammonium_20260707,0,0,0,0,1,0,0,,5,Low,Keep as background unless title/snippet clearly shows biodegradation evidence.,Background or likely non-microbial/non-specific
Quintozene,Abiotic degradation of pentachloronitrobenzene by Fe(III) reactions on goethite and iron oxide nanoparticles..pdf,"Environ. Sci. Technol. 2004, 38, 4353-4360",10.1021/es035434j,2001; 2002; 2003; 2004,,26,5,16,candidate_gene/enzyme_plus_pathway,,,/Volumes/WENTBROKE/Pesticide degradation database/pesticidepdf/Quintozene/PesticideDB_curation_Quintozene_20260707,0,0,0,0,1,0,0,,5,Low,Keep as background unless title/snippet clearly shows biodegradation evidence.,Background or likely non-microbial/non-specific
Quintozene,Effective biodegradation of pentachloronitrobenzene by a novel strain Peudomonas putida QTH3 isolated from contaminated soil..pdf,Ecotoxicology and Environmental Safety 182 (2019) 109463,10.1002/1097; 10.1002/jssc.200800737; 10.1007/s00128-019; 10.1007/s00253-018-09583-0,2016; 2017; 2018; 2019,Delftia sp. T3-6 and; GF31 on; PD653 can de- successful; PD653 is still a; PD653 under strict aerobic; PD653. Appl. Environ. Microbiol,156,54,48,candidate_gene/enzyme_plus_pathway,,,/Volumes/WENTBROKE/Pesticide degradation database/pesticidepdf/Quintozene/PesticideDB_curation_Quintozene_20260707,0,0,0,0,1,0,0,,5,Low,Keep as background unless title/snippet clearly shows biodegradation evidence.,Background or likely non-microbial/non-specific
Teflubenzuron,A broad-spectrum analysis of the effects of teflubenzuron exposure on the biochemical activities and microbial community structure of soil..pdf,Contents lists available at SciVerse ScienceDirect,10.1016/j.jenvman.2012.05.002,2009; 2010; 2011; 2012,ZS-S-01 and its particle-size,39,31,14,candidate_gene/enzyme_plus_pathway,,,/Volumes/WENTBROKE/Pesticide degradation database/pesticidepdf/Teflubenzuron/PesticideDB_curation_Teflubenzuron_20260707,0,0,0,0,1,0,0,,5,Low,Keep as background unless title/snippet clearly shows biodegradation evidence.,Background or likely non-microbial/non-specific
Thiophanate-Methyl,Changed degradation behavior of pesticides when present in mixtures..pdf,Eco-Environment & Health 1 (2022) 23–30,10.1007/BF02716843; 10.1007/s00374-002-0485-1; 10.1007/s10311-014-0458-2; 10.1007/s10646-006-0099-8,2019; 2020; 2021; 2022,,77,28,27,candidate_gene/enzyme_plus_pathway,,,/Volumes/WENTBROKE/Pesticide degradation database/pesticidepdf/Thiophanate-Methyl/PesticideDB_curation_Thiophanate_Methyl_20260707,0,0,0,0,1,0,0,,5,Low,Keep as background unless title/snippet clearly shows biodegradation evidence.,Background or likely non-microbial/non-specific
Trifloxystrobin,Detoxification Esterase StrH Initiates Strobilurin Fungicide Degradation in iHyphomicrobiumi sp. Strain DY-1..pdf,Detoxiﬁcation Esterase StrH Initiates Strobilurin Fungicide,10.1002/etc.3520; 10.1002/ps.520; 10.1006/meth.2001.1262; 10.1007/BF01731581,2018; 2019; 2020; 2021,AC100. Appl Environ Microbiol; CCH1 and Cupriavidus sp; CCH2; CCH2 were able to; CM2T and development of; D47 and characterization of,92,151,36,candidate_gene/enzyme_plus_pathway,,,/Volumes/WENTBROKE/Pesticide degradation database/pesticidepdf/Trifloxystrobin/PesticideDB_curation_Trifloxystrobin_20260707,0,0,0,0,1,0,0,,5,Low,Keep as background unless title/snippet clearly shows biodegradation evidence.,Background or likely non-microbial/non-specific
Fenamiphos,"Determination of famoxadone, fenamidone, fenhexamid and iprodione residues in greenhouse tomatoes..pdf",Received: 19 May 2011 Revised: 22 August 2011 Accepted article published: 22 August 2011 Published online in Wiley Online Library: 18 November 2011,10.1002/ps.2287,2010; 2011; 2012; 2025,,7,4,14,candidate_gene/enzyme_plus_pathway,,,/Volumes/WENTBROKE/Pesticide degradation database/pesticidepdf/Fenamiphos/PesticideDB_curation_Fenamiphos_20260707,0,0,0,0,1,0,0,,4,Low,Keep as background unless title/snippet clearly shows biodegradation evidence.,Background or likely non-microbial/non-specific
Glufosinate-Ammonium,"Chromatographic Methods for the Determination of Glyphosate in Cereals Together with a Discussion of Its Occurrence, Accumulation, Fate, Degradation, and Regulatory Status..pdf",Chromatographic Methods for the Determination of Glyphosate,10.3390/mps7030038,2021; 2022; 2023; 2024,,47,29,98,candidate_gene/enzyme_plus_pathway,,,/Volumes/WENTBROKE/Pesticide degradation database/pesticidepdf/Glufosinate-Ammonium/PesticideDB_curation_Glufosinate_Ammonium_20260707,2,1,0,0,2,0,0,"osate and its main metabolite, aminomethylphosphonic acid, in edible oils, by liquid chromatography coupled with electrospray tandem mass spectrometry. Food Addit. Contam. A 2019, 36, 1376–1384. [CrossRef] [PubMed] 112. Zhang, P.; Rose, M.; Van Zwieten, L. Direct determination of glyphosate and its metabolite AMPA in soil using mixed-mode solid-phase purification and LC-MS/MS determination on a hypercarb column. J. AOAC Int. 2019, 102, 952–965. [CrossRef] [PubMed] 113. Takano, H.K.; Dayan, F.E. Glufosinate-ammonium: A review of the current state of knowledge. Pest Manag. Sci. 2020, 76, 3911–3925. [CrossRef] [PubMed] 114. Hoerlein, G. Glufosinate (phosphinothricin), a natural amino acid with unexpected herbicidal properties. Rev. Environ. Contam. Toxicol. 1994, 138, 73–145. [CrossRef] [PubMed] 115. Koskinen, W.C.; Marek, L.J.; Hall, K.E. Analysis of glyphosate and aminomethylphosphonic ac",4,Low,Keep as background unless title/snippet clearly shows biodegradation evidence.,Background or likely non-microbial/non-specific
Thiamethoxam,Biodegradation of pesticide in agricultural soil employing entomopathogenic fungi Current state of the art and future perspectives..pdf,Contents lists available at ScienceDirect,10.1016/J.CHEMOSPHERE.4.2017.10.011; 10.1016/j.heliyon.2023.e23406,2021; 2022; 2023; 2024,Cladosporium cladosporioides Hu-01; Metarhizium anisopliae was suggested; a pure fungal strain; in response to the; separation and microbial degradation; soil microbes. For fungal,195,134,50,candidate_gene/enzyme_plus_pathway,,,/Volumes/WENTBROKE/Pesticide degradation database/pesticidepdf/Thiamethoxam/PesticideDB_curation_Thiamethoxam_20260707,3,2,3,2,5,0,0,"remodelling Pyrethroids Animals Inhibit 35s-TBPS-specific ligand bind-ing Causes mammalian central nervous [36] system (CNS Nicotinoids Animals Interference with acetylcholine Symptoms of neurotoxicity [39] neurotransmitter signalling causes continuous activation of the receptor Pyrazoles Plants On exposure Plant Necrosis [40] Quinazolines Plants and Animals Oxidative stress, up-regulated transcription DNA damage, damages lipid membranes; [41] liver cancer and enteropatia in humans and wildlife Thiamethoxam Animals, Hydrolysis, hydroxylation, N-acetylation, N- Development of liver cancer [42] Clothianidin demethylation or nitro reduction Dinotefuran Plants, Oxidative cleavage, hydroxylation, Affects respiration, malnutrition, [42] glycosylatio photosynthesis process affects, poor yielding Water, Hydrolysis, photolysis Movement of the pesticide in surface [42] runoff Soil Enters pathways",3,Low,Keep as background unless title/snippet clearly shows biodegradation evidence.,Background or likely non-microbial/non-specific
Fluxapyroxad,"Expanding the use of biobeds Degradation and adsorption of pesticides contained in effluents from seed-coating, bulb disinfestation and fruit-packaging activities..pdf",Contents lists available at ScienceDirect,10.1002/etc.5620211211; 10.1002/jctb.4299; 10.1002/ps; 10.1002/ps.1323,2016; 2017; 2018; 2019,,106,3,17,candidate_gene/enzyme_plus_pathway,,,/Volumes/WENTBROKE/Pesticide degradation database/pesticidepdf/Fluxapyroxad/PesticideDB_curation_Fluxapyroxad_20260707,1,1,0,0,2,0,0,"apor pressure, Log octanol-water partition coeﬃcient (Log Pow)) and environmental fate parameters (Degradation Time 50% (DT50), freundlich adsorption coeﬃcient normalized for organic carbon content (Kfoc)) of the pesticides used in the current study (adapted by the PPDB - Pesticides Properties DataBase). Pesticide Chemical structure Water Solubility (mg L−1) Vapor Pressure (mPa) Log Pow DT50 (days) Kfoc (mL g−1) Carboxin 134 0.02 2.3 0.07–1.68 123–213 Metalaxyl-M 26000 3.3 1.71 1.38–73.1 20–284 Fluxapyroxad 3.44 2.70Ε-06 3.13 53–424 320–1101 Thiabendazole 30 5.30Ε-04 2.39 558-1000a 580–3921 Chlorothalonil 0.81 7.60Ε-02 2.94 0.44–31.6 330–7000 Fludioxonil 1.8 3.90Ε-04 4.12 119–365 7500–210000 a Data from ﬁeld studies. Table 2 and 0.4 mg L−1 for FLD and CHT, respectively) were employed to deThe physicochemical properties of the individual components and the bio- termine the most appropriat",-2,Low,Keep as background unless title/snippet clearly shows biodegradation evidence.,Background or likely non-microbial/non-specific
Thiamethoxam,A facile strategy for photocatalytic degradation of seven neonicotinoids over sulfur and oxygen co-doped carbon nitride..pdf,Contents lists available at ScienceDirect,10.1002/adfm; 10.1007/s11356-017-9240-x; 10.1016/j; 10.1016/j.apcatb,2017; 2018; 2019; 2020,,52,5,6,candidate_gene/enzyme_plus_pathway,,,/Volumes/WENTBROKE/Pesticide degradation database/pesticidepdf/Thiamethoxam/PesticideDB_curation_Thiamethoxam_20260707,3,1,1,0,3,0,0,"rganisms and Received 13 January 2020 ecosystem, yet there are a few of methods to address the residual neonicotinoids in environment. Herein, Received in revised form series of sulfur and oxygen co-doped carbon nitride (SOCNx) were successfully synthesized via one-step 16 March 2020 thermal polymerization and applied in photodegradation of multi-neonicotinoids (dinotefuran, acetAccepted 31 March 2020 Available online 6 April 2020 amiprid, clothianidin, thiacloprid, imidacloprid, nitenpyram and thiamethoxam) simultaneously for the ﬁrst time. Unique tubular structure was observed at the speciﬁc doping ratio, which enhanced both mass Handling Editor: Jun Huang transfer and speciﬁc surface area of graphitic carbon nitride (g-C3N4). The doping process changed the morphology of g-C3N4 materials and also affected its photocatalytic performance. The degradation rate of Keywords: optimized mater",-2,Low,Keep as background unless title/snippet clearly shows biodegradation evidence.,Background or likely non-microbial/non-specific
Thiophanate-Methyl,"Microbial degradation of contaminants of emerging concern metabolic, genetic and omics insights for enhanced bioremediation..pdf",PUBLISHED 19 September 2024,10.1002/9781119068761.app3; 10.1002/bit.27524; 10.1002/ieam.4822; 10.1002/jobm.200900358,2021; 2022; 2023; 2024,ABC02; ABC07; ABC07 C-S bond cleavage; AK-5 differs from that; ATBC28; Acinetobacter baumannii DP-2. Toxics,509,511,315,candidate_gene/enzyme_plus_pathway,,,/Volumes/WENTBROKE/Pesticide degradation database/pesticidepdf/Thiophanate-Methyl/PesticideDB_curation_Thiophanate_Methyl_20260707,1,1,1,1,3,0,0,"ending upon climate and soil stability (Anwar et al., 2009; Bosu et al., 2024). Various 5.3 Carbendazim microorganisms belonging to the genera Arthrobacter, Enterobacter, Xanthomonas, Streptomyces, Stenotrophomonas, Sphingomonas, Carbendazim (methyl N-(1H-benzimidazol-2-yl) carbamate) is Bacillus, Synechocystis, Pseudomonas, Actinobacteria, and a systemic broad-spectrum fungicide, which is also formed as a Klebsiella have been identiﬁed as potential chlorpyrifos degraders degradation product of thiophanate-methyl and benomyl fungicides (Singh, 2009; Ambreen and Yasmin, 2021). (Mazellier et al., 2003; Fang et al., 2010). Carbendazim is used Various microorganisms are known to produce metal- worldwide as pre- and post-harvest treatment to control the dependant enzymes (hydrolases) such as organophosphorus Ascomycetes, Fungi imperfecti and Basidiomycetes fungal hydrolase, phosphotriesterase",-2,Low,Keep as background unless title/snippet clearly shows biodegradation evidence.,Background or likely non-microbial/non-specific
Vinclozolin,Targeting Protein Degradation Pathways in Tumors Focusing on their Role in Hematological Malignancies..pdf,Targeting Protein Degradation Pathways in Tumors: Focusing,10.3390/cancers14153778,2019; 2020; 2021; 2022,,167,246,43,candidate_gene/enzyme_plus_pathway,,,/Volumes/WENTBROKE/Pesticide degradation database/pesticidepdf/Vinclozolin/PesticideDB_curation_Vinclozolin_20260707,1,1,0,1,3,0,1,"-M6PR, N-carboxyanhydride-derived 1st generation mAb: cetuximab, epidermal growth factor [138] glycopeptide (EGFR), CD71 and PD-L1 mAb: cetuximab, pertuzumab; liver-specific polyspecific integrin-binding EGFR, HER2, integrins [139] 2nd generation—tissue specific asialoglycoprotein receptor (ASGPR), N- peptide (PIP), acetylgalactosamine (tri-GalNAc) Human macrophage migration Small molecule [140] inhibitory factor (MIF) AUTAC Autophagosome receptor and ligand POI ligand POI Ref. Synthetic PHTPP, vinclozolin, estrogen receptor beta (ERβ), fumagillin, 4-phenylbutyric androgen receptor, MetAP2, [141] LC3, p62 acid (PBA), Anle138b misfolded proteins i.e., tau Fumagillin, synthetic ligand of MetAP2, FK506-binding [142] FKBP (SLF), JQ1 acid protein, Brd4 7. Other Modalities in Targeted Protein Degradation Protein degradation can be prompted by an unfolded protein response via the UPS. One of th",-2,Low,Keep as background unless title/snippet clearly shows biodegradation evidence.,Background or likely non-microbial/non-specific
Abamectin,Degradation strategies of pesticide residue From chemicals to synthetic biology..pdf,Synthetic and Systems Biotechnology 8 (2023) 302–313,10.1002/ep.11626; 10.1002/ieam.4680; 10.1002/js; 10.1002/ps.7403,2021; 2022; 2023; 2026,HM01; Novosphingobium sp FND-3. FEMS; SRS16; by Pseudomonas to improve; can be developed with; exhibits usually more difficult,209,101,57,candidate_gene/enzyme_plus_pathway,,,/Volumes/WENTBROKE/Pesticide degradation database/pesticidepdf/Abamectin/PesticideDB_curation_Abamectin_20260707,2,2,2,2,5,0,0,"kill directly [50]. Moreover, the impact on reproduction can’t be ignored in parasitic worms such as roundworms and threadworms and can be aquatic animals caused by water-soluble pesticides. Atrazine has a sig­ classified as fumigant and non-fumigant. Due to potential environmental nificant impact on aquatic animals and amphibians, which not only af­ hazards, fumigants are going out of focus, while biocontrol agents (e.g., fects the reproductive capacity of frogs but also increases the risk of abamectin) are gaining lots of attention [37]. Abamectin can release myocardial fibrosis in Xenopus laevis [51,52]. As a common EDC in chloride ions into muscle cells, restrain muscle contraction, and paralyze water, triclosan fungicide can disrupt the intermediate steroidogenic and kill nematodes eventually. Some nematicides, such as oxamyl [38], cascade and induce antiandrogenic activity in fish",-9,Low,Keep as background unless title/snippet clearly shows biodegradation evidence.,Background or likely non-microbial/non-specific
Vinclozolin,Targeted Protein Degradation via Lysosomes..pdf,Biochemistry. Author manuscript; available in PMC 2023 June 07.,10.1002/anie.200501428; 10.1002/anie.202109464; 10.1002/bies.201200130; 10.1007/978-3-319-42740-9,2020; 2021; 2022; 2023,,126,187,37,candidate_gene/enzyme_plus_pathway,,,/Volumes/WENTBROKE/Pesticide degradation database/pesticidepdf/Vinclozolin/PesticideDB_curation_Vinclozolin_20260707,1,1,0,1,3,0,0,"her autophagy based chemical tools called AUTOphagy-TArgeting Chimera (AUTOTAC).126 It is a bifunctional molecule which contains an autophagy targeting ligand (ATL) or p62 binding ligand and a target binding ligand (TBL). Autophagy targeting ligands bind to the ZZ domain of the autophagy cargo receptor p62, which Author Manuscript can activate them for self-oligomerization for the autophagosome biogenesis through LC3 interactions. p62 binding ligands follows the N-end rule pathways. PHTPP-1304, Vinclozolin M2 and Fumagillin have been used as target binding ligands (TBLs) for estrogen receptor beta (ERβ), androgen receptors (AR) and methionine aminopeptidase-2 (MetAP2), respectively. The resulting AUTOTACs were able to degrade the respective target proteins in nanomolar range, which was not possible with ATL or TBL alone. AUTOTAC is applicable for the autophagic clearance of a wide range",-10,Low,Keep as background unless title/snippet clearly shows biodegradation evidence.,Background or likely non-microbial/non-specific
Thiamethoxam,Impact of solid particles on cavitation behaviors and laser-induced degradation in aqueous suspension..pdf,Ultrasonics Sonochemistry 76 (2021) 105632,10.1002/ctpp.201800180; 10.1007/s00339-004-3196-7; 10.1007/s00339-013-8193-2; 10.1007/s11665-011,2018; 2019; 2020; 2021,,84,15,0,candidate_gene/enzyme,,,/Volumes/WENTBROKE/Pesticide degradation database/pesticidepdf/Thiamethoxam/PesticideDB_curation_Thiamethoxam_20260707,2,2,0,0,3,0,0,"ng parameters on the degradation efficiency of LC degradation method. period are capable of decomposing the organic dye [7–9]. Saxena [10] Suspension is a common liquid medium in the process of degrada­ investigated the degradation of tannery waste effluent using hybrid tion. On the one hand, untreated sewage contains particles, on the other hydrodynamic cavitation. Patil et al. [11] using ultrasound cavitation to hand, particles may be intentionally added in the liquid, such as solid degradate thiamethoxam together with intensifying additives. However, catalysts. In the study of degradation, cavitation is often combined with limitations exist when using hydrodynamic or ultrasound cavitation, other degradation methods to improve the degradation efficiency [22]. such as complex device and poor controllability [12]. In these cases, catalyst particles may be introduced into the medium. Cavi",-12,Low,Keep as background unless title/snippet clearly shows biodegradation evidence.,Background or likely non-microbial/non-specific
Triazophos,Effects of Ca2+ and fulvic acids on atrazine degradation by nano-TiO2 Performances and mechanisms.pdf,www.nature.com/scientificreports,10.1007/s13762-018-2148-2; 10.1038/s41598-018-38358-w; 10.1038/s41598-019-45086-2,2016; 2017; 2018; 2019,ADP. Environmental Engineering Science,82,8,10,candidate_gene/enzyme_plus_pathway,,,/Volumes/WENTBROKE/Pesticide degradation database/pesticidepdf/Triazophos/PesticideDB_curation_Triazophos_20260707,2,2,1,0,4,0,0,"ggregation degree of nanoparticles in the solutions. Sedimentation experiments of nano-TiO2 particles displayed that the fastest sedimentation was happened in the CaCl2 and FA coexistent system and followed by CaCl2 alone, and the results well demonstrated the photodegradation efficiency trends of atrazine by nano-TiO2 particles under the different sedimentation conditions. Pesticides are still produced in large quantities and used in agricultural pest and weed control. Most pesticides, such as triazophos and amitrole, are refractory organics and pose a potential threat to ecosystems and man where they are applied1,2. As an example, atrazine (2-chloro-4-ethylamino-6-isopropylamino-s-triazine) is one pesti cide that has been prevalently used in weed control3. Due to its widespread use, atrazine has been detected in surface water and groundwater, which may result in pathological damage suc",-15,Low,Keep as background unless title/snippet clearly shows biodegradation evidence.,Background or likely non-microbial/non-specific
Phosmet,Microbial Degradation of Pesticide Residues and an Emphasis on the Degradation of Cypermethrin and 3-phenoxy Benzoic Acid A Review..pdf,Microbial Degradation of Pesticide Residues and an,10.3390/molecules23092313,2016; 2017; 2018; 2025,ADP; ADP used atrazine as; Bacillus Subtilis BSF01 and; CPN 1. Biodegradation 2008; Capable of Metabolizing Phenoxybenzoates; Fusarium sp. HG-P-01 growth,341,86,92,candidate_gene/enzyme_plus_pathway,,,/Volumes/WENTBROKE/Pesticide degradation database/pesticidepdf/Phosmet/PesticideDB_curation_Phosmet_20260707,1,0,0,0,3,0,1,,-19,Low,Keep as background unless title/snippet clearly shows biodegradation evidence.,Background or likely non-microbial/non-specific
Thiamethoxam,Ball milling and acetic acid co-modified sludge biochar enhanced by electrochemistry to activate peroxymonosulfate for sustainable degradation of environmental concentration neonicotinoids..pdf,Contents lists available at ScienceDirect,10.1016/j.jhazmat.2022.130336,2020; 2021; 2022; 2023,,122,38,54,candidate_gene/enzyme_plus_pathway,,,/Volumes/WENTBROKE/Pesticide degradation database/pesticidepdf/Thiamethoxam/PesticideDB_curation_Thiamethoxam_20260707,3,3,0,1,5,0,0,"i.org/10.1016/j.jhazmat.2022.130336 Received 23 August 2022; Received in revised form 23 October 2022; Accepted 4 November 2022 Available online 6 November 2022 0304-3894/© 2022 Elsevier B.V. All rights reserved. Y. Ma et al. Journal of Hazardous Materials 444 (2023) 130336 BASBC/PMS system achieved the sustainable degradation of IMI in the cycle experiments. Additionally, it exhibited excellent degradation performance for other three typical neonicotinoids (96.6% of thiacloprid (THI), 96.5% of thiamethoxam (THX) and 82.6% of clothianidin (CLO)) with high mineralization efficiencies (87.8% of THI, 90.5% of THX and 75.4% of CLO). 1. Introduction the year of 2020. Landfill and incineration were the main disposal ways of MS at present, which might cause groundwater or air pollution (Liang Nowadays, neonicotinoids had become the fastest growing class of et al., 2021). It was reported that dr",-20,Low,Keep as background unless title/snippet clearly shows biodegradation evidence.,Background or likely non-microbial/non-specific
Glufosinate-Ammonium,Casein Kinase 2 Mediates Degradation of Transcription Factor Pcf1 during Appressorium Formation in the Rice Blast Fungus..pdf,Casein Kinase 2 Mediates Degradation of Transcription Factor,10.3390/jof8020144; 10.3390/jof8020144/s1,2019; 2020; 2021; 2022,DH5; FY834 with a linearized; expressing GFP-PCF1 through ATMT; following a small-scale yeast; through Agrobacterium tumefaciens-mediated transformation,57,169,15,candidate_gene/enzyme_plus_pathway,,,/Volumes/WENTBROKE/Pesticide degradation database/pesticidepdf/Glufosinate-Ammonium/PesticideDB_curation_Glufosinate_Ammonium_20260707,1,0,1,1,4,0,1,,-21,Low,Keep as background unless title/snippet clearly shows biodegradation evidence.,Background or likely non-microbial/non-specific
Quintozene,Application of gamma irradiation in ginseng for both photodegradation of pesticide pentachloronitrobenzene and microbial decontamination..pdf,Contents lists available at ScienceDirect,10.1016/j.jhazmat.2009.11.025,2007; 2008; 2009; 2010,,32,2,30,candidate_gene/enzyme_plus_pathway,,,/Volumes/WENTBROKE/Pesticide degradation database/pesticidepdf/Quintozene/PesticideDB_curation_Quintozene_20260707,1,0,1,0,3,0,0,,-22,Low,Keep as background unless title/snippet clearly shows biodegradation evidence.,Background or likely non-microbial/non-specific
Thiophanate-Methyl,A Novel Cu2OZnO@PET Composite Membrane for the Photocatalytic Degradation of Carbendazim.pdf,A Novel Cu2O/ZnO@PET Composite Membrane for the,10.3390/nano12101724,2020; 2021; 2022; 2025,,143,12,8,candidate_gene/enzyme_plus_pathway,,,/Volumes/WENTBROKE/Pesticide degradation database/pesticidepdf/Thiophanate-Methyl/PesticideDB_curation_Thiophanate_Methyl_20260707,1,1,1,0,4,0,0,"ethyl-2-benzimidazole carbamate is the most widely used creativecommons.org/licenses/by/ active ingredient in the benzimidazole carbamate class of fungicides [1]. This fungicide 4.0/). has protective and curative activity against a wide range of fungal diseases and is the main Nanomaterials 2022, 12, 1724. https://doi.org/10.3390/nano12101724 https://www.mdpi.com/journal/nanomaterials Nanomaterials 2022, 12, 1724 2 of 19 degradation product of other benzimidazole fungicides, such as benomyl and thiophanate methyl [2,3]. Czm is very stable in water (half-life of 5–26 days), wastewater, soil, crops and food, and is toxic to humans, animals and plants [4–6]. Since Czm is identified as a pollutant of water resources where it can accumulate, it is important to study the processes that lead to its detection [7,8], degradation [9] and removal. Currently, sorption [10], radiolytic [3,11] and cat",-28,Low,Keep as background unless title/snippet clearly shows biodegradation evidence.,Background or likely non-microbial/non-specific
Glufosinate-Ammonium,"Herbicidal Ionic Liquids A Promising Future for Old Herbicides Review on Synthesis, Toxicity, Biodegradation, and Efficacy Studies..pdf",This is an open access article published under a Creative Commons Attribution (CC-BY),10.1007/978-3-662-45370-4_11; 10.1016/bs.mim.2014.08.001; 10.1016/bs.mim.2015.04.003; 10.1016/j.colsurfa.2011.12.014,2018; 2019; 2020; 2025,,82,25,47,candidate_gene/enzyme_plus_pathway,,,/Volumes/WENTBROKE/Pesticide degradation database/pesticidepdf/Glufosinate-Ammonium/PesticideDB_curation_Glufosinate_Ammonium_20260707,0,0,0,0,3,0,0,,-31,Low,Keep as background unless title/snippet clearly shows biodegradation evidence.,Background or likely non-microbial/non-specific
Trifloxystrobin,Peer review of the pesticide risk assessment of the active substance trifloxystrobin..pdf,CONCLUSION ON PESTICIDES PEER REVIEW,10.2903/j.efsa.2008.622; 10.2903/j.efsa.2009.1438; 10.2903/j.efsa.2010.1936; 10.2903/j.efsa.2012.2665,2014; 2016; 2017; 2025,,143,16,137,candidate_gene/enzyme_plus_pathway,,,/Volumes/WENTBROKE/Pesticide degradation database/pesticidepdf/Trifloxystrobin/PesticideDB_curation_Trifloxystrobin_20260707,0,0,0,0,3,0,0,,-31,Low,Keep as background unless title/snippet clearly shows biodegradation evidence.,Background or likely non-microbial/non-specific
Triazophos,Ultrasonic-assisted ozone degradation of organic pollutants in industrial sulfuric acid..pdf,Ultrasonics Sonochemistry 86 (2022) 106043,10.1002/aic.690450602; 10.1002/jctb.1816; 10.1007/s12291-014-0446-0; 10.1016/1350-4177(94)00010-P,2019; 2020; 2021; 2022,,56,18,49,candidate_gene/enzyme_plus_pathway,,,/Volumes/WENTBROKE/Pesticide degradation database/pesticidepdf/Triazophos/PesticideDB_curation_Triazophos_20260707,2,2,0,1,5,0,0,"× 330 mm) was made of special engineering plastics with corrosion which was much higher than only ultrasound (6% COD removal) or only resistance to concentrated sulfuric acid. During the experiments, the ozone treatment (7.5% COD removal). Jawale et al. [22] also reported white cylindrical area (Φ80 mm × 190 mm) of the transducer that that the kinetic rate constant of 0.5 × 10− 3 min− 1 using only ozone for generates ultrasound was completely immersed in concentrated sulfuric the degradation of triazophos from wastewater significantly increased to acid. Ultrasound was emitted radially from the ultrasonic transducer 29.3 × 10− 3 min− 1 when ozone was combined with ultrasound. The and the ultrasonic radiation area was large, resulting in a very uniform combined technology of ultrasound and ozone has been applied at the ultrasonic field in sulfuric acid. The ultrasonic output power could be",-33,Low,Keep as background unless title/snippet clearly shows biodegradation evidence.,Background or likely non-microbial/non-specific
Triazophos,"Environmental Occurrence, Toxicity Concerns, and Degradation of Diazinon Using a Microbial System..pdf",published: 01 November 2021,10.1002/etc.4249; 10.1002/jobm.201300576; 10.1007/978-0-387-77030-7_5; 10.1007/s00128-012-0568-0,2018; 2019; 2020; 2021,ADA-23B Bacterium Soil-straw; Apergillus 7; B-14 and its use; B-L is different from; C2; Cladosporium cladosporioides Hu-01. PLoS,309,149,75,candidate_gene/enzyme_plus_pathway,,,/Volumes/WENTBROKE/Pesticide degradation database/pesticidepdf/Triazophos/PesticideDB_curation_Triazophos_20260707,1,1,1,1,5,0,0,"olović et al., 2015; Malakootian et al., 2020). The thick black arrows point to the major degradation products. to pesticide structure, which is capable of degrading triphosphate Stenomonas, Serratia, Burkholderia, Rodanobacteria, Reisella, organophosphorus pesticides, such as phoxim methyl p-p- and Pseudomonas, all use diazinon as the only carbon source, parathion methyl p-p-parathion, while the degradation of which improves the reaction rate and promotes the degradation propiom bromophos and triazophos is relatively slow. Current of diazinon. In addition, bacteria B. altitudinis DB26-R and studies have shown that various bacterial genera, such as B. subtilis subsp., isolated from various plant tissues (endophytic Frontiers in Microbiology | www.frontiersin.org 8 November 2021 | Volume 12 | Article 717286 Wu et al. Microbial Degradation of Diazinon bacteria), have great potential to de",-38,Low,Keep as background unless title/snippet clearly shows biodegradation evidence.,Background or likely non-microbial/non-specific
Thiamethoxam,Insights into the Toxicity and Degradation Mechanisms of Imidacloprid Via Physicochemical and Microbial Approaches..pdf,Insights into the Toxicity and Degradation,10.3390/toxics8030065,2017; 2018; 2019; 2020,BHC1 degrades 78; Bacillus subtilis BSF01 and; Brevibacterium aureum and its; CF2; CW3 from wastewater sludge; MK6 from an Egyptian,322,113,108,candidate_gene/enzyme_plus_pathway,,,/Volumes/WENTBROKE/Pesticide degradation database/pesticidepdf/Thiamethoxam/PesticideDB_curation_Thiamethoxam_20260707,2,2,1,0,6,0,1,"ain of visible infra spectroscopy (VIS) samples, compared to the reference TiO2 film, can improve the removal of pollutants [73]. Additionally, molecularly imprinted titanium dioxide photocatalyst has been synthesized by the sol–gel method, and it has been shown that the degradation rate of insecticide by the impregnated catalyst is faster than that of bare titanium dioxide. Furthermore, in the impregnated catalyst, Ru/TiO2 (1%) degrades three insecticides, namely imidacloprid, acetamiprid, and thiamethoxam, in the shortest time [66]. The higher the impregnation rate of nickel and ruthenium, the smaller the surface area of the titanium dioxide catalyst, and the more significant a difference in the band gap value. In other words, the catalytic efficiency can be improved by decreasing the band gap value. The methods of physical degradation of imidacloprid include illumination, ultrasound,",-43,Low,Keep as background unless title/snippet clearly shows biodegradation evidence.,Background or likely non-microbial/non-specific
Triazophos,Insights into the Toxicity and Degradation Mechanisms of Imidacloprid Via Physicochemical and Microbial Approaches..pdf,Insights into the Toxicity and Degradation,10.3390/toxics8030065,2017; 2018; 2019; 2020,BHC1 degrades 78; Bacillus subtilis BSF01 and; Brevibacterium aureum and its; CF2; CW3 from wastewater sludge; MK6 from an Egyptian,322,113,108,candidate_gene/enzyme_plus_pathway,,,/Volumes/WENTBROKE/Pesticide degradation database/pesticidepdf/Triazophos/PesticideDB_curation_Triazophos_20260707,2,2,0,1,6,0,1,"s and lipid peroxidation in the gills and liver after short exposure [61]. Imidacloprid, dichlorvos (DIC), and atrazine (ATZ) are three widely used commercial pesticides; their combination shows stronger toxicity, high lipid peroxidation, a decreased GSH content, and high antioxidant enzyme activity in all examined tissues, rather than selective sex organ toxicity [62]. It is important to study the combined toxicity of pesticides at low concentrations; for instance, the combined toxic effect of triazophos and imidacloprid on zebrafish (Danio rerio) is more pronounced with the expression of the 26 genes related to oxidative stress, cell apoptosis, immune system, and hypothalamic–pituitary–thyroid and hypothalamic–pituitary–gonadal axes at the mRNA level, and the embryos of zebrafish are more affected by the subsequent synergistic effects [63]. 3. Degradation of Imidacloprid With more and",-43,Low,Keep as background unless title/snippet clearly shows biodegradation evidence.,Background or likely non-microbial/non-specific
Thiamethoxam,Adsorption and Photocatalytic Degradation of Pesticides into Nanocomposites A Review..pdf,Adsorption and Photocatalytic Degradation of Pesticides into,10.3390/molecules27196261,2019; 2020; 2021; 2022,of Toxicity to to; of hazardous hazardous Moderately; strain of Pseudomonas putida; straintoof Toxicity f ofthePseudomonas; to the bacterial of,132,118,61,candidate_gene/enzyme_plus_pathway,,,/Volumes/WENTBROKE/Pesticide degradation database/pesticidepdf/Thiamethoxam/PesticideDB_curation_Thiamethoxam_20260707,4,2,0,2,7,0,1,"T.; Wang, X.; Xu, J.; You, X.; Chen, D.; Wang, F.; Li, Y. Biochemical and genetic toxicity of dinotefuran on earthworms (Eisenia fetida). Chemosphere 2017, 176, 156–164. [CrossRef] 100. Liu, T.; Chen, D.; Li, Y.; Wang, X.; Wang, F. Enantioselective bioaccumulation and toxicity of the neonicotinoid insecticide dinotefuran in earthworms (Eisenia fetida). J. Agric. Food Chem. 2018, 66, 4531–4540. [CrossRef] 101. Wang, Y.; Zhang, Y.; Zeng, T.; Li, W.; Yang, L.; Guo, B. Accumulation and toxicity of thiamethoxam and its metabolite clothianidin to the gonads of Eremias argus. Sci. Total Environ. 2019, 667, 586–593. [CrossRef] [PubMed] Molecules 2022, 27, 6261 24 of 27 102. Addy-Orduna, L.M.; Brodeur, J.C.; Mateo, R. Oral acute toxicity of imidacloprid, thiamethoxam and clothianidin in eared doves: A contribution for the risk assessment of neonicotinoids in birds. Sci. Total Environ. 2019, 650,",-45,Low,Keep as background unless title/snippet clearly shows biodegradation evidence.,Background or likely non-microbial/non-specific
Triazophos,"Pesticide Use and Degradation Strategies Food Safety, Challenges and Perspectives..pdf","Pesticide Use and Degradation Strategies: Food Safety,",10.2861/28995; 10.3390/foods12142709,2020; 2021; 2022; 2023,Aspergillus Niger MCP1; B-14 and its use; Cladosporium cladosporioides Hu-01. PLoS; Is-6. J. Environ. Sci,204,80,111,candidate_gene/enzyme_plus_pathway,,,/Volumes/WENTBROKE/Pesticide degradation database/pesticidepdf/Triazophos/PesticideDB_curation_Triazophos_20260707,1,1,1,1,6,0,1,"lomics, as well as studies of their interactive path ways, named interactomics [186]. Integration of these technologies creates a multi-omic approach that provides a comprehensive understanding of the processes associated with biodegradation [185]. In this respect, it has been reported that CRISPR-Cas, ZFN, and TALEN as gene editing tools utilizing Pseudomonas, Escherichia coli, and Achromobacter sp. can be employed for remediation of chlorpyrifos, methyl-parathion, carbaryl, triph enyltin, and triazophos by constructing a guide RNA (gRNA) for expressing specific genes for the bioremediation [187]. In addition, computational analysis such as molecular dock ing, molecular modeling, and simulation analysis can efficiently determine the fate of degraded metabolites, the structural and functional characterization of OPs degrading enzymes, and their binding properties [188]. Developing an art",-48,Low,Keep as background unless title/snippet clearly shows biodegradation evidence.,Background or likely non-microbial/non-specific
Thiamethoxam,"MoS2 coupled with ball milling co-modified sludge biochar to efficiently activate peroxymonosulfate for neonicotinoids degradation Dominant roles of SO4•-, 1O2 and surface-bound radicals.pdf",Environmental Research 263 (2024) 119983,10.1016/j; 10.1016/j.apcatb.2020.119361; 10.1016/j.bej.2021.108327; 10.1016/j.cej.2019.03.261,2021; 2022; 2023; 2024,,127,42,35,candidate_gene/enzyme_plus_pathway,,,/Volumes/WENTBROKE/Pesticide degradation database/pesticidepdf/Thiamethoxam/PesticideDB_curation_Thiamethoxam_20260707,1,1,0,0,5,0,0,"of IMI by ECOSAR analysis. Additionally, BMSBC exhibited outstanding sustainable catalytic activity towards PMS activation with the well accepted degradation rate of 71.3% for IMI even after five reuse cycles. PMS/BMSBC system also exhibited satisfactory degradation rates (>71.8%) for IMI in various real waters (e.g., sewage effluent and livestock wastewater). Furthermore, PMS/BMSBC system also offered a favorable broad-spectrum elimination perfor­ mance for other typical neonicotinoids (e.g., thiamethoxam, clothianidin, thiacloprid) with the degradation rates over 98%. This study has developed a desirable neonicotinoids purification technology in view of its high degradation/mineralization rate, outstanding detoxification performance, satisfied anti-interference to ambient conditions and sustainable sludge management. 1. Introduction in pest control (Klingelhöfer et al., 2022). Notabl",-54,Low,Keep as background unless title/snippet clearly shows biodegradation evidence.,Background or likely non-microbial/non-specific
Thiamethoxam,Highly efficient heterogeneous photo-Fenton BiOClMIL-100(Fe) nanoscaled hybrid catalysts prepared by green one-step coprecipitation for degradation of organic contaminants..pdf,View Article Online,10.1039/d1ra06549a,2019; 2020; 2021; 2025,,35,32,2,candidate_gene/enzyme_plus_pathway,,,/Volumes/WENTBROKE/Pesticide degradation database/pesticidepdf/Thiamethoxam/PesticideDB_curation_Thiamethoxam_20260707,1,0,0,1,5,0,0,,-58,Low,Keep as background unless title/snippet clearly shows biodegradation evidence.,Background or likely non-microbial/non-specific
Thiamethoxam,Sonoelectrochemical Degradation of Propyl Paraben An Examination of the Synergy in Different Water Matrices..pdf,Environmental Research,10.3390/ijerph17082621,2018; 2019; 2020; 2025,,134,13,27,candidate_gene/enzyme_plus_pathway,,,/Volumes/WENTBROKE/Pesticide degradation database/pesticidepdf/Thiamethoxam/PesticideDB_curation_Thiamethoxam_20260707,2,0,0,0,5,0,0,,-59,Low,Keep as background unless title/snippet clearly shows biodegradation evidence.,Background or likely non-microbial/non-specific
Triazophos,A review on WO3 photocatalysis used for wastewater treatment and pesticide degradation.pdf,Contents lists available at ScienceDirect,10.1002/anie.200802207; 10.1002/pssa.201700218; 10.1002/pssa.201900047; 10.1007/s00128-008-9618-z,2022; 2023; 2024; 2025,,135,23,29,candidate_gene/enzyme_plus_pathway,,,/Volumes/WENTBROKE/Pesticide degradation database/pesticidepdf/Triazophos/PesticideDB_curation_Triazophos_20260707,4,3,0,0,7,0,0,"55 W Xe lamps, [Cat.] = 0.4 g/L, [P] 95 (deg.), ​ [107] %)/g-C3N4 hydrothermal = 5 mg/L, [S2O2− 8 ] = 1 mM, time - 60 min, pH - 5 69 (miner.) FeVWO3/g-C3N4 2.34 (FeVWO3), ​ Co-precipitation Pendimethalin Two visible light 500 W lamps, [Cat.] = 0.05 g/L, [P] = 82.3 0.01347 [1] 2.62 (WO3) 1 mg/L, time - 105 min CeO2(30 %)/WO3 2.7 ​ Hydrothermal Nitenpyram Visible light 570 W Xe lamp, [Cat.] = 0.3 g/L, [P] = 30 100 0.017 [128] mg/L, time - 180 min In2O3(60 %)/WO3 3.02 (In2O3), 2.86 23 Hydrothermal Triazophos 300 W lamp, [Cat.] = 0.667 g/L, [Organic carbon] = 8 78.71 ​ [4] (WO3) mg/L, time - 60 min (1 %)Au/(10 %) 2.40 7.31 Ultrasonication and Thiamethoxam Visible light 250 W lamp, light flux = 30 W/m2, [Cat.] 94.13 ​ [18] CdSe/WO3 photoreduction = 1 g/L, [P] = 0.0685 mM, time - 40 min Heliyon 11 (2025) e40788 Y.N. Kanafin et al. Heliyon 11 (2025) e40788 conditions of the experiment, and how",-60,Low,Keep as background unless title/snippet clearly shows biodegradation evidence.,Background or likely non-microbial/non-specific
Thiamethoxam,"Pesticide Use and Degradation Strategies Food Safety, Challenges and Perspectives..pdf","Pesticide Use and Degradation Strategies: Food Safety,",10.2861/28995; 10.3390/foods12142709,2020; 2021; 2022; 2023,Aspergillus Niger MCP1; B-14 and its use; Cladosporium cladosporioides Hu-01. PLoS; Is-6. J. Environ. Sci,204,80,111,candidate_gene/enzyme_plus_pathway,,,/Volumes/WENTBROKE/Pesticide degradation database/pesticidepdf/Thiamethoxam/PesticideDB_curation_Thiamethoxam_20260707,1,0,0,1,6,0,1,,-65,Low,Keep as background unless title/snippet clearly shows biodegradation evidence.,Background or likely non-microbial/non-specific
Pymetrozine,Synergistic effects of layered Ti3C2TX MXeneMIL-101(Cr) heterostructure as a sonocatalyst for efficient degradation of sulfadiazine and acetaminophen in water.pdf,Ultrasonics Sonochemistry 99 (2023) 106570,10.1016/j; 10.1016/j.apcatb.2018.10.078; 10.1016/j.apcatb.2022.122143; 10.1016/j.cej.2020.126922,2020; 2021; 2022; 2023,,95,28,37,candidate_gene/enzyme_plus_pathway,,,/Volumes/WENTBROKE/Pesticide degradation database/pesticidepdf/Pymetrozine/PesticideDB_curation_Pymetrozine_20260707,2,1,0,0,6,0,0,"25–435, https://doi.org/10.1007/ sonocatalysis using a Co–Fe magnetic carbon xerogel, Ultrasonics Sonochemistry s10854-015-3770-0. 64 (2020), 105045, https://doi.org/10.1016/j.ultsonch.2020.105045. [48] S.Z. Ajabshir, M.S. Morassaei, O. Amiri, M.S. Niasari, L.K. Foong, Nd2Sn2O7 [64] R. Keyikoglu, A. Khataee, H. Lin, Y. Orooji, Vanadium (V)-doped ZnFe layered nanostructures: Green synthesis and characterization using date palm extract, a double hydroxide for enhanced sonocatalytic degradation of pymetrozine, potential electrochemical hydrogen storage material, Ceramics International 46 Chemical Engineering Journal 434 (2022), 134730, https://doi.org/10.1016/j. (2020) 17186–17196, https://doi.org/10.1016/j.ceramint.2020.03.014. cej.2022.134730. [49] L. Wang, L. Zan, WO3 in suit embed into MIL-101 for enhancement charge carrier [65] X. Wang, S. Yu, Z.H. Li, L.L. He, Q.L. Liu, M.Y. Hu, L. Xu",-68,Low,Keep as background unless title/snippet clearly shows biodegradation evidence.,Background or likely non-microbial/non-specific
Triazophos,Effect of intensifying additives on the degradation of thiamethoxam using ultrasound cavitation..pdf,Ultrasonics - Sonochemistry 70 (2021) 105310,10.1016/j.ultsonch.2020.105310,2015; 2016; 2020; 2021,,180,16,58,candidate_gene/enzyme_plus_pathway,,,/Volumes/WENTBROKE/Pesticide degradation database/pesticidepdf/Triazophos/PesticideDB_curation_Triazophos_20260707,1,1,0,0,6,0,0,"mber of H2O2 molecules will the Fenton’s reagent (i.e. conversion of Fe3+ to Fe2+ ions) and better decompose to produce the highly reactive hydroxyl radicals. However, utilization of hydroxyl radicals in presence of US. Similar trend has beyond an optimal value of Fe2+ ions, very high concentration of hy­ been observed by some researchers when US + Fenton process was droxyl radicals will favour the scavenging reactions leading to the re­ applied for the degradation of organic pollutants such as triazophos [3], combination of hydroxyl radicals producing hydrogen peroxide with imidacloprid [5], methomyl [6,10] etc. less oxidative capacity. Sun et al. [29] have studied the ultrasonic degradation of acid black 3.7. Ultrasound cavitation in the presence of photo-Fenton process 1 and have also reported that the degradation efficiency of acid black 1 increases from 57.87% to 97% with an increas",-72,Low,Keep as background unless title/snippet clearly shows biodegradation evidence.,Background or likely non-microbial/non-specific
Thiamethoxam,Degradation of the neonicotinoid pesticide imidacloprid by electrocoagulation and ultrasound..pdf,www.nature.com/scientificreports,10.1038/s41598-024-59568-5,2021; 2022; 2023; 2024,,49,14,24,candidate_gene/enzyme_plus_pathway,,,/Volumes/WENTBROKE/Pesticide degradation database/pesticidepdf/Thiamethoxam/PesticideDB_curation_Thiamethoxam_20260707,1,1,1,0,7,0,0,"2. Imidacloprid was the first neonicotinoid insecticide to be approved for commercial use in the 1990s. It is used in agriculture and horticulture to control grubs and termites and to treat fleas and ticks in animals 3. Although neonicotinoids have excellent insecticidal properties, they are also characterized by high polarity, solubility, and photostability, which can cause them to persist as pollutants in the environment 4. Some of these insecticides, including imidacloprid, clothianidin, and thiamethoxam, have been linked to declines in bee populations and pose a risk to the entire ecosystem 2,5,6. Due to the associated environ mental risks, the use of imidacloprid has recently been banned by European Union regulations (EU, 2018/783). However, the presence of neonicotinoids in aquatic environments due to agricultural runoff and effluents 7,8 indicates the need for an efficient remedia",-82,Low,Keep as background unless title/snippet clearly shows biodegradation evidence.,Background or likely non-microbial/non-specific
Thiamethoxam,A review on WO3 photocatalysis used for wastewater treatment and pesticide degradation.pdf,Contents lists available at ScienceDirect,10.1002/anie.200802207; 10.1002/pssa.201700218; 10.1002/pssa.201900047; 10.1007/s00128-008-9618-z,2022; 2023; 2024; 2025,,135,23,29,candidate_gene/enzyme_plus_pathway,,,/Volumes/WENTBROKE/Pesticide degradation database/pesticidepdf/Thiamethoxam/PesticideDB_curation_Thiamethoxam_20260707,2,1,0,0,7,0,0,"3/g-C3N4 2.34 (FeVWO3), ​ Co-precipitation Pendimethalin Two visible light 500 W lamps, [Cat.] = 0.05 g/L, [P] = 82.3 0.01347 [1] 2.62 (WO3) 1 mg/L, time - 105 min CeO2(30 %)/WO3 2.7 ​ Hydrothermal Nitenpyram Visible light 570 W Xe lamp, [Cat.] = 0.3 g/L, [P] = 30 100 0.017 [128] mg/L, time - 180 min In2O3(60 %)/WO3 3.02 (In2O3), 2.86 23 Hydrothermal Triazophos 300 W lamp, [Cat.] = 0.667 g/L, [Organic carbon] = 8 78.71 ​ [4] (WO3) mg/L, time - 60 min (1 %)Au/(10 %) 2.40 7.31 Ultrasonication and Thiamethoxam Visible light 250 W lamp, light flux = 30 W/m2, [Cat.] 94.13 ​ [18] CdSe/WO3 photoreduction = 1 g/L, [P] = 0.0685 mM, time - 40 min Heliyon 11 (2025) e40788 Y.N. Kanafin et al. Heliyon 11 (2025) e40788 conditions of the experiment, and how the degradation rate responds to changes in dosage can vary across different dosage ranges [59, 107]. 6.2.4. Wastewater matrix The composition of r",-86,Low,Keep as background unless title/snippet clearly shows biodegradation evidence.,Background or likely non-microbial/non-specific
Thiamethoxam,A BaTiO3WS2 composite for piezo-photocatalytic.pdf,https://doi.org/10.1038/s42004-022-00707-2 OPEN,10.1038/s42004-022-00707-2,2019; 2020; 2021; 2022,,139,32,37,candidate_gene/enzyme_plus_pathway,,,/Volumes/WENTBROKE/Pesticide degradation database/pesticidepdf/Thiamethoxam/PesticideDB_curation_Thiamethoxam_20260707,2,2,0,1,8,0,0,"olution resulted in lower degradation more, results prove that in the presence of pure WS2 and BaTiO3, efﬁciency for OFL. Similar results have been reported by Lebikthe OFL degradation stops after 10 min of irradiation, while in the Elhadi et al.42. They studied the effect of heat and ultrasound on presence of the BaTiO3/WS2 composite, the degradation of OFL persulfate activation. Their ﬁndings prove that the rate constant was not stopped. These results can be attributed to the efﬁcient for the thiamethoxam degradation varied from 0.173 min−1 to charge carrier separation in the presence of WS2, which results in 0.153 min−1 in the solution pH value of 6.5 and 3, respectively42. higher production of reactive radical species and increased OFL The reduced degradation efﬁciency can be explained by the fact degradation36. that the highly acidic solution results in the generation of 6 COMMUNICA",-87,Low,Keep as background unless title/snippet clearly shows biodegradation evidence.,Background or likely non-microbial/non-specific
Thiamethoxam,A Critical Review on Metal-Organic Frameworks and Their Composites as Advanced Materials for Adsorption and Photocatalytic Degradation of Emerging Organic Pollutants from Wastewater..pdf,A Critical Review on Metal-Organic Frameworks and,10.3390/polym12112648,2017; 2018; 2019; 2020,,144,29,46,candidate_gene/enzyme_plus_pathway,,,/Volumes/WENTBROKE/Pesticide degradation database/pesticidepdf/Thiamethoxam/PesticideDB_curation_Thiamethoxam_20260707,4,1,0,1,9,0,0,"ommercial sorbents. Their work demonstrates that the crystal structure and the surface functionality of MOFs influence, PFOA adsorption performance. To date, there is yet to be found reports on the photocatalytic degradation of perfluoro compounds using MOFs and composites. Some articles published for photocatalytic degradations of phenols, pesticides, herbicides, and PAHs using MOFs and their composites are found in Table 4. According to a report by Mei et al., 2019, complete mineralization of thiamethoxam was achieved within 60 min of visible light irradiation in the presence of MIL-53(Fe) [190]. Before that, Ahmad et al. (2018) decorated MIL-100(Fe) with for ZnO nanosphere for the degradation of phenol, bisphenol A and atrazine. The introduction of the ZnO into the MOF has boosted its optical property; hence the composite was able to absorb visible light. More than 90% of the pollutan",-106,Low,Keep as background unless title/snippet clearly shows biodegradation evidence.,Background or likely non-microbial/non-specific
Thiophanate-Methyl,"The Application of Multifunctional Metal-Organic Frameworks for the Detection, Adsorption, and Degradation of Contaminants in an Aquatic Environment..pdf",The Application of Multifunctional Metal–Organic Frameworks,10.3390/molecules30061336,2022; 2023; 2024; 2025,,95,27,24,candidate_gene/enzyme_plus_pathway,,,/Volumes/WENTBROKE/Pesticide degradation database/pesticidepdf/Thiophanate-Methyl/PesticideDB_curation_Thiophanate_Methyl_20260707,3,0,0,0,8,0,0,,-109,Low,Keep as background unless title/snippet clearly shows biodegradation evidence.,Background or likely non-microbial/non-specific
