pesticide,evidence_source,pdf_file,probable_title,doi,year,microorganism,evidence_type,gene,enzyme_or_protein,substrate,products_or_metabolites,experimental_method,database_use_recommendation,curator_notes,curation_folder
Thiamethoxam,PDF automated candidate; manual validation required,"(Quasi)-Binomial vs. Gaussian Models to Evaluate Thiamethoxam, Pirimiphos-Methyl, Alpha-Cypermethrin and Deltamethrin on Different Types of Storage Bag Materials Against Ephestia kuehniella Zeller (Lepidoptera Pyralidae) an.pdf",(Quasi)-Binomial vs. Gaussian Models to Evaluate,10.3390/insects; 10.3390/insects12020182,2021,,candidate_gene/enzyme_plus_pathway,,,Thiamethoxam,,,Review against paper before integration,,/Volumes/WENTBROKE/Pesticide degradation database/pesticidepdf/Thiamethoxam/PesticideDB_curation_Thiamethoxam_20260707
Thiamethoxam,PDF automated candidate; manual validation required,A BaTiO3WS2 composite for piezo-photocatalytic.pdf,https://doi.org/10.1038/s42004-022-00707-2 OPEN,10.1038/s42004-022-00707-2,2022,,candidate_gene/enzyme_plus_pathway,,,Thiamethoxam,,,Review against paper before integration,,/Volumes/WENTBROKE/Pesticide degradation database/pesticidepdf/Thiamethoxam/PesticideDB_curation_Thiamethoxam_20260707
Thiamethoxam,PDF automated candidate; manual validation required,"A common neonicotinoid pesticide, thiamethoxam, alters honey bee activity, motor functions, and movement to light..pdf",www.nature.com/scientificreports,10.1007/978-1-4615-2676-6; 10.1007/s00244-007-9071-8,2018,,candidate_gene/enzyme_plus_pathway,,,Thiamethoxam,,,Review against paper before integration,,/Volumes/WENTBROKE/Pesticide degradation database/pesticidepdf/Thiamethoxam/PesticideDB_curation_Thiamethoxam_20260707
Thiamethoxam,PDF automated candidate; manual validation required,"A common neonicotinoid pesticide, thiamethoxam, impairs honey bee flight ability..pdf",www.nature.com/scientificreports,10.1002/(SICI)1096-9063(199704)49:4; 10.1002/etc.3183,2017,,candidate_gene/enzyme_plus_pathway,,,Thiamethoxam,,,Review against paper before integration,,/Volumes/WENTBROKE/Pesticide degradation database/pesticidepdf/Thiamethoxam/PesticideDB_curation_Thiamethoxam_20260707
Thiamethoxam,PDF automated candidate; manual validation required,A Critical Review on Metal-Organic Frameworks and Their Composites as Advanced Materials for Adsorption and Photocatalytic Degradation of Emerging Organic Pollutants from Wastewater..pdf,A Critical Review on Metal-Organic Frameworks and,10.3390/polym12112648,2020,,candidate_gene/enzyme_plus_pathway,,,Thiamethoxam,,,Review against paper before integration,,/Volumes/WENTBROKE/Pesticide degradation database/pesticidepdf/Thiamethoxam/PesticideDB_curation_Thiamethoxam_20260707
Thiamethoxam,PDF automated candidate; manual validation required,A facile strategy for photocatalytic degradation of seven neonicotinoids over sulfur and oxygen co-doped carbon nitride..pdf,Contents lists available at ScienceDirect,10.1002/adfm; 10.1007/s11356-017-9240-x,2020,,candidate_gene/enzyme_plus_pathway,,,Thiamethoxam,,,Review against paper before integration,,/Volumes/WENTBROKE/Pesticide degradation database/pesticidepdf/Thiamethoxam/PesticideDB_curation_Thiamethoxam_20260707
Thiamethoxam,PDF automated candidate; manual validation required,A four-year field program investigating long-term effects of repeated exposure of honey bee colonies to flowering crops treated with thiamethoxam..pdf,A Four-Year Field Program Investigating Long-Term,10.1371/journal.pone.0077193; 10.1371/journal.pone.0077193.g001,2013,,candidate_gene/enzyme_plus_pathway,,,Thiamethoxam,,,Review against paper before integration,,/Volumes/WENTBROKE/Pesticide degradation database/pesticidepdf/Thiamethoxam/PesticideDB_curation_Thiamethoxam_20260707
Thiamethoxam,PDF automated candidate; manual validation required,A review on WO3 photocatalysis used for wastewater treatment and pesticide degradation.pdf,Contents lists available at ScienceDirect,10.1002/anie.200802207; 10.1002/pssa.201700218,2025,,candidate_gene/enzyme_plus_pathway,,,Thiamethoxam,,,Review against paper before integration,,/Volumes/WENTBROKE/Pesticide degradation database/pesticidepdf/Thiamethoxam/PesticideDB_curation_Thiamethoxam_20260707
Thiamethoxam,PDF automated candidate; manual validation required,A toxicokinetic model for thiamethoxam in rats implications for higher-tier risk assessment..pdf,Ecotoxicology (2013) 22:548–557,10.1007/s10646-013-1047-z,2013,,candidate_gene/enzyme_plus_pathway,,,Thiamethoxam,,,Review against paper before integration,,/Volumes/WENTBROKE/Pesticide degradation database/pesticidepdf/Thiamethoxam/PesticideDB_curation_Thiamethoxam_20260707
Thiamethoxam,PDF automated candidate; manual validation required,Adsorption and Photocatalytic Degradation of Pesticides into Nanocomposites A Review..pdf,Adsorption and Photocatalytic Degradation of Pesticides into,10.3390/molecules27196261,2022,of Toxicity to to; of hazardous hazardous Moderately; strain of Pseudomonas putida; straintoof Toxicity f ofthePseudomonas; to the bacterial of,candidate_gene/enzyme_plus_pathway,,,Thiamethoxam,,,Review against paper before integration,,/Volumes/WENTBROKE/Pesticide degradation database/pesticidepdf/Thiamethoxam/PesticideDB_curation_Thiamethoxam_20260707
Thiamethoxam,PDF automated candidate; manual validation required,Adsorption-desorption and degradation of insecticides clothianidin and thiamethoxam in agricultural soils..pdf,Chemosphere 207 (2018) 708e714,10.1016/j.chemosphere.2018.05.139,2018,,candidate_gene/enzyme_plus_pathway,,,Thiamethoxam,,,Review against paper before integration,,/Volumes/WENTBROKE/Pesticide degradation database/pesticidepdf/Thiamethoxam/PesticideDB_curation_Thiamethoxam_20260707
Thiamethoxam,PDF automated candidate; manual validation required,Aerobic Degradation of Clothianidin to 2-Chloro-methyl Thiazole and Methyl 3-(Thiazole-yl) Methyl Guanidine Produced by iPseudomonas stutzerii smk..pdf,"Volume 2019, Article ID 4807913, 12 pages",10.1155/2019/4807913,2019,AAP; AAP-1 isolated from insecticide; BCH; BOD-3; BOD-3 in the phylogenetic; DQ1,candidate_gene/enzyme_plus_pathway,,,Thiamethoxam,,,Review against paper before integration,,/Volumes/WENTBROKE/Pesticide degradation database/pesticidepdf/Thiamethoxam/PesticideDB_curation_Thiamethoxam_20260707
Thiamethoxam,PDF automated candidate; manual validation required,An Aptamer Sensor Based on Alendronic Acid-Modified Upconversion Nanoparticles Combined with Magnetic Separation for Rapid and Sensitive Detection of Thiamethoxam..pdf,An Aptamer Sensor Based on Alendronic Acid-Modified,10.3390/foods14020182; 10.3390/foods14020182/s1,2025,,candidate_gene/enzyme_plus_pathway,,,Thiamethoxam,,,Review against paper before integration,,/Volumes/WENTBROKE/Pesticide degradation database/pesticidepdf/Thiamethoxam/PesticideDB_curation_Thiamethoxam_20260707
Thiamethoxam,PDF automated candidate; manual validation required,"An endophytic bacterial strain, Enterobacter cloacae TMX-6, enhances the degradation of thiamethoxam in rice plants..pdf",Contents lists available at ScienceDirect,10.1016/j.chemosphere.2020.128751,2021,B1B. Appl. Environ. Micro-; Pandey; Sciences; TMX-23 is similar to; TMX-6; TMX-6 2.1. Materials Rice,candidate_gene/enzyme_plus_pathway,,,Thiamethoxam,,,Review against paper before integration,,/Volumes/WENTBROKE/Pesticide degradation database/pesticidepdf/Thiamethoxam/PesticideDB_curation_Thiamethoxam_20260707
Thiamethoxam,PDF automated candidate; manual validation required,An investigation of Ca-doped MgO nanoparticles for the improved catalytic degradation of thiamethoxam pesticide subjected to visible light irradiation..pdf,www.nature.com/scientificreports,10.1038/s41598-024-51738-9,2024,,candidate_gene/enzyme_plus_pathway,,,Thiamethoxam,,,Review against paper before integration,,/Volumes/WENTBROKE/Pesticide degradation database/pesticidepdf/Thiamethoxam/PesticideDB_curation_Thiamethoxam_20260707
Thiamethoxam,PDF automated candidate; manual validation required,Application of melatonin and PGPR alleviates thiamethoxam induced toxicity by regulating the TCA cycle in iBrassica junceai L..pdf,Contents lists available at ScienceDirect,10.1016/j.sjbs.2022.01.039,2022,MTCC 3315; MTCC 3315 PGPR in; inoculation 43 species of; was cultured by adding,candidate_gene/enzyme_plus_pathway,,,Thiamethoxam,,,Review against paper before integration,,/Volumes/WENTBROKE/Pesticide degradation database/pesticidepdf/Thiamethoxam/PesticideDB_curation_Thiamethoxam_20260707
Thiamethoxam,PDF automated candidate; manual validation required,Assessing the effectiveness of imidacloprid and thiamethoxam via root irrigation against Megalurothrips usitatus (Thysanoptera Thripidae) and its residual effects on cowpea..pdf,https://doi.org/10.1093/jee/toad166,10.1002/jsfa.9074; 10.1002/ps.4152,2025,,candidate_gene/enzyme_plus_pathway,,,Thiamethoxam,,,Review against paper before integration,,/Volumes/WENTBROKE/Pesticide degradation database/pesticidepdf/Thiamethoxam/PesticideDB_curation_Thiamethoxam_20260707
Thiamethoxam,PDF automated candidate; manual validation required,"Assessing the toxicity of thiamethoxam, in natural LUFA 2.2 soil, through three generations of Folsomia candida..pdf",Ecotoxicology (2018) 27:764–771,10.1007/s10646-017; 10.1007/s10646-017-1765-8,2018,,candidate_gene/enzyme_plus_pathway,,,Thiamethoxam,,,Review against paper before integration,,/Volumes/WENTBROKE/Pesticide degradation database/pesticidepdf/Thiamethoxam/PesticideDB_curation_Thiamethoxam_20260707
Thiamethoxam,PDF automated candidate; manual validation required,Ball milling and acetic acid co-modified sludge biochar enhanced by electrochemistry to activate peroxymonosulfate for sustainable degradation of environmental concentration neonicotinoids..pdf,Contents lists available at ScienceDirect,10.1016/j.jhazmat.2022.130336,2023,,candidate_gene/enzyme_plus_pathway,,,Thiamethoxam,,,Review against paper before integration,,/Volumes/WENTBROKE/Pesticide degradation database/pesticidepdf/Thiamethoxam/PesticideDB_curation_Thiamethoxam_20260707
Thiamethoxam,PDF automated candidate; manual validation required,Biodegradation and detoxification of neonicotinoid insecticide thiamethoxam by white-rot fungus Phanerochaete chrysosporium..pdf,Contents lists available at ScienceDirect,10.1002/ps.4024; 10.1007/978-3-319-77386-5_7,2021,Alcaligenes faecalis PMS-1. Int; TMX-23; TMX-23. Appl. https; in the toxicology research; sordida. J. Hazard. Mater; was induced on potato,candidate_gene/enzyme_plus_pathway,,,Thiamethoxam,,,Review against paper before integration,,/Volumes/WENTBROKE/Pesticide degradation database/pesticidepdf/Thiamethoxam/PesticideDB_curation_Thiamethoxam_20260707
Thiamethoxam,PDF automated candidate; manual validation required,Biodegradation and Metabolic Pathway of the Neonicotinoid Insecticide Thiamethoxam by iLabrys portucalensisi F11..pdf,Molecular Sciences,10.3390/ijms232214326; 10.3390/ijms232214326/s1,2022,B2. Bull Environ. Contam; Capable of Fluorobenzene Degradation; F11 via Ortho Cleavage; IMBL 4.1 and Pseudomonas; IMBL 5.2 were able; L. portucalensis F11,candidate_gene/enzyme_plus_pathway,,,Thiamethoxam,,,Review against paper before integration,,/Volumes/WENTBROKE/Pesticide degradation database/pesticidepdf/Thiamethoxam/PesticideDB_curation_Thiamethoxam_20260707
Thiamethoxam,PDF automated candidate; manual validation required,Biodegradation of flonicamid by Ensifer adhaerens CGMCC 6315 and enzymatic characterization of the nitrile hydratases involved..pdf,Zhao et al. Microb Cell Fact (2021) 20:133,10.1186/s12934-021-01620-4,2021,Rhodococcus sp. BCH2 and; TMX-23. https; for protein expression experi,candidate_gene/enzyme_plus_pathway,,,Thiamethoxam,,,Review against paper before integration,,/Volumes/WENTBROKE/Pesticide degradation database/pesticidepdf/Thiamethoxam/PesticideDB_curation_Thiamethoxam_20260707
Thiamethoxam,PDF automated candidate; manual validation required,Biodegradation of pesticide in agricultural soil employing entomopathogenic fungi Current state of the art and future perspectives..pdf,Contents lists available at ScienceDirect,10.1016/J.CHEMOSPHERE.4.2017.10.011; 10.1016/j.heliyon.2023.e23406,2024,Cladosporium cladosporioides Hu-01; Metarhizium anisopliae was suggested; a pure fungal strain; in response to the; separation and microbial degradation; soil microbes. For fungal,candidate_gene/enzyme_plus_pathway,,,Thiamethoxam,,,Review against paper before integration,,/Volumes/WENTBROKE/Pesticide degradation database/pesticidepdf/Thiamethoxam/PesticideDB_curation_Thiamethoxam_20260707
Thiamethoxam,PDF automated candidate; manual validation required,Biodegradation of soil-applied pesticides by selected strains of plant growth-promoting rhizobacteria (PGPR) and their effects on bacterial growth.pdf,Biodegradation (2012) 23:297–310,10.1007/s10532-011-9509-6,2012,B. amyloliquefaciens IN937a and; B. pumilus SE34 more; Bordetella sp. B9. Biodegradation; FZB24; GB03. The PGPR strains; IN937a,candidate_gene/enzyme_plus_pathway,,,Thiamethoxam,,,Review against paper before integration,,/Volumes/WENTBROKE/Pesticide degradation database/pesticidepdf/Thiamethoxam/PesticideDB_curation_Thiamethoxam_20260707
Thiamethoxam,PDF automated candidate; manual validation required,Biodegradation of the neonicotinoid insecticide thiamethoxam by the nitrogen-fixing and plant-growth-promoting rhizobacterium Ensifer adhaerens strain TMX-23..pdf,Appl Microbiol Biotechnol (2013) 97:4065–4074,10.1007/s00253-012-4638-3,2013,MRL3. Ecotoxicology 20; MRM6. Bull Environ Contam; N7 isolated from toAlexander; PS19. Pestic Biochem Phys; TMX-23 Guang-can Zhou; TMX-23 enriched in MSM,candidate_gene/enzyme_plus_pathway,,,Thiamethoxam,,,Review against paper before integration,,/Volumes/WENTBROKE/Pesticide degradation database/pesticidepdf/Thiamethoxam/PesticideDB_curation_Thiamethoxam_20260707
Thiamethoxam,PDF automated candidate; manual validation required,Cardiotoxicity and myocardial infarction-associated DNA damage induced by thiamethoxam in vitro and in vivo Protective role of Trigonella foenum-graecum seed-derived polysaccharide..pdf,Received: 20 June 2018 Revised: 24 October 2018 Accepted: 3 November 2018,10.1002/tox.22682,2025,,candidate_gene/enzyme_plus_pathway,,,Thiamethoxam,,,Review against paper before integration,,/Volumes/WENTBROKE/Pesticide degradation database/pesticidepdf/Thiamethoxam/PesticideDB_curation_Thiamethoxam_20260707
Thiamethoxam,PDF automated candidate; manual validation required,"Cellulose Nanocrystals Loaded with Thiamethoxam Fabrication, Characterization, and Evaluation of Insecticidal Activity against iPhenacoccus solenopsisi Tinsley (Hemiptera Pseudococcidae)..pdf",Cellulose Nanocrystals Loaded with Thiamethoxam:,10.3390/nano10040788,2020,,candidate_gene/enzyme_plus_pathway,,,Thiamethoxam,,,Review against paper before integration,,/Volumes/WENTBROKE/Pesticide degradation database/pesticidepdf/Thiamethoxam/PesticideDB_curation_Thiamethoxam_20260707
Thiamethoxam,PDF automated candidate; manual validation required,Changed degradation behavior of pesticides when present in mixtures..pdf,Eco-Environment & Health 1 (2022) 23–30,10.1007/BF02716843; 10.1007/s00374-002-0485-1,2022,,candidate_gene/enzyme_plus_pathway,,,Thiamethoxam,,,Review against paper before integration,,/Volumes/WENTBROKE/Pesticide degradation database/pesticidepdf/Thiamethoxam/PesticideDB_curation_Thiamethoxam_20260707
Thiamethoxam,PDF automated candidate; manual validation required,"Characterization and metabolic analysis of domesticated anaerobic bacteria for effective thiamethoxam bioremediation Enzymatic, genetic, and pathway insights..pdf",Environmental Research 279 (2025) 121813,10.1002/anie.202005739; 10.1007/s00253-012-4638,2025,M1. Electron. J. Biotechnol; TMX-23. Appl. 2023. Enhanced,candidate_gene/enzyme_plus_pathway,,,Thiamethoxam,,,Review against paper before integration,,/Volumes/WENTBROKE/Pesticide degradation database/pesticidepdf/Thiamethoxam/PesticideDB_curation_Thiamethoxam_20260707
Thiamethoxam,PDF automated candidate; manual validation required,Chronic exposure to imidacloprid or thiamethoxam neonicotinoid causes oxidative damages and alters carotenoid-retinoid levels in caged honey bees (Apis mellifera)..pdf,www.nature.com/scientificreports,10.1007/s10646-010-0546-4; 10.1021/acs.est.6b00678,2018,,candidate_gene/enzyme_plus_pathway,,,Thiamethoxam,,,Review against paper before integration,,/Volumes/WENTBROKE/Pesticide degradation database/pesticidepdf/Thiamethoxam/PesticideDB_curation_Thiamethoxam_20260707
Thiamethoxam,PDF automated candidate; manual validation required,"Co-Mn-Fe spinel-carbon composite catalysts enhanced persulfate activation for degradation of neonicotinoid insecticides (Non) radical path identification, degradation pathway and toxicity analysis..pdf",Contents lists available at ScienceDirect,10.1002/adfm.201102361; 10.1002/adma.201305459,2023,,candidate_gene/enzyme_plus_pathway,,,Thiamethoxam,,,Review against paper before integration,,/Volumes/WENTBROKE/Pesticide degradation database/pesticidepdf/Thiamethoxam/PesticideDB_curation_Thiamethoxam_20260707
Thiamethoxam,PDF automated candidate; manual validation required,"Comparison of Combined Dissipation Behaviors and Dietary Risk Assessments of Thiamethoxam, Bifenthrin, Dinotefuran, and Their Mixtures in Tea..pdf",Comparison of Combined Dissipation Behaviors and Dietary,10.3390/foods13193113; 10.3390/foods13193113/s1,2024,,candidate_gene/enzyme_plus_pathway,,,Thiamethoxam,,,Review against paper before integration,,/Volumes/WENTBROKE/Pesticide degradation database/pesticidepdf/Thiamethoxam/PesticideDB_curation_Thiamethoxam_20260707
Thiamethoxam,PDF automated candidate; manual validation required,Comparison of linuron degradation in the presence of pesticide mixtures in soil under laboratory conditions..pdf,Environ Monit Assess (2013) 185:8109–8114,10.1007/s10661-013-3158-7,2013,,candidate_pathway/metabolite,,,Thiamethoxam,,,Review against paper before integration,,/Volumes/WENTBROKE/Pesticide degradation database/pesticidepdf/Thiamethoxam/PesticideDB_curation_Thiamethoxam_20260707
Thiamethoxam,PDF automated candidate; manual validation required,Comparison of the effectiveness of thiamethoxam and its main metabolite clothianidin after foliar spraying and root irrigation to control Myzus persicae on peach..pdf,www.nature.com/scientificreports,10.1038/s41598-022-20659-w,2022,of Aphis gossypii Glover,candidate_gene/enzyme_plus_pathway,,,Thiamethoxam,,,Review against paper before integration,,/Volumes/WENTBROKE/Pesticide degradation database/pesticidepdf/Thiamethoxam/PesticideDB_curation_Thiamethoxam_20260707
Thiamethoxam,PDF automated candidate; manual validation required,Considering degradation kinetics of pesticides in plant uptake models proof of concept for potato..pdf,Received: 31 July 2022 Revised: 7 November 2022 Accepted article published: 13 November 2022 Published online in Wiley Online Library: 24 November 2022,10.1002/ps.7184; 10.1002/ps.7241,2025,,candidate_gene/enzyme_plus_pathway,,,Thiamethoxam,,,Review against paper before integration,,/Volumes/WENTBROKE/Pesticide degradation database/pesticidepdf/Thiamethoxam/PesticideDB_curation_Thiamethoxam_20260707
Thiamethoxam,PDF automated candidate; manual validation required,"Context-Dependent Effect of Dietary Phytochemicals on Honey Bees Exposed to a Pesticide, Thiamethoxam..pdf",https://doi.org/10.1093/jisesa/ieab053,10.1093/jisesa/ieab053,2021,,candidate_gene/enzyme_plus_pathway,,,Thiamethoxam,,,Review against paper before integration,,/Volumes/WENTBROKE/Pesticide degradation database/pesticidepdf/Thiamethoxam/PesticideDB_curation_Thiamethoxam_20260707
Thiamethoxam,PDF automated candidate; manual validation required,Contribution of insect gut microbiota and their associated enzymes in insect physiology and biodegradation of pesticides..pdf,PUBLISHED 14 September 2022,10.1001/archneurol; 10.1001/jamaneurol.2013.6030,2022,CF-BD. In the presence; CL4 has that are; IM-2. J. Agric. Food; Klebsiella concentrations; Rhodococcus sp. BCH2 and; across several agricultural and,candidate_gene/enzyme_plus_pathway,,,Thiamethoxam,,,Review against paper before integration,,/Volumes/WENTBROKE/Pesticide degradation database/pesticidepdf/Thiamethoxam/PesticideDB_curation_Thiamethoxam_20260707
Thiamethoxam,PDF automated candidate; manual validation required,"Deciphering the biodegradation of thiamethoxam by Phanerochaete chrysosporium with natural siderite Synergistic mechanisms, transcriptomics characterization, and molecular simulation..pdf",Contents lists available at ScienceDirect,10.1016/S1003-6326(18)64709-0; 10.1016/j,2024,W18 reveals its adaptative,candidate_gene/enzyme_plus_pathway,,,Thiamethoxam,,,Review against paper before integration,,/Volumes/WENTBROKE/Pesticide degradation database/pesticidepdf/Thiamethoxam/PesticideDB_curation_Thiamethoxam_20260707
Thiamethoxam,PDF automated candidate; manual validation required,"Degradation Dynamics and Dietary Risk Assessments of Two Neonicotinoid Insecticides during Lonicera japonica Planting, Drying, and Tea Brewing Processes.pdf","Subscriber access provided by University of Newcastle, Australia",10.1021/acs.jafc.6b04658,2017,,candidate_gene/enzyme_plus_pathway,,,Thiamethoxam,,,Review against paper before integration,,/Volumes/WENTBROKE/Pesticide degradation database/pesticidepdf/Thiamethoxam/PesticideDB_curation_Thiamethoxam_20260707
Thiamethoxam,PDF automated candidate; manual validation required,Degradation of Neonicotinoids and Caffeine from Surface Water by Photolysis..pdf,Degradation of Neonicotinoids and Caffeine from Surface,10.3390/molecules26237277,2021,,candidate_gene/enzyme_plus_pathway,,,Thiamethoxam,,,Review against paper before integration,,/Volumes/WENTBROKE/Pesticide degradation database/pesticidepdf/Thiamethoxam/PesticideDB_curation_Thiamethoxam_20260707
Thiamethoxam,PDF automated candidate; manual validation required,"Degradation of sex pheromone and plant volatile components by an antennal glutathione S-transferase in the oriental fruit moth,Grapholita molesta Busck (Lepidoptera Tortricidae)..pdf",Degradation of sex pheromone and plant volatile,10.1002/arch.21512,2018,,candidate_gene/enzyme_plus_pathway,,,Thiamethoxam,,,Review against paper before integration,,/Volumes/WENTBROKE/Pesticide degradation database/pesticidepdf/Thiamethoxam/PesticideDB_curation_Thiamethoxam_20260707
Thiamethoxam,PDF automated candidate; manual validation required,Degradation of the insecticides thiamethoxam and imidacloprid by zero-valent metals exposed to ultrasonic irradiation in water medium electrospray ionization mass spectrometry monitoring..pdf,RAPID COMMUNICATIONS IN MASS SPECTROMETRY,10.1002/rcm; 10.1002/rcm.3749,2025,,candidate_gene/enzyme_plus_pathway,,,Thiamethoxam,,,Review against paper before integration,,/Volumes/WENTBROKE/Pesticide degradation database/pesticidepdf/Thiamethoxam/PesticideDB_curation_Thiamethoxam_20260707
Thiamethoxam,PDF automated candidate; manual validation required,Degradation of the neonicotinoid pesticide imidacloprid by electrocoagulation and ultrasound..pdf,www.nature.com/scientificreports,10.1038/s41598-024-59568-5,2024,,candidate_gene/enzyme_plus_pathway,,,Thiamethoxam,,,Review against paper before integration,,/Volumes/WENTBROKE/Pesticide degradation database/pesticidepdf/Thiamethoxam/PesticideDB_curation_Thiamethoxam_20260707
Thiamethoxam,PDF automated candidate; manual validation required,Degradation of the Neonicotinoid Pesticides in the Atmospheric Pressure Ionization Source..pdf,"B American Society for Mass Spectrometry, 2017 J. Am. Soc. Mass Spectrom. (2018) 29:373Y381",10.1007/s13361-017-1832-7,2018,,candidate_gene/enzyme_plus_pathway,,,Thiamethoxam,,,Review against paper before integration,,/Volumes/WENTBROKE/Pesticide degradation database/pesticidepdf/Thiamethoxam/PesticideDB_curation_Thiamethoxam_20260707
Thiamethoxam,PDF automated candidate; manual validation required,Degradation of thiamethoxam by the synergetic effect between anodic oxidation and Fenton reactions..pdf,Contents lists available at ScienceDirect,10.1016/j.jhazmat.2016.02.064,2016,,candidate_gene/enzyme_plus_pathway,,,Thiamethoxam,,,Review against paper before integration,,/Volumes/WENTBROKE/Pesticide degradation database/pesticidepdf/Thiamethoxam/PesticideDB_curation_Thiamethoxam_20260707
Thiamethoxam,PDF automated candidate; manual validation required,"Degradation of Thiamethoxam in aqueous solution by ozonation Influencing factors, intermediates, degradation mechanism and toxicity assessment..pdf",Chemosphere 146 (2016) 105e112,10.1016/j.chemosphere.2015.09.009,2016,,candidate_gene/enzyme_plus_pathway,,,Thiamethoxam,,,Review against paper before integration,,/Volumes/WENTBROKE/Pesticide degradation database/pesticidepdf/Thiamethoxam/PesticideDB_curation_Thiamethoxam_20260707
Thiamethoxam,PDF automated candidate; manual validation required,Degradation of Three Herbicides and Effect on Bacterial Communities under Combined Pollution..pdf,Degradation of Three Herbicides and Effect on Bacterial,10.3390/toxics12080562; 10.3390/toxics12080562/s1,2024,DN36. Appl. Microbiol. Biotechnol; Nocardioides of sp. Nocardioides; Nocardioides sp. DN36 from; could e; could efficiently degrade prometryn; of Pseudomonas oleovorans that,candidate_gene/enzyme_plus_pathway,,,Thiamethoxam,,,Review against paper before integration,,/Volumes/WENTBROKE/Pesticide degradation database/pesticidepdf/Thiamethoxam/PesticideDB_curation_Thiamethoxam_20260707
Thiamethoxam,PDF automated candidate; manual validation required,Degradation Processes of Pesticides Used in Potato Cultivations..pdf,Degradation Processes of Pesticides,10.1002/cbf.1411; 10.1002/jms.1204,2016,BSF01; Bacillus subtilis BSF01 and; Brevibacterium aureum and its; CPN 1. Biodegradation 19; DeI-1 and DeII 2; DeI-1 was more effective,candidate_gene/enzyme_plus_pathway,,,Thiamethoxam,,,Review against paper before integration,,/Volumes/WENTBROKE/Pesticide degradation database/pesticidepdf/Thiamethoxam/PesticideDB_curation_Thiamethoxam_20260707
Thiamethoxam,PDF automated candidate; manual validation required,Determination of the residue dynamics and dietary risk of thiamethoxam and its metabolite clothianidin in citrus and soil by LC-MSMS..pdf,"Pesticides, Food Contaminants, and Agricultural Wastes",10.1007/s10661-017; 10.1007/s12161-013-9710-9,2019,,candidate_gene/enzyme_plus_pathway,,,Thiamethoxam,,,Review against paper before integration,,/Volumes/WENTBROKE/Pesticide degradation database/pesticidepdf/Thiamethoxam/PesticideDB_curation_Thiamethoxam_20260707
Thiamethoxam,PDF automated candidate; manual validation required,Dissipation Behavior and Acute Dietary Risk Assessment of Thiamethoxam and Its Metabolite Clothianidin on Spinach..pdf,Dissipation Behavior and Acute Dietary Risk Assessment of,10.3390/molecules27072209; 10.3390/molecules27072209/s1,2022,,candidate_gene/enzyme_plus_pathway,,,Thiamethoxam,,,Review against paper before integration,,/Volumes/WENTBROKE/Pesticide degradation database/pesticidepdf/Thiamethoxam/PesticideDB_curation_Thiamethoxam_20260707
Thiamethoxam,PDF automated candidate; manual validation required,"Dissipation Behavior and Dietary Risk Assessment of Thiamethoxam, Pyraclostrobin, and Their Metabolites in Home-Style Pickled Cowpea..pdf",Dissipation Behavior and Dietary Risk Assessment of,10.3390/foods12183337; 10.3390/foods12183337/s1,2023,,candidate_gene/enzyme_plus_pathway,,,Thiamethoxam,,,Review against paper before integration,,/Volumes/WENTBROKE/Pesticide degradation database/pesticidepdf/Thiamethoxam/PesticideDB_curation_Thiamethoxam_20260707
Thiamethoxam,PDF automated candidate; manual validation required,Dissipation Kinetics and Environmental Risk Assessment of Thiamethoxam in the Sandy Clay Loam Soil of Tropical Sugarcane Crop Ecosystem..pdf,Bulletin of Environmental Contamination and Toxicology,10.1007/s00128-020-02951-5; 10.1016/j.foodc,2020,,candidate_gene/enzyme_plus_pathway,,,Thiamethoxam,,,Review against paper before integration,,/Volumes/WENTBROKE/Pesticide degradation database/pesticidepdf/Thiamethoxam/PesticideDB_curation_Thiamethoxam_20260707
Thiamethoxam,PDF automated candidate; manual validation required,"Dissipation of neonicotinoid insecticides imidacloprid, indoxacarb and thiamethoxam on pomegranate (Punica granatum L.)..pdf",Ecotoxicology and Environmental Safety 171 (2019) 130–137,10.1016/j.ecoenv.2018.12.070,2019,,candidate_gene/enzyme_plus_pathway,,,Thiamethoxam,,,Review against paper before integration,,/Volumes/WENTBROKE/Pesticide degradation database/pesticidepdf/Thiamethoxam/PesticideDB_curation_Thiamethoxam_20260707
Thiamethoxam,PDF automated candidate; manual validation required,"Dissipation, Bioconcentration and Dietary Risk Assessment of Thiamethoxam and Its Metabolites in iAgaricus bisporusi and Substrates under Different Application Methods..pdf","Dissipation, Bioconcentration and Dietary Risk Assessment of",10.3390/toxics11060500; 10.3390/toxics11060500/s1,2023,mixed with 25 kg,candidate_gene/enzyme_plus_pathway,,,Thiamethoxam,,,Review against paper before integration,,/Volumes/WENTBROKE/Pesticide degradation database/pesticidepdf/Thiamethoxam/PesticideDB_curation_Thiamethoxam_20260707
Thiamethoxam,PDF automated candidate; manual validation required,Dual-pathway charge transfer mechanism of anataserutile TiOsub2sub-Agsub3subPOsub4sub hollow photocatalyst promotes efficient degradation of pesticides..pdf,Contents lists available at ScienceDirect,10.1016/j.jcis.2024.08.162,2025,,candidate_gene/enzyme_plus_pathway,,,Thiamethoxam,,,Review against paper before integration,,/Volumes/WENTBROKE/Pesticide degradation database/pesticidepdf/Thiamethoxam/PesticideDB_curation_Thiamethoxam_20260707
Thiamethoxam,PDF automated candidate; manual validation required,Effect of household and industrial processing on the levels of pesticide residues and degradation products in melons..pdf,This article was downloaded by: [University of South Florida],10.1080/19440049.2012.672339,2013,,candidate_gene/enzyme_plus_pathway,,,Thiamethoxam,,,Review against paper before integration,,/Volumes/WENTBROKE/Pesticide degradation database/pesticidepdf/Thiamethoxam/PesticideDB_curation_Thiamethoxam_20260707
Thiamethoxam,PDF automated candidate; manual validation required,Effect of intensifying additives on the degradation of thiamethoxam using ultrasound cavitation..pdf,Ultrasonics - Sonochemistry 70 (2021) 105310,10.1016/j.ultsonch.2020.105310,2021,,candidate_gene/enzyme_plus_pathway,,,Thiamethoxam,,,Review against paper before integration,,/Volumes/WENTBROKE/Pesticide degradation database/pesticidepdf/Thiamethoxam/PesticideDB_curation_Thiamethoxam_20260707
Thiamethoxam,PDF automated candidate; manual validation required,Effect of plasma-activated water and buffer solution combined with ultrasound on fungicide degradation and quality of cherry tomato during storage..pdf,Ultrasonics Sonochemistry 97 (2023) 106461,10.1016/j.ultsonch.2023.106461,2023,,candidate_gene/enzyme_plus_pathway,,,Thiamethoxam,,,Review against paper before integration,,/Volumes/WENTBROKE/Pesticide degradation database/pesticidepdf/Thiamethoxam/PesticideDB_curation_Thiamethoxam_20260707
Thiamethoxam,PDF automated candidate; manual validation required,"Effects of chronic exposure to thiamethoxam on larvae of the hoverfly iEristalis tenaxi (Diptera, Syrphidae)..pdf",Effects of chronic exposure to,10.1002/(sici)1096-9861(19991108)414:13.0.co;2-q; 10.1002/etc.3536,2018,,candidate_gene/enzyme_plus_pathway,,,Thiamethoxam,,,Review against paper before integration,,/Volumes/WENTBROKE/Pesticide degradation database/pesticidepdf/Thiamethoxam/PesticideDB_curation_Thiamethoxam_20260707
Thiamethoxam,PDF automated candidate; manual validation required,"Effects of mixed application of avermectin, imidacloprid and carbendazim on soil degradation and toxicity toward earthworms..pdf",www.nature.com/scientificreports,10.1038/s41598-023-41206-1,2023,,candidate_gene/enzyme_plus_pathway,,,Thiamethoxam,,,Review against paper before integration,,/Volumes/WENTBROKE/Pesticide degradation database/pesticidepdf/Thiamethoxam/PesticideDB_curation_Thiamethoxam_20260707
Thiamethoxam,PDF automated candidate; manual validation required,Effects of multigenerational imidacloprid and thiamethoxam stress on metabolism and physiology of Aphis glycines Matsumura (Hemiptera Aphididae)..pdf,Effects of multigenerational imidacloprid and,10.1002/arch.21429; 10.1002/ps.365,2022,at 25; had been cultured in; of A. glycines used,candidate_gene/enzyme_plus_pathway,,,Thiamethoxam,,,Review against paper before integration,,/Volumes/WENTBROKE/Pesticide degradation database/pesticidepdf/Thiamethoxam/PesticideDB_curation_Thiamethoxam_20260707
Thiamethoxam,PDF automated candidate; manual validation required,Effects of Thiamethoxam and Fenvalerate Residue Levels on Light-Stable Isotopes of Leafy Vegetables..pdf,Effects of Thiamethoxam and Fenvalerate Residue Levels on,10.3390/foods12142655,2023,,candidate_gene/enzyme_plus_pathway,,,Thiamethoxam,,,Review against paper before integration,,/Volumes/WENTBROKE/Pesticide degradation database/pesticidepdf/Thiamethoxam/PesticideDB_curation_Thiamethoxam_20260707
Thiamethoxam,PDF automated candidate; manual validation required,Effects on soil microbial community after exposure to neonicotinoid insecticides thiamethoxam and dinotefuran..pdf,Science of the Total Environment 725 (2020) 138328,10.1016/j.scitotenv.2020.138328,2020,IMBL 5.2 the three; IMBL4.1 and Pseudomonas putida; TMX-23. Appl. Microbiol. Maien; TW and of thiamethoxam; TY,candidate_gene/enzyme_plus_pathway,,,Thiamethoxam,,,Review against paper before integration,,/Volumes/WENTBROKE/Pesticide degradation database/pesticidepdf/Thiamethoxam/PesticideDB_curation_Thiamethoxam_20260707
Thiamethoxam,PDF automated candidate; manual validation required,"Efficient removal of thiamethoxam by freshwater microalgae Scenedesmus sp. TXH Removal mechanism, metabolic degradation and application..pdf",Contents lists available at ScienceDirect,10.1016/j.jenvman.2023.117388,2023,,candidate_gene/enzyme_plus_pathway,,,Thiamethoxam,,,Review against paper before integration,,/Volumes/WENTBROKE/Pesticide degradation database/pesticidepdf/Thiamethoxam/PesticideDB_curation_Thiamethoxam_20260707
Thiamethoxam,PDF automated candidate; manual validation required,Enhanced Insecticidal Activity of Thiamethoxam by Zinc Oxide Nanoparticles A Novel Nanotechnology Approach for Pest Control..pdf,"This is an open access article published under an ACS AuthorChoice License, which permits",10.1021/acsomega.9b03680,2025,,candidate_gene/enzyme_plus_pathway,,,Thiamethoxam,,,Review against paper before integration,,/Volumes/WENTBROKE/Pesticide degradation database/pesticidepdf/Thiamethoxam/PesticideDB_curation_Thiamethoxam_20260707
Thiamethoxam,PDF automated candidate; manual validation required,Enhancing photodegradation of thiamethoxam insecticide using SnSsub2subNCL as a photocatalyst Mechanistic insights and environmental implications..pdf,Contents lists available at ScienceDirect,10.1002/CJCE.25140; 10.1002/JCCS.201200027,2024,,candidate_gene/enzyme_plus_pathway,,,Thiamethoxam,,,Review against paper before integration,,/Volumes/WENTBROKE/Pesticide degradation database/pesticidepdf/Thiamethoxam/PesticideDB_curation_Thiamethoxam_20260707
Thiamethoxam,PDF automated candidate; manual validation required,Evaluation of Highly Detectable Pesticides Sprayed in iBrassica napusi L. Degradation Behavior and Risk Assessment for Honeybees..pdf,Evaluation of Highly Detectable Pesticides Sprayed,10.3390/molecules23102482,2018,,candidate_gene/enzyme_plus_pathway,,,Thiamethoxam,,,Review against paper before integration,,/Volumes/WENTBROKE/Pesticide degradation database/pesticidepdf/Thiamethoxam/PesticideDB_curation_Thiamethoxam_20260707
Thiamethoxam,PDF automated candidate; manual validation required,"Gene expression profiling in the thiamethoxam resistant and susceptible B-biotype sweetpotato whitefly, Bemisia tabaci..pdf",Gene expression profiling in the thiamethoxam resistant and,,2012,A forward SSH library; the up-regulated genes of,candidate_gene/enzyme_plus_pathway,,,Thiamethoxam,,,Review against paper before integration,,/Volumes/WENTBROKE/Pesticide degradation database/pesticidepdf/Thiamethoxam/PesticideDB_curation_Thiamethoxam_20260707
Thiamethoxam,PDF automated candidate; manual validation required,High Temperatures Enhance Tolerance to Abamectin and Thiamethoxam in Bemisia tabaci (Hemiptera Aleyrodidae).pdf,High Temperatures Enhance Tolerance to,10.21203/rs.3.rs-4045510/v1,2024,,candidate_gene/enzyme_plus_pathway,,,Thiamethoxam,,,Review against paper before integration,,/Volumes/WENTBROKE/Pesticide degradation database/pesticidepdf/Thiamethoxam/PesticideDB_curation_Thiamethoxam_20260707
Thiamethoxam,PDF automated candidate; manual validation required,Highly Advanced Degradation of Thiamethoxam by Synergistic Chemisorption-Catalysis Strategy Using MIL(Fe)Fe-SPC Composites with Ultrasonic Irradiation..pdf,Subscriber access provided by UNIV OF LOUISIANA,10.1021/acsami.8b12908,2018,TMX-23. Appl. 24 25,candidate_gene/enzyme_plus_pathway,,,Thiamethoxam,,,Review against paper before integration,,/Volumes/WENTBROKE/Pesticide degradation database/pesticidepdf/Thiamethoxam/PesticideDB_curation_Thiamethoxam_20260707
Thiamethoxam,PDF automated candidate; manual validation required,Highly efficient heterogeneous photo-Fenton BiOClMIL-100(Fe) nanoscaled hybrid catalysts prepared by green one-step coprecipitation for degradation of organic contaminants..pdf,View Article Online,10.1039/d1ra06549a,2025,,candidate_gene/enzyme_plus_pathway,,,Thiamethoxam,,,Review against paper before integration,,/Volumes/WENTBROKE/Pesticide degradation database/pesticidepdf/Thiamethoxam/PesticideDB_curation_Thiamethoxam_20260707
Thiamethoxam,PDF automated candidate; manual validation required,Hormetic effects of thiamethoxam on Schizaphis graminum demographics and feeding behavior..pdf,Ecotoxicology (2024) 33:253–265,10.1007/s10340-10022-01494-10344; 10.1007/s10646-024-02743-1,2024,of N. lugens when,candidate_gene/enzyme_plus_pathway,,,Thiamethoxam,,,Review against paper before integration,,/Volumes/WENTBROKE/Pesticide degradation database/pesticidepdf/Thiamethoxam/PesticideDB_curation_Thiamethoxam_20260707
Thiamethoxam,PDF automated candidate; manual validation required,Impact of solid particles on cavitation behaviors and laser-induced degradation in aqueous suspension..pdf,Ultrasonics Sonochemistry 76 (2021) 105632,10.1002/ctpp.201800180; 10.1007/s00339-004-3196-7,2021,,candidate_gene/enzyme,,,Thiamethoxam,,,Review against paper before integration,,/Volumes/WENTBROKE/Pesticide degradation database/pesticidepdf/Thiamethoxam/PesticideDB_curation_Thiamethoxam_20260707
Thiamethoxam,PDF automated candidate; manual validation required,"Impact of sonolytic ozonation (Osub3subUS) on degradation of pesticide residues in fresh vegetables and fruits Case study of Faisalabad, Pakistan..pdf",Ultrasonics Sonochemistry 79 (2021) 105799,10.1007/s00204-004-0616-6; 10.1007/s10661-015-4818-6,2021,,candidate_gene/enzyme_plus_pathway,,,Thiamethoxam,,,Review against paper before integration,,/Volumes/WENTBROKE/Pesticide degradation database/pesticidepdf/Thiamethoxam/PesticideDB_curation_Thiamethoxam_20260707
Thiamethoxam,PDF automated candidate; manual validation required,Incorporating nickel-substituted polyoxometalate into a photoactive metal-organic framework for efficient photodegradation of thiamethoxam insecticide..pdf,Contents lists available at ScienceDirect,10.1002/adma.202310283; 10.1002/cssc.202000328,2025,,candidate_gene/enzyme_plus_pathway,,,Thiamethoxam,,,Review against paper before integration,,/Volumes/WENTBROKE/Pesticide degradation database/pesticidepdf/Thiamethoxam/PesticideDB_curation_Thiamethoxam_20260707
Thiamethoxam,PDF automated candidate; manual validation required,"Induction of apoptosis, oxidative stress, hormonal, and histological alterations in the reproductive system of thiamethoxam-exposed female rats..pdf",Environmental Science and Pollution Research (2023) 30:77917–77930,10.1007/s11356-023-27743-2,2023,of Halomonas sp,candidate_gene/enzyme_plus_pathway,,,Thiamethoxam,,,Review against paper before integration,,/Volumes/WENTBROKE/Pesticide degradation database/pesticidepdf/Thiamethoxam/PesticideDB_curation_Thiamethoxam_20260707
Thiamethoxam,PDF automated candidate; manual validation required,Influence of the Neonicotinoid Insecticide Thiamethoxam on miRNA Expression in the Honey Bee (Hymenoptera Apidae)..pdf,doi: 10.1093/jisesa/iex074,10.1093/jisesa/iex074,2017,,candidate_gene/enzyme_plus_pathway,,,Thiamethoxam,,,Review against paper before integration,,/Volumes/WENTBROKE/Pesticide degradation database/pesticidepdf/Thiamethoxam/PesticideDB_curation_Thiamethoxam_20260707
Thiamethoxam,PDF automated candidate; manual validation required,Influence of the neonicotinoid insecticide thiamethoxam on soil bacterial community composition and metabolic function..pdf,Contents lists available at ScienceDirect,10.1016/j.jhazmat.2020.124275,2021,CPN 1. Biodegradation 19; RHA1. Appl. Environ. 616,candidate_gene/enzyme_plus_pathway,,,Thiamethoxam,,,Review against paper before integration,,/Volumes/WENTBROKE/Pesticide degradation database/pesticidepdf/Thiamethoxam/PesticideDB_curation_Thiamethoxam_20260707
Thiamethoxam,PDF automated candidate; manual validation required,Influence of Tree Size and Application Rate on Expression of Thiamethoxam in Citrus and Its Efficacy Against Diaphorina citri (Hemiptera Liviidae)..pdf,Advance Access Publication Date: 20 February 2018,10.1093/jee/toy001,2025,Na Slope; was reared in continuous,candidate_gene/enzyme_plus_pathway,,,Thiamethoxam,,,Review against paper before integration,,/Volumes/WENTBROKE/Pesticide degradation database/pesticidepdf/Thiamethoxam/PesticideDB_curation_Thiamethoxam_20260707
Thiamethoxam,PDF automated candidate; manual validation required,Insight into the effect of microplastics on the adsorption and degradation behavior of thiamethoxam in agricultural soils..pdf,Contents lists available at ScienceDirect,10.1016/j.chemosphere.2023.139262,2023,,candidate_gene/enzyme_plus_pathway,,,Thiamethoxam,,,Review against paper before integration,,/Volumes/WENTBROKE/Pesticide degradation database/pesticidepdf/Thiamethoxam/PesticideDB_curation_Thiamethoxam_20260707
Thiamethoxam,PDF automated candidate; manual validation required,Insights Into the Microbial Degradation and Biochemical Mechanisms of Neonicotinoids..pdf,published: 19 May 2020,10.1002/arch.10114; 10.1002/clen,2020,AAP-1 isolated from soil; BCH1 degraded 78; Bacillus subtilis BSF01 and; Brevibacterium Arora; CS-3 efficiently degraded acetamiprid; CS-3. The optimum,candidate_gene/enzyme_plus_pathway,,,Thiamethoxam,,,Review against paper before integration,,/Volumes/WENTBROKE/Pesticide degradation database/pesticidepdf/Thiamethoxam/PesticideDB_curation_Thiamethoxam_20260707
Thiamethoxam,PDF automated candidate; manual validation required,Insights into the Toxicity and Degradation Mechanisms of Imidacloprid Via Physicochemical and Microbial Approaches..pdf,Insights into the Toxicity and Degradation,10.3390/toxics8030065,2020,BHC1 degrades 78; Bacillus subtilis BSF01 and; Brevibacterium aureum and its; CF2; CW3 from wastewater sludge; MK6 from an Egyptian,candidate_gene/enzyme_plus_pathway,,,Thiamethoxam,,,Review against paper before integration,,/Volumes/WENTBROKE/Pesticide degradation database/pesticidepdf/Thiamethoxam/PesticideDB_curation_Thiamethoxam_20260707
Thiamethoxam,PDF automated candidate; manual validation required,Integrated Electrochemical Oxidation and Biodegradation for Remediation of a Neonicotinoid Insecticide Pollutant..pdf,This article is licensed under CC-BY-NC-ND 4.0,10.1021/acsomega.3c09749,2025,P. Saudi Arabia oleovorans; P. oleovorans SA2. Identification; Pseudomonas sp. Previous studies; Rhodococcus sp. BCH2 and; S1 and waste water; SA2 at 200 ppm,candidate_gene/enzyme_plus_pathway,,,Thiamethoxam,,,Review against paper before integration,,/Volumes/WENTBROKE/Pesticide degradation database/pesticidepdf/Thiamethoxam/PesticideDB_curation_Thiamethoxam_20260707
Thiamethoxam,PDF automated candidate; manual validation required,Interactions Between Thiamethoxam and iDeformed Wing Virusi Can Drastically Impair Flight Behavior of Honey Bees..pdf,published: 30 April 2020,10.1002/ps.4227; 10.1007/978-1-4612-4380-9_37,2020,of Deformed Wing Virus,candidate_gene/enzyme_plus_pathway,,,Thiamethoxam,,,Review against paper before integration,,/Volumes/WENTBROKE/Pesticide degradation database/pesticidepdf/Thiamethoxam/PesticideDB_curation_Thiamethoxam_20260707
Thiamethoxam,PDF automated candidate; manual validation required,Investigation of dissipation kinetics and half-lives of fipronil and thiamethoxam in soil under various conditions using experimental modeling design by Minitab software..pdf,www.nature.com/scientificreports,10.1038/s41598-024-56083-5,2024,using response surface methodology,candidate_gene/enzyme_plus_pathway,,,Thiamethoxam,,,Review against paper before integration,,/Volumes/WENTBROKE/Pesticide degradation database/pesticidepdf/Thiamethoxam/PesticideDB_curation_Thiamethoxam_20260707
Thiamethoxam,PDF automated candidate; manual validation required,Is there a risk to honeybees from use of thiamethoxam as a sugar beet seed treatment.pdf,"Integrated Environmental Assessment and Management — Volume 18, Number 3—pp. 709–721",10.1002/ieam.4498; 10.1016/j.scitotenv.2016.05.065,2025,,candidate_gene/enzyme_plus_pathway,,,Thiamethoxam,,,Review against paper before integration,,/Volumes/WENTBROKE/Pesticide degradation database/pesticidepdf/Thiamethoxam/PesticideDB_curation_Thiamethoxam_20260707
Thiamethoxam,PDF automated candidate; manual validation required,Kinetics and mechanism of the hydrolysis of thiamethoxam.pdf,This article was downloaded by: [East Carolina University],10.1080/03601230902934785,2013,,candidate_gene/enzyme_plus_pathway,,,Thiamethoxam,,,Review against paper before integration,,/Volumes/WENTBROKE/Pesticide degradation database/pesticidepdf/Thiamethoxam/PesticideDB_curation_Thiamethoxam_20260707
Thiamethoxam,PDF automated candidate; manual validation required,Kinetics and mechanism of thiamethoxam abatement by ozonation and ozone-based advanced oxidation processes..pdf,Contents lists available at ScienceDirect,10.1016/j.jhazmat.2020.122180,2020,,candidate_gene/enzyme_plus_pathway,,,Thiamethoxam,,,Review against paper before integration,,/Volumes/WENTBROKE/Pesticide degradation database/pesticidepdf/Thiamethoxam/PesticideDB_curation_Thiamethoxam_20260707
Thiamethoxam,PDF automated candidate; manual validation required,Leaching of the Neonicotinoids Thiamethoxam and Imidacloprid from Sugar Beet Seed Dressings to Subsurface Tile Drains..pdf,Leaching of the Neonicotinoids Thiamethoxam and Imidacloprid,10.1021/acs.jafc.6b02619,2016,,candidate_gene/enzyme_plus_pathway,,,Thiamethoxam,,,Review against paper before integration,,/Volumes/WENTBROKE/Pesticide degradation database/pesticidepdf/Thiamethoxam/PesticideDB_curation_Thiamethoxam_20260707
Thiamethoxam,PDF automated candidate; manual validation required,Lethal and Sublethal Toxicity of Thiamethoxam and Clothianidin Commercial Formulations to Soil Invertebrates in a Natural Soil.pdf,"Environmental Toxicology and Chemistry—Volume 38, Number 10—pp. 2111–2120, 2019",10.1002/etc.4521; 10.2903/j.efsa,2019,,candidate_gene/enzyme_plus_pathway,,,Thiamethoxam,,,Review against paper before integration,,/Volumes/WENTBROKE/Pesticide degradation database/pesticidepdf/Thiamethoxam/PesticideDB_curation_Thiamethoxam_20260707
Thiamethoxam,PDF automated candidate; manual validation required,Maize (Zea mays) seeds can detect above-ground weeds; thiamethoxam alters the view..pdf,Received: 17 July 2014 Revised: 4 September 2014 Accepted article published: 4 November 2014 Published online in Wiley Online Library: 12 December 2014,10.1002/ps.3789; 10.1002/ps.3936,2025,,candidate_gene/enzyme_plus_pathway,,,Thiamethoxam,,,Review against paper before integration,,/Volumes/WENTBROKE/Pesticide degradation database/pesticidepdf/Thiamethoxam/PesticideDB_curation_Thiamethoxam_20260707
Thiamethoxam,PDF automated candidate; manual validation required,"Metabolic mechanism, responses, and functions of genes HDH1, HDH3, and GST1 of tea (Camellia sinensis L.) to the insecticide thiamethoxam..pdf",Contents lists available at ScienceDirect,10.1002/ps.7534; 10.1007/s00299-017-2159-3,2025,,candidate_gene/enzyme_plus_pathway,,,Thiamethoxam,,,Review against paper before integration,,/Volumes/WENTBROKE/Pesticide degradation database/pesticidepdf/Thiamethoxam/PesticideDB_curation_Thiamethoxam_20260707
Thiamethoxam,PDF automated candidate; manual validation required,Microbial degradation mechanism and pathway of the insecticide thiamethoxam by isolated Bacillus Cereus from activated sludge..pdf,Environmental Research 246 (2024) 117929,10.1002/ps.5168; 10.1007/s00253-012,2024,European Union. S1 can; Pseudoxanthomonas indica CGMCC 6648; S1; S1 as Bacillus cereus; S1 based on the; S1 did not exhibit,candidate_gene/enzyme_plus_pathway,,,Thiamethoxam,,,Review against paper before integration,,/Volumes/WENTBROKE/Pesticide degradation database/pesticidepdf/Thiamethoxam/PesticideDB_curation_Thiamethoxam_20260707
Thiamethoxam,PDF automated candidate; manual validation required,Microbial Technologies Employed for Biodegradation of Neonicotinoids in the Agroecosystem..pdf,published: 02 December 2021,10.1002/bit.25136; 10.1002/clen.201200563,2021,AAP-1 from to investigate; AAP-1 isolated from soil; AAP-1. that actively participate; D-2 Grow in laboratory; D-2 by using of; D-2 uses a novel,candidate_gene/enzyme_plus_pathway,,,Thiamethoxam,,,Review against paper before integration,,/Volumes/WENTBROKE/Pesticide degradation database/pesticidepdf/Thiamethoxam/PesticideDB_curation_Thiamethoxam_20260707
Thiamethoxam,PDF automated candidate; manual validation required,"Modeling photodegradation kinetics of three systemic neonicotinoids-dinotefuran, imidacloprid, and thiamethoxam-in aqueous and soil environment..pdf","Environmental Toxicology and Chemistry, Vol. 35, No. 7, pp. 1718–1726, 2016",10.1002/etc.3335,2017,,candidate_gene/enzyme_plus_pathway,,,Thiamethoxam,,,Review against paper before integration,,/Volumes/WENTBROKE/Pesticide degradation database/pesticidepdf/Thiamethoxam/PesticideDB_curation_Thiamethoxam_20260707
Thiamethoxam,PDF automated candidate; manual validation required,Monitoring residue levels and dietary risk assessment of thiamethoxam and its metabolite clothianidin for Chinese consumption of Chinese kale..pdf,Received: 24 January 2021 Revised: 13 May 2021 Accepted article published: 18 June 2021 Published online in Wiley Online Library: 28 June 2021,10.1002/jsfa.11371,2025,,candidate_gene/enzyme_plus_pathway,,,Thiamethoxam,,,Review against paper before integration,,/Volumes/WENTBROKE/Pesticide degradation database/pesticidepdf/Thiamethoxam/PesticideDB_curation_Thiamethoxam_20260707
Thiamethoxam,PDF automated candidate; manual validation required,Monitoring residue levels and dietary risk assessment of thiamethoxam and its metabolite clothianidin for Chinese consumption of Chinese kale.pdf,Received: 24 January 2021 Revised: 13 May 2021 Accepted article published: 18 June 2021 Published online in Wiley Online Library: 28 June 2021,10.1002/jsfa.11371,2025,,candidate_gene/enzyme_plus_pathway,,,Thiamethoxam,,,Review against paper before integration,,/Volumes/WENTBROKE/Pesticide degradation database/pesticidepdf/Thiamethoxam/PesticideDB_curation_Thiamethoxam_20260707
Thiamethoxam,PDF automated candidate; manual validation required,Montmorillonite-supported nanoscale zero-valent iron for thiamethoxam removal response surface optimization and degradation pathway..pdf,Environmental Science and Pollution Research (2021) 28:23113–23122,10.1007/s10158-006-0040-0; 10.1007/s10967-013-2779-1,2021,,candidate_gene/enzyme_plus_pathway,,,Thiamethoxam,,,Review against paper before integration,,/Volumes/WENTBROKE/Pesticide degradation database/pesticidepdf/Thiamethoxam/PesticideDB_curation_Thiamethoxam_20260707
Thiamethoxam,PDF automated candidate; manual validation required,"MoS2 coupled with ball milling co-modified sludge biochar to efficiently activate peroxymonosulfate for neonicotinoids degradation Dominant roles of SO4•-, 1O2 and surface-bound radicals.pdf",Environmental Research 263 (2024) 119983,10.1016/j; 10.1016/j.apcatb.2020.119361,2024,,candidate_gene/enzyme_plus_pathway,,,Thiamethoxam,,,Review against paper before integration,,/Volumes/WENTBROKE/Pesticide degradation database/pesticidepdf/Thiamethoxam/PesticideDB_curation_Thiamethoxam_20260707
Thiamethoxam,PDF automated candidate; manual validation required,"Nano Structured Ni and Ru Impregnated TiO₂ Photocatalysts Synthesis, Characterization and Photocatalytic Degradation of Neonicotinoid Insecticides.pdf",Nanoscience and Nanotechnology,10.1166/jnn.2019.15880,2019,,candidate_gene/enzyme_plus_pathway,,,Thiamethoxam,,,Review against paper before integration,,/Volumes/WENTBROKE/Pesticide degradation database/pesticidepdf/Thiamethoxam/PesticideDB_curation_Thiamethoxam_20260707
Thiamethoxam,PDF automated candidate; manual validation required,Neonicotinoids thiamethoxam and clothianidin adversely affect the colonisation of invertebrate populations in aquatic microcosms..pdf,Environmental Science and Pollution Research (2018) 25:9593–9599,10.1002/aqc.748; 10.1007/s00128-011-0515-5,2018,,candidate_gene/enzyme_plus_pathway,,,Thiamethoxam,,,Review against paper before integration,,/Volumes/WENTBROKE/Pesticide degradation database/pesticidepdf/Thiamethoxam/PesticideDB_curation_Thiamethoxam_20260707
Thiamethoxam,PDF automated candidate; manual validation required,Nicotine degradation by two novel bacterial isolates of Acinetobacter sp. TW and Sphingomonas sp. TY and their responses in the presence of neonicotinoid insecticides.pdf,World J Microbiol Biotechnol (2011) 27:1633–1640,10.1007/s11274-010-0617-y,2011,BD5 and Acinetobacter sp; DAPP-PG 224 and Sphingomonas; Fig. 1 Phylogenetic analysis; Fig. 2 Effects of; HF-1; HF-1 worked well when,candidate_gene/enzyme_plus_pathway,,,Thiamethoxam,,,Review against paper before integration,,/Volumes/WENTBROKE/Pesticide degradation database/pesticidepdf/Thiamethoxam/PesticideDB_curation_Thiamethoxam_20260707
Thiamethoxam,PDF automated candidate; manual validation required,Non-Metal Doped Titania Photocatalysts for the Degradation of Neonicotinoid Insecticides Under Visible Light Irradiation.pdf,Nanoscience and Nanotechnology,10.1166/jnn.2018.14643,2018,,candidate_gene/enzyme_plus_pathway,,,Thiamethoxam,,,Review against paper before integration,,/Volumes/WENTBROKE/Pesticide degradation database/pesticidepdf/Thiamethoxam/PesticideDB_curation_Thiamethoxam_20260707
Thiamethoxam,PDF automated candidate; manual validation required,"Persistence, metabolism and safety evaluation of thiamethoxam in tomato crop..pdf",Received: 9 September 2008 Revised: 27 January 2009 Accepted: 5 February 2009 Published online in Wiley Interscience: 20 May 2009,10.1002/ps.1776,2025,,candidate_gene/enzyme_plus_pathway,,,Thiamethoxam,,,Review against paper before integration,,/Volumes/WENTBROKE/Pesticide degradation database/pesticidepdf/Thiamethoxam/PesticideDB_curation_Thiamethoxam_20260707
Thiamethoxam,PDF automated candidate; manual validation required,Pest Management Science - 2015 - Hilton - The degradation rate of thiamethoxam in European field studies.pdf,Received: 12 September 2014 Revised: 10 March 2015 Accepted article published: 17 April 2015 Published online in Wiley Online Library: 19 May 2015,10.1002/ps.4024,2025,TMX-23. Appl Microbiol Biotechnol,candidate_gene/enzyme_plus_pathway,,,Thiamethoxam,,,Review against paper before integration,,/Volumes/WENTBROKE/Pesticide degradation database/pesticidepdf/Thiamethoxam/PesticideDB_curation_Thiamethoxam_20260707
Thiamethoxam,PDF automated candidate; manual validation required,"Pesticide Use and Degradation Strategies Food Safety, Challenges and Perspectives..pdf","Pesticide Use and Degradation Strategies: Food Safety,",10.2861/28995; 10.3390/foods12142709,2023,Aspergillus Niger MCP1; B-14 and its use; Cladosporium cladosporioides Hu-01. PLoS; Is-6. J. Environ. Sci,candidate_gene/enzyme_plus_pathway,,,Thiamethoxam,,,Review against paper before integration,,/Volumes/WENTBROKE/Pesticide degradation database/pesticidepdf/Thiamethoxam/PesticideDB_curation_Thiamethoxam_20260707
Thiamethoxam,PDF automated candidate; manual validation required,pH-sensitive thiamethoxam nanoparticles based on bimodal mesoporous silica for improving insecticidal efficiency..pdf,pH-sensitive thiamethoxam,10.1002/adma.201602111; 10.1002/anie.201002639,2021,,candidate_gene/enzyme_plus_pathway,,,Thiamethoxam,,,Review against paper before integration,,/Volumes/WENTBROKE/Pesticide degradation database/pesticidepdf/Thiamethoxam/PesticideDB_curation_Thiamethoxam_20260707
Thiamethoxam,PDF automated candidate; manual validation required,Photo-degradation dynamics of five neonicotinoids Bamboo vinegar as a synergistic agent for improved functional duration..pdf,Photo-degradation dynamics of five,10.1002/etc.3335; 10.1016/j.chemosphere.2009.12.029,2019,,candidate_gene/enzyme_plus_pathway,,,Thiamethoxam,,,Review against paper before integration,,/Volumes/WENTBROKE/Pesticide degradation database/pesticidepdf/Thiamethoxam/PesticideDB_curation_Thiamethoxam_20260707
Thiamethoxam,PDF automated candidate; manual validation required,"Photocatalytic degradation of a widely used insecticide Thiamethoxam in aqueous suspension of TiO2 adsorption, kinetics, product analysis and toxicity assessment..pdf",Science of the Total Environment 458–460 (2013) 388–398,10.1016/j.scitotenv.2013.04.041; 10.1155/2012,2013,,candidate_gene/enzyme_plus_pathway,,,Thiamethoxam,,,Review against paper before integration,,/Volumes/WENTBROKE/Pesticide degradation database/pesticidepdf/Thiamethoxam/PesticideDB_curation_Thiamethoxam_20260707
Thiamethoxam,PDF automated candidate; manual validation required,Photocatalytic degradation of four insecticides and their main generated transformation products in soil and pepper crop irrigated with reclaimed agro-wastewater under natural sunlight..pdf,Contents lists available at ScienceDirect,10.1002/jsfa.3728; 10.1007/s00128-008-9420-y,2021,,candidate_gene/enzyme_plus_pathway,,,Thiamethoxam,,,Review against paper before integration,,/Volumes/WENTBROKE/Pesticide degradation database/pesticidepdf/Thiamethoxam/PesticideDB_curation_Thiamethoxam_20260707
Thiamethoxam,PDF automated candidate; manual validation required,"Photocatalytic degradation with immobilised TiO(2) of three selected neonicotinoid insecticides imidacloprid, thiamethoxam and clothianidin..pdf",Contents lists available at SciVerse ScienceDirect,10.1016/j.chemosphere.2012.04.039,2012,,candidate_gene/enzyme_plus_pathway,,,Thiamethoxam,,,Review against paper before integration,,/Volumes/WENTBROKE/Pesticide degradation database/pesticidepdf/Thiamethoxam/PesticideDB_curation_Thiamethoxam_20260707
Thiamethoxam,PDF automated candidate; manual validation required,Photodegradation of clothianidin and thiamethoxam in agricultural soils.pdf,Environmental Science and Pollution Research,10.1007/s11356-018-3121-9,2018,,candidate_gene/enzyme_plus_pathway,,,Thiamethoxam,,,Review against paper before integration,,/Volumes/WENTBROKE/Pesticide degradation database/pesticidepdf/Thiamethoxam/PesticideDB_curation_Thiamethoxam_20260707
Thiamethoxam,PDF automated candidate; manual validation required,Photodegradation of neonicotinoid insecticides in water by semiconductor oxides.pdf,Environ Sci Pollut Res,10.1007/s11356-015-4721-2,2015,,candidate_gene/enzyme_plus_pathway,,,Thiamethoxam,,,Review against paper before integration,,/Volumes/WENTBROKE/Pesticide degradation database/pesticidepdf/Thiamethoxam/PesticideDB_curation_Thiamethoxam_20260707
Thiamethoxam,PDF automated candidate; manual validation required,Photolytic degradation of the insecticide thiamethoxam in aqueous medium monitored by direct infusion electrospray ionization mass spectrometry..pdf,J. Mass Spectrom. 2007; 42: 1319–1325,10.1002/jms; 10.1002/jms.1204,2025,,candidate_gene/enzyme_plus_pathway,,,Thiamethoxam,,,Review against paper before integration,,/Volumes/WENTBROKE/Pesticide degradation database/pesticidepdf/Thiamethoxam/PesticideDB_curation_Thiamethoxam_20260707
Thiamethoxam,PDF automated candidate; manual validation required,Protective effect of vitamin C against thiamethoxam-induced toxicity in male rats..pdf,ISSN: 2226-4485 (Print)  Original Research,10.5455/OVJ.2023.v13.i10.13,2023,,candidate_gene/enzyme_plus_pathway,,,Thiamethoxam,,,Review against paper before integration,,/Volumes/WENTBROKE/Pesticide degradation database/pesticidepdf/Thiamethoxam/PesticideDB_curation_Thiamethoxam_20260707
Thiamethoxam,PDF automated candidate; manual validation required,Reduced bacterial network complexity in agricultural soils after application of the neonicotinoid insecticide thiamethoxam..pdf,Environmental Pollution 274 (2021) 116540,10.1016/j.envpol.2021.116540,2021,Sphingo,candidate_gene/enzyme_plus_pathway,,,Thiamethoxam,,,Review against paper before integration,,/Volumes/WENTBROKE/Pesticide degradation database/pesticidepdf/Thiamethoxam/PesticideDB_curation_Thiamethoxam_20260707
Thiamethoxam,PDF automated candidate; manual validation required,"Removal of chlorpyrifos, thiamethoxam, and tebuconazole from water using green synthesized metal hexacyanoferrate nanoparticles.pdf",Environmental Science and Pollution Research,10.1002/jms.315; 10.1007/s00339-016-9777-4,2018,,candidate_gene/enzyme_plus_pathway,,,Thiamethoxam,,,Review against paper before integration,,/Volumes/WENTBROKE/Pesticide degradation database/pesticidepdf/Thiamethoxam/PesticideDB_curation_Thiamethoxam_20260707
Thiamethoxam,PDF automated candidate; manual validation required,RNA m6A Methylation Suppresses Insect Juvenile Hormone Degradation to Minimize Fitness Costs in Response to A Pathogenic Attack.pdf,www.advancedscience.com,10.1002/advs.202307650,2025,HD-73; adapt to adverse environmental; after knockdown of PxMettl3; also Scienti; and 74.0; and in the Cry1Ac-treated,candidate_gene/enzyme_plus_pathway,,,Thiamethoxam,,,Review against paper before integration,,/Volumes/WENTBROKE/Pesticide degradation database/pesticidepdf/Thiamethoxam/PesticideDB_curation_Thiamethoxam_20260707
Thiamethoxam,PDF automated candidate; manual validation required,Role of Insect Gut Microbiota in Pesticide Degradation A Review..pdf,published: 03 May 2022,10.1002/arch.21218; 10.1002/ece3,2022,from Northwestern Colombia. J; of Arsenophonus symbiont decreases; of Laodelphax striatellus. Pest; of S. frugiperda harbor; of house fly; of the bacterial doi,candidate_gene/enzyme_plus_pathway,,,Thiamethoxam,,,Review against paper before integration,,/Volumes/WENTBROKE/Pesticide degradation database/pesticidepdf/Thiamethoxam/PesticideDB_curation_Thiamethoxam_20260707
Thiamethoxam,PDF automated candidate; manual validation required,Simultaneous determination of pesticides and their degradation products in potatoes by MSPD-LC-MSMS.pdf,Contents lists available at ScienceDirect,10.1002/ps.4024; 10.1007/398_2016_13,2021,,candidate_gene/enzyme_plus_pathway,,,Thiamethoxam,,,Review against paper before integration,,/Volumes/WENTBROKE/Pesticide degradation database/pesticidepdf/Thiamethoxam/PesticideDB_curation_Thiamethoxam_20260707
Thiamethoxam,PDF automated candidate; manual validation required,Soil and entomopathogenic fungi with potential for biodegradation of insecticides degradation of flubendiamide in vivo by fungi and in vitro by laccase.pdf,Annals of Microbiology (2019) 69:1517–1529,10.1007/s13213-019-01536-w,2019,JUANT070; JUANT070 and B. rhodina; JUANT070 and in vitro; JUANT070 formed an inde-; JUSOLCL039 The genus Neurospora; JUSOLCL039 in by salts,candidate_gene/enzyme_plus_pathway,,,Thiamethoxam,,,Review against paper before integration,,/Volumes/WENTBROKE/Pesticide degradation database/pesticidepdf/Thiamethoxam/PesticideDB_curation_Thiamethoxam_20260707
Thiamethoxam,PDF automated candidate; manual validation required,Soil bacteria showing a potential of chlorpyrifos degradation and plant growth enhancement..pdf,b r a z i l i a n j o u r n a l o f m i c r o b i o l o g y 4 7 (2 0 1 6) 563–570,10.1016/j.bjm.2016.04.009,2016,B-14 and its use; C2A1. J organophosphorus pesticides; and character; eters such as; pyd-1. World J plant; was grown in a,candidate_gene/enzyme_plus_pathway,,,Thiamethoxam,,,Review against paper before integration,,/Volumes/WENTBROKE/Pesticide degradation database/pesticidepdf/Thiamethoxam/PesticideDB_curation_Thiamethoxam_20260707
Thiamethoxam,PDF automated candidate; manual validation required,Sonoelectrochemical Degradation of Propyl Paraben An Examination of the Synergy in Different Water Matrices..pdf,Environmental Research,10.3390/ijerph17082621,2025,,candidate_gene/enzyme_plus_pathway,,,Thiamethoxam,,,Review against paper before integration,,/Volumes/WENTBROKE/Pesticide degradation database/pesticidepdf/Thiamethoxam/PesticideDB_curation_Thiamethoxam_20260707
Thiamethoxam,PDF automated candidate; manual validation required,Sorption and degradation of neonicotinoid insecticides in tropical soils.pdf,"Pesticides, Food Contaminants, and Agricultural Wastes",10.1002/cem.705; 10.1002/ps.1776,2018,,candidate_gene/enzyme_plus_pathway,,,Thiamethoxam,,,Review against paper before integration,,/Volumes/WENTBROKE/Pesticide degradation database/pesticidepdf/Thiamethoxam/PesticideDB_curation_Thiamethoxam_20260707
Thiamethoxam,PDF automated candidate; manual validation required,"Spatial and temporal distribution, degradation, and metabolism of three neonicotinoid insecticides on different parts, especially pests' target feeding parts of apple tree..pdf",Received: 18 November 2019 Revised: 13 January 2020 Accepted article published: 21 January 2020 Published online in Wiley Online Library: 7 February 2020,10.1002/ps.5756,2025,,candidate_gene/enzyme_plus_pathway,,,Thiamethoxam,,,Review against paper before integration,,/Volumes/WENTBROKE/Pesticide degradation database/pesticidepdf/Thiamethoxam/PesticideDB_curation_Thiamethoxam_20260707
Thiamethoxam,PDF automated candidate; manual validation required,Symbiotic Fungus Affected the Asian Citrus Psyllid (ACP) Resistance to Imidacloprid and Thiamethoxam..pdf,published: 16 December 2020,10.1002/arch.20254; 10.1002/mbo3,2024,of arsenophonus symbiont decreases,candidate_gene/enzyme_plus_pathway,,,Thiamethoxam,,,Review against paper before integration,,/Volumes/WENTBROKE/Pesticide degradation database/pesticidepdf/Thiamethoxam/PesticideDB_curation_Thiamethoxam_20260707
Thiamethoxam,PDF automated candidate; manual validation required,"The Degradation Process of Typical Neonicotinoid Insecticides in Tidal Streams in Subtropical Cities A Case Study of the Wuchong Stream, South China..pdf",The Degradation Process of Typical Neonicotinoid Insecticides,10.3390/toxics11030203; 10.3390/toxics11030203/s1,2023,,candidate_gene/enzyme_plus_pathway,,,Thiamethoxam,,,Review against paper before integration,,/Volumes/WENTBROKE/Pesticide degradation database/pesticidepdf/Thiamethoxam/PesticideDB_curation_Thiamethoxam_20260707
Thiamethoxam,PDF automated candidate; manual validation required,The dissipation of thiamethoxam and its main metabolite clothianidin during strawberry growth and jam-making process..pdf,www.nature.com/scientificreports,10.1038/s41598-018-33334-w,2018,,candidate_gene/enzyme_plus_pathway,,,Thiamethoxam,,,Review against paper before integration,,/Volumes/WENTBROKE/Pesticide degradation database/pesticidepdf/Thiamethoxam/PesticideDB_curation_Thiamethoxam_20260707
Thiamethoxam,PDF automated candidate; manual validation required,The Dissipative Potential of Gamma Irradiation in Residues of Imidacloprid and Thiamethoxam in the Postharvest of Common Beans..pdf,The Dissipative Potential of Gamma Irradiation in,10.1002/etc.3335; 10.1002/ps.1616,2025,,candidate_gene/enzyme_plus_pathway,,,Thiamethoxam,,,Review against paper before integration,,/Volumes/WENTBROKE/Pesticide degradation database/pesticidepdf/Thiamethoxam/PesticideDB_curation_Thiamethoxam_20260707
Thiamethoxam,PDF automated candidate; manual validation required,The effects of pesticide mixtures on degradation of pendimethalin in soils..pdf,Environ Monit Assess (2012) 184:3077–3084,10.1007/s10661-011-2172-x,2012,,candidate_gene/enzyme_plus_pathway,,,Thiamethoxam,,,Review against paper before integration,,/Volumes/WENTBROKE/Pesticide degradation database/pesticidepdf/Thiamethoxam/PesticideDB_curation_Thiamethoxam_20260707
Thiamethoxam,PDF automated candidate; manual validation required,The impact of inorganic salts on the ultrasonic degradation of contaminants A review..pdf,Ultrasonics Sonochemistry 111 (2024) 107076,10.1002/0471649643; 10.1002/9781118131473,2024,,candidate_gene/enzyme_plus_pathway,,,Thiamethoxam,,,Review against paper before integration,,/Volumes/WENTBROKE/Pesticide degradation database/pesticidepdf/Thiamethoxam/PesticideDB_curation_Thiamethoxam_20260707
Thiamethoxam,PDF automated candidate; manual validation required,"The metabolism of neonicotinoid insecticide thiamethoxam by soil enrichment cultures, and the bacterial diversity and plant growth-promoting properties of the cultured isolates.pdf",This article was downloaded by: [Purdue University],10.1080/03601234.2014.894761,2014,AAP-1 Isolated from Soil; CNB-1. Appl. Microbiol. Biotechnol; IM-2. bacteria isolated from; J1 and mediation of; JS765. Appl. monas maltophilia; PS19. Pestic. Biochem. Phys,candidate_gene/enzyme_plus_pathway,,,Thiamethoxam,,,Review against paper before integration,,/Volumes/WENTBROKE/Pesticide degradation database/pesticidepdf/Thiamethoxam/PesticideDB_curation_Thiamethoxam_20260707
Thiamethoxam,PDF automated candidate; manual validation required,"The protective role of L-carnitine on oxidative stress, neurotransmitter perturbations, astrogliosis, and apoptosis induced by thiamethoxam in the brains of male rats..pdf",Naunyn-Schmiedeberg's Archives of Pharmacology (2024) 397:4365–4379,10.1007/s00210-023-02887-7,2024,,candidate_gene/enzyme_plus_pathway,,,Thiamethoxam,,,Review against paper before integration,,/Volumes/WENTBROKE/Pesticide degradation database/pesticidepdf/Thiamethoxam/PesticideDB_curation_Thiamethoxam_20260707
Thiamethoxam,PDF automated candidate; manual validation required,"The route and rate of thiamethoxam soil degradation in laboratory and outdoor incubated tests, and field studies following seed treatments or spray application..pdf",Received: 21 September 2017 Revised: 20 July 2018 Accepted article published: 9 August 2018 Published online in Wiley Online Library: 3 October 2018,10.1002/ps.5168; 10.1371/journal.pone.0097081,2019,,candidate_gene/enzyme_plus_pathway,,,Thiamethoxam,,,Review against paper before integration,,/Volumes/WENTBROKE/Pesticide degradation database/pesticidepdf/Thiamethoxam/PesticideDB_curation_Thiamethoxam_20260707
Thiamethoxam,PDF automated candidate; manual validation required,The Synergistic Effect of Thiamethoxam and Synapsin dsRNA Targets Neurotransmission to Induce Mortality in iAphis gossypiii..pdf,Molecular Sciences,10.3390/ijms23169388; 10.3390/ijms23169388/s1,2022,of Aphis gossypii Glover,candidate_gene/enzyme_plus_pathway,,,Thiamethoxam,,,Review against paper before integration,,/Volumes/WENTBROKE/Pesticide degradation database/pesticidepdf/Thiamethoxam/PesticideDB_curation_Thiamethoxam_20260707
Thiamethoxam,PDF automated candidate; manual validation required,Therapeutic potential of polysaccharide extracted from fenugreek seeds against thiamethoxam-induced hepatotoxicity and genotoxicity in Wistar adult rats..pdf,Toxicology Mechanisms and Methods,10.1080/15376516.2018.1564949,2019,,candidate_gene/enzyme_plus_pathway,,,Thiamethoxam,,,Review against paper before integration,,/Volumes/WENTBROKE/Pesticide degradation database/pesticidepdf/Thiamethoxam/PesticideDB_curation_Thiamethoxam_20260707
Thiamethoxam,PDF automated candidate; manual validation required,Thiamethoxam Actara® Induced Alterations in Kidney Liver Cerebellum and Hippocampus of Male Rats.pdf,® on the risk of diseases associated with occu-,10.4081/xeno.2017.7149,2017,,candidate_gene/enzyme_plus_pathway,,,Thiamethoxam,,,Review against paper before integration,,/Volumes/WENTBROKE/Pesticide degradation database/pesticidepdf/Thiamethoxam/PesticideDB_curation_Thiamethoxam_20260707
Thiamethoxam,PDF automated candidate; manual validation required,Thiamethoxam Application Improves Yield and Drought Resistance of Potatoes (Solanum tuberosum L.).pdf,Thiamethoxam Application Improves Yield and Drought,10.3390/plants13040477,2024,TMX-23. Appl. Microbiol. Biotechnol,candidate_gene/enzyme_plus_pathway,,,Thiamethoxam,,,Review against paper before integration,,/Volumes/WENTBROKE/Pesticide degradation database/pesticidepdf/Thiamethoxam/PesticideDB_curation_Thiamethoxam_20260707
Thiamethoxam,PDF automated candidate; manual validation required,Thiamethoxam as an inadvertent anti-aphrodisiac in male bees..pdf,Toxicology Reports 9 (2022) 36–45,10.1002/ps.3868; 10.1002/ps.4342,2022,,candidate_gene/enzyme_plus_pathway,,,Thiamethoxam,,,Review against paper before integration,,/Volumes/WENTBROKE/Pesticide degradation database/pesticidepdf/Thiamethoxam/PesticideDB_curation_Thiamethoxam_20260707
Thiamethoxam,PDF automated candidate; manual validation required,Thiamethoxam at environmentally relevant concentrations induces neurotoxicity in zebrafish larvae through binding with multiple receptors..pdf,Eco-Environment & Health 4 (2025) 100133,10.1016/j.eehl.2024.12.002,2025,,candidate_gene/enzyme_plus_pathway,,,Thiamethoxam,,,Review against paper before integration,,/Volumes/WENTBROKE/Pesticide degradation database/pesticidepdf/Thiamethoxam/PesticideDB_curation_Thiamethoxam_20260707
Thiamethoxam,PDF automated candidate; manual validation required,Thiamethoxam degradation by Pseudomonas and Bacillus strains isolated from agricultural soils..pdf,Environ Monit Assess (2015) 187:300,10.1007/s10661-015-4532-4,2015,B-14 and its use; Brevundimonas sp. MJ15. data; IMBL 1.2 3.69; IMBL 1.2 48.38; IMBL 1.3 3.68; IMBL 1.3 45.36,candidate_gene/enzyme_plus_pathway,,,Thiamethoxam,,,Review against paper before integration,,/Volumes/WENTBROKE/Pesticide degradation database/pesticidepdf/Thiamethoxam/PesticideDB_curation_Thiamethoxam_20260707
Thiamethoxam,PDF automated candidate; manual validation required,"Thiamethoxam, a Neonicotinoid Poisoning Causing Acute Kidney Injury via a Novel Mechanism..pdf","Thiamethoxam, a Neonicotinoid Poisoning",10.1016/j.ekir.2020.04.009,2020,,candidate_gene/enzyme_plus_pathway,,,Thiamethoxam,,,Review against paper before integration,,/Volumes/WENTBROKE/Pesticide degradation database/pesticidepdf/Thiamethoxam/PesticideDB_curation_Thiamethoxam_20260707
Thiamethoxam,PDF automated candidate; manual validation required,"Thiamethoxam, Clothianidin, and Imidacloprid Seed Treatments Effectively Control Thrips on Corn Under Field Conditions..pdf",doi: 10.1093/jisesa/iey128,10.1093/jisesa/iey128,2018,,candidate_gene/enzyme_plus_pathway,,,Thiamethoxam,,,Review against paper before integration,,/Volumes/WENTBROKE/Pesticide degradation database/pesticidepdf/Thiamethoxam/PesticideDB_curation_Thiamethoxam_20260707
Thiamethoxam,PDF automated candidate; manual validation required,Thiamethoxam-Induced Intergenerational Sublethal Effects on the Life History and Feeding Behavior of Rhopalosiphum padi.pdf,Thiamethoxam-Induced Intergenerational Sublethal Effects on,10.3390/plants13060865; 10.3390/plants13060865/s1,2024,,candidate_gene/enzyme_plus_pathway,,,Thiamethoxam,,,Review against paper before integration,,/Volumes/WENTBROKE/Pesticide degradation database/pesticidepdf/Thiamethoxam/PesticideDB_curation_Thiamethoxam_20260707
Thiamethoxam,PDF automated candidate; manual validation required,Transcriptome profiling of the whitefly Bemisia tabaci reveals stage-specific gene expression signatures for thiamethoxam resistance..pdf,"Insect Molecular Biology (2013) 22(5), 485–496 doi: 10.1111/imb.12038",10.1111/imb.12038; 10.1371/journal.pgen.1001248,2014,a different P450 whiteflies; a gene encoding a; a is illustrated in; and life stage; and life stage were; and may play a,candidate_gene/enzyme_plus_pathway,,,Thiamethoxam,,,Review against paper before integration,,/Volumes/WENTBROKE/Pesticide degradation database/pesticidepdf/Thiamethoxam/PesticideDB_curation_Thiamethoxam_20260707
Thiamethoxam,PDF automated candidate; manual validation required,Transcriptomic analysis of Malpighian tubules from the stingless bee Melipona scutellaris reveals thiamethoxam-induced damages..pdf,Science of the Total Environment 850 (2022) 158086,10.1002/jemt.22199; 10.1002/tox.21842,2022,,candidate_gene/enzyme_plus_pathway,,,Thiamethoxam,,,Review against paper before integration,,/Volumes/WENTBROKE/Pesticide degradation database/pesticidepdf/Thiamethoxam/PesticideDB_curation_Thiamethoxam_20260707
Thiamethoxam,PDF automated candidate; manual validation required,"Transcriptomic and proteomic responses of sweetpotato whitefly, Bemisia tabaci, to thiamethoxam..pdf",Transcriptomic and Proteomic Responses of,10.1093/bioinformatics/bts515; 10.1371/journal,2013,and the remaining clean; has been cultured without; in comparthem; of German data. Bioinformatics; of Tribolium castaneum. Proc; was significantly over- expressed,candidate_gene/enzyme_plus_pathway,,,Thiamethoxam,,,Review against paper before integration,,/Volumes/WENTBROKE/Pesticide degradation database/pesticidepdf/Thiamethoxam/PesticideDB_curation_Thiamethoxam_20260707
Thiamethoxam,PDF automated candidate; manual validation required,"Translocation, residues and risk assessment of thiamethoxam applied by root irrigation in tomato plant ecosystems.pdf","Translocation, residues and risk assessment of",10.1002/jsfa.11371; 10.1002/ps.365,2023,,candidate_gene/enzyme_plus_pathway,,,Thiamethoxam,,,Review against paper before integration,,/Volumes/WENTBROKE/Pesticide degradation database/pesticidepdf/Thiamethoxam/PesticideDB_curation_Thiamethoxam_20260707
Thiamethoxam,PDF automated candidate; manual validation required,Treatment of Four Stored-Grain Pests with Thiamethoxam plus Chlorantraniliprole Enhanced Impact on Different Types of Grain Commodities and Surfaces..pdf,Treatment of Four Stored-Grain Pests with Thiamethoxam plus,10.3390/insects14070619,2023,,candidate_gene/enzyme_plus_pathway,,,Thiamethoxam,,,Review against paper before integration,,/Volumes/WENTBROKE/Pesticide degradation database/pesticidepdf/Thiamethoxam/PesticideDB_curation_Thiamethoxam_20260707
Thiamethoxam,PDF automated candidate; manual validation required,"Uptake and translocation of imidacloprid, thiamethoxam and difenoconazole in rice plants..pdf",Environmental Pollution 226 (2017) 479e485,10.1016/j.envpol.2017.04.043,2017,,candidate_gene/enzyme_plus_pathway,,,Thiamethoxam,,,Review against paper before integration,,/Volumes/WENTBROKE/Pesticide degradation database/pesticidepdf/Thiamethoxam/PesticideDB_curation_Thiamethoxam_20260707
Triazophos,PDF automated candidate; manual validation required,A Comprehensive Review of Multifunctional Nanozymes for Degradation and Detection of Organophosphorus Pesticides in the Environment..pdf,A Comprehensive Review of Multifunctional Nanozymes for,10.3390/toxics; 10.3390/toxics12120926,2025,,candidate_gene/enzyme_plus_pathway,,,Triazophos,,,Review against paper before integration,,/Volumes/WENTBROKE/Pesticide degradation database/pesticidepdf/Triazophos/PesticideDB_curation_Triazophos_20260707
Triazophos,PDF automated candidate; manual validation required,A review on WO3 photocatalysis used for wastewater treatment and pesticide degradation.pdf,Contents lists available at ScienceDirect,10.1002/anie.200802207; 10.1002/pssa.201700218,2025,,candidate_gene/enzyme_plus_pathway,,,Triazophos,,,Review against paper before integration,,/Volumes/WENTBROKE/Pesticide degradation database/pesticidepdf/Triazophos/PesticideDB_curation_Triazophos_20260707
Triazophos,PDF automated candidate; manual validation required,A sensitive fluorometric bio-barcodes immunoassay for detection of triazophos residue in agricultural products and water samples by iterative cycles of DNA-RNA hybridization and dissociation of fluorophores by Ribonuclease.pdf,Science of the Total Environment 717 (2020) 137268,10.1002/chem.201102060; 10.1007/s12161,2020,,candidate_gene/enzyme_plus_pathway,,,Triazophos,,,Review against paper before integration,,/Volumes/WENTBROKE/Pesticide degradation database/pesticidepdf/Triazophos/PesticideDB_curation_Triazophos_20260707
Triazophos,PDF automated candidate; manual validation required,"Adsorption and degradation of triazophos, chlorpyrifos and their main hydrolytic metabolites in paddy soil from Chaohu Lake, China..pdf",Contents lists available at ScienceDirect,10.1016/j.jenvman.2011.04.009,2011,B-14 and its use; C2A1. J. Hazard. Mater; Dsp-2; GS-1; GS-1 and its degrading; GS-1 for the bioremediation,candidate_gene/enzyme_plus_pathway,,,Triazophos,,,Review against paper before integration,,/Volumes/WENTBROKE/Pesticide degradation database/pesticidepdf/Triazophos/PesticideDB_curation_Triazophos_20260707
Triazophos,PDF automated candidate; manual validation required,An alkaline phosphatase from Bacillus amyloliquefaciens YP6 of new application in biodegradation of five broad-spectrum organophosphorus pesticides..pdf,"Pesticides, Food Contaminants, and Agricultural Wastes",10.1002/jobm.201500336; 10.1007/BF02932098,2019,B. amyloliquefaciens YP6 was; Burkholderia sp. FDS-1 and; C2A1. J. from YP6; ML-1. Arch. Biol. Sci; Stenotrophomonas sp; YP6,candidate_gene/enzyme_plus_pathway,,,Triazophos,,,Review against paper before integration,,/Volumes/WENTBROKE/Pesticide degradation database/pesticidepdf/Triazophos/PesticideDB_curation_Triazophos_20260707
Triazophos,PDF automated candidate; manual validation required,Bacilli-Mediated Degradation of Xenobiotic Compounds and Heavy Metals..pdf,published: 09 October 2020,10.1002/9780470054581.eib063; 10.1002/biof.5520140132,2021,A. rzi. BioMed. Res; AK1 and Lysinibacillus sp; AK2. J. Hazard. recent; B-1 degraded cinnamic acid; BFN; Bacilli-Mediated Degradation of SanPS1,candidate_gene/enzyme_plus_pathway,,,Triazophos,,,Review against paper before integration,,/Volumes/WENTBROKE/Pesticide degradation database/pesticidepdf/Triazophos/PesticideDB_curation_Triazophos_20260707
Triazophos,PDF automated candidate; manual validation required,"Biodegradation mechanism of 1H-1,2,4-triazole by a newly isolated strain Shinella sp. NJUST26..pdf",www.nature.com/scientificreports,10.1038/srep29675,2016,Ch06; NJUST26 appeared ivory white; NJUST26 capable of utilizing; NJUST26 was constructed from; NJUST26 was designated as; NJUST26 was inoculated in,candidate_gene/enzyme_plus_pathway,,,Triazophos,,,Review against paper before integration,,/Volumes/WENTBROKE/Pesticide degradation database/pesticidepdf/Triazophos/PesticideDB_curation_Triazophos_20260707
Triazophos,PDF automated candidate; manual validation required,"Biodegradation of nitenpyram (neonicotinoid insecticide) by endophytic bacterium, iBacillus thuringiensisi strain NIT-2, isolated from neonicotinoid-treated plant samples..pdf",DOI: 10.1584/jpestics.D24-002,10.1007/698_2022_853; 10.1007/s10646-012-0863-x,2024,DF-1; DF-1 through the removal; DF-1.30; HPLC; NIT-2; NIT-2 101 Fig. 6,candidate_gene/enzyme_plus_pathway,,,Triazophos,,,Review against paper before integration,,/Volumes/WENTBROKE/Pesticide degradation database/pesticidepdf/Triazophos/PesticideDB_curation_Triazophos_20260707
Triazophos,PDF automated candidate; manual validation required,"Cloning, expression and mutation of a triazophos hydrolase gene from Burkholderia sp. SZL-1..pdf","FEMS Microbiology Letters Advance Access published April 19, 2016",,2016,E6. Strain TPD-1 could; FLN-7 that hydrolyzes amide; G1 could degrade 34; GS-1 and its degrading; GS-1 could degrade 100; Klebsiella sp E6 effectively,candidate_gene/enzyme_plus_pathway,,,Triazophos,,,Review against paper before integration,,/Volumes/WENTBROKE/Pesticide degradation database/pesticidepdf/Triazophos/PesticideDB_curation_Triazophos_20260707
Triazophos,PDF automated candidate; manual validation required,Combined treatment approaches based on ultrasound for removal of triazophos from wastewater..pdf,Ultrasonics Sonochemistry 40 (2018) 89–96,10.1016/j.ultsonch.2017.02.019,2018,,candidate_gene/enzyme_plus_pathway,,,Triazophos,,,Review against paper before integration,,/Volumes/WENTBROKE/Pesticide degradation database/pesticidepdf/Triazophos/PesticideDB_curation_Triazophos_20260707
Triazophos,PDF automated candidate; manual validation required,Contribution of insect gut microbiota and their associated enzymes in insect physiology and biodegradation of pesticides..pdf,PUBLISHED 14 September 2022,10.1001/archneurol; 10.1001/jamaneurol.2013.6030,2022,CF-BD. In the presence; CL4 has that are; IM-2. J. Agric. Food; Klebsiella concentrations; Rhodococcus sp. BCH2 and; across several agricultural and,candidate_gene/enzyme_plus_pathway,,,Triazophos,,,Review against paper before integration,,/Volumes/WENTBROKE/Pesticide degradation database/pesticidepdf/Triazophos/PesticideDB_curation_Triazophos_20260707
Triazophos,PDF automated candidate; manual validation required,Development of a one-step immunoassay for triazophos using camel single-domain antibody-alkaline phosphatase fusion protein..pdf,Anal Bioanal Chem. Author manuscript; available in PMC 2020 April 13.,10.1007/s00216-018-01563-7,2020,VHHs from phage libraries,candidate_gene/enzyme_plus_pathway,,,Triazophos,,,Review against paper before integration,,/Volumes/WENTBROKE/Pesticide degradation database/pesticidepdf/Triazophos/PesticideDB_curation_Triazophos_20260707
Triazophos,PDF automated candidate; manual validation required,Effect of intensifying additives on the degradation of thiamethoxam using ultrasound cavitation..pdf,Ultrasonics - Sonochemistry 70 (2021) 105310,10.1016/j.ultsonch.2020.105310,2021,,candidate_gene/enzyme_plus_pathway,,,Triazophos,,,Review against paper before integration,,/Volumes/WENTBROKE/Pesticide degradation database/pesticidepdf/Triazophos/PesticideDB_curation_Triazophos_20260707
Triazophos,PDF automated candidate; manual validation required,Effects of Ca2+ and fulvic acids on atrazine degradation by nano-TiO2 Performances and mechanisms.pdf,www.nature.com/scientificreports,10.1007/s13762-018-2148-2; 10.1038/s41598-018-38358-w,2019,ADP. Environmental Engineering Science,candidate_gene/enzyme_plus_pathway,,,Triazophos,,,Review against paper before integration,,/Volumes/WENTBROKE/Pesticide degradation database/pesticidepdf/Triazophos/PesticideDB_curation_Triazophos_20260707
Triazophos,PDF automated candidate; manual validation required,Efficient Knocking Out of the Organophosphorus Insecticides Degradation Gene iopdBi in iCupriavidus nantongensisi X1supTsup via CRISPRiCas9i with Red System..pdf,Molecular Sciences,10.3390/ijms24066003,2023,CNP-8; CNP-8. Front. Microbiol. 2017; CRISPR; Cupriavidus necator N-1. J; H1130; ST-14 and Construction of,candidate_gene/enzyme_plus_pathway,,,Triazophos,,,Review against paper before integration,,/Volumes/WENTBROKE/Pesticide degradation database/pesticidepdf/Triazophos/PesticideDB_curation_Triazophos_20260707
Triazophos,PDF automated candidate; manual validation required,Enhanced efficiency and stability in the degradation of triazophosphorus pesticides by Alsub6subSisub2subOsub13subWOsub2.72sub nanocomposites through synergistic action of S-scheme heterojunction and oxygen vacancies..pdf,Contents lists available at ScienceDirect,10.1002/adma.202107668; 10.1002/jctb.7091,2025,,candidate_gene/enzyme_plus_pathway,,,Triazophos,,,Review against paper before integration,,/Volumes/WENTBROKE/Pesticide degradation database/pesticidepdf/Triazophos/PesticideDB_curation_Triazophos_20260707
Triazophos,PDF automated candidate; manual validation required,"Environmental Occurrence, Toxicity Concerns, and Degradation of Diazinon Using a Microbial System..pdf",published: 01 November 2021,10.1002/etc.4249; 10.1002/jobm.201300576,2021,ADA-23B Bacterium Soil-straw; Apergillus 7; B-14 and its use; B-L is different from; C2; Cladosporium cladosporioides Hu-01. PLoS,candidate_gene/enzyme_plus_pathway,,,Triazophos,,,Review against paper before integration,,/Volumes/WENTBROKE/Pesticide degradation database/pesticidepdf/Triazophos/PesticideDB_curation_Triazophos_20260707
Triazophos,PDF automated candidate; manual validation required,Hydrolytic products and kinetics of triazophos in buffered and alkaline solutions with different values of pH..pdf,"5404 J. Agric. Food Chem. 2004, 52, 5404−5411",10.1021/jf049441i,2004,,candidate_pathway/metabolite,,,Triazophos,,,Review against paper before integration,,/Volumes/WENTBROKE/Pesticide degradation database/pesticidepdf/Triazophos/PesticideDB_curation_Triazophos_20260707
Triazophos,PDF automated candidate; manual validation required,Identification and degradation characteristics of Bacillus cereus strain WD-2 isolated from prochloraz-manganese-contaminated soils..pdf,Identification and degradation characteristics,10.1002/ps.2780100605; 10.1007/s11356-011-0472-x,2019,Bacillus pumilus W1. Ann; PUPCCC 64 and its; PUPCCC 64. Environ Sci; Through repeated separation and; WD-2; WD-2 Growth curves of,candidate_gene/enzyme_plus_pathway,,,Triazophos,,,Review against paper before integration,,/Volumes/WENTBROKE/Pesticide degradation database/pesticidepdf/Triazophos/PesticideDB_curation_Triazophos_20260707
Triazophos,PDF automated candidate; manual validation required,Identification of the biochemical degradation pathway of triazophos and its intermediate in Diaphorobacter sp. TPD-1.pdf,Curr Microbiol (2011) 62:1294–1301,10.1007/s00284-010-9746-7; 10.1007/s00284-010-9859-z,2011,Diaphorobacter sp. TPD-1 was; Diaphorobacter triazophos or PHT; Dsp-2; During the triazophos biodegradation; E6; GS-1 and its degrading,candidate_gene/enzyme_plus_pathway,,,Triazophos,,,Review against paper before integration,,/Volumes/WENTBROKE/Pesticide degradation database/pesticidepdf/Triazophos/PesticideDB_curation_Triazophos_20260707
Triazophos,PDF automated candidate; manual validation required,Insights into the Toxicity and Degradation Mechanisms of Imidacloprid Via Physicochemical and Microbial Approaches..pdf,Insights into the Toxicity and Degradation,10.3390/toxics8030065,2020,BHC1 degrades 78; Bacillus subtilis BSF01 and; Brevibacterium aureum and its; CF2; CW3 from wastewater sludge; MK6 from an Egyptian,candidate_gene/enzyme_plus_pathway,,,Triazophos,,,Review against paper before integration,,/Volumes/WENTBROKE/Pesticide degradation database/pesticidepdf/Triazophos/PesticideDB_curation_Triazophos_20260707
Triazophos,PDF automated candidate; manual validation required,"Isolation and characterization of organophosphorus phosphatases from iBacillus thuringiensisi MB497 capable of degrading Chlorpyrifos, Triazophos and Dimethoate..pdf",Contents lists available at ScienceDirect,10.1016/j.heliyon.2020.e04221,2020,BSAR-1 for bio; Bacillus thuringiensis MB497; Bacillus thuringiensis MB497 was; MB497; MB497 as analyzed by; MB497 at different incubation,candidate_gene/enzyme_plus_pathway,,,Triazophos,,,Review against paper before integration,,/Volumes/WENTBROKE/Pesticide degradation database/pesticidepdf/Triazophos/PesticideDB_curation_Triazophos_20260707
Triazophos,PDF automated candidate; manual validation required,Isolation of a triazophos-degrading strain Klebsiella sp. E6 effectively utilizing triazophos as sole nitrogen source..pdf,FEMS Microbiology Letters 253 (2005) 259–265,10.1016/j.femsle.2005.09.044,2005,E6; E6 TAP. Based on; E6 at di; E6 by a standard; E6 could not utilize; E6 degraded TAP the,candidate_gene/enzyme_plus_pathway,,,Triazophos,,,Review against paper before integration,,/Volumes/WENTBROKE/Pesticide degradation database/pesticidepdf/Triazophos/PesticideDB_curation_Triazophos_20260707
Triazophos,PDF automated candidate; manual validation required,"Isolation, identification and characterization of a novel triazophos-degrading Bacillus sp. (TAP-1)..pdf",Microbiological Research 167 (2012) 299–305,10.1016/j.micres.2011.10.004,2022,ANctcri1; B-5. J Biosci Bioeng; B230; Bacillus sp. TAP-1 was; Barik S; CCGE2286,candidate_gene/enzyme_plus_pathway,,,Triazophos,,,Review against paper before integration,,/Volumes/WENTBROKE/Pesticide degradation database/pesticidepdf/Triazophos/PesticideDB_curation_Triazophos_20260707
Triazophos,PDF automated candidate; manual validation required,Kinetics and products of photo-Fenton degradation of triazophos..pdf,"7614 J. Agric. Food Chem. 2004, 52, 7614−7620",10.1021/jf048731w,2013,,candidate_pathway/metabolite,,,Triazophos,,,Review against paper before integration,,/Volumes/WENTBROKE/Pesticide degradation database/pesticidepdf/Triazophos/PesticideDB_curation_Triazophos_20260707
Triazophos,PDF automated candidate; manual validation required,Mechanisms of oxidative response during biodegradation of malathion by S. oneidensis MR-1..pdf,Environmental Science and Pollution Research (2024) 31:16832–16845,10.1007/s11356-024-32283-4,2024,FO-36bT; KCTC; MAGK3; Ml-1. Arch Biol Sci; Oxidative stress measurement Conservation; Scytonema sp. BHUS-5. via,candidate_gene/enzyme_plus_pathway,,,Triazophos,,,Review against paper before integration,,/Volumes/WENTBROKE/Pesticide degradation database/pesticidepdf/Triazophos/PesticideDB_curation_Triazophos_20260707
Triazophos,PDF automated candidate; manual validation required,Microbial community variation in phytoremediation of triazophos by Canna indica Linn. in a hydroponic system..pdf,Microbial community variation in phytoremediation of triazophos,10.1016/S1001-0742(09)60242-4,2014,Klebsiella sp. 398,candidate_gene/enzyme_plus_pathway,,,Triazophos,,,Review against paper before integration,,/Volumes/WENTBROKE/Pesticide degradation database/pesticidepdf/Triazophos/PesticideDB_curation_Triazophos_20260707
Triazophos,PDF automated candidate; manual validation required,Microbial degradation of halogenated aromatics molecular mechanisms and enzymatic reactions..pdf,Microbial degradation of halogenated aromatics:,10.1002/anie.201904923; 10.1002/cbic.201900413,2027,Aerono- Palfey; CBDB1; CBDB1 characterization; CBDB1. Appl Envi- Anaerobic; DCMB5; DCMB5 is capable of,candidate_gene/enzyme_plus_pathway,,,Triazophos,,,Review against paper before integration,,/Volumes/WENTBROKE/Pesticide degradation database/pesticidepdf/Triazophos/PesticideDB_curation_Triazophos_20260707
Triazophos,PDF automated candidate; manual validation required,Minute-Speed Biodegradation of Organophosphorus Insecticides by Cupriavidus nantongensis X1T.pdf,"Cite This: J. Agric. Food Chem. 2019, 67, 13558−13567 pubs.acs.org/JAFC",10.1021/acs.jafc.9b06157,2020,C2A1. J. Hazard; CNP-8; Dsp-2; HNM. J. Basic Microbiol; However; Stenotrophomonas sp. SMSP-1 and,candidate_gene/enzyme_plus_pathway,,,Triazophos,,,Review against paper before integration,,/Volumes/WENTBROKE/Pesticide degradation database/pesticidepdf/Triazophos/PesticideDB_curation_Triazophos_20260707
Triazophos,PDF automated candidate; manual validation required,"Nematicidal efficacy, enhanced degradation and cross adaptation of carbosulfan, cadusafos and triazophos under tropical conditions.pdf","Nematology, 2010, Vol. 12(2), 211-224",10.1163/138855409X12465264245574,2010,B-14 degraded chlorpyrifos; FEMS Microbiology Letters 253; Klebsiella S INGH,candidate_gene/enzyme_plus_pathway,,,Triazophos,,,Review against paper before integration,,/Volumes/WENTBROKE/Pesticide degradation database/pesticidepdf/Triazophos/PesticideDB_curation_Triazophos_20260707
Triazophos,PDF automated candidate; manual validation required,"Novel metabolites of triazophos formed during degradation by bacterial strains Pseudomonas kilonensis MB490 , Pseudomonas kilonensis MB498 and pseudomonas sp. MB504 isolated from cotton fields.pdf","Pesticides, Food Contaminants, and Agricultural Wastes",10.1002/14356007.a13_177; 10.1007/s00284,2020,B-14 and 010-9859-z. Its; Klebsiella sp. E6 Effectively; MB490 exhibited maximum; MB490 proved most efficient; MB504 performed best at; Shinella sp. NJUST26. Sci,candidate_gene/enzyme_plus_pathway,,,Triazophos,,,Review against paper before integration,,/Volumes/WENTBROKE/Pesticide degradation database/pesticidepdf/Triazophos/PesticideDB_curation_Triazophos_20260707
Triazophos,PDF automated candidate; manual validation required,Oxidases responsible for resistance to pyrethroids sensitize Helicoverpa armigera (HÃ¼bner) to triazophos in West Africa..pdf,Insect Biochemistry and Molecular Biology 33 (2003) 883–887,10.1016/S0965-1748(03)00093-6,2003,BK77; BK77 and 27.8; BK99R9; BK99R9 was The Drosophila; BK99R9 was collected as; BK99R9. Regression lines are,candidate_gene/enzyme_plus_pathway,,,Triazophos,,,Review against paper before integration,,/Volumes/WENTBROKE/Pesticide degradation database/pesticidepdf/Triazophos/PesticideDB_curation_Triazophos_20260707
Triazophos,PDF automated candidate; manual validation required,Pathways of Amino Acid Degradation in Nilaparvata lugens (StÃ¥l) with Special Reference to Lysine-Ketoglutarate ReductaseSaccharopine Dehydrogenase (LKRSDH)..pdf,Pathways of Amino Acid Degradation in,10.1006/jmbi.1997.0951; 10.1016/j.brainres.2010.02.018,2015,,candidate_gene/enzyme_plus_pathway,,,Triazophos,,,Review against paper before integration,,/Volumes/WENTBROKE/Pesticide degradation database/pesticidepdf/Triazophos/PesticideDB_curation_Triazophos_20260707
Triazophos,PDF automated candidate; manual validation required,Persistence and dissipation behavior of triazophos in canal water under Indian climatic conditions..pdf,"Ecotoxicology and Environmental Safety 50, 82}84 (2001)",10.1006/eesa.2001.2103,2001,,candidate_gene/enzyme_plus_pathway,,,Triazophos,,,Review against paper before integration,,/Volumes/WENTBROKE/Pesticide degradation database/pesticidepdf/Triazophos/PesticideDB_curation_Triazophos_20260707
Triazophos,PDF automated candidate; manual validation required,"Pesticide Use and Degradation Strategies Food Safety, Challenges and Perspectives..pdf","Pesticide Use and Degradation Strategies: Food Safety,",10.2861/28995; 10.3390/foods12142709,2023,Aspergillus Niger MCP1; B-14 and its use; Cladosporium cladosporioides Hu-01. PLoS; Is-6. J. Environ. Sci,candidate_gene/enzyme_plus_pathway,,,Triazophos,,,Review against paper before integration,,/Volumes/WENTBROKE/Pesticide degradation database/pesticidepdf/Triazophos/PesticideDB_curation_Triazophos_20260707
Triazophos,PDF automated candidate; manual validation required,Photocatalytic degradation of triazophos in aqueous titanium dioxide.pdf,Photocatalytic degradation of triazophos in aqueous titanium dioxide,10.1016/j.jhazmat.2006.12.007,2007,the oxon derivative of,candidate_gene/enzyme_plus_pathway,,,Triazophos,,,Review against paper before integration,,/Volumes/WENTBROKE/Pesticide degradation database/pesticidepdf/Triazophos/PesticideDB_curation_Triazophos_20260707
Triazophos,PDF automated candidate; manual validation required,Quantitative Modeling of the Degradation of Pesticide Residues in Wheat Flour Supply Chain..pdf,Quantitative Modeling of the Degradation of Pesticide,10.3390/foods12040788,2023,,candidate_gene/enzyme_plus_pathway,,,Triazophos,,,Review against paper before integration,,/Volumes/WENTBROKE/Pesticide degradation database/pesticidepdf/Triazophos/PesticideDB_curation_Triazophos_20260707
Triazophos,PDF automated candidate; manual validation required,"Residue Degradation and Risk Assessment of Difenoconazole and Its Metabolite during Tea Growing, Processing and Brewing by Ultra-Performance Liquid Chromatography-Tandem Mass Spectrometry Determination..pdf",Residue Degradation and Risk Assessment of Difenoconazole,10.3390/foods13071123; 10.3390/foods13071123/s1,2024,,candidate_pathway/metabolite,,,Triazophos,,,Review against paper before integration,,/Volumes/WENTBROKE/Pesticide degradation database/pesticidepdf/Triazophos/PesticideDB_curation_Triazophos_20260707
Triazophos,PDF automated candidate; manual validation required,"Simultaneous degradation of triazophos, methamidophos and carbofuran pesticides in wastewater using an Enterobacter bacterial bioreactor and analysis of toxicity and biosafety..pdf",Contents lists available at ScienceDirect,10.1016/j.chemosphere.2020.128054,2020,DH5a; DH5a did not cause; DH5a with the blank; Initial concentration; VM111 and its expression; Z1,candidate_gene/enzyme_plus_pathway,,,Triazophos,,,Review against paper before integration,,/Volumes/WENTBROKE/Pesticide degradation database/pesticidepdf/Triazophos/PesticideDB_curation_Triazophos_20260707
Triazophos,PDF automated candidate; manual validation required,Sonochemical degradation of pesticides in aqueous solution investigation on the influence of operating parameters and degradation pathway - a systematic review..pdf,Sonochemical degradation of pesticides in aqueous,10.1039/c9ra11025a,2020,,candidate_gene/enzyme_plus_pathway,,,Triazophos,,,Review against paper before integration,,/Volumes/WENTBROKE/Pesticide degradation database/pesticidepdf/Triazophos/PesticideDB_curation_Triazophos_20260707
Triazophos,PDF automated candidate; manual validation required,Thermal stability of organophosphorus pesticide triazophos and its relevance in the assessment of risk to the consumer of triazophos residues in food..pdf,"J. Agric. Food Chem. 2001, 49, 103−106 103",10.1021/jf0002589,2001,,candidate_gene/enzyme_plus_pathway,,,Triazophos,,,Review against paper before integration,,/Volumes/WENTBROKE/Pesticide degradation database/pesticidepdf/Triazophos/PesticideDB_curation_Triazophos_20260707
Triazophos,PDF automated candidate; manual validation required,Triazophos (TAP) removal in horizontal subsurface flow constructed wetlands (HSCWs) and its accumulation in plants and substrates..pdf,www.nature.com/scientificreports,10.1038/s41598-017-05874-0,2018,,candidate_gene/enzyme_plus_pathway,,,Triazophos,,,Review against paper before integration,,/Volumes/WENTBROKE/Pesticide degradation database/pesticidepdf/Triazophos/PesticideDB_curation_Triazophos_20260707
Triazophos,PDF automated candidate; manual validation required,Triazophos-induced toxicity in zebrafish miRNA-217 inhibits nup43.pdf,Toxicology Research,10.1039/c8tx00065d,2018,,candidate_gene/enzyme_plus_pathway,,,Triazophos,,,Review against paper before integration,,/Volumes/WENTBROKE/Pesticide degradation database/pesticidepdf/Triazophos/PesticideDB_curation_Triazophos_20260707
Triazophos,PDF automated candidate; manual validation required,Ultrasonic-assisted ozone degradation of organic pollutants in industrial sulfuric acid..pdf,Ultrasonics Sonochemistry 86 (2022) 106043,10.1002/aic.690450602; 10.1002/jctb.1816,2022,,candidate_gene/enzyme_plus_pathway,,,Triazophos,,,Review against paper before integration,,/Volumes/WENTBROKE/Pesticide degradation database/pesticidepdf/Triazophos/PesticideDB_curation_Triazophos_20260707
Vinclozolin,PDF automated candidate; manual validation required,Alterations in the developing testis transcriptome following embryonic vinclozolin exposure..pdf,Reprod Toxicol. Author manuscript; available in PMC 2011 November 1.,10.1016/j.reprotox.2010.05.086,2011,,candidate_gene/enzyme_plus_pathway,,,Vinclozolin,,,Review against paper before integration,,/Volumes/WENTBROKE/Pesticide degradation database/pesticidepdf/Vinclozolin/PesticideDB_curation_Vinclozolin_20260707
Vinclozolin,PDF automated candidate; manual validation required,Bacterial degradation of monocyclic aromatic amines..pdf,published: 18 August 2015,10.1002/(SICI)1098; 10.1002/jobm.201300079,2015,ADP1. J. Bacteriol. 183; AK-5 di; AK-5. Biodegradation 22; AP-3. Biosci. Biotechnol. Biochem; B13; CA10. J. Bacteriol. 183,candidate_gene/enzyme_plus_pathway,,,Vinclozolin,,,Review against paper before integration,,/Volumes/WENTBROKE/Pesticide degradation database/pesticidepdf/Vinclozolin/PesticideDB_curation_Vinclozolin_20260707
Vinclozolin,PDF automated candidate; manual validation required,Biodegradation of propiconazole by newly isolated Burkholderia sp. strain BBK_9..pdf,Biodegradation of propiconazole by newly isolated,10.1007/s10532-010-9350-3; 10.1007/s13205-016-0429-3,2016,Appl Environ Microbiol 66; BBK_9 LD50 value was; BBK_9 Praveen Satapute1; BBK_9 can be used; BBK_9 regarding to the; BBK_9 strain reveals closer,candidate_gene/enzyme_plus_pathway,,,Vinclozolin,,,Review against paper before integration,,/Volumes/WENTBROKE/Pesticide degradation database/pesticidepdf/Vinclozolin/PesticideDB_curation_Vinclozolin_20260707
Vinclozolin,PDF automated candidate; manual validation required,Chemical and biological transformation of the fungicide vinclozolin..pdf,"J. Agric. Food Chem. 1998, 46, 3817−3822 3817",,1998,colonies; degraded isms of the; is not responsible tures; isolated from soil that; of Corynebacterium sp. Attempts; vinclozolin-degrading pure Soil Adaptation,candidate_gene/enzyme_plus_pathway,,,Vinclozolin,,,Review against paper before integration,,/Volumes/WENTBROKE/Pesticide degradation database/pesticidepdf/Vinclozolin/PesticideDB_curation_Vinclozolin_20260707
Vinclozolin,PDF automated candidate; manual validation required,Chiral separation and enantioselective degradation of vinclozolin in soils..pdf,Chiral Separation and Enantioselective Degradation of Vinclozolin,10.1002/chir; 10.1002/chir.22284,2025,,candidate_gene/enzyme_plus_pathway,,,Vinclozolin,,,Review against paper before integration,,/Volumes/WENTBROKE/Pesticide degradation database/pesticidepdf/Vinclozolin/PesticideDB_curation_Vinclozolin_20260707
Vinclozolin,PDF automated candidate; manual validation required,"Chronic dietary exposure to a low-dose mixture of genistein and vinclozolin modifies the reproductive axis, testis transcriptome, and fertility..pdf",Chronic Dietary Exposure to a Low-Dose Mixture of Genistein and,10.1186/1471; 10.1289/ehp.0800158,2009,we used,candidate_gene/enzyme_plus_pathway,,,Vinclozolin,,,Review against paper before integration,,/Volumes/WENTBROKE/Pesticide degradation database/pesticidepdf/Vinclozolin/PesticideDB_curation_Vinclozolin_20260707
Vinclozolin,PDF automated candidate; manual validation required,Chronic Exposure to Endocrine Disruptor Vinclozolin Leads to Lung Damage via Nrf2-Nf-kb Pathway Alterations..pdf,Molecular Sciences,10.3390/ijms231911320; 10.3390/ijms231911320/s1,2022,,candidate_gene/enzyme_plus_pathway,,,Vinclozolin,,,Review against paper before integration,,/Volumes/WENTBROKE/Pesticide degradation database/pesticidepdf/Vinclozolin/PesticideDB_curation_Vinclozolin_20260707
Vinclozolin,PDF automated candidate; manual validation required,"Chronic Exposure to Vinclozolin Induced Fibrosis, Mitochondrial Dysfunction, Oxidative Stress, and Apoptosis in Mice Kidney..pdf",Molecular Sciences,10.3390/ijms231911296; 10.3390/ijms231911296/s1,2022,,candidate_gene/enzyme_plus_pathway,,,Vinclozolin,,,Review against paper before integration,,/Volumes/WENTBROKE/Pesticide degradation database/pesticidepdf/Vinclozolin/PesticideDB_curation_Vinclozolin_20260707
Vinclozolin,PDF automated candidate; manual validation required,"Degradation of chloroneb, triadimefon, and vinclozolin in soil, thatch, and grass clippings..pdf",Bull. Environ. Contam. Toxicol. (1994) 53:536-542 Snvironrnental,,1994,,candidate_gene/enzyme,,,Vinclozolin,,,Review against paper before integration,,/Volumes/WENTBROKE/Pesticide degradation database/pesticidepdf/Vinclozolin/PesticideDB_curation_Vinclozolin_20260707
Vinclozolin,PDF automated candidate; manual validation required,Degradation of iprodione by a soil Arthrobacter-like strain..pdf,"APPLIED AND ENVIRONMENTAL MICROBIOLOGY, Sept. 1995, p. 3216–3220 Vol. 61, No. 9",,1995,MA6 could not use; MA6 cultivated iprodione; MA6 or in an; MA6 was isolated on; MA6. in the place; PATRICIA ATHIEL,candidate_gene/enzyme_plus_pathway,,,Vinclozolin,,,Review against paper before integration,,/Volumes/WENTBROKE/Pesticide degradation database/pesticidepdf/Vinclozolin/PesticideDB_curation_Vinclozolin_20260707
Vinclozolin,PDF automated candidate; manual validation required,Determination of impurities in pesticides and their degradation products formed during the wine-making process by solid-phase extraction and gas chromatography with detection by electron impact mass spectrometry. I. Vincloz.pdf,RAPID COMMUNICATIONS IN MASS SPECTROMETRY,10.1002/rcm.1383,2004,,candidate_gene/enzyme_plus_pathway,,,Vinclozolin,,,Review against paper before integration,,/Volumes/WENTBROKE/Pesticide degradation database/pesticidepdf/Vinclozolin/PesticideDB_curation_Vinclozolin_20260707
Vinclozolin,PDF automated candidate; manual validation required,Effect of Pesticide Vinclozolin Toxicity Exposure on Cardiac Oxidative Stress and Myocardial Damage..pdf,Effect of Pesticide Vinclozolin Toxicity Exposure on Cardiac,10.3390/toxics11060473,2023,,candidate_gene/enzyme_plus_pathway,,,Vinclozolin,,,Review against paper before integration,,/Volumes/WENTBROKE/Pesticide degradation database/pesticidepdf/Vinclozolin/PesticideDB_curation_Vinclozolin_20260707
Vinclozolin,PDF automated candidate; manual validation required,Enantioseparation of vinclozolin by gamma-cyclodextrin-modified micellar electrokinetic chromatography..pdf,"1312 J. Agric. Food Chem. 2002, 50, 1312−1317",10.1021/jf011238p,2002,,candidate_gene/enzyme_plus_pathway,,,Vinclozolin,,,Review against paper before integration,,/Volumes/WENTBROKE/Pesticide degradation database/pesticidepdf/Vinclozolin/PesticideDB_curation_Vinclozolin_20260707
Vinclozolin,PDF automated candidate; manual validation required,Enhanced biodegradation of dicarboximide fungicides in soil.pdf,Contents lists available at ScienceDirect,10.1016/j.jhazmat.2020.123888,2021,Brevundimonas Mercadier; J3 colony is Paenarthrobacter; JD and Pseudomonas paucimobilis; Paenarthrobacter sp. YJN-5. Appl; SRS16 in pure culture; SRS2. Appl. Ghazali,candidate_gene/enzyme_plus_pathway,,,Vinclozolin,,,Review against paper before integration,,/Volumes/WENTBROKE/Pesticide degradation database/pesticidepdf/Vinclozolin/PesticideDB_curation_Vinclozolin_20260707
Vinclozolin,PDF automated candidate; manual validation required,Fungicides and photochemistry photodegradation of the dicarboximide fungicide vinclozolin..pdf,"3088 J. Agrk Food Chem. 1995,43,3088-3092",,1995,,candidate_pathway/metabolite,,,Vinclozolin,,,Review against paper before integration,,/Volumes/WENTBROKE/Pesticide degradation database/pesticidepdf/Vinclozolin/PesticideDB_curation_Vinclozolin_20260707
Vinclozolin,PDF automated candidate; manual validation required,Long-term studies of fungicide concentrations in greenhouses. 1. Technique for determining surficial foliar residues of fungicides with vinclozolin and triadimefon as model compounds..pdf,"J. Agric. Food Chem. 1995, 43, 157-164 157",,1995,,candidate_gene/enzyme_plus_pathway,,,Vinclozolin,,,Review against paper before integration,,/Volumes/WENTBROKE/Pesticide degradation database/pesticidepdf/Vinclozolin/PesticideDB_curation_Vinclozolin_20260707
Vinclozolin,PDF automated candidate; manual validation required,"Microbial biodegradation and toxicity of vinclozolin and its toxic metabolite 3,5-dichloroaniline..pdf","J. Microbiol. Biotechnol . (2008), 18(2), 343–349",,2008,Arthobacter sp. Chromatography of; Rhodococcus sp. T1-1. RESULTS; T1-1; T1-1 Human Cell Lines; T1-1 and related organisms; T1-1 carried out as,candidate_gene/enzyme_plus_pathway,,,Vinclozolin,,,Review against paper before integration,,/Volumes/WENTBROKE/Pesticide degradation database/pesticidepdf/Vinclozolin/PesticideDB_curation_Vinclozolin_20260707
Vinclozolin,PDF automated candidate; manual validation required,Monitoring degradation of dicarboximidic fungicide residues in soils..pdf,"J. Agric. Food Chem. 1998, 46, 2845−2850 2845",,1998,,candidate_gene/enzyme_plus_pathway,,,Vinclozolin,,,Review against paper before integration,,/Volumes/WENTBROKE/Pesticide degradation database/pesticidepdf/Vinclozolin/PesticideDB_curation_Vinclozolin_20260707
Vinclozolin,PDF automated candidate; manual validation required,Photodegradation of chlorinated pesticides dispersed on sand. (2).pdf,www.elsevier.com/locate/chemosphere,10.1016/j.chemosphere.2004.09.085,2005,,candidate_gene/enzyme_plus_pathway,,,Vinclozolin,,,Review against paper before integration,,/Volumes/WENTBROKE/Pesticide degradation database/pesticidepdf/Vinclozolin/PesticideDB_curation_Vinclozolin_20260707
Vinclozolin,PDF automated candidate; manual validation required,"Proton-induced accelerated decay of the fungicide, vinclozolin, on TiOsub2sub surface under solar irradiation Experimental and DFT study..pdf","Pesticides, Food Contaminants, and Agricultural Wastes",10.1016/0045-6535(84)90053-5; 10.1016/S0045-6535(97)00136-7,2028,,candidate_gene/enzyme_plus_pathway,,,Vinclozolin,,,Review against paper before integration,,/Volumes/WENTBROKE/Pesticide degradation database/pesticidepdf/Vinclozolin/PesticideDB_curation_Vinclozolin_20260707
Vinclozolin,PDF automated candidate; manual validation required,"Reversed-phase high-performance liquid chromatography of pesticides. VII. Analysis of Vinclozolin, Iprodione, Procymidone, Dichlozolinate and their degradation product 3,5-dichloroaniline on white must and wine extracts..pdf","Jowntr/ uJ’C‘h,o~naro~~crpll~. 256 ( 1983) I76- 181",,1983,,candidate_pathway/metabolite,,,Vinclozolin,,,Review against paper before integration,,/Volumes/WENTBROKE/Pesticide degradation database/pesticidepdf/Vinclozolin/PesticideDB_curation_Vinclozolin_20260707
Vinclozolin,PDF automated candidate; manual validation required,"Simultaneous determination of vinclozolin and detection of its degradation products in mouse plasma, serum and urine, and from rabbit bile, by high-performance liquid chromatography..pdf",Simultaneous determination of vinclozolin and detection of its degradation,10.1016/j.chroma.2006.02.062,2006,,candidate_pathway/metabolite,,,Vinclozolin,,,Review against paper before integration,,/Volumes/WENTBROKE/Pesticide degradation database/pesticidepdf/Vinclozolin/PesticideDB_curation_Vinclozolin_20260707
Vinclozolin,PDF automated candidate; manual validation required,Targeted Protein Degradation via Lysosomes..pdf,Biochemistry. Author manuscript; available in PMC 2023 June 07.,10.1002/anie.200501428; 10.1002/anie.202109464,2023,,candidate_gene/enzyme_plus_pathway,,,Vinclozolin,,,Review against paper before integration,,/Volumes/WENTBROKE/Pesticide degradation database/pesticidepdf/Vinclozolin/PesticideDB_curation_Vinclozolin_20260707
Vinclozolin,PDF automated candidate; manual validation required,Targeting Protein Degradation Pathways in Tumors Focusing on their Role in Hematological Malignancies..pdf,Targeting Protein Degradation Pathways in Tumors: Focusing,10.3390/cancers14153778,2022,,candidate_gene/enzyme_plus_pathway,,,Vinclozolin,,,Review against paper before integration,,/Volumes/WENTBROKE/Pesticide degradation database/pesticidepdf/Vinclozolin/PesticideDB_curation_Vinclozolin_20260707
Vinclozolin,PDF automated candidate; manual validation required,The AUTOTAC chemical biology platform for targeted protein degradation via the autophagy-lysosome system..pdf,https://doi.org/10.1038/s41467-022-28520-4 OPEN,10.1016/j.pneurobio.2020.101782; 10.1021/acs.molpharmaceut.9b00696,2022,,candidate_gene/enzyme_plus_pathway,,,Vinclozolin,,,Review against paper before integration,,/Volumes/WENTBROKE/Pesticide degradation database/pesticidepdf/Vinclozolin/PesticideDB_curation_Vinclozolin_20260707
Vinclozolin,PDF automated candidate; manual validation required,Transgenerational sperm DNA methylation epimutation developmental origins following ancestral vinclozolin exposure..pdf,Transgenerational sperm DNA methylation epimutation developmental origins,10.1038/s41598-018-23612-y; 10.1080/15592294.2019.1614417,2019,large numbers of oocytes; various germ dymal sperm; will then be restored,candidate_gene/enzyme_plus_pathway,,,Vinclozolin,,,Review against paper before integration,,/Volumes/WENTBROKE/Pesticide degradation database/pesticidepdf/Vinclozolin/PesticideDB_curation_Vinclozolin_20260707
Vinclozolin,PDF automated candidate; manual validation required,Vinclozolin alters the expression of hormonal and stress genes in the midge Chironomus riparius..pdf,Aquatic Toxicology 174 (2016) 179–187,10.1016/j.aquatox.2016.03.001,2016,,candidate_gene/enzyme_plus_pathway,,,Vinclozolin,,,Review against paper before integration,,/Volumes/WENTBROKE/Pesticide degradation database/pesticidepdf/Vinclozolin/PesticideDB_curation_Vinclozolin_20260707
Vinclozolin,PDF automated candidate; manual validation required,Vinclozolin exposure in utero induces postpubertal prostatitis and reduces sperm production via a reversible hormone-regulated mechanism..pdf,REPRODUCTION-DEVELOPMENT,10.1210/en.2009-0982,2015,,candidate_gene/enzyme_plus_pathway,,,Vinclozolin,,,Review against paper before integration,,/Volumes/WENTBROKE/Pesticide degradation database/pesticidepdf/Vinclozolin/PesticideDB_curation_Vinclozolin_20260707
Trifloxystrobin,PDF automated candidate; manual validation required,An Overview of Strobilurin Fungicide DegradationCurrent Status and Future Perspective..pdf,published: 12 March 2020,10.1002/(SICI; 10.1002/bmc,2020,Bacillus subtilis BSF01 and; Bacmaga; P31 and Conflict of; Source Comments References Klebsiella; ZS-19. Arora; azoxystrobindegrading bacteria. Howell et,candidate_gene/enzyme_plus_pathway,,,Trifloxystrobin,,,Review against paper before integration,,/Volumes/WENTBROKE/Pesticide degradation database/pesticidepdf/Trifloxystrobin/PesticideDB_curation_Trifloxystrobin_20260707
Trifloxystrobin,PDF automated candidate; manual validation required,Determination of trifloxystrobin and its metabolites in Hawaii soils by ASE-LC-MSMS.pdf,"J. Agric. Food Chem. 2008, 56, 1829–1837 1829",10.1021/jf071527z,2008,,candidate_gene/enzyme_plus_pathway,,,Trifloxystrobin,,,Review against paper before integration,,/Volumes/WENTBROKE/Pesticide degradation database/pesticidepdf/Trifloxystrobin/PesticideDB_curation_Trifloxystrobin_20260707
Trifloxystrobin,PDF automated candidate; manual validation required,Detoxification Esterase StrH Initiates Strobilurin Fungicide Degradation in iHyphomicrobiumi sp. Strain DY-1..pdf,Detoxiﬁcation Esterase StrH Initiates Strobilurin Fungicide,10.1002/etc.3520; 10.1002/ps.520,2021,AC100. Appl Environ Microbiol; CCH1 and Cupriavidus sp; CCH2; CCH2 were able to; CM2T and development of; D47 and characterization of,candidate_gene/enzyme_plus_pathway,,,Trifloxystrobin,,,Review against paper before integration,,/Volumes/WENTBROKE/Pesticide degradation database/pesticidepdf/Trifloxystrobin/PesticideDB_curation_Trifloxystrobin_20260707
Trifloxystrobin,PDF automated candidate; manual validation required,Effect of intermittent water flow on biodegradation of organic micropollutants in the hyporheic zone..pdf,Contents lists available at ScienceDirect,10.1002/1099-1646(200009/10; 10.1002/elsc.200620130,2025,,candidate_gene/enzyme_plus_pathway,,,Trifloxystrobin,,,Review against paper before integration,,/Volumes/WENTBROKE/Pesticide degradation database/pesticidepdf/Trifloxystrobin/PesticideDB_curation_Trifloxystrobin_20260707
Trifloxystrobin,PDF automated candidate; manual validation required,Environmental fate of trifloxystrobin in soils of different geographical origins and photolytic degradation in water.pdf,"J. Agric. Food Chem. 2006, 54, 9479−9487 9479",10.1021/jf0620214,2006,,candidate_gene/enzyme_plus_pathway,,,Trifloxystrobin,,,Review against paper before integration,,/Volumes/WENTBROKE/Pesticide degradation database/pesticidepdf/Trifloxystrobin/PesticideDB_curation_Trifloxystrobin_20260707
Trifloxystrobin,PDF automated candidate; manual validation required,Exogenous Tebuconazole and Trifloxystrobin Regulates Reactive Oxygen Species Metabolism Toward Mitigating Salt-Induced Damages in Cucumber Seedling..pdf,Exogenous Tebuconazole and Trifloxystrobin,10.3390/plants8100428,2019,,candidate_gene/enzyme_plus_pathway,,,Trifloxystrobin,,,Review against paper before integration,,/Volumes/WENTBROKE/Pesticide degradation database/pesticidepdf/Trifloxystrobin/PesticideDB_curation_Trifloxystrobin_20260707
Trifloxystrobin,PDF automated candidate; manual validation required,"Investigation of the protective role of Ginkgo biloba L. against phytotoxicity, genotoxicity and oxidative damage induced by Trifloxystrobin..pdf",www.nature.com/scientificreports,10.1038/s41598-024-70712-z,2024,,candidate_gene/enzyme_plus_pathway,,,Trifloxystrobin,,,Review against paper before integration,,/Volumes/WENTBROKE/Pesticide degradation database/pesticidepdf/Trifloxystrobin/PesticideDB_curation_Trifloxystrobin_20260707
Trifloxystrobin,PDF automated candidate; manual validation required,Kinetics and New Mechanism of Azoxystrobin Biodegradation by an iOchrobactrum anthropii Strain SH14..pdf,Kinetics and New Mechanism of Azoxystrobin,10.3390/microorganisms8050625,2020,Bacillus subtilis BSF01 and; Brevibacteriumaureum and its biochemical; CPN 1. Biodegradation 2008; CW3 from wastewater sludge; Figure SH14 alsoindicated 3; O. anthropi SH14 having,candidate_gene/enzyme_plus_pathway,,,Trifloxystrobin,,,Review against paper before integration,,/Volumes/WENTBROKE/Pesticide degradation database/pesticidepdf/Trifloxystrobin/PesticideDB_curation_Trifloxystrobin_20260707
Trifloxystrobin,PDF automated candidate; manual validation required,Modification of existing maximum residue levels in various crops and evaluation of confirmatory data following the Article 12 MRL review for trifloxystrobin..pdf,ADOPTED: 9 December 2021,10.2903/j.efsa.2012.2873; 10.2903/j.efsa.2014.3592,2025,,candidate_gene/enzyme_plus_pathway,,,Trifloxystrobin,,,Review against paper before integration,,/Volumes/WENTBROKE/Pesticide degradation database/pesticidepdf/Trifloxystrobin/PesticideDB_curation_Trifloxystrobin_20260707
Trifloxystrobin,PDF automated candidate; manual validation required,Modification of the existing maximum residue level for trifloxystrobin in broccoli..pdf,APPROVED: 17 December 2018,10.2903/j.efsa; 10.2903/j.efsa.2007.32r,2025,,candidate_gene/enzyme_plus_pathway,,,Trifloxystrobin,,,Review against paper before integration,,/Volumes/WENTBROKE/Pesticide degradation database/pesticidepdf/Trifloxystrobin/PesticideDB_curation_Trifloxystrobin_20260707
Trifloxystrobin,PDF automated candidate; manual validation required,Modification of the existing maximum residue level for trifloxystrobin in honey..pdf,Modiﬁcation of the existing maximum residue level for,10.2903/j.efsa.2014.3592; 10.2903/j.efsa.2014.3751,2025,,candidate_gene/enzyme_plus_pathway,,,Trifloxystrobin,,,Review against paper before integration,,/Volumes/WENTBROKE/Pesticide degradation database/pesticidepdf/Trifloxystrobin/PesticideDB_curation_Trifloxystrobin_20260707
Trifloxystrobin,PDF automated candidate; manual validation required,Modification of the existing maximum residue levels and setting of import tolerances for trifloxystrobin in various crops (1).pdf,Approved: 28 March 2025,10.2903/j.efsa.2025.9387,2025,,candidate_gene/enzyme_plus_pathway,,,Trifloxystrobin,,,Review against paper before integration,,/Volumes/WENTBROKE/Pesticide degradation database/pesticidepdf/Trifloxystrobin/PesticideDB_curation_Trifloxystrobin_20260707
Trifloxystrobin,PDF automated candidate; manual validation required,Modification of the existing maximum residue levels and setting of import tolerances for trifloxystrobin in various crops (2).pdf,Evaluation of Chronic Dietary Risk of Trifloxystrobin and,10.3390/foods14101745; 10.3390/foods14101745/s1,2025,,candidate_gene/enzyme_plus_pathway,,,Trifloxystrobin,,,Review against paper before integration,,/Volumes/WENTBROKE/Pesticide degradation database/pesticidepdf/Trifloxystrobin/PesticideDB_curation_Trifloxystrobin_20260707
Trifloxystrobin,PDF automated candidate; manual validation required,Modification of the existing maximum residue levels for trifloxystrobin in various crops..pdf,APPROVED: 21 December 2017,10.2903/j.efsa; 10.2903/j.efsa.2007.32r,2025,,candidate_gene/enzyme_plus_pathway,,,Trifloxystrobin,,,Review against paper before integration,,/Volumes/WENTBROKE/Pesticide degradation database/pesticidepdf/Trifloxystrobin/PesticideDB_curation_Trifloxystrobin_20260707
Trifloxystrobin,PDF automated candidate; manual validation required,Peer review of the pesticide risk assessment of the active substance trifloxystrobin..pdf,CONCLUSION ON PESTICIDES PEER REVIEW,10.2903/j.efsa.2008.622; 10.2903/j.efsa.2009.1438,2025,,candidate_gene/enzyme_plus_pathway,,,Trifloxystrobin,,,Review against paper before integration,,/Volumes/WENTBROKE/Pesticide degradation database/pesticidepdf/Trifloxystrobin/PesticideDB_curation_Trifloxystrobin_20260707
Trifloxystrobin,PDF automated candidate; manual validation required,Persistence and dissipation kinetics of trifloxystrobin and tebuconazole in onion and soil..pdf,This article was downloaded by: [University of Western Ontario],10.1080/03601234.2014.896674,2015,,candidate_gene/enzyme_plus_pathway,,,Trifloxystrobin,,,Review against paper before integration,,/Volumes/WENTBROKE/Pesticide degradation database/pesticidepdf/Trifloxystrobin/PesticideDB_curation_Trifloxystrobin_20260707
Trifloxystrobin,PDF automated candidate; manual validation required,Potential aquatic environmental risks of trifloxystrobin Enhancement of virus susceptibility in zebrafish through initiation of autophagy..pdf,"Wang et al. Zool. Res. 2021, 42(3): 339−349",10.24272/j.issn.2095-8137.2021.056,2021,,candidate_gene/enzyme_plus_pathway,,,Trifloxystrobin,,,Review against paper before integration,,/Volumes/WENTBROKE/Pesticide degradation database/pesticidepdf/Trifloxystrobin/PesticideDB_curation_Trifloxystrobin_20260707
Trifloxystrobin,PDF automated candidate; manual validation required,Safe Application of 75% Trifloxystrobin-Tebuconazole as Water-Dispersible Granules in Paddy Based on Residue and Dietary Risk Assessment..pdf,Safe Application of 75% Trifloxystrobin–Tebuconazole as,10.3390/molecules29010163,2024,,candidate_gene/enzyme_plus_pathway,,,Trifloxystrobin,,,Review against paper before integration,,/Volumes/WENTBROKE/Pesticide degradation database/pesticidepdf/Trifloxystrobin/PesticideDB_curation_Trifloxystrobin_20260707
Trifloxystrobin,PDF automated candidate; manual validation required,Simultaneous detection and degradation patterns of kresoxim-methyl and trifloxystrobin residues in citrus fruits by HPLC combined with QuEChERS.pdf,"This article was downloaded by: [University of Tennessee, Knoxville]",10.1080/03601234.2013.761877,2015,,candidate_pathway/metabolite,,,Trifloxystrobin,,,Review against paper before integration,,/Volumes/WENTBROKE/Pesticide degradation database/pesticidepdf/Trifloxystrobin/PesticideDB_curation_Trifloxystrobin_20260707
Trifloxystrobin,PDF automated candidate; manual validation required,"Simultaneous determination of tebuconazole, trifloxystrobin, and its metabolite trifloxystrobin acid residues in gherkin under field conditions..pdf",Mariappan Paramasivam Research Article,10.1002/jssc.201401022,2025,,candidate_gene/enzyme_plus_pathway,,,Trifloxystrobin,,,Review against paper before integration,,/Volumes/WENTBROKE/Pesticide degradation database/pesticidepdf/Trifloxystrobin/PesticideDB_curation_Trifloxystrobin_20260707
Trifloxystrobin,PDF automated candidate; manual validation required,"Simultaneous determination of trifloxystrobin and trifloxystrobin acid residue in rice and soil by a modified quick, easy, cheap, effective, rugged, and safe method using ultra high performance liquid chromatography with ta.pdf",Xixi Chen Research Article,10.1002/jssc.201400157,2025,,candidate_gene/enzyme_plus_pathway,,,Trifloxystrobin,,,Review against paper before integration,,/Volumes/WENTBROKE/Pesticide degradation database/pesticidepdf/Trifloxystrobin/PesticideDB_curation_Trifloxystrobin_20260707
Trifloxystrobin,PDF automated candidate; manual validation required,Spectral elucidation of the acid metabolites of the four geometric isomers of trifloxystrobin.pdf,Anal Bioanal Chem (2007) 388:1831–1838,10.1007/s00216-007-1382-0,2007,,candidate_pathway/metabolite,,,Trifloxystrobin,,,Review against paper before integration,,/Volumes/WENTBROKE/Pesticide degradation database/pesticidepdf/Trifloxystrobin/PesticideDB_curation_Trifloxystrobin_20260707
Trifloxystrobin,PDF automated candidate; manual validation required,"Tebuconazole and trifloxystrobin regulate the physiology, antioxidant defense and methylglyoxal detoxification systems in conferring salt stress tolerance in iTriticum aestivumi L..pdf",Physiol Mol Biol Plants (June 2020) 26(6):1139–1154,10.1007/s12298-020-00810-5; 10.1016/j.envpol,2020,,candidate_gene/enzyme_plus_pathway,,,Trifloxystrobin,,,Review against paper before integration,,/Volumes/WENTBROKE/Pesticide degradation database/pesticidepdf/Trifloxystrobin/PesticideDB_curation_Trifloxystrobin_20260707
Trifloxystrobin,PDF automated candidate; manual validation required,Trifloxystrobin-induced mitophagy through mitochondrial damage in human skin keratinocytes..pdf,Trifloxystrobin-induced mitophagy through mitochondrial,,2016,,candidate_gene/enzyme_plus_pathway,,,Trifloxystrobin,,,Review against paper before integration,,/Volumes/WENTBROKE/Pesticide degradation database/pesticidepdf/Trifloxystrobin/PesticideDB_curation_Trifloxystrobin_20260707
Abamectin,PDF automated candidate; manual validation required,Contribution of insect gut microbiota and their associated enzymes in insect physiology and biodegradation of pesticides..pdf,PUBLISHED 14 September 2022,10.1001/archneurol; 10.1001/jamaneurol.2013.6030,2022,CF-BD. In the presence; CL4 has that are; IM-2. J. Agric. Food; Klebsiella concentrations; Rhodococcus sp. BCH2 and; across several agricultural and,candidate_gene/enzyme_plus_pathway,,,Abamectin,,,Review against paper before integration,,/Volumes/WENTBROKE/Pesticide degradation database/pesticidepdf/Abamectin/PesticideDB_curation_Abamectin_20260707
Abamectin,PDF automated candidate; manual validation required,Degradation of abamectin and doramectin on sheep grazed pasture..pdf,"Ecotoxicology, 14, 627–635, 2005",10.1007/s10646-005-0012-x,2005,,candidate_gene/enzyme_plus_pathway,,,Abamectin,,,Review against paper before integration,,/Volumes/WENTBROKE/Pesticide degradation database/pesticidepdf/Abamectin/PesticideDB_curation_Abamectin_20260707
Abamectin,PDF automated candidate; manual validation required,Degradation of abamectin by newly isolated Stenotrophomonas maltophilia ZJB-14120 and characterization of its abamectin-tolerance mechanism..pdf,Research in Microbiology 166 (2015) 408e418,10.1016/j.resmic.2015.04.002,2015,ABM biodegradation products of; ADP adsorption to layered; Burkholderia sp GB-01 for; DP-2. J Enhanced biotransformation; E56; KB2. Int Biodeter Biodegr,candidate_gene/enzyme_plus_pathway,,,Abamectin,,,Review against paper before integration,,/Volumes/WENTBROKE/Pesticide degradation database/pesticidepdf/Abamectin/PesticideDB_curation_Abamectin_20260707
Abamectin,PDF automated candidate; manual validation required,"Degradation of sex pheromone and plant volatile components by an antennal glutathione S-transferase in the oriental fruit moth,Grapholita molesta Busck (Lepidoptera Tortricidae)..pdf",Degradation of sex pheromone and plant volatile,10.1002/arch.21512,2025,,candidate_gene/enzyme_plus_pathway,,,Abamectin,,,Review against paper before integration,,/Volumes/WENTBROKE/Pesticide degradation database/pesticidepdf/Abamectin/PesticideDB_curation_Abamectin_20260707
Abamectin,PDF automated candidate; manual validation required,"Degradation of the acaricides abamectin, flufenoxuron and amitraz on Saudi Arabian dates.pdf",Food Chemistry 100 (2007) 1590–1593,10.1016/j.foodchem.2006.01.002,2007,,candidate_pathway/metabolite,,,Abamectin,,,Review against paper before integration,,/Volumes/WENTBROKE/Pesticide degradation database/pesticidepdf/Abamectin/PesticideDB_curation_Abamectin_20260707
Abamectin,PDF automated candidate; manual validation required,Degradation strategies of pesticide residue From chemicals to synthetic biology..pdf,Synthetic and Systems Biotechnology 8 (2023) 302–313,10.1002/ep.11626; 10.1002/ieam.4680,2026,HM01; Novosphingobium sp FND-3. FEMS; SRS16; by Pseudomonas to improve; can be developed with; exhibits usually more difficult,candidate_gene/enzyme_plus_pathway,,,Abamectin,,,Review against paper before integration,,/Volumes/WENTBROKE/Pesticide degradation database/pesticidepdf/Abamectin/PesticideDB_curation_Abamectin_20260707
Abamectin,PDF automated candidate; manual validation required,Effect of soil fumigants on degradation of abamectin and their combination synergistic effect to root-knot nematode..pdf,Effect of soil fumigants on degradation of,10.1002/jssc.201401234; 10.1002/ps.1503,2018,Burkholderia sp. GB-01 for,candidate_gene/enzyme_plus_pathway,,,Abamectin,,,Review against paper before integration,,/Volumes/WENTBROKE/Pesticide degradation database/pesticidepdf/Abamectin/PesticideDB_curation_Abamectin_20260707
Abamectin,PDF automated candidate; manual validation required,"Efficient degradation of ivermectin by newly isolated Aeromonas taiwanensis ZJB-18,044..pdf",Biodegradation (2020) 31:275–288,10.1007/s10532-009-9314; 10.1007/s10532-020-09909-8,2020,A2-50; A2-50 was investigated in; ADP adsorption to layered; AVM1; Aeromonas salmonicida strain CBA100; DP-2. J Hazard Mater,candidate_gene/enzyme_plus_pathway,,,Abamectin,,,Review against paper before integration,,/Volumes/WENTBROKE/Pesticide degradation database/pesticidepdf/Abamectin/PesticideDB_curation_Abamectin_20260707
Abamectin,PDF automated candidate; manual validation required,Evaluation of degradation kinetics for abamectin in formulations using a stability indicating method..pdf,Acta Pharm. 63 (2013) 59–69 Original research paper,10.1002/jps.2600811008; 10.1016/0304-4017(94)00743-V,2013,,candidate_pathway/metabolite,,,Abamectin,,,Review against paper before integration,,/Volumes/WENTBROKE/Pesticide degradation database/pesticidepdf/Abamectin/PesticideDB_curation_Abamectin_20260707
Abamectin,PDF automated candidate; manual validation required,Intensification of abamectin pesticide degradation using the combination of ultrasonic cavitation and visible-light driven photocatalytic process Synergistic effect and optimization study..pdf,Ultrasonics Sonochemistry 35 (2017) 449–457,10.1016/j.ultsonch.2016.10.025,2017,,candidate_gene/enzyme_plus_pathway,,,Abamectin,,,Review against paper before integration,,/Volumes/WENTBROKE/Pesticide degradation database/pesticidepdf/Abamectin/PesticideDB_curation_Abamectin_20260707
Abamectin,PDF automated candidate; manual validation required,Lethal and sublethal effects of pesticides on Chrysoperla carnea larvae (Neuroptera Chrysopidae) and the influence of rainfastness in their degradation pattern over time..pdf,Lethal and sublethal effects of pesticides on Chrysoperla carnea,10.1007/s10646-016-1641-y,2016,,candidate_gene/enzyme_plus_pathway,,,Abamectin,,,Review against paper before integration,,/Volumes/WENTBROKE/Pesticide degradation database/pesticidepdf/Abamectin/PesticideDB_curation_Abamectin_20260707
Abamectin,PDF automated candidate; manual validation required,Microbial degradation of abamectin in reservoir water.pdf,Ecotoxicology (2006) 15:495–502,10.1007/s10646-006-0085-1,2006,,candidate_gene/enzyme_plus_pathway,,,Abamectin,,,Review against paper before integration,,/Volumes/WENTBROKE/Pesticide degradation database/pesticidepdf/Abamectin/PesticideDB_curation_Abamectin_20260707
Abamectin,PDF automated candidate; manual validation required,Photodegradation of the acaricide abamectin a kinetic study..pdf,"J. Agric. Food Chem. 2008, 56, 7355–7359 7355",10.1021/jf8014848,2008,,candidate_gene/enzyme_plus_pathway,,,Abamectin,,,Review against paper before integration,,/Volumes/WENTBROKE/Pesticide degradation database/pesticidepdf/Abamectin/PesticideDB_curation_Abamectin_20260707
Abamectin,PDF automated candidate; manual validation required,Release and Degradation of Microencapsulated Spinosad and Emamectin Benzoate..pdf,www.nature.com/scientificreports,10.1021/acs.jafc.7b01295; 10.1038/s41598-017-11419-2,2017,,candidate_gene/enzyme_plus_pathway,,,Abamectin,,,Review against paper before integration,,/Volumes/WENTBROKE/Pesticide degradation database/pesticidepdf/Abamectin/PesticideDB_curation_Abamectin_20260707
Abamectin,PDF automated candidate; manual validation required,Role of Insect Gut Microbiota in Pesticide Degradation A Review..pdf,published: 03 May 2022,10.1002/arch.21218; 10.1002/ece3,2022,from Northwestern Colombia. J; of Arsenophonus symbiont decreases; of Laodelphax striatellus. Pest; of S. frugiperda harbor; of house fly; of the bacterial doi,candidate_gene/enzyme_plus_pathway,,,Abamectin,,,Review against paper before integration,,/Volumes/WENTBROKE/Pesticide degradation database/pesticidepdf/Abamectin/PesticideDB_curation_Abamectin_20260707
Abamectin,PDF automated candidate; manual validation required,Soil fumigation alters adsorption and degradation behavior of pesticides in soil..pdf,Environmental Pollution 246 (2019) 264e273,10.1002/ps.4911; 10.1016/j.envpol.2018.12.003,2019,,candidate_gene/enzyme_plus_pathway,,,Abamectin,,,Review against paper before integration,,/Volumes/WENTBROKE/Pesticide degradation database/pesticidepdf/Abamectin/PesticideDB_curation_Abamectin_20260707
Abamectin,PDF automated candidate; manual validation required,Study of the degradation in aqueous solution of a refractory organic compound avermectin type used as pesticide in agriculture..pdf,1 © IWA Publishing 2017 Water Science & Technology | in press | 2017,10.1002/9783527610884; 10.1002/jctb.3990,2017,Burkholderia sp. GB-01 for,candidate_gene/enzyme_plus_pathway,,,Abamectin,,,Review against paper before integration,,/Volumes/WENTBROKE/Pesticide degradation database/pesticidepdf/Abamectin/PesticideDB_curation_Abamectin_20260707
Abamectin,PDF automated candidate; manual validation required,Time profile of abamectin and doramectin excretion and degradation in sheep faeces..pdf,Environmental Pollution 144 (2006) 197e202,10.1016/j.envpol.2005.12.019,2006,,candidate_gene/enzyme_plus_pathway,,,Abamectin,,,Review against paper before integration,,/Volumes/WENTBROKE/Pesticide degradation database/pesticidepdf/Abamectin/PesticideDB_curation_Abamectin_20260707
Glufosinate-Ammonium,PDF automated candidate; manual validation required,"Accumulation, metabolites formation and elimination behavior of rac-glufosinate-ammonium and glufosinate-P in zebrafish (Danio rerio)..pdf",Food Chemistry: X 15 (2022) 100383,10.1002/etc.5620170713; 10.1007/978-1,2022,,candidate_gene/enzyme_plus_pathway,,,Glufosinate-Ammonium,,,Review against paper before integration,,/Volumes/WENTBROKE/Pesticide degradation database/pesticidepdf/Glufosinate-Ammonium/PesticideDB_curation_Glufosinate_Ammonium_20260707
Glufosinate-Ammonium,PDF automated candidate; manual validation required,Casein Kinase 2 Mediates Degradation of Transcription Factor Pcf1 during Appressorium Formation in the Rice Blast Fungus..pdf,Casein Kinase 2 Mediates Degradation of Transcription Factor,10.3390/jof8020144; 10.3390/jof8020144/s1,2022,DH5; FY834 with a linearized; expressing GFP-PCF1 through ATMT; following a small-scale yeast; through Agrobacterium tumefaciens-mediated transformation,candidate_gene/enzyme_plus_pathway,,,Glufosinate-Ammonium,,,Review against paper before integration,,/Volumes/WENTBROKE/Pesticide degradation database/pesticidepdf/Glufosinate-Ammonium/PesticideDB_curation_Glufosinate_Ammonium_20260707
Glufosinate-Ammonium,PDF automated candidate; manual validation required,"Chromatographic Methods for the Determination of Glyphosate in Cereals Together with a Discussion of Its Occurrence, Accumulation, Fate, Degradation, and Regulatory Status..pdf",Chromatographic Methods for the Determination of Glyphosate,10.3390/mps7030038,2024,,candidate_gene/enzyme_plus_pathway,,,Glufosinate-Ammonium,,,Review against paper before integration,,/Volumes/WENTBROKE/Pesticide degradation database/pesticidepdf/Glufosinate-Ammonium/PesticideDB_curation_Glufosinate_Ammonium_20260707
Glufosinate-Ammonium,PDF automated candidate; manual validation required,Co-option of an extracellular protease for transcriptional control of nutrient degradation in the fungus Aspergillus nidulans..pdf,https://doi.org/10.1038/s42003-021-02925-1 OPEN,10.1038/s42003-021-02925-1,2021,Genotypea Origin; MH1103636. Aspergillus nitrogen-free medium; after four selective advantage; construction. Nat. Equipment Grant; constructions described below used; contains two distinct regulatory,candidate_gene/enzyme_plus_pathway,,,Glufosinate-Ammonium,,,Review against paper before integration,,/Volumes/WENTBROKE/Pesticide degradation database/pesticidepdf/Glufosinate-Ammonium/PesticideDB_curation_Glufosinate_Ammonium_20260707
Glufosinate-Ammonium,PDF automated candidate; manual validation required,Comparing toxicity and biodegradation of racemic glufosinate and L-glufosinate in green algae Scenedesmus obliquus..pdf,Science of the Total Environment 823 (2022) 153791,10.1002/chir.22018; 10.1002/etc,2022,,candidate_gene/enzyme_plus_pathway,,,Glufosinate-Ammonium,,,Review against paper before integration,,/Volumes/WENTBROKE/Pesticide degradation database/pesticidepdf/Glufosinate-Ammonium/PesticideDB_curation_Glufosinate_Ammonium_20260707
Glufosinate-Ammonium,PDF automated candidate; manual validation required,Degradation of Fungal MicroRNAs Triggered by Short Tandem Target Mimics Is via the Small-RNA-Degrading Nuclease..pdf,Degradation of Fungal MicroRNAs Triggered by Short Tandem,10.1007/s00253-017-8197-5; 10.1007/s00438-012-0678-8,2025,AGL-1 was cultured on; ARSEF 23 was grown; Characteristics Plasmid used MR-WT; of,candidate_gene/enzyme_plus_pathway,,,Glufosinate-Ammonium,,,Review against paper before integration,,/Volumes/WENTBROKE/Pesticide degradation database/pesticidepdf/Glufosinate-Ammonium/PesticideDB_curation_Glufosinate_Ammonium_20260707
Glufosinate-Ammonium,PDF automated candidate; manual validation required,Effects of L-Glufosinate-ammonium and temperature on reproduction controlled by neuroendocrine system in lizard (Eremias argus)..pdf,Environmental Pollution 257 (2020) 113564,10.1016/j.envpol.2019.113564,2020,,candidate_gene/enzyme_plus_pathway,,,Glufosinate-Ammonium,,,Review against paper before integration,,/Volumes/WENTBROKE/Pesticide degradation database/pesticidepdf/Glufosinate-Ammonium/PesticideDB_curation_Glufosinate_Ammonium_20260707
Glufosinate-Ammonium,PDF automated candidate; manual validation required,Genetic dissection of peroxisome-associated matrix protein degradation in Arabidopsis thaliana..pdf,Genetic Dissection of Peroxisome-Associated Matrix,10.1534/genetics.112.146100,2025,mutants with defects in,candidate_gene/enzyme_plus_pathway,,,Glufosinate-Ammonium,,,Review against paper before integration,,/Volumes/WENTBROKE/Pesticide degradation database/pesticidepdf/Glufosinate-Ammonium/PesticideDB_curation_Glufosinate_Ammonium_20260707
Glufosinate-Ammonium,PDF automated candidate; manual validation required,Gibberellin-mediated RGA-LIKE1 degradation regulates embryo sac development in Arabidopsis..pdf,doi:10.1093/jxb/eraa395 Advance Access Publication 26 August 2020,10.1093/jxb/eraa395,2020,to 405 nm and,candidate_gene/enzyme_plus_pathway,,,Glufosinate-Ammonium,,,Review against paper before integration,,/Volumes/WENTBROKE/Pesticide degradation database/pesticidepdf/Glufosinate-Ammonium/PesticideDB_curation_Glufosinate_Ammonium_20260707
Glufosinate-Ammonium,PDF automated candidate; manual validation required,Glufosinate and ammonium sulfate inhibit atrazine degradation in adapted soils.pdf,Biol Fertil Soils (2008) 45:19–26,10.1002/ps.1601; 10.1007/s00374-008-0299-x,2008,ADP cyanuric acid Shaner,candidate_gene/enzyme_plus_pathway,,,Glufosinate-Ammonium,,,Review against paper before integration,,/Volumes/WENTBROKE/Pesticide degradation database/pesticidepdf/Glufosinate-Ammonium/PesticideDB_curation_Glufosinate_Ammonium_20260707
Glufosinate-Ammonium,PDF automated candidate; manual validation required,HCAR Is a Limitation Factor for Chlorophyll Cycle and Chlorophyll b Degradation in Chlorophyll- b-Overproducing Plants.pdf,HCAR Is a Limitation Factor for Chlorophyll Cycle,10.3390/biom10121639,2020,GV3101,candidate_gene/enzyme_plus_pathway,,,Glufosinate-Ammonium,,,Review against paper before integration,,/Volumes/WENTBROKE/Pesticide degradation database/pesticidepdf/Glufosinate-Ammonium/PesticideDB_curation_Glufosinate_Ammonium_20260707
Glufosinate-Ammonium,PDF automated candidate; manual validation required,"Herbicidal Ionic Liquids A Promising Future for Old Herbicides Review on Synthesis, Toxicity, Biodegradation, and Efficacy Studies..pdf",This is an open access article published under a Creative Commons Attribution (CC-BY),10.1007/978-3-662-45370-4_11; 10.1016/bs.mim.2014.08.001,2025,,candidate_gene/enzyme_plus_pathway,,,Glufosinate-Ammonium,,,Review against paper before integration,,/Volumes/WENTBROKE/Pesticide degradation database/pesticidepdf/Glufosinate-Ammonium/PesticideDB_curation_Glufosinate_Ammonium_20260707
Glufosinate-Ammonium,PDF automated candidate; manual validation required,Initial steps in the degradation of phosphinothricin (glufosinate) by soil bacteria..pdf,"APPLIED AND ENVIRONMENTAL MICROBIOLOGY, Mar. 1989, p. 711-716 Vol. 55. No. 3",,1989,DX-35 and Pseuidodegradation products; E. coli DH-1; Oxi- N-Acetyl- Trans-; on L-glutamic acid as; representing the group of; that was able to,candidate_gene/enzyme_plus_pathway,,,Glufosinate-Ammonium,,,Review against paper before integration,,/Volumes/WENTBROKE/Pesticide degradation database/pesticidepdf/Glufosinate-Ammonium/PesticideDB_curation_Glufosinate_Ammonium_20260707
Glufosinate-Ammonium,PDF automated candidate; manual validation required,Multiple effects of the herbicide glufosinate-ammonium and its main metabolite on neural stem cells from the subventricular zone of newborn mice..pdf,Accepted Manuscript,10.1001/jamaneurol.2013.6030; 10.1002/glia.20965,2018,,candidate_gene/enzyme_plus_pathway,,,Glufosinate-Ammonium,,,Review against paper before integration,,/Volumes/WENTBROKE/Pesticide degradation database/pesticidepdf/Glufosinate-Ammonium/PesticideDB_curation_Glufosinate_Ammonium_20260707
Glufosinate-Ammonium,PDF automated candidate; manual validation required,Persistence and leachability of glufosinate-ammonium in a northern Ontario terrestrial environment..pdf,"3672 J. Agric. Food Chem. 1997, 45, 3672−3676",,1997,,candidate_gene/enzyme_plus_pathway,,,Glufosinate-Ammonium,,,Review against paper before integration,,/Volumes/WENTBROKE/Pesticide degradation database/pesticidepdf/Glufosinate-Ammonium/PesticideDB_curation_Glufosinate_Ammonium_20260707
Glufosinate-Ammonium,PDF automated candidate; manual validation required,Phenotypes on demand via switchable target protein degradation in multicellular organisms..pdf,Received 12 Jan 2016 | Accepted 10 Jun 2016 | Published 22 Jul 2016 DOI: 10.1038/ncomms12202 OPEN,10.1038/ncomms12202,2016,DH5a; U1; based on GV3101 carrying; expressing with CRISPR,candidate_gene/enzyme_plus_pathway,,,Glufosinate-Ammonium,,,Review against paper before integration,,/Volumes/WENTBROKE/Pesticide degradation database/pesticidepdf/Glufosinate-Ammonium/PesticideDB_curation_Glufosinate_Ammonium_20260707
Glufosinate-Ammonium,PDF automated candidate; manual validation required,The IBR5 phosphatase promotes Arabidopsis auxin responses through a novel mechanism distinct from TIR1-mediated repressor degradation..pdf,BMC Plant Biology BioMed Central,10.1186/1471-2229-8-41,2008,,candidate_gene/enzyme_plus_pathway,,,Glufosinate-Ammonium,,,Review against paper before integration,,/Volumes/WENTBROKE/Pesticide degradation database/pesticidepdf/Glufosinate-Ammonium/PesticideDB_curation_Glufosinate_Ammonium_20260707
Glufosinate-Ammonium,PDF automated candidate; manual validation required,The Potyvirus Silencing Suppressor Protein VPg Mediates Degradation of SGS3 via Ubiquitination and Autophagy Pathways..pdf,VIRUS-CELL INTERACTIONS,10.1006/viro.1996.0344; 10.1007/978-3-319-32919-2_1,2017,AH109; GV3101 containing proper constructs,candidate_gene/enzyme_plus_pathway,,,Glufosinate-Ammonium,,,Review against paper before integration,,/Volumes/WENTBROKE/Pesticide degradation database/pesticidepdf/Glufosinate-Ammonium/PesticideDB_curation_Glufosinate_Ammonium_20260707
Imazamox,PDF automated candidate; manual validation required,Adsorption and degradation of imazapic in soils under different environmental conditions..pdf,Adsorption and degradation of imazapic in,10.1016/j.biortech; 10.1371/journal.pone.0219462,2019,,candidate_pathway/metabolite,,,Imazamox,,,Review against paper before integration,,/Volumes/WENTBROKE/Pesticide degradation database/pesticidepdf/Imazamox/PesticideDB_curation_Imazamox_20260707
Imazamox,PDF automated candidate; manual validation required,"Analysis of the Photodegradation of the Imidazolinone Herbicides Imazamox, Imazapic, Imazaquin, and Imazamethabenz-methyl in Aqueous Solution..pdf",Analysis of the Photodegradation of the Imidazolinone Herbicides,10.1021/acs.jafc.5b04663,2015,,candidate_gene/enzyme_plus_pathway,,,Imazamox,,,Review against paper before integration,,/Volumes/WENTBROKE/Pesticide degradation database/pesticidepdf/Imazamox/PesticideDB_curation_Imazamox_20260707
Imazamox,PDF automated candidate; manual validation required,Application of an Enzymatic Hydrolysed L-α-Amino Acid Based Biostimulant to Improve Sunflower Tolerance to Imazamox.pdf,Application of an Enzymatic Hydrolysed L-α-Amino Acid,10.3390/plants11202761,2022,,candidate_gene/enzyme_plus_pathway,,,Imazamox,,,Review against paper before integration,,/Volumes/WENTBROKE/Pesticide degradation database/pesticidepdf/Imazamox/PesticideDB_curation_Imazamox_20260707
Imazamox,PDF automated candidate; manual validation required,Behavior of imidazolinone herbicide enantiomers in earthworm-soil microcosms Degradation and bioaccumulation..pdf,Science of the Total Environment 707 (2020) 135476,10.1007/s12161; 10.1016/j.scitotenv.2019.135476,2020,,candidate_gene/enzyme_plus_pathway,,,Imazamox,,,Review against paper before integration,,/Volumes/WENTBROKE/Pesticide degradation database/pesticidepdf/Imazamox/PesticideDB_curation_Imazamox_20260707
Imazamox,PDF automated candidate; manual validation required,Behavior of the Chiral Herbicide Imazamox in Soils Enantiomer Composition Differentiates between Biodegradation and Photodegradation..pdf,"Cite This: Environ. Sci. Technol. 2019, 53, 5733−5740 pubs.acs.org/est",10.1021/acs.est.8b07209; 10.1021/acs.est.8b07210,2019,,candidate_gene/enzyme_plus_pathway,,,Imazamox,,,Review against paper before integration,,/Volumes/WENTBROKE/Pesticide degradation database/pesticidepdf/Imazamox/PesticideDB_curation_Imazamox_20260707
Imazamox,PDF automated candidate; manual validation required,"Behavior of the Chiral Herbicide Imazamox in Soils pH-Dependent, Enantioselective Degradation, Formation and Degradation of Several Chiral Metabolites..pdf","Cite This: Environ. Sci. Technol. 2019, 53, 5725−5732 pubs.acs.org/est",10.1021/acs.est.8b07209,2019,,candidate_gene/enzyme_plus_pathway,,,Imazamox,,,Review against paper before integration,,/Volumes/WENTBROKE/Pesticide degradation database/pesticidepdf/Imazamox/PesticideDB_curation_Imazamox_20260707
Imazamox,PDF automated candidate; manual validation required,Characterization of Acetamiprid Biodegradation by the Microbial Consortium ACE-3 Enriched From Contaminated Soil..pdf,published: 08 July 2020,10.1002/clen; 10.1002/jctb.4577,2020,AAP-1 Schloss; AAP-1 isolated from soil; ATA1 using co-metabolism. Bioremediat; D-2; IM-2. J. Agr. Food; Pigmentiphaga sp. D-2,candidate_gene/enzyme_plus_pathway,,,Imazamox,,,Review against paper before integration,,/Volumes/WENTBROKE/Pesticide degradation database/pesticidepdf/Imazamox/PesticideDB_curation_Imazamox_20260707
Imazamox,PDF automated candidate; manual validation required,Characterization of imazamox degradation by-products by using liquid chromatography mass spectrometry and high-resolution Fourier transform ion cyclotron resonance mass spectrometry..pdf,Anal Bioanal Chem (2007) 389:1459–1467,10.1007/s00216-007-1343-7,2007,,candidate_gene/enzyme_plus_pathway,,,Imazamox,,,Review against paper before integration,,/Volumes/WENTBROKE/Pesticide degradation database/pesticidepdf/Imazamox/PesticideDB_curation_Imazamox_20260707
Imazamox,PDF automated candidate; manual validation required,Development of a new test design to investigate the degradation of pesticides in soil under sunlight conditions.pdf,Hassink et al. Environmental Sciences Europe (2024) 36:151 Environmental Sciences Europe,10.1186/s12302-024-00974-x,2024,,candidate_gene/enzyme_plus_pathway,,,Imazamox,,,Review against paper before integration,,/Volumes/WENTBROKE/Pesticide degradation database/pesticidepdf/Imazamox/PesticideDB_curation_Imazamox_20260707
Imazamox,PDF automated candidate; manual validation required,Effect of Imazamox Soil Persistence on Dryland Rotational Crops1.pdf,"See discussions, stats, and author profiles for this publication at: https://www.researchgate.net/publication/237423792",10.1614/0890-037X(2003)017,2014,,candidate_gene/enzyme_plus_pathway,,,Imazamox,,,Review against paper before integration,,/Volumes/WENTBROKE/Pesticide degradation database/pesticidepdf/Imazamox/PesticideDB_curation_Imazamox_20260707
Imazamox,PDF automated candidate; manual validation required,"Isolation, characterization of a strain capable of degrading imazethapyr and its use in degradation of the herbicide in soil..pdf",Curr Microbiol (2009) 59:363–367,10.1007/s00284-009-9442-7,2009,BH-1 bicides imazapyr; BH-1 capable of degrading; BH-1. At the same; Capable of Degrading Imazethapyr; DDV-1 of; IM- chemical structure between,candidate_gene/enzyme_plus_pathway,,,Imazamox,,,Review against paper before integration,,/Volumes/WENTBROKE/Pesticide degradation database/pesticidepdf/Imazamox/PesticideDB_curation_Imazamox_20260707
Imazamox,PDF automated candidate; manual validation required,Multiple mechanisms are involved in new imazamox-resistant varieties of durum and soft wheat..pdf,www.nature.com/scientificreports,10.1002/ps.4462; 10.1038/s41598-017-13874-3,2017,,candidate_gene/enzyme_plus_pathway,,,Imazamox,,,Review against paper before integration,,/Volumes/WENTBROKE/Pesticide degradation database/pesticidepdf/Imazamox/PesticideDB_curation_Imazamox_20260707
Imazamox,PDF automated candidate; manual validation required,Photochemical degradation of imazamox in aqueous solution influence of metal ions and anionic species on the ultraviolet photolysis..pdf,"J. Agric. Food Chem. 2006, 54, 3641−3645 3641",10.1021/jf060097u,2006,,candidate_gene/enzyme_plus_pathway,,,Imazamox,,,Review against paper before integration,,/Volumes/WENTBROKE/Pesticide degradation database/pesticidepdf/Imazamox/PesticideDB_curation_Imazamox_20260707
Imazamox,PDF automated candidate; manual validation required,Photosynthetic Performance of the Imidazolinone Resistant Sunflower Exposed to Single and Combined Treatment by the Herbicide Imazamox and an Amino Acid Extract..pdf,published: 25 October 2016,10.1002/jpln.200800174; 10.1002/ps.3710,2016,,candidate_gene/enzyme_plus_pathway,,,Imazamox,,,Review against paper before integration,,/Volumes/WENTBROKE/Pesticide degradation database/pesticidepdf/Imazamox/PesticideDB_curation_Imazamox_20260707
Imazamox,PDF automated candidate; manual validation required,Relationship between changes of soil microbial biomass content and imazamox and benfluralin degradation.pdf,Biol Fertil Soils (2002) 35:13–17,10.1007/s00374-001-0433-5,2002,,candidate_gene/enzyme_plus_pathway,,,Imazamox,,,Review against paper before integration,,/Volumes/WENTBROKE/Pesticide degradation database/pesticidepdf/Imazamox/PesticideDB_curation_Imazamox_20260707
Imazamox,PDF automated candidate; manual validation required,Survey of ACCase and ALS resistance in winter annual grasses identifies target-site and nontarget-site imazamox resistance in Secale cereale..pdf,Received: 31 May 2022 Revised: 16 August 2022 Accepted article published: 30 August 2022 Published online in Wiley Online Library: 17 September 2022,10.1002/ps.7154,2022,,candidate_gene/enzyme_plus_pathway,,,Imazamox,,,Review against paper before integration,,/Volumes/WENTBROKE/Pesticide degradation database/pesticidepdf/Imazamox/PesticideDB_curation_Imazamox_20260707
Imazamox,PDF automated candidate; manual validation required,Target site as the main mechanism of resistance to imazamox in a Euphorbia heterophylla biotype..pdf,www.nature.com/scientificreports,10.1002/ps.5159; 10.1021/bk-2014-1171.ch001,2019,,candidate_gene/enzyme_plus_pathway,,,Imazamox,,,Review against paper before integration,,/Volumes/WENTBROKE/Pesticide degradation database/pesticidepdf/Imazamox/PesticideDB_curation_Imazamox_20260707
Imazamox,PDF automated candidate; manual validation required,"The effect of microplastics on behaviors of chiral imidazolinone herbicides in the aquatic environment Residue, degradation and distribution..pdf",Contents lists available at ScienceDirect,10.1016/j.jhazmat.2021.126176,2021,,candidate_gene/enzyme_plus_pathway,,,Imazamox,,,Review against paper before integration,,/Volumes/WENTBROKE/Pesticide degradation database/pesticidepdf/Imazamox/PesticideDB_curation_Imazamox_20260707
Phosmet,PDF automated candidate; manual validation required,An efficient catalytic degradation of trichloroethene in a percarbonate system catalyzed by ultra-fine heterogeneous zeolite supported zero valent iron-nickel bimetallic composite..pdf,Applied Catalysis A: General 531 (2017) 177–186,10.1016/j.apcata.2016.11; 10.1016/j.apcata.2016.11.001,2017,,candidate_gene/enzyme_plus_pathway,,,Phosmet,,,Review against paper before integration,,/Volumes/WENTBROKE/Pesticide degradation database/pesticidepdf/Phosmet/PesticideDB_curation_Phosmet_20260707
Phosmet,PDF automated candidate; manual validation required,Elucidating the kinetics and mechanisms of tetramethrin biodegradation by the fungal strain Neocosmospora sp. AF3.pdf,Chen et al. Microbial Cell Factories (2025) 24:124 Microbial Cell Factories,10.1186/s12934-025-02747-4,2025,An injection volume of; Bacillus megaterium HLJ7; Bacillus subtilis BSF01 and; CW3 2013; HLJ7 in contami- 41; Inverted Petri dishes were,candidate_gene/enzyme_plus_pathway,,,Phosmet,,,Review against paper before integration,,/Volumes/WENTBROKE/Pesticide degradation database/pesticidepdf/Phosmet/PesticideDB_curation_Phosmet_20260707
Phosmet,PDF automated candidate; manual validation required,Evaluation of chemical and photochemical oxidation processes for degradation of phosmet on lowbush blueberries (Vaccinium angustifolium)..pdf,"9608 J. Agric. Food Chem. 2006, 54, 9608−9613",10.1021/jf0616210,2006,,candidate_gene/enzyme_plus_pathway,,,Phosmet,,,Review against paper before integration,,/Volumes/WENTBROKE/Pesticide degradation database/pesticidepdf/Phosmet/PesticideDB_curation_Phosmet_20260707
Phosmet,PDF automated candidate; manual validation required,Heterogeneous reaction of suspended phosmet particles with NO3 radicals..pdf,Heterogeneous Reaction of Suspended Phosmet Particles with,10.1021/jp205175p,2011,,candidate_gene/enzyme_plus_pathway,,,Phosmet,,,Review against paper before integration,,/Volumes/WENTBROKE/Pesticide degradation database/pesticidepdf/Phosmet/PesticideDB_curation_Phosmet_20260707
Phosmet,PDF automated candidate; manual validation required,Identification of an opd (organophosphate degradation) gene in an Agrobacterium isolate..pdf,"APPLIED AND ENVIRONMENTAL MICROBIOLOGY, July 2002, p. 3371–3376 Vol. 68, No. 7",10.1128/AEM.68.7.3371,2002,ATCC 27551; ATCC 27551 and B; ATCC 27551 and Bre-; ATCC 27551 and Brevundimonas; ATCC is also linked; B-1,candidate_gene/enzyme_plus_pathway,,,Phosmet,,,Review against paper before integration,,/Volumes/WENTBROKE/Pesticide degradation database/pesticidepdf/Phosmet/PesticideDB_curation_Phosmet_20260707
Phosmet,PDF automated candidate; manual validation required,Isolation of an isocarbophos-degrading strain of Arthrobacter sp. scl-2 and identification of the degradation pathway..pdf,"J. Microbiol. Biotechnol. (2009), 19(11), 1439–1446",10.4014/jmb.0811.0626,2009,B4. Appl. Environ. Microbiol; Dsp-2; F101. Appl. Environ. Microbiol; IF1. degradation mechanism of; Isolation and Characterization was; U2,candidate_gene/enzyme_plus_pathway,,,Phosmet,,,Review against paper before integration,,/Volumes/WENTBROKE/Pesticide degradation database/pesticidepdf/Phosmet/PesticideDB_curation_Phosmet_20260707
Phosmet,PDF automated candidate; manual validation required,Microbial Degradation of Pesticide Residues and an Emphasis on the Degradation of Cypermethrin and 3-phenoxy Benzoic Acid A Review..pdf,Microbial Degradation of Pesticide Residues and an,10.3390/molecules23092313,2025,ADP; ADP used atrazine as; Bacillus Subtilis BSF01 and; CPN 1. Biodegradation 2008; Capable of Metabolizing Phenoxybenzoates; Fusarium sp. HG-P-01 growth,candidate_gene/enzyme_plus_pathway,,,Phosmet,,,Review against paper before integration,,/Volumes/WENTBROKE/Pesticide degradation database/pesticidepdf/Phosmet/PesticideDB_curation_Phosmet_20260707
Phosmet,PDF automated candidate; manual validation required,Microbial degradation of phosmet on blueberry fruit and in aqueous systems by indigenous bacterial flora on lowbush blueberries (Vaccinium angustifolium)..pdf,JFS M: Food Microbiology and Safety,10.1111/j.1750-3841.2007.00466.x,2025,B-14; B-14 and its use; B-14 organohalide compounds they; M6 and cloning of; and evidence for plasmid; ceased degrading chlorpyri- Horne,candidate_gene/enzyme_plus_pathway,,,Phosmet,,,Review against paper before integration,,/Volumes/WENTBROKE/Pesticide degradation database/pesticidepdf/Phosmet/PesticideDB_curation_Phosmet_20260707
Phosmet,PDF automated candidate; manual validation required,Peer review of the pesticide risk assessment of the active substance phosmet..pdf,CONCLUSION ON PESTICIDES PEER REVIEW,10.2903/j.efsa.2008.622; 10.2903/j.efsa.2009.1438,2025,,candidate_gene/enzyme_plus_pathway,,,Phosmet,,,Review against paper before integration,,/Volumes/WENTBROKE/Pesticide degradation database/pesticidepdf/Phosmet/PesticideDB_curation_Phosmet_20260707
Phosmet,PDF automated candidate; manual validation required,Photodegradation of phosmet in wool wax models and on sheep wool determination of wool wax bound phosmet by means of isotope ratio mass spectrometry..pdf,"J. Agric. Food Chem. 2005, 53, 4873−4879 4873",10.1021/jf047834b,2005,,candidate_gene/enzyme_plus_pathway,,,Phosmet,,,Review against paper before integration,,/Volumes/WENTBROKE/Pesticide degradation database/pesticidepdf/Phosmet/PesticideDB_curation_Phosmet_20260707
Phosmet,PDF automated candidate; manual validation required,"Photolysis experiments on phosmet, an organophosphorus insecticide..pdf","5990 J. Agric. Food Chem. 2003, 51, 5990−5995",10.1021/jf034253y,2003,,candidate_gene/enzyme_plus_pathway,,,Phosmet,,,Review against paper before integration,,/Volumes/WENTBROKE/Pesticide degradation database/pesticidepdf/Phosmet/PesticideDB_curation_Phosmet_20260707
Phosmet,PDF automated candidate; manual validation required,Residual degradation and toxicity of insecticides against Bactrocera oleae..pdf,Environ Sci Pollut Res,10.1007/s11356-017-0347-x,2017,,candidate_gene/enzyme_plus_pathway,,,Phosmet,,,Review against paper before integration,,/Volumes/WENTBROKE/Pesticide degradation database/pesticidepdf/Phosmet/PesticideDB_curation_Phosmet_20260707
Phosmet,PDF automated candidate; manual validation required,Review of the existing maximum residue levels for phosmet according to Article 12 of Regulation (EC) No 3962005..pdf,APPROVED: 30 June 2022,10.2903/j.efsa.2018.5147; 10.2903/j.efsa.2021.6237,2027,,candidate_gene/enzyme_plus_pathway,,,Phosmet,,,Review against paper before integration,,/Volumes/WENTBROKE/Pesticide degradation database/pesticidepdf/Phosmet/PesticideDB_curation_Phosmet_20260707
Phosmet,PDF automated candidate; manual validation required,Screening for Lactobacillus plantarum Strains That Possess Organophosphorus Pesticide-Degrading Activity and Metabolomic Analysis of Phorate Degradation..pdf,published: 03 September 2018,10.1002/jbt.20106; 10.1002/jsfa.6710,2018,L. plantarum P9 was; No. NCBI accession Food; P9 degraded rather than; P9 growing in MRS; P9 showed good tolerance; P9 was allowed to,candidate_gene/enzyme_plus_pathway,,,Phosmet,,,Review against paper before integration,,/Volumes/WENTBROKE/Pesticide degradation database/pesticidepdf/Phosmet/PesticideDB_curation_Phosmet_20260707
Phosmet,PDF automated candidate; manual validation required,Sorption and degradation characteristics of phosmet in two contrasting Australian soils..pdf,"Published September, 2002",,2002,,candidate_gene/enzyme_plus_pathway,,,Phosmet,,,Review against paper before integration,,/Volumes/WENTBROKE/Pesticide degradation database/pesticidepdf/Phosmet/PesticideDB_curation_Phosmet_20260707
Phosmet,PDF automated candidate; manual validation required,Spectroscopic and molecular modelling study of binding mechanism of bovine serum albumin with phosmet..pdf,Spectrochimica Acta Part A: Molecular and Biomolecular Spectroscopy 244 (2021) 118803,10.1016/0003-2697(81)90474-7; 10.1016/S0065-3233(08)60065-0,2021,,candidate_gene/enzyme,,,Phosmet,,,Review against paper before integration,,/Volumes/WENTBROKE/Pesticide degradation database/pesticidepdf/Phosmet/PesticideDB_curation_Phosmet_20260707
Phosmet,PDF automated candidate; manual validation required,Toxicity and biochemical responses induced by phosmet in rainbow trout (iOncorhynchus mykissi)..pdf,"Toxicology Research, 2021, 10, 983–991",10.1002/etc.5620200104; 10.1016/0003-2697(79)90738-3,2021,,candidate_gene/enzyme_plus_pathway,,,Phosmet,,,Review against paper before integration,,/Volumes/WENTBROKE/Pesticide degradation database/pesticidepdf/Phosmet/PesticideDB_curation_Phosmet_20260707
Thiophanate-Methyl,PDF automated candidate; manual validation required,A Novel Cu2OZnO@PET Composite Membrane for the Photocatalytic Degradation of Carbendazim.pdf,A Novel Cu2O/ZnO@PET Composite Membrane for the,10.3390/nano12101724,2025,,candidate_gene/enzyme_plus_pathway,,,Thiophanate-Methyl,,,Review against paper before integration,,/Volumes/WENTBROKE/Pesticide degradation database/pesticidepdf/Thiophanate-Methyl/PesticideDB_curation_Thiophanate_Methyl_20260707
Thiophanate-Methyl,PDF automated candidate; manual validation required,Biodegradation kinetics of the benzimidazole fungicide thiophanate-methyl by bacteria isolated from loamy sand soil..pdf,"See discussions, stats, and author profiles for this publication at: https://www.researchgate.net/publication/47545994",10.1007/s10532-010-9430-4,2014,CBW. Although no metabolite; Rhodococcus jialingiae djl-6-2 was; SRS16 in pure culture; TDS-1; is identified. Strains with; showed the differences in,candidate_gene/enzyme_plus_pathway,,,Thiophanate-Methyl,,,Review against paper before integration,,/Volumes/WENTBROKE/Pesticide degradation database/pesticidepdf/Thiophanate-Methyl/PesticideDB_curation_Thiophanate_Methyl_20260707
Thiophanate-Methyl,PDF automated candidate; manual validation required,Biodegradation of carbendazim by a potent novel Chryseobacterium sp. JAS14 and plant growth promoting Aeromonas caviae JAS15 with subsequent toxicity analysis.pdf,https://doi.org/10.1007/s13205-020-02319-w,10.1007/s1135; 10.1007/s1320,2020,BIHB 723 isolated from; NY97 Vigna radiata growth; SG-4G Changes in labile; and characterize potent MBC; and nutrients; bacterial isolates were grown,candidate_gene/enzyme_plus_pathway,,,Thiophanate-Methyl,,,Review against paper before integration,,/Volumes/WENTBROKE/Pesticide degradation database/pesticidepdf/Thiophanate-Methyl/PesticideDB_curation_Thiophanate_Methyl_20260707
Thiophanate-Methyl,PDF automated candidate; manual validation required,Changed degradation behavior of pesticides when present in mixtures..pdf,Eco-Environment & Health 1 (2022) 23–30,10.1007/BF02716843; 10.1007/s00374-002-0485-1,2022,,candidate_gene/enzyme_plus_pathway,,,Thiophanate-Methyl,,,Review against paper before integration,,/Volumes/WENTBROKE/Pesticide degradation database/pesticidepdf/Thiophanate-Methyl/PesticideDB_curation_Thiophanate_Methyl_20260707
Thiophanate-Methyl,PDF automated candidate; manual validation required,Characterization of the ultraviolet-visible photoproducts of thiophanate-methyl using high performance liquid chromatography coupled with high resolution tandem mass spectrometry-Detection in grapes and tomatoes..pdf,Contents lists available at ScienceDirect,10.1016/j.chroma.2016.02; 10.1016/j.chroma.2016.02.078,2016,,candidate_gene/enzyme_plus_pathway,,,Thiophanate-Methyl,,,Review against paper before integration,,/Volumes/WENTBROKE/Pesticide degradation database/pesticidepdf/Thiophanate-Methyl/PesticideDB_curation_Thiophanate_Methyl_20260707
Thiophanate-Methyl,PDF automated candidate; manual validation required,Degradation of 3-phenoxybenzoic acid by a Bacillus sp..pdf,Degradation of 3-Phenoxybenzoic Acid by a Bacillus sp,10.1371/journal.pone.0050456.g001; 10.1371/journal.pone.0050456.g002,2014,Cladosporium cladosporioides Hu-01. PLoS; DG-; DG- In the current; DG- evidence of a; DG-02; DG-02 After five rounds,candidate_gene/enzyme_plus_pathway,,,Thiophanate-Methyl,,,Review against paper before integration,,/Volumes/WENTBROKE/Pesticide degradation database/pesticidepdf/Thiophanate-Methyl/PesticideDB_curation_Thiophanate_Methyl_20260707
Thiophanate-Methyl,PDF automated candidate; manual validation required,Environmental Impact of Xenobiotic Aromatic Compounds and Their Biodegradation Potential in iComamonas testosteronii..pdf,Environmental Impact of Xenobiotic Aromatic Compounds and,10.3390/ijms252413317,2024,BR6020. J. Bacteriol. 2006; CNB-1; CNB-1. Appl. Environ. Microbiol; CNB-1. Environ. Microbiol. 2007; E6 and discovery of; E6. Appl. Environ. Microbiol,candidate_gene/enzyme_plus_pathway,,,Thiophanate-Methyl,,,Review against paper before integration,,/Volumes/WENTBROKE/Pesticide degradation database/pesticidepdf/Thiophanate-Methyl/PesticideDB_curation_Thiophanate_Methyl_20260707
Thiophanate-Methyl,PDF automated candidate; manual validation required,Influence of Bacillus subtilis and Trichoderma harzianum on Penthiopyrad Degradation under Laboratory and Field Studies.pdf,Influence of Bacillus subtilis and Trichoderma,10.3390/molecules25061421,2022,B1 and its application; Bacillus sp. N1. J; NY97-1. Int. J. Environ; by plants and antagonized; was inoculated into a,candidate_gene/enzyme_plus_pathway,,,Thiophanate-Methyl,,,Review against paper before integration,,/Volumes/WENTBROKE/Pesticide degradation database/pesticidepdf/Thiophanate-Methyl/PesticideDB_curation_Thiophanate_Methyl_20260707
Thiophanate-Methyl,PDF automated candidate; manual validation required,"Microbial degradation of contaminants of emerging concern metabolic, genetic and omics insights for enhanced bioremediation..pdf",PUBLISHED 19 September 2024,10.1002/9781119068761.app3; 10.1002/bit.27524,2024,ABC02; ABC07; ABC07 C-S bond cleavage; AK-5 differs from that; ATBC28; Acinetobacter baumannii DP-2. Toxics,candidate_gene/enzyme_plus_pathway,,,Thiophanate-Methyl,,,Review against paper before integration,,/Volumes/WENTBROKE/Pesticide degradation database/pesticidepdf/Thiophanate-Methyl/PesticideDB_curation_Thiophanate_Methyl_20260707
Thiophanate-Methyl,PDF automated candidate; manual validation required,Peer review of the pesticide risk assessment of the active substance thiophanate-methyl..pdf,CONCLUSION ON PESTICIDES PEER REVIEW,10.1016/j.foodcont.2014.03.003; 10.2903/j.efsa.2008.622,2025,,candidate_gene/enzyme_plus_pathway,,,Thiophanate-Methyl,,,Review against paper before integration,,/Volumes/WENTBROKE/Pesticide degradation database/pesticidepdf/Thiophanate-Methyl/PesticideDB_curation_Thiophanate_Methyl_20260707
Thiophanate-Methyl,PDF automated candidate; manual validation required,Reasoned opinion on the toxicological properties and maximum residue levels (MRLs) for the benzimidazole substances carbendazim and thiophanate-methyl..pdf,APPROVED: 5 July 2021,10.2903/j.efsa; 10.2903/j.efsa.2012.2685,2025,,candidate_gene/enzyme_plus_pathway,,,Thiophanate-Methyl,,,Review against paper before integration,,/Volumes/WENTBROKE/Pesticide degradation database/pesticidepdf/Thiophanate-Methyl/PesticideDB_curation_Thiophanate_Methyl_20260707
Thiophanate-Methyl,PDF automated candidate; manual validation required,Self-assembled thiophanate-methylstar polycation complex prevents plant cell-wall penetration and fungal carbon utilization during cotton infection by Verticillium dahliae..pdf,Contents lists available at ScienceDirect,10.1016/j.ijbiomac.2023.124354,2023,and treated with various; treated with the TM; was Aldrich; was applied instead of; was found to be; was used to evaluate,candidate_gene/enzyme_plus_pathway,,,Thiophanate-Methyl,,,Review against paper before integration,,/Volumes/WENTBROKE/Pesticide degradation database/pesticidepdf/Thiophanate-Methyl/PesticideDB_curation_Thiophanate_Methyl_20260707
Thiophanate-Methyl,PDF automated candidate; manual validation required,Simultaneous determination of thiophanate-methyl and its metabolite carbendazim in tea using isotope dilution ultra performance liquid chromatography-tandem mass spectrometry..pdf,"doi:10.1093/chromsci/bmt165 Advance Access publication November 19, 2013 Article",10.1007/s00216-013-6901-6; 10.1093/chromsci/bmt165,2014,,candidate_gene/enzyme_plus_pathway,,,Thiophanate-Methyl,,,Review against paper before integration,,/Volumes/WENTBROKE/Pesticide degradation database/pesticidepdf/Thiophanate-Methyl/PesticideDB_curation_Thiophanate_Methyl_20260707
Thiophanate-Methyl,PDF automated candidate; manual validation required,Substrate sterilization with thiophanate-methyl and its biodegradation to carbendazim in oyster mushroom (Pleurotus ostreatus var. florida)..pdf,"See discussions, stats, and author profiles for this publication at: https://www.researchgate.net/publication/337848624",10.1002/fsn3.328; 10.1002/ps.759,2020,with T5. The trend,candidate_gene/enzyme_plus_pathway,,,Thiophanate-Methyl,,,Review against paper before integration,,/Volumes/WENTBROKE/Pesticide degradation database/pesticidepdf/Thiophanate-Methyl/PesticideDB_curation_Thiophanate_Methyl_20260707
Thiophanate-Methyl,PDF automated candidate; manual validation required,"The Application of Multifunctional Metal-Organic Frameworks for the Detection, Adsorption, and Degradation of Contaminants in an Aquatic Environment..pdf",The Application of Multifunctional Metal–Organic Frameworks,10.3390/molecules30061336,2025,,candidate_gene/enzyme_plus_pathway,,,Thiophanate-Methyl,,,Review against paper before integration,,/Volumes/WENTBROKE/Pesticide degradation database/pesticidepdf/Thiophanate-Methyl/PesticideDB_curation_Thiophanate_Methyl_20260707
Thiophanate-Methyl,PDF automated candidate; manual validation required,The effects of pesticide mixtures on degradation of pendimethalin in soils..pdf,Environ Monit Assess (2012) 184:3077–3084,10.1007/s10661-011-2172-x,2012,,candidate_gene/enzyme_plus_pathway,,,Thiophanate-Methyl,,,Review against paper before integration,,/Volumes/WENTBROKE/Pesticide degradation database/pesticidepdf/Thiophanate-Methyl/PesticideDB_curation_Thiophanate_Methyl_20260707
Thiophanate-Methyl,PDF automated candidate; manual validation required,Updated reasoned opinion on the toxicological properties and maximum residue levels (MRLs) for the benzimidazole substances carbendazim and thiophanate-methyl..pdf,Approved: 10 January 2024,10.2903/j.efsa.2024.8569,2025,,candidate_gene/enzyme_plus_pathway,,,Thiophanate-Methyl,,,Review against paper before integration,,/Volumes/WENTBROKE/Pesticide degradation database/pesticidepdf/Thiophanate-Methyl/PesticideDB_curation_Thiophanate_Methyl_20260707
Pymetrozine,PDF automated candidate; manual validation required,A novel hydrolase PyzH catalyses the cleavage of C=N double bond for pymetrozine degradation in Pseudomonas sp. BYT-1..pdf,"Environmental Microbiology (2021) 23(6), 3265–3273 doi:10.1111/1462-2920.15557",10.1111/1462-2920.15557,2025,AC100. Appl Environ Microbiol; BL21; BR60; BYT-1; BYT-1 and; BYT-1 and its derivative,candidate_gene/enzyme_plus_pathway,,,Pymetrozine,,,Review against paper before integration,,/Volumes/WENTBROKE/Pesticide degradation database/pesticidepdf/Pymetrozine/PesticideDB_curation_Pymetrozine_20260707
Pymetrozine,PDF automated candidate; manual validation required,Acute Toxicity of an Emerging Insecticide Pymetrozine to Procambarus clarkii Associated with Rice-Crayfish Culture (RCIS)..pdf,Environmental Research,10.3390/ijerph15050984,2018,,candidate_gene/enzyme_plus_pathway,,,Pymetrozine,,,Review against paper before integration,,/Volumes/WENTBROKE/Pesticide degradation database/pesticidepdf/Pymetrozine/PesticideDB_curation_Pymetrozine_20260707
Pymetrozine,PDF automated candidate; manual validation required,"Degradation of cyprodinil, fludioxonil, cyfluthrin and pymetrozine on lettuce after different application methods..pdf",This article was downloaded by: [University of Illinois Chicago],10.1080/03601230701549271,2014,,candidate_gene/enzyme_plus_pathway,,,Pymetrozine,,,Review against paper before integration,,/Volumes/WENTBROKE/Pesticide degradation database/pesticidepdf/Pymetrozine/PesticideDB_curation_Pymetrozine_20260707
Pymetrozine,PDF automated candidate; manual validation required,Development and evaluation of pymetrozine controlled-release formulation to control paddy planthopper..pdf,Open Access Article. Published on 20 June 2018. Downloaded on 6/10/2025 6:16:20 AM.,10.1039/c8ra03516d,2025,,candidate_gene/enzyme_plus_pathway,,,Pymetrozine,,,Review against paper before integration,,/Volumes/WENTBROKE/Pesticide degradation database/pesticidepdf/Pymetrozine/PesticideDB_curation_Pymetrozine_20260707
Pymetrozine,PDF automated candidate; manual validation required,"Dissipation kinetics and exposure of spirotetramat and pymetrozine in open fields, a prelude to risk assessment of green bean consumption..pdf",Environmental Science and Pollution Research (2023) 30:57747–57758,10.1007/s11356-023-26100-7,2023,,candidate_gene/enzyme_plus_pathway,,,Pymetrozine,,,Review against paper before integration,,/Volumes/WENTBROKE/Pesticide degradation database/pesticidepdf/Pymetrozine/PesticideDB_curation_Pymetrozine_20260707
Pymetrozine,PDF automated candidate; manual validation required,Electrochemical behavior of the insecticide pymetrozine at an electrochemically pretreated glassy carbon electrode and its analytical application..pdf,View Article Online,10.1039/c5ay01987g,2015,,candidate_pathway/metabolite,,,Pymetrozine,,,Review against paper before integration,,/Volumes/WENTBROKE/Pesticide degradation database/pesticidepdf/Pymetrozine/PesticideDB_curation_Pymetrozine_20260707
Pymetrozine,PDF automated candidate; manual validation required,Isolation and Characterization of the Pymetrozine-Degrading Strain Pseudomonas sp. BYT-1..pdf,"Cite This: J. Agric. Food Chem. 2019, 67, 4170−4176 pubs.acs.org/JAFC",10.1021/acs.jafc.8b06155; 10.1038/d41586-018-04987-4,2020,BYT 4174 DOI; BYT-1; BYT-1 also supported that; BYT-1 and BYT-1 was; BYT-1 and its close; BYT-1 and related species,candidate_gene/enzyme_plus_pathway,,,Pymetrozine,,,Review against paper before integration,,/Volumes/WENTBROKE/Pesticide degradation database/pesticidepdf/Pymetrozine/PesticideDB_curation_Pymetrozine_20260707
Pymetrozine,PDF automated candidate; manual validation required,Kinetic study of the degradation of the insecticide pymetrozine in a vegetable-field ecosystem..pdf,Contents lists available at ScienceDirect,10.1016/j.jhazmat.2008.08.020,2009,,candidate_gene/enzyme_plus_pathway,,,Pymetrozine,,,Review against paper before integration,,/Volumes/WENTBROKE/Pesticide degradation database/pesticidepdf/Pymetrozine/PesticideDB_curation_Pymetrozine_20260707
Pymetrozine,PDF automated candidate; manual validation required,Monitoring residue levels and dietary risk assessment of pymetrozine for Chinese consumption of cauliflower..pdf,Received: 28 August 2018 Revised: 15 November 2018 Accepted: 29 November 2018,10.1002/bmc.4455; 10.1007/s00128,2025,,candidate_gene/enzyme_plus_pathway,,,Pymetrozine,,,Review against paper before integration,,/Volumes/WENTBROKE/Pesticide degradation database/pesticidepdf/Pymetrozine/PesticideDB_curation_Pymetrozine_20260707
Pymetrozine,PDF automated candidate; manual validation required,Optimization of pretreatment in pymetrozine production wastewater via reactive distillation and side-stream distillation methods with response surface methodology..pdf,463 © IWA Publishing 2021 Water Science & Technology | 83.2 | 2021,10.2166/wst.2020.599,2021,,candidate_gene/enzyme_plus_pathway,,,Pymetrozine,,,Review against paper before integration,,/Volumes/WENTBROKE/Pesticide degradation database/pesticidepdf/Pymetrozine/PesticideDB_curation_Pymetrozine_20260707
Pymetrozine,PDF automated candidate; manual validation required,Residue Behavior of Methoxyfenozide and Pymetrozine in Chinese Cabbage and Their Health Risk Assessment..pdf,Residue Behavior of Methoxyfenozide and Pymetrozine in,10.3390/foods11192995; 10.3390/foods11192995/s1,2022,,candidate_gene/enzyme_plus_pathway,,,Pymetrozine,,,Review against paper before integration,,/Volumes/WENTBROKE/Pesticide degradation database/pesticidepdf/Pymetrozine/PesticideDB_curation_Pymetrozine_20260707
Pymetrozine,PDF automated candidate; manual validation required,Residues and dynamics of pymetrozine in rice field ecosystem..pdf,Contents lists available at ScienceDirect,10.1016/j.chemosphere.2010.10.053,2011,,candidate_pathway/metabolite,,,Pymetrozine,,,Review against paper before integration,,/Volumes/WENTBROKE/Pesticide degradation database/pesticidepdf/Pymetrozine/PesticideDB_curation_Pymetrozine_20260707
Pymetrozine,PDF automated candidate; manual validation required,Resin bound gold nanocomposites assisted SEATR-FTIR spectroscopy for detection of pymetrozine insecticide in vegetable samples..pdf,Contents lists available at ScienceDirect,10.1016/j.heliyon.2024.e37856,2024,,candidate_gene/enzyme_plus_pathway,,,Pymetrozine,,,Review against paper before integration,,/Volumes/WENTBROKE/Pesticide degradation database/pesticidepdf/Pymetrozine/PesticideDB_curation_Pymetrozine_20260707
Pymetrozine,PDF automated candidate; manual validation required,Role of Insect Gut Microbiota in Pesticide Degradation A Review..pdf,published: 03 May 2022,10.1002/arch.21218; 10.1002/ece3,2022,from Northwestern Colombia. J; of Arsenophonus symbiont decreases; of Laodelphax striatellus. Pest; of S. frugiperda harbor; of house fly; of the bacterial doi,candidate_gene/enzyme_plus_pathway,,,Pymetrozine,,,Review against paper before integration,,/Volumes/WENTBROKE/Pesticide degradation database/pesticidepdf/Pymetrozine/PesticideDB_curation_Pymetrozine_20260707
Pymetrozine,PDF automated candidate; manual validation required,Self-Cleaning-Mediated SERS Chip Coupled Chemometric Algorithms for Detection and Photocatalytic Degradation of Pesticides in Food..pdf,pubs.acs.org/JAFC Article,10.1021/acs.jafc.0c06513,2021,,candidate_gene/enzyme_plus_pathway,,,Pymetrozine,,,Review against paper before integration,,/Volumes/WENTBROKE/Pesticide degradation database/pesticidepdf/Pymetrozine/PesticideDB_curation_Pymetrozine_20260707
Pymetrozine,PDF automated candidate; manual validation required,Synergistic effects of layered Ti3C2TX MXeneMIL-101(Cr) heterostructure as a sonocatalyst for efficient degradation of sulfadiazine and acetaminophen in water.pdf,Ultrasonics Sonochemistry 99 (2023) 106570,10.1016/j; 10.1016/j.apcatb.2018.10.078,2023,,candidate_gene/enzyme_plus_pathway,,,Pymetrozine,,,Review against paper before integration,,/Volumes/WENTBROKE/Pesticide degradation database/pesticidepdf/Pymetrozine/PesticideDB_curation_Pymetrozine_20260707
Penthiopyrad,PDF automated candidate; manual validation required,Comparative Biological Half-Life of Penthiopyrad and Tebufenpyrad in Angelica Leaves and Establishment of Pre-Harvest Residue Limits (PHRLs)..pdf,Comparative Biological Half-Life of Penthiopyrad and,10.3390/foods13111742,2024,of Tetranychus urticae Koch,candidate_gene/enzyme_plus_pathway,,,Penthiopyrad,,,Review against paper before integration,,/Volumes/WENTBROKE/Pesticide degradation database/pesticidepdf/Penthiopyrad/PesticideDB_curation_Penthiopyrad_20260707
Penthiopyrad,PDF automated candidate; manual validation required,"Dissipation, Residue and Dietary Intake Risk Assessment of Penthiopyrad in Eggplants and Its Removal Using Various Household Processing Techniques..pdf","Dissipation, Residue and Dietary Intake Risk Assessment of",10.3390/foods11213327; 10.3390/foods11213327/s1,2022,,candidate_gene/enzyme_plus_pathway,,,Penthiopyrad,,,Review against paper before integration,,/Volumes/WENTBROKE/Pesticide degradation database/pesticidepdf/Penthiopyrad/PesticideDB_curation_Penthiopyrad_20260707
Penthiopyrad,PDF automated candidate; manual validation required,"Dissipation, residue, stereoselectivity and dietary risk assessment of penthiopyrad and metabolite PAM on cucumber and tomato in greenhouse and field..pdf",Food Chemistry 387 (2022) 132875,10.1002/ps.2287; 10.1007/BF02492120,2022,,candidate_gene/enzyme_plus_pathway,,,Penthiopyrad,,,Review against paper before integration,,/Volumes/WENTBROKE/Pesticide degradation database/pesticidepdf/Penthiopyrad/PesticideDB_curation_Penthiopyrad_20260707
Penthiopyrad,PDF automated candidate; manual validation required,Effect of microorganisms on degradation of fluopyram and tebuconazole in laboratory and field studies..pdf,Environmental Science and Pollution Research (2023) 30:47727–47741,10.1007/s11356-023-25669-3,2025,B1 and its application,candidate_gene/enzyme_plus_pathway,,,Penthiopyrad,,,Review against paper before integration,,/Volumes/WENTBROKE/Pesticide degradation database/pesticidepdf/Penthiopyrad/PesticideDB_curation_Penthiopyrad_20260707
Penthiopyrad,PDF automated candidate; manual validation required,Influence of Bacillus subtilis and Trichoderma harzianum on Penthiopyrad Degradation under Laboratory and Field Studies.pdf,Influence of Bacillus subtilis and Trichoderma,10.3390/molecules25061421,2022,B1 and its application; Bacillus sp. N1. J; NY97-1. Int. J. Environ; by plants and antagonized; was inoculated into a,candidate_gene/enzyme_plus_pathway,,,Penthiopyrad,,,Review against paper before integration,,/Volumes/WENTBROKE/Pesticide degradation database/pesticidepdf/Penthiopyrad/PesticideDB_curation_Penthiopyrad_20260707
Penthiopyrad,PDF automated candidate; manual validation required,Modification of the existing maximum residue levels for penthiopyrad in Florence fennels and celeries..pdf,ADOPTED: 2 September 2020,10.2903/j.efsa; 10.2903/j.efsa.2012.2948,2025,,candidate_gene/enzyme_plus_pathway,,,Penthiopyrad,,,Review against paper before integration,,/Volumes/WENTBROKE/Pesticide degradation database/pesticidepdf/Penthiopyrad/PesticideDB_curation_Penthiopyrad_20260707
Penthiopyrad,PDF automated candidate; manual validation required,Nano selenium repairs the fruit growth and flavor quality of tomato under the stress of penthiopyrad..pdf,Plant Physiology and Biochemistry 184 (2022) 126–136,10.1016/j.plaphy.2022.05.026,2022,,candidate_gene/enzyme_plus_pathway,,,Penthiopyrad,,,Review against paper before integration,,/Volumes/WENTBROKE/Pesticide degradation database/pesticidepdf/Penthiopyrad/PesticideDB_curation_Penthiopyrad_20260707
Penthiopyrad,PDF automated candidate; manual validation required,Peer review of the pesticide risk assessment for the active substance penthiopyrad in light of confirmatory data submitted..pdf,CONCLUSION ON PESTICIDE PEER REVIEW,10.2903/j.efsa.2008.622; 10.2903/j.efsa.2013.3111,2025,,candidate_gene/enzyme_plus_pathway,,,Penthiopyrad,,,Review against paper before integration,,/Volumes/WENTBROKE/Pesticide degradation database/pesticidepdf/Penthiopyrad/PesticideDB_curation_Penthiopyrad_20260707
Penthiopyrad,PDF automated candidate; manual validation required,Review of the existing maximum residue levels for penthiopyrad according to Article 12 of Regulation (EC) No 3962005..pdf,APPROVED: 27 July 2021,10.2903/j.efsa; 10.2903/j.efsa.2012.2948,2025,DSMZ 13134 in or; VC1; VX1,candidate_gene/enzyme_plus_pathway,,,Penthiopyrad,,,Review against paper before integration,,/Volumes/WENTBROKE/Pesticide degradation database/pesticidepdf/Penthiopyrad/PesticideDB_curation_Penthiopyrad_20260707
Penthiopyrad,PDF automated candidate; manual validation required,"Simultaneous determination of penthiopyrad enantiomers and its metabolite in vegetables, fruits, and cereals using ultra-high performance liquid chromatography-tandem mass spectrometry..pdf",ISSN 1615-9306 · JSSCCJ 45 (2) 2022 · Vol. 45 · No. 2 · January 2022,10.1002/jssc.202100446,2025,,candidate_gene/enzyme_plus_pathway,,,Penthiopyrad,,,Review against paper before integration,,/Volumes/WENTBROKE/Pesticide degradation database/pesticidepdf/Penthiopyrad/PesticideDB_curation_Penthiopyrad_20260707
Penthiopyrad,PDF automated candidate; manual validation required,Stereoselective degradation behavior of the novel chiral antifungal agrochemical penthiopyrad in soil..pdf,Environmental Research 194 (2021) 110680,10.1016/j.envres.2020.110680,2021,,candidate_gene/enzyme_plus_pathway,,,Penthiopyrad,,,Review against paper before integration,,/Volumes/WENTBROKE/Pesticide degradation database/pesticidepdf/Penthiopyrad/PesticideDB_curation_Penthiopyrad_20260707
Penthiopyrad,PDF automated candidate; manual validation required,"Systemic enantioselectivity study of penthiopyrad enantioselective bioactivity, acute toxicity, degradation and influence on tomato..pdf",Received: 8 November 2022 Revised: 3 January 2023 Accepted article published: 1 February 2023 Published online in Wiley Online Library: 16 February 2023,10.1002/ps.7388,2025,of Daphnia magna. Aquat,candidate_gene/enzyme_plus_pathway,,,Penthiopyrad,,,Review against paper before integration,,/Volumes/WENTBROKE/Pesticide degradation database/pesticidepdf/Penthiopyrad/PesticideDB_curation_Penthiopyrad_20260707
Mandipropamid,PDF automated candidate; manual validation required,Effects of Household Processing on Residues of the Chiral Fungicide Mandipropamid in Four Common Vegetables..pdf,Environmental Research,10.3390/ijerph192315543; 10.3390/ijerph192315543/s1,2022,,candidate_gene/enzyme_plus_pathway,,,Mandipropamid,,,Review against paper before integration,,/Volumes/WENTBROKE/Pesticide degradation database/pesticidepdf/Mandipropamid/PesticideDB_curation_Mandipropamid_20260707
Mandipropamid,PDF automated candidate; manual validation required,Indigenous functional microbial degradation of the chiral fungicide mandipropamid in repeatedly treated soils Preferential changes in the R-enantiomer..pdf,Contents lists available at ScienceDirect,10.1016/j.jhazmat.2022.128961,2022,,candidate_gene/enzyme_plus_pathway,,,Mandipropamid,,,Review against paper before integration,,/Volumes/WENTBROKE/Pesticide degradation database/pesticidepdf/Mandipropamid/PesticideDB_curation_Mandipropamid_20260707
Mandipropamid,PDF automated candidate; manual validation required,"Insights on the isolation, identification, and degradation characteristics of three bacterial strains against mandipropamid and their application potential for polluted soil remediation..pdf",Pesticide Biochemistry and Physiology 191 (2023) 105376,10.1016/j.pestbp.2023.105376,2023,KDI. Biodegradation. 33; Klebsiella sp. SQY5 as; M01; M01 is capable of; MW05 may be adapted; could promote biomass growth,candidate_gene/enzyme_plus_pathway,,,Mandipropamid,,,Review against paper before integration,,/Volumes/WENTBROKE/Pesticide degradation database/pesticidepdf/Mandipropamid/PesticideDB_curation_Mandipropamid_20260707
Mandipropamid,PDF automated candidate; manual validation required,Mandipropamid as a chemical inducer of proximity for in vivo applications..pdf,https://doi.org/10.1038/s41589-021-00922-3,10.1038/s41589; 10.1038/s41589-021-00922-3,2022,,candidate_gene/enzyme_plus_pathway,,,Mandipropamid,,,Review against paper before integration,,/Volumes/WENTBROKE/Pesticide degradation database/pesticidepdf/Mandipropamid/PesticideDB_curation_Mandipropamid_20260707
Mandipropamid,PDF automated candidate; manual validation required,Modification of the existing maximum residue level for mandipropamid in radish leaves..pdf,Approved: 27 October 2023,10.2903/j; 10.2903/j.efsa.2023.8421,2025,,candidate_gene/enzyme_plus_pathway,,,Mandipropamid,,,Review against paper before integration,,/Volumes/WENTBROKE/Pesticide degradation database/pesticidepdf/Mandipropamid/PesticideDB_curation_Mandipropamid_20260707
Mandipropamid,PDF automated candidate; manual validation required,Modification of the existing maximum residue levels for mandipropamid in various crops..pdf,APPROVED: 21 January 2019,10.2903/j.efsa; 10.2903/j.efsa.2007.32r,2025,,candidate_gene/enzyme_plus_pathway,,,Mandipropamid,,,Review against paper before integration,,/Volumes/WENTBROKE/Pesticide degradation database/pesticidepdf/Mandipropamid/PesticideDB_curation_Mandipropamid_20260707
Mandipropamid,PDF automated candidate; manual validation required,"Residue dissipation, degradation dynamics, and dietary risk assessment of mandipropamid in ginseng under field application.pdf","Residue dissipation, degradation dynamics, and",10.1002/jsfa.10817; 10.1016/j.jgr.2021.06.007,2022,,candidate_gene/enzyme_plus_pathway,,,Mandipropamid,,,Review against paper before integration,,/Volumes/WENTBROKE/Pesticide degradation database/pesticidepdf/Mandipropamid/PesticideDB_curation_Mandipropamid_20260707
Mandipropamid,PDF automated candidate; manual validation required,Review of the existing maximum residue levels for mandipropamid according to Article 12 of Regulation (EC) NoÂ 3962005..pdf,APPROVED: 26 April 2018,10.2903/j.efsa; 10.2903/j.efsa.2007.32r,2025,,candidate_gene/enzyme_plus_pathway,,,Mandipropamid,,,Review against paper before integration,,/Volumes/WENTBROKE/Pesticide degradation database/pesticidepdf/Mandipropamid/PesticideDB_curation_Mandipropamid_20260707
Mandipropamid,PDF automated candidate; manual validation required,Setting of an import tolerance for mandipropamid in cocoa beans..pdf,APPROVED: 31 October 2018,10.2903/j.efsa; 10.2903/j.efsa.2018.5147,2025,,candidate_gene/enzyme_plus_pathway,,,Mandipropamid,,,Review against paper before integration,,/Volumes/WENTBROKE/Pesticide degradation database/pesticidepdf/Mandipropamid/PesticideDB_curation_Mandipropamid_20260707
Mandipropamid,PDF automated candidate; manual validation required,Setting of import tolerances for mandipropamid in papayas..pdf,APPROVED: 2 December 2022,10.2903/j.efsa; 10.2903/j.efsa.2018.5147,2025,,candidate_gene/enzyme_plus_pathway,,,Mandipropamid,,,Review against paper before integration,,/Volumes/WENTBROKE/Pesticide degradation database/pesticidepdf/Mandipropamid/PesticideDB_curation_Mandipropamid_20260707
Mandipropamid,PDF automated candidate; manual validation required,"The enantioselective environmental fate of mandipropamid in water-sediment microcosms Distribution, degradation, degradation pathways and toxicity assessment..pdf",Science of the Total Environment 891 (2023) 164650,10.1002/ps.5052; 10.1002/ps.6389,2023,,candidate_gene/enzyme_plus_pathway,,,Mandipropamid,,,Review against paper before integration,,/Volumes/WENTBROKE/Pesticide degradation database/pesticidepdf/Mandipropamid/PesticideDB_curation_Mandipropamid_20260707
Propamocarb,PDF automated candidate; manual validation required,Analysis of genes and metabolites associated with propamocarb hydrochloride response in tobacco.pdf,Received: 29 October 2019 Accepted: 5 July 2020,10.1002/agj2.20368; 10.1007/s00128-012-0703-y,2020,,candidate_gene/enzyme_plus_pathway,,,Propamocarb,,,Review against paper before integration,,/Volumes/WENTBROKE/Pesticide degradation database/pesticidepdf/Propamocarb/PesticideDB_curation_Propamocarb_20260707
Propamocarb,PDF automated candidate; manual validation required,Biodegradation of soil-applied pesticides by selected strains of plant growth-promoting rhizobacteria (PGPR) and their effects on bacterial growth..pdf,Biodegradation (2012) 23:297–310,10.1007/s10532-011-9509-6,2012,B. amyloliquefaciens IN937a and; B. pumilus SE34 more; Bordetella sp. B9. Biodegradation; FZB24; GB03. The PGPR strains; IN937a,candidate_gene/enzyme_plus_pathway,,,Propamocarb,,,Review against paper before integration,,/Volumes/WENTBROKE/Pesticide degradation database/pesticidepdf/Propamocarb/PesticideDB_curation_Propamocarb_20260707
Propamocarb,PDF automated candidate; manual validation required,"Degradation of propamocarb-hydrochloride in tomatoes, potatoes and cucumber using HPLC-DAD and QuEChERS methodology..pdf","See discussions, stats, and author profiles for this publication at: https://www.researchgate.net/publication/225374534",10.1007/s00128-012-0703-y,2014,,candidate_gene/enzyme_plus_pathway,,,Propamocarb,,,Review against paper before integration,,/Volumes/WENTBROKE/Pesticide degradation database/pesticidepdf/Propamocarb/PesticideDB_curation_Propamocarb_20260707
Propamocarb,PDF automated candidate; manual validation required,Expression and functional analysis of the Propamocarb-related gene CsDIR16 in cucumbers..pdf,Liu et al. BMC Plant Biology (2018) 18:16,10.1186/s12870-018-1236-2; 10.4236/ajac.2011.228120,2022,LBA4404,candidate_gene/enzyme_plus_pathway,,,Propamocarb,,,Review against paper before integration,,/Volumes/WENTBROKE/Pesticide degradation database/pesticidepdf/Propamocarb/PesticideDB_curation_Propamocarb_20260707
Propamocarb,PDF automated candidate; manual validation required,Expression and functional analysis of the propamocarb-related gene CsMAPEG in cucumber..pdf,Zhang et al. BMC Plant Biology (2019) 19:371,10.1186/s12870-019-1971-z,2019,,candidate_gene/enzyme_plus_pathway,,,Propamocarb,,,Review against paper before integration,,/Volumes/WENTBROKE/Pesticide degradation database/pesticidepdf/Propamocarb/PesticideDB_curation_Propamocarb_20260707
Propamocarb,PDF automated candidate; manual validation required,Expression and Functional Analysis of the Propamocarb-Related Gene CsMCF in Cucumber.pdf,published: 04 July 2019,10.1007/BF00386001; 10.1007/s00424-003-1099-7,2019,,candidate_gene/enzyme_plus_pathway,,,Propamocarb,,,Review against paper before integration,,/Volumes/WENTBROKE/Pesticide degradation database/pesticidepdf/Propamocarb/PesticideDB_curation_Propamocarb_20260707
Propamocarb,PDF automated candidate; manual validation required,"Microbial degradation of the carbamate pesticides desmedipham, phenmedipham, promecarb, and propamocarb..pdf","Bull. Environm. Contain. Toxicol. 27, 529-533 (1981)",,1981,,candidate_gene/enzyme_plus_pathway,,,Propamocarb,,,Review against paper before integration,,/Volumes/WENTBROKE/Pesticide degradation database/pesticidepdf/Propamocarb/PesticideDB_curation_Propamocarb_20260707
Propamocarb,PDF automated candidate; manual validation required,Modification of the existing maximum residue level for propamocarb in chardsbeet leaves..pdf,APPROVED: 23 October 2017,10.2903/j.efsa.2006.78r; 10.2903/j.efsa.2007.32r,2025,,candidate_gene/enzyme_plus_pathway,,,Propamocarb,,,Review against paper before integration,,/Volumes/WENTBROKE/Pesticide degradation database/pesticidepdf/Propamocarb/PesticideDB_curation_Propamocarb_20260707
Propamocarb,PDF automated candidate; manual validation required,Modification of the existing maximum residue level for propamocarb in honey..pdf,Approved: 27 October 2023,10.2903/j; 10.2903/j.efsa.2023.8422,2025,,candidate_gene/enzyme_plus_pathway,,,Propamocarb,,,Review against paper before integration,,/Volumes/WENTBROKE/Pesticide degradation database/pesticidepdf/Propamocarb/PesticideDB_curation_Propamocarb_20260707
Propamocarb,PDF automated candidate; manual validation required,Modification of the existing maximum residue levels for propamocarb in radishes (roots and small leaves)..pdf,Approved: 28 October 2024,10.2903/j; 10.2903/j.efsa.2024.9092,2025,,candidate_gene/enzyme_plus_pathway,,,Propamocarb,,,Review against paper before integration,,/Volumes/WENTBROKE/Pesticide degradation database/pesticidepdf/Propamocarb/PesticideDB_curation_Propamocarb_20260707
Propamocarb,PDF automated candidate; manual validation required,Overexpression of CsHMGB Alleviates Phytotoxicity and Propamocarb Residues in Cucumber.pdf,published: 12 June 2020,10.1007/978-3-319-74057-7_7; 10.1007/BF00386001,2020,GV3101; method. PDS To determine,candidate_gene/enzyme_plus_pathway,,,Propamocarb,,,Review against paper before integration,,/Volumes/WENTBROKE/Pesticide degradation database/pesticidepdf/Propamocarb/PesticideDB_curation_Propamocarb_20260707
Fluxapyroxad,PDF automated candidate; manual validation required,A Nationwide Study of Residual Fate of Fluxapyroxad and Its Metabolites in Peanut Crops Across China Assessment of Human Exposure Potential..pdf,A Nationwide Study of Residual Fate of Fluxapyroxad and Its,10.3390/molecules28010194,2023,,candidate_gene/enzyme_plus_pathway,,,Fluxapyroxad,,,Review against paper before integration,,/Volumes/WENTBROKE/Pesticide degradation database/pesticidepdf/Fluxapyroxad/PesticideDB_curation_Fluxapyroxad_20260707
Fluxapyroxad,PDF automated candidate; manual validation required,"Accumulation and growth toxicity mechanisms of fluxapyroxad revealed by physiological, hepatopancreas transcriptome, and gut microbiome analysis in Pacific white shrimp (Litopenaeus vannamei)..pdf",Contents lists available at ScienceDirect,10.1002/jsfa.9905; 10.1007/s00125-016-3940-5,2024,,candidate_gene/enzyme_plus_pathway,,,Fluxapyroxad,,,Review against paper before integration,,/Volumes/WENTBROKE/Pesticide degradation database/pesticidepdf/Fluxapyroxad/PesticideDB_curation_Fluxapyroxad_20260707
Fluxapyroxad,PDF automated candidate; manual validation required,Degradation of Fluxapyroxad in Soils and WaterSediment Systems Under Aerobic or Anaerobic Conditions..pdf,"See discussions, stats, and author profiles for this publication at: https://www.researchgate.net/publication/275772670",10.1007/s00128-015-1556-y; 10.2166/WPT.2006084,2015,,candidate_gene/enzyme_plus_pathway,,,Fluxapyroxad,,,Review against paper before integration,,/Volumes/WENTBROKE/Pesticide degradation database/pesticidepdf/Fluxapyroxad/PesticideDB_curation_Fluxapyroxad_20260707
Fluxapyroxad,PDF automated candidate; manual validation required,Dissipation kinetics and biological degradation by yeast and dietary risk assessment of fluxapyroxad in apples..pdf,www.nature.com/scientificreports,10.1038/s41598-020-78177-6; 10.1186/1475-2891-3-5,2020,is able to degrade,candidate_gene/enzyme_plus_pathway,,,Fluxapyroxad,,,Review against paper before integration,,/Volumes/WENTBROKE/Pesticide degradation database/pesticidepdf/Fluxapyroxad/PesticideDB_curation_Fluxapyroxad_20260707
Fluxapyroxad,PDF automated candidate; manual validation required,"Expanding the use of biobeds Degradation and adsorption of pesticides contained in effluents from seed-coating, bulb disinfestation and fruit-packaging activities..pdf",Contents lists available at ScienceDirect,10.1002/etc.5620211211; 10.1002/jctb.4299,2019,,candidate_gene/enzyme_plus_pathway,,,Fluxapyroxad,,,Review against paper before integration,,/Volumes/WENTBROKE/Pesticide degradation database/pesticidepdf/Fluxapyroxad/PesticideDB_curation_Fluxapyroxad_20260707
Fluxapyroxad,PDF automated candidate; manual validation required,Investigation of Residue Dissipation of Fluxapyroxad and Its Metabolites in Chinese Cabbage and Spring Scallion Using Different Application Methods..pdf,Investigation of Residue Dissipation of Fluxapyroxad and Its,10.3390/plants13172448,2024,,candidate_gene/enzyme_plus_pathway,,,Fluxapyroxad,,,Review against paper before integration,,/Volumes/WENTBROKE/Pesticide degradation database/pesticidepdf/Fluxapyroxad/PesticideDB_curation_Fluxapyroxad_20260707
Fluxapyroxad,PDF automated candidate; manual validation required,Modification of the existing maximum residue levels for fluxapyroxad in kakiJapanese persimmons and cultivated mushrooms..pdf,Adopted: 11 March 2024,10.2903/j.efsa.2024.8696,2025,,candidate_gene/enzyme_plus_pathway,,,Fluxapyroxad,,,Review against paper before integration,,/Volumes/WENTBROKE/Pesticide degradation database/pesticidepdf/Fluxapyroxad/PesticideDB_curation_Fluxapyroxad_20260707
Fluxapyroxad,PDF automated candidate; manual validation required,Review of the existing maximum residue levels for fluxapyroxad according to Article 12 of Regulation (EC) NoÂ 3962005..pdf,ADOPTED: 16 December 2019,10.2903/j.efsa.2011.2196; 10.2903/j.efsa.2013.3312,2025,,candidate_gene/enzyme_plus_pathway,,,Fluxapyroxad,,,Review against paper before integration,,/Volumes/WENTBROKE/Pesticide degradation database/pesticidepdf/Fluxapyroxad/PesticideDB_curation_Fluxapyroxad_20260707
Fluxapyroxad,PDF automated candidate; manual validation required,Setting of import tolerances for fluxapyroxad in certain root crops and coffee beans..pdf,ADOPTED: 27 November 2019,10.2903/j.efsa; 10.2903/j.efsa.2007.32r,2025,,candidate_gene/enzyme_plus_pathway,,,Fluxapyroxad,,,Review against paper before integration,,/Volumes/WENTBROKE/Pesticide degradation database/pesticidepdf/Fluxapyroxad/PesticideDB_curation_Fluxapyroxad_20260707
Acibenzolar-S-methyl,PDF automated candidate; manual validation required,Attenuation and soil biodegradation of fungicides by using vegetated buffer strips in vineyards during a simulated rainfall-runoff event..pdf,Environmental Science and Pollution Research (2023) 30:83678–83686,10.1007/s11356-023-27766-9,2023,,candidate_gene/enzyme_plus_pathway,,,Acibenzolar-S-methyl,,,Review against paper before integration,,/Volumes/WENTBROKE/Pesticide degradation database/pesticidepdf/Acibenzolar-S-methyl/PesticideDB_curation_Acibenzolar_S_methyl_20260707
Acibenzolar-S-methyl,PDF automated candidate; manual validation required,Biodegradation of soil-applied pesticides by selected strains of plant growth-promoting rhizobacteria (PGPR) and their effects on bacterial growth..pdf,Biodegradation (2012) 23:297–310,10.1007/s10532-011-9509-6,2012,B. amyloliquefaciens IN937a and; B. pumilus SE34 more; Bordetella sp. B9. Biodegradation; FZB24; GB03. The PGPR strains; IN937a,candidate_gene/enzyme_plus_pathway,,,Acibenzolar-S-methyl,,,Review against paper before integration,,/Volumes/WENTBROKE/Pesticide degradation database/pesticidepdf/Acibenzolar-S-methyl/PesticideDB_curation_Acibenzolar_S_methyl_20260707
Acibenzolar-S-methyl,PDF automated candidate; manual validation required,Influence of Bacillus subtilis and Trichoderma harzianum on Penthiopyrad Degradation under Laboratory and Field Studies.pdf,Influence of Bacillus subtilis and Trichoderma,10.3390/molecules25061421,2022,B1 and its application; Bacillus sp. N1. J; NY97-1. Int. J. Environ; by plants and antagonized; was inoculated into a,candidate_gene/enzyme_plus_pathway,,,Acibenzolar-S-methyl,,,Review against paper before integration,,/Volumes/WENTBROKE/Pesticide degradation database/pesticidepdf/Acibenzolar-S-methyl/PesticideDB_curation_Acibenzolar_S_methyl_20260707
Acibenzolar-S-methyl,PDF automated candidate; manual validation required,Modification of the existing maximum residue level for acibenzolar-S-methyl in hazelnuts..pdf,APPROVED: 8 April 2019,10.2903/j.efsa; 10.2903/j.efsa.2017,2025,,candidate_gene/enzyme_plus_pathway,,,Acibenzolar-S-methyl,,,Review against paper before integration,,/Volumes/WENTBROKE/Pesticide degradation database/pesticidepdf/Acibenzolar-S-methyl/PesticideDB_curation_Acibenzolar_S_methyl_20260707
Acibenzolar-S-methyl,PDF automated candidate; manual validation required,Modification of the existing maximum residue levels for acibenzolar-S-methyl in aubergines and cucurbits with edible and inedible peel..pdf,APPROVED: 10 April 2018,10.2903/j.efsa; 10.2903/j.efsa.2011.2632,2025,,candidate_gene/enzyme_plus_pathway,,,Acibenzolar-S-methyl,,,Review against paper before integration,,/Volumes/WENTBROKE/Pesticide degradation database/pesticidepdf/Acibenzolar-S-methyl/PesticideDB_curation_Acibenzolar_S_methyl_20260707
Acibenzolar-S-methyl,PDF automated candidate; manual validation required,Modification of the existing maximum residue levels for acibenzolar-S-methyl in beans with pods and peas with pods..pdf,ADOPTED: 28 January 2021,10.2903/j.ef; 10.2903/j.efsa.2013.3122,2025,,candidate_gene/enzyme_plus_pathway,,,Acibenzolar-S-methyl,,,Review against paper before integration,,/Volumes/WENTBROKE/Pesticide degradation database/pesticidepdf/Acibenzolar-S-methyl/PesticideDB_curation_Acibenzolar_S_methyl_20260707
Acibenzolar-S-methyl,PDF automated candidate; manual validation required,Modification of the existing maximum residue levels for acibenzolar-S-methyl in grapes..pdf,Modiﬁcation of the existing maximum residue levels for,10.2903/j; 10.2903/j.efsa,2025,,candidate_gene/enzyme_plus_pathway,,,Acibenzolar-S-methyl,,,Review against paper before integration,,/Volumes/WENTBROKE/Pesticide degradation database/pesticidepdf/Acibenzolar-S-methyl/PesticideDB_curation_Acibenzolar_S_methyl_20260707
Acibenzolar-S-methyl,PDF automated candidate; manual validation required,Postharvest acibenzolar-S-methyl treatment maintains storage quality and retards softening of apple fruit..pdf,Received: 17 September 2019 | Revised: 10 December 2019 | Accepted: 18 December 2019,10.1002/jsfa.9326; 10.1002/jsfa.9376,2020,,candidate_gene/enzyme_plus_pathway,,,Acibenzolar-S-methyl,,,Review against paper before integration,,/Volumes/WENTBROKE/Pesticide degradation database/pesticidepdf/Acibenzolar-S-methyl/PesticideDB_curation_Acibenzolar_S_methyl_20260707
Spirodiclofen,PDF automated candidate; manual validation required,Dissipation Kinetics and Risk Assessment of Spirodiclofen and Tebufenpyrad in iAster scaberi Thunb..pdf,Dissipation Kinetics and Risk Assessment of Spirodiclofen and,10.3390/foods12020242,2023,,candidate_pathway/metabolite,,,Spirodiclofen,,,Review against paper before integration,,/Volumes/WENTBROKE/Pesticide degradation database/pesticidepdf/Spirodiclofen/PesticideDB_curation_Spirodiclofen_20260707
Spirodiclofen,PDF automated candidate; manual validation required,Enhanced degradation of spiro-insecticides and their leacher enol derivatives in soil by solarization and biosolarization techniques..pdf,Environ Sci Pollut Res (2017) 24:9278–9285,10.1007/s11356-017-8589-1,2020,,candidate_gene/enzyme_plus_pathway,,,Spirodiclofen,,,Review against paper before integration,,/Volumes/WENTBROKE/Pesticide degradation database/pesticidepdf/Spirodiclofen/PesticideDB_curation_Spirodiclofen_20260707
Spirodiclofen,PDF automated candidate; manual validation required,"In vitro metabolism of tebuconazole, flurtamone, fenhexamid, metalaxyl-M and spirodiclofen in Cannabis sativa L. (hemp) callus cultures..pdf",Received: 5 July 2021 Accepted article published: 26 July 2021 Published online in Wiley Online Library: 6 August 2021,10.1002/ps.6307; 10.1002/ps.6575,2025,,candidate_gene/enzyme_plus_pathway,,,Spirodiclofen,,,Review against paper before integration,,/Volumes/WENTBROKE/Pesticide degradation database/pesticidepdf/Spirodiclofen/PesticideDB_curation_Spirodiclofen_20260707
Spirodiclofen,PDF automated candidate; manual validation required,Pesticide degradation capacity of a novel strain belonging toiSerratia sarumaniii(GBS19) with its genomic profile.pdf,Biodegradation (2025) 36:49,10.1007/s10532-025-10144-2,2025,B2 reduced Colony formation; B2. J Gen Plant; Entero- M; GBS19 and mech extensively; GBS19 was more; Herbicide,candidate_gene/enzyme_plus_pathway,,,Spirodiclofen,,,Review against paper before integration,,/Volumes/WENTBROKE/Pesticide degradation database/pesticidepdf/Spirodiclofen/PesticideDB_curation_Spirodiclofen_20260707
Spirodiclofen,PDF automated candidate; manual validation required,Review of the existing maximum residue levels for spirodiclofen according to Article 12 of Regulation (EC) No 3962005..pdf,APPROVED: 6 October 2021,10.2903/j.efsa.2010.1560; 10.2903/j.efsa.2015,2025,,candidate_gene/enzyme_plus_pathway,,,Spirodiclofen,,,Review against paper before integration,,/Volumes/WENTBROKE/Pesticide degradation database/pesticidepdf/Spirodiclofen/PesticideDB_curation_Spirodiclofen_20260707
Spirodiclofen,PDF automated candidate; manual validation required,Terminal Residues and Risk Assessment of Spiromesifen and Spirodiclofen in Tomato Fruits..pdf,Terminal Residues and Risk Assessment of Spiromesifen and,10.3390/plants12071493,2023,,candidate_gene/enzyme_plus_pathway,,,Spirodiclofen,,,Review against paper before integration,,/Volumes/WENTBROKE/Pesticide degradation database/pesticidepdf/Spirodiclofen/PesticideDB_curation_Spirodiclofen_20260707
Spirodiclofen,PDF automated candidate; manual validation required,Transcriptome profiling of a spirodiclofen susceptible and resistant strain of the European red mite Panonychus ulmi using strand-specific RNA-seq..pdf,Bajda et al. BMC Genomics (2015) 16:974,10.1186/s12864-015-2157-1,2020,Brompton; MAR-AB highly resistant; alignment and had a; allowed us to identify; also showed decreased A; and T. urticae. The,candidate_gene/enzyme_plus_pathway,,,Spirodiclofen,,,Review against paper before integration,,/Volumes/WENTBROKE/Pesticide degradation database/pesticidepdf/Spirodiclofen/PesticideDB_curation_Spirodiclofen_20260707
Pinoxaden,PDF automated candidate; manual validation required,"Aryldiones incorporating a [1,4,5]oxadiazepane ring. Part 2 chemistry and biology of the cereal herbicide pinoxaden..pdf",Received: 21 December 2010 Revised: 3 April 2011 Accepted: 12 April 2011 Published online in Wiley Online Library: 8 June 2011,10.1002/ps.2204,2025,,candidate_gene/enzyme_plus_pathway,,,Pinoxaden,,,Review against paper before integration,,/Volumes/WENTBROKE/Pesticide degradation database/pesticidepdf/Pinoxaden/PesticideDB_curation_Pinoxaden_20260707
Pinoxaden,PDF automated candidate; manual validation required,Degradation Characteristics of Pinoxaden by Acinetobacter and Prediction of Related Genes.pdf,Degradation Characteristics of Pinoxaden by,10.21203/rs.3.rs-1375498/v1,2022,Acinetobacter pittii was screened; Colony morphology of strain; Genomic DNA was extracted; Gram staining; High performance liquid chromatography; T1P20-3 Strain T3P20-1 had,candidate_gene/enzyme_plus_pathway,,,Pinoxaden,,,Review against paper before integration,,/Volumes/WENTBROKE/Pesticide degradation database/pesticidepdf/Pinoxaden/PesticideDB_curation_Pinoxaden_20260707
Pinoxaden,PDF automated candidate; manual validation required,Growth Stage of Alopecurus myosuroides Huds. Determines the Efficacy of Pinoxaden.pdf,Growth Stage of Alopecurus myosuroides Huds. Determines the,10.3390/plants10040732; 10.3390/plants10040732/s1,2021,,candidate_gene/enzyme_plus_pathway,,,Pinoxaden,,,Review against paper before integration,,/Volumes/WENTBROKE/Pesticide degradation database/pesticidepdf/Pinoxaden/PesticideDB_curation_Pinoxaden_20260707
Pinoxaden,PDF automated candidate; manual validation required,Mechanism for the inhibition of the carboxyltransferase domain of acetyl-coenzyme A carboxylase by pinoxaden..pdf,Mechanism for the inhibition of the carboxyl-,10.1073/pnas.1012039107,2025,,candidate_gene/enzyme_plus_pathway,,,Pinoxaden,,,Review against paper before integration,,/Volumes/WENTBROKE/Pesticide degradation database/pesticidepdf/Pinoxaden/PesticideDB_curation_Pinoxaden_20260707
Pinoxaden,PDF automated candidate; manual validation required,Review of the existing maximum residue levels for pinoxaden according to Article 12 of Regulation (EC) No 3962005..pdf,APPROVED: 1 March 2021,10.2903/j.efsa.2013; 10.2903/j.efsa.2018.5147,2025,,candidate_gene/enzyme_plus_pathway,,,Pinoxaden,,,Review against paper before integration,,/Volumes/WENTBROKE/Pesticide degradation database/pesticidepdf/Pinoxaden/PesticideDB_curation_Pinoxaden_20260707
Pinoxaden,PDF automated candidate; manual validation required,"Target-site mutations Ile1781Leu and Ile2041Asn in the iACCase2i gene confer resistance to fluazifop-p-butyl and pinoxaden herbicides in a johnsongrass accession from Arkansas, USA..pdf",Received: 3 August 2023 Revised: 18 February 2024 Accepted: 22 February 2024,10.1002/pld3.576; 10.1002/pld3.65,2025,,candidate_gene/enzyme_plus_pathway,,,Pinoxaden,,,Review against paper before integration,,/Volumes/WENTBROKE/Pesticide degradation database/pesticidepdf/Pinoxaden/PesticideDB_curation_Pinoxaden_20260707
Quintozene,PDF automated candidate; manual validation required,Abiotic degradation of pentachloronitrobenzene by Fe(III) reactions on goethite and iron oxide nanoparticles..pdf,"Environ. Sci. Technol. 2004, 38, 4353-4360",10.1021/es035434j,2004,,candidate_gene/enzyme_plus_pathway,,,Quintozene,,,Review against paper before integration,,/Volumes/WENTBROKE/Pesticide degradation database/pesticidepdf/Quintozene/PesticideDB_curation_Quintozene_20260707
Quintozene,PDF automated candidate; manual validation required,Application of gamma irradiation in ginseng for both photodegradation of pesticide pentachloronitrobenzene and microbial decontamination..pdf,Contents lists available at ScienceDirect,10.1016/j.jhazmat.2009.11.025,2010,,candidate_gene/enzyme_plus_pathway,,,Quintozene,,,Review against paper before integration,,/Volumes/WENTBROKE/Pesticide degradation database/pesticidepdf/Quintozene/PesticideDB_curation_Quintozene_20260707
Quintozene,PDF automated candidate; manual validation required,Bioaccumulation and degradation of pentachloronitrobenzene in Medicago sativa..pdf,Contents lists available at SciVerse ScienceDirect,10.1007/s11356-012-0991-0; 10.1016/j.jenvman.2013.02.004,2013,,candidate_gene/enzyme_plus_pathway,,,Quintozene,,,Review against paper before integration,,/Volumes/WENTBROKE/Pesticide degradation database/pesticidepdf/Quintozene/PesticideDB_curation_Quintozene_20260707
Quintozene,PDF automated candidate; manual validation required,Biodegradation of pentachloronitrobenzene by Arthrobacter nicotianae DH19..pdf,Letters in Applied Microbiology ISSN 0266-8254,10.1007/S11356-014-3507-2; 10.1111/lam.12476,2023,A. nicoognized as a; Alcaligenes xylosoxidans from agricultural; Arthrobacter nicotianae initial inoculum; C8B; C8B in broth medium; DDF,candidate_gene/enzyme_plus_pathway,,,Quintozene,,,Review against paper before integration,,/Volumes/WENTBROKE/Pesticide degradation database/pesticidepdf/Quintozene/PesticideDB_curation_Quintozene_20260707
Quintozene,PDF automated candidate; manual validation required,Biodegradation of pentachloronitrobenzene by Cupriavidus sp. YNS-85 and its potential for remediation of contaminated soils..pdf,Environ Sci Pollut Res,10.1007/s00253-012-3927-1; 10.1007/s10482-009-9313-z,2017,Cu2; HPD-2 on the soil; PCNB-degrading bacteria YNS-85; PCP-1. Phil Trans R; PD653. the National Natural; The present study aimed,candidate_gene/enzyme_plus_pathway,,,Quintozene,,,Review against paper before integration,,/Volumes/WENTBROKE/Pesticide degradation database/pesticidepdf/Quintozene/PesticideDB_curation_Quintozene_20260707
Quintozene,PDF automated candidate; manual validation required,Effective biodegradation of pentachloronitrobenzene by a novel strain Peudomonas putida QTH3 isolated from contaminated soil..pdf,Ecotoxicology and Environmental Safety 182 (2019) 109463,10.1002/1097; 10.1002/jssc.200800737,2019,Delftia sp. T3-6 and; GF31 on; PD653 can de- successful; PD653 is still a; PD653 under strict aerobic; PD653. Appl. Environ. Microbiol,candidate_gene/enzyme_plus_pathway,,,Quintozene,,,Review against paper before integration,,/Volumes/WENTBROKE/Pesticide degradation database/pesticidepdf/Quintozene/PesticideDB_curation_Quintozene_20260707
Teflubenzuron,PDF automated candidate; manual validation required,A broad-spectrum analysis of the effects of teflubenzuron exposure on the biochemical activities and microbial community structure of soil..pdf,Contents lists available at SciVerse ScienceDirect,10.1016/j.jenvman.2012.05.002,2012,ZS-S-01 and its particle-size,candidate_gene/enzyme_plus_pathway,,,Teflubenzuron,,,Review against paper before integration,,/Volumes/WENTBROKE/Pesticide degradation database/pesticidepdf/Teflubenzuron/PesticideDB_curation_Teflubenzuron_20260707
Teflubenzuron,PDF automated candidate; manual validation required,Chitin Synthesis and Degradation in Crustaceans A Genomic View and Application..pdf,Chitin Synthesis and Degradation in Crustaceans: A Genomic,10.3390/md19030153,2021,,candidate_gene/enzyme_plus_pathway,,,Teflubenzuron,,,Review against paper before integration,,/Volumes/WENTBROKE/Pesticide degradation database/pesticidepdf/Teflubenzuron/PesticideDB_curation_Teflubenzuron_20260707
Teflubenzuron,PDF automated candidate; manual validation required,Environmental Impact of Xenobiotic Aromatic Compounds and Their Biodegradation Potential in iComamonas testosteronii..pdf,Environmental Impact of Xenobiotic Aromatic Compounds and,10.3390/ijms252413317,2024,BR6020. J. Bacteriol. 2006; CNB-1; CNB-1. Appl. Environ. Microbiol; CNB-1. Environ. Microbiol. 2007; E6 and discovery of; E6. Appl. Environ. Microbiol,candidate_gene/enzyme_plus_pathway,,,Teflubenzuron,,,Review against paper before integration,,/Volumes/WENTBROKE/Pesticide degradation database/pesticidepdf/Teflubenzuron/PesticideDB_curation_Teflubenzuron_20260707
Teflubenzuron,PDF automated candidate; manual validation required,Identification of molecular interactions of pesticides with keratinase for their potential to inhibit keratin biodegradation..pdf,"See discussions, stats, and author profiles for this publication at: https://www.researchgate.net/publication/381281973",10.1007/s40203-024-00229-w,2025,HZN12; HZN12 using chicken feather; of Pseudomonas stutzeri and,candidate_gene/enzyme_plus_pathway,,,Teflubenzuron,,,Review against paper before integration,,/Volumes/WENTBROKE/Pesticide degradation database/pesticidepdf/Teflubenzuron/PesticideDB_curation_Teflubenzuron_20260707
Teflubenzuron,PDF automated candidate; manual validation required,Persistence and Stability of Teflubenzuron and Diflubenzuron When Associated to Organic Particles in Marine Sediment..pdf,Bull Environ Contam Toxicol (2016) 96:224–228,10.1007/s00128-015-1707-1,2016,,candidate_gene/enzyme_plus_pathway,,,Teflubenzuron,,,Review against paper before integration,,/Volumes/WENTBROKE/Pesticide degradation database/pesticidepdf/Teflubenzuron/PesticideDB_curation_Teflubenzuron_20260707
Teflubenzuron,PDF automated candidate; manual validation required,Transformation of the insecticide teflubenzuron by microorganisms..pdf,This article was downloaded by: [Dalhousie University],10.1081/PFC-100106185,2014,Bacillus brevis 625 incubated; was checked on its,candidate_gene/enzyme_plus_pathway,,,Teflubenzuron,,,Review against paper before integration,,/Volumes/WENTBROKE/Pesticide degradation database/pesticidepdf/Teflubenzuron/PesticideDB_curation_Teflubenzuron_20260707
Isopyrazam,PDF automated candidate; manual validation required,Fungicide isopyrazam degradative response toward extrinsically added fungal and bacterial strains..pdf,Received: 27 January 2020 | Revised: 25 March 2020 | Accepted: 28 March 2020,10.1002/jobm.201900687; 10.1080/03067319.2019.1700965,2025,AF36 in pistachio orchards; AFu was 21; is a more environment; of A. flavus called; of the fungus pyrazam; that can be utilized,candidate_gene/enzyme_plus_pathway,,,Isopyrazam,,,Review against paper before integration,,/Volumes/WENTBROKE/Pesticide degradation database/pesticidepdf/Isopyrazam/PesticideDB_curation_Isopyrazam_20260707
Isopyrazam,PDF automated candidate; manual validation required,Review of the existing maximum residue levels for isopyrazam according to Article 12 of Regulation (EC) No 3962005..pdf,APPROVED: 11 June 2021,10.2903/j.efsa.2010.1785; 10.2903/j.efsa.2011.2134,2025,,candidate_gene/enzyme_plus_pathway,,,Isopyrazam,,,Review against paper before integration,,/Volumes/WENTBROKE/Pesticide degradation database/pesticidepdf/Isopyrazam/PesticideDB_curation_Isopyrazam_20260707
Isopyrazam,PDF automated candidate; manual validation required,Simultaneous Determination of the Residues of Isopyrazam Isomers and Their Metabolites in Soil and Tomatoes by Ultraperformance Liquid Chromatography-Tandem Mass Spectrometry..pdf,pubs.acs.org/JAFC Article,10.1021/acs.jafc.0c02081,2021,,candidate_gene/enzyme_plus_pathway,,,Isopyrazam,,,Review against paper before integration,,/Volumes/WENTBROKE/Pesticide degradation database/pesticidepdf/Isopyrazam/PesticideDB_curation_Isopyrazam_20260707
Isopyrazam,PDF automated candidate; manual validation required,Surface water mineralization of isopyrazam according to OECD 309 observations on implementation of the new data requirement within agrochemical regulation..pdf,"Environmental Toxicology and Chemistry, Vol. 33, No. 3, pp. 516–524, 2014",10.1002/etc.2490,2025,,candidate_gene/enzyme_plus_pathway,,,Isopyrazam,,,Review against paper before integration,,/Volumes/WENTBROKE/Pesticide degradation database/pesticidepdf/Isopyrazam/PesticideDB_curation_Isopyrazam_20260707
Isopyrazam,PDF automated candidate; manual validation required,The behavior of isopyrazam in aquatic ecosystems implementation of a tiered investigation..pdf,"Environmental Toxicology and Chemistry, Vol. 29, No. 12, pp. 2702–2712, 2010",10.1002/etc.337,2025,,candidate_gene/enzyme_plus_pathway,,,Isopyrazam,,,Review against paper before integration,,/Volumes/WENTBROKE/Pesticide degradation database/pesticidepdf/Isopyrazam/PesticideDB_curation_Isopyrazam_20260707
Propargite,PDF automated candidate; manual validation required,"Biodegradation of propargite by Pseudomonas putida, isolated from tea rhizosphere..pdf",Contents lists available at ScienceDirect,10.1016/j.jhazmat.2009.09.050,2010,SPR 13 followed by; exhibited a range of; num- 2003. ber SPR; number SPR 13 degraded; number SPR 7. Generally; soils in relation to,candidate_gene/enzyme_plus_pathway,,,Propargite,,,Review against paper before integration,,/Volumes/WENTBROKE/Pesticide degradation database/pesticidepdf/Propargite/PesticideDB_curation_Propargite_20260707
Propargite,PDF automated candidate; manual validation required,Calculation of pesticide degradation in decaying cotton gin trash..pdf,Contents lists available at ScienceDirect,10.1016/j.jhazmat.2009.09.050,2010,SPR 13 followed by; exhibited a range of; num- 2003. ber SPR; number SPR 13 degraded; number SPR 7. Generally; soils in relation to,candidate_gene/enzyme_plus_pathway,,,Propargite,,,Review against paper before integration,,/Volumes/WENTBROKE/Pesticide degradation database/pesticidepdf/Propargite/PesticideDB_curation_Propargite_20260707
Propargite,PDF automated candidate; manual validation required,"Effect of storage, washing, and cooking on the stability of five pesticides in edible fungi of Agaricus bisporus A degradation kinetic stud.pdf",Received: 9 August 2019 | Revised: 6 October 2019 | Accepted: 8 October 2019,10.1002/fsn3.1261; 10.1002/fsn3.328,2025,,candidate_gene/enzyme_plus_pathway,,,Propargite,,,Review against paper before integration,,/Volumes/WENTBROKE/Pesticide degradation database/pesticidepdf/Propargite/PesticideDB_curation_Propargite_20260707
Propargite,PDF automated candidate; manual validation required,Setting of maximum residue limits for propargite in citrus fruits and tea..pdf,APPROVED: 12 February 2018,10.2903/j.efsa.2007.32r; 10.2903/j.efsa.2011.2087,2025,of rats,candidate_gene/enzyme_plus_pathway,,,Propargite,,,Review against paper before integration,,/Volumes/WENTBROKE/Pesticide degradation database/pesticidepdf/Propargite/PesticideDB_curation_Propargite_20260707
Ametoctradin,PDF automated candidate; manual validation required,Accelerated Biodegradation of the Agrochemical Ametoctradin by Soil-Derived Microbial Consortia..pdf,published: 25 August 2020,10.1002/jctb.6390; 10.1007/978-981-10,2026,,candidate_gene/enzyme_plus_pathway,,,Ametoctradin,,,Review against paper before integration,,/Volumes/WENTBROKE/Pesticide degradation database/pesticidepdf/Ametoctradin/PesticideDB_curation_Ametoctradin_20260707
Ametoctradin,PDF automated candidate; manual validation required,Modification of the existing maximum residue level for ametoctradin in honey..pdf,ADOPTED: 4 November 2021,10.2903/j.efsa.2012.2921; 10.2903/j.efsa.2018.5147,2025,,candidate_gene/enzyme_plus_pathway,,,Ametoctradin,,,Review against paper before integration,,/Volumes/WENTBROKE/Pesticide degradation database/pesticidepdf/Ametoctradin/PesticideDB_curation_Ametoctradin_20260707
Ametoctradin,PDF automated candidate; manual validation required,Modification of the existing maximum residue levels for ametoctradin in herbs and edible flowers..pdf,Modiﬁcation of the existing maximum residue levels for,10.2903/j.efsa; 10.2903/j.efsa.2007.32r,2025,,candidate_gene/enzyme_plus_pathway,,,Ametoctradin,,,Review against paper before integration,,/Volumes/WENTBROKE/Pesticide degradation database/pesticidepdf/Ametoctradin/PesticideDB_curation_Ametoctradin_20260707
Fenamiphos,PDF automated candidate; manual validation required,"Analytical method validation, dissipation and safety evaluation of combination fungicides fenamidoneâ€‰+â€‰mancozeb and iprovalicarbâ€‰+â€‰propineb inon tomato..pdf",J Food Sci Technol (June 2020) 57(6):2061–2069,10.1007/s13197-020-04240-9,2020,,candidate_gene/enzyme_plus_pathway,,,Fenamiphos,,,Review against paper before integration,,/Volumes/WENTBROKE/Pesticide degradation database/pesticidepdf/Fenamiphos/PesticideDB_curation_Fenamiphos_20260707
Fenamiphos,PDF automated candidate; manual validation required,"Determination of famoxadone, fenamidone, fenhexamid and iprodione residues in greenhouse tomatoes..pdf",Received: 19 May 2011 Revised: 22 August 2011 Accepted article published: 22 August 2011 Published online in Wiley Online Library: 18 November 2011,10.1002/ps.2287,2025,,candidate_gene/enzyme_plus_pathway,,,Fenamiphos,,,Review against paper before integration,,/Volumes/WENTBROKE/Pesticide degradation database/pesticidepdf/Fenamiphos/PesticideDB_curation_Fenamiphos_20260707
Fenamiphos,PDF automated candidate; manual validation required,Dynamics and residues of mixed formulation of fenamidone and mancozeb in gherkin field ecosystem..pdf,Ecotoxicology and Environmental Safety 98 (2013) 292–296,10.1016/j.ecoenv.2013.08.006,2013,,candidate_pathway/metabolite,,,Fenamiphos,,,Review against paper before integration,,/Volumes/WENTBROKE/Pesticide degradation database/pesticidepdf/Fenamiphos/PesticideDB_curation_Fenamiphos_20260707
